-- Dump generated by vtigerCRM
-- Date: Tue, Apr 8, 14:32:37 UTC 2014
-- HOST: localhost:3306 Database: sintesys_vtig923
-- ----------------------------------

/*!40101 SET @OLD_CHARACTER_SET_CLIENT=@@CHARACTER_SET_CLIENT */;
/*!40101 SET @OLD_CHARACTER_SET_RESULTS=@@CHARACTER_SET_RESULTS */;
/*!40101 SET @OLD_COLLATION_CONNECTION=@@COLLATION_CONNECTION */;
/*!40101 SET NAMES utf8 */;
/*!40014 SET @OLD_UNIQUE_CHECKS=@@UNIQUE_CHECKS, UNIQUE_CHECKS=0 */;
/*!40014 SET @OLD_FOREIGN_KEY_CHECKS=@@FOREIGN_KEY_CHECKS, FOREIGN_KEY_CHECKS=0 */;
/*!40101 SET @OLD_SQL_MODE=@@SQL_MODE, SQL_MODE='NO_AUTO_VALUE_ON_ZERO' */;
/*!40111 SET @OLD_SQL_NOTES=@@SQL_NOTES, SQL_NOTES=0 */;

--
-- Table structure for table com_vtiger_workflow_activatedonce
--

DROP TABLE IF EXISTS com_vtiger_workflow_activatedonce;
SET @saved_cs_client = @@character_set_client;
SET character_set_client = utf8;
CREATE TABLE `com_vtiger_workflow_activatedonce` (
  `workflow_id` int(11) NOT NULL,
  `entity_id` int(11) NOT NULL,
  PRIMARY KEY (`workflow_id`,`entity_id`)
) ENGINE=InnoDB DEFAULT CHARSET=utf8;
SET character_set_client = @saved_cs_client;

--
-- Dumping data for table com_vtiger_workflow_activatedonce
--

LOCK TABLES `com_vtiger_workflow_activatedonce` WRITE;
/*!40000 ALTER TABLE `com_vtiger_workflow_activatedonce` DISABLE KEYS */;
INSERT INTO com_vtiger_workflow_activatedonce ( WORKFLOW_ID, ENTITY_ID ) VALUES ( 3, 81 ), ( 3, 142 ), ( 3, 143 );
/*!40000 ALTER TABLE `com_vtiger_workflow_activatedonce` ENABLE KEYS */;
UNLOCK TABLES;

--
-- Table structure for table com_vtiger_workflows
--

DROP TABLE IF EXISTS com_vtiger_workflows;
SET @saved_cs_client = @@character_set_client;
SET character_set_client = utf8;
CREATE TABLE `com_vtiger_workflows` (
  `workflow_id` int(11) NOT NULL AUTO_INCREMENT,
  `module_name` varchar(100) DEFAULT NULL,
  `summary` varchar(400) NOT NULL,
  `test` text,
  `execution_condition` int(11) NOT NULL,
  `defaultworkflow` int(1) DEFAULT NULL,
  `type` varchar(255) DEFAULT NULL,
  PRIMARY KEY (`workflow_id`),
  UNIQUE KEY `com_vtiger_workflows_idx` (`workflow_id`)
) ENGINE=InnoDB AUTO_INCREMENT=14 DEFAULT CHARSET=utf8;
SET character_set_client = @saved_cs_client;

--
-- Dumping data for table com_vtiger_workflows
--

LOCK TABLES `com_vtiger_workflows` WRITE;
/*!40000 ALTER TABLE `com_vtiger_workflows` DISABLE KEYS */;
INSERT INTO com_vtiger_workflows ( WORKFLOW_ID, MODULE_NAME, SUMMARY, TEST, EXECUTION_CONDITION, DEFAULTWORKFLOW, TYPE ) VALUES ( 1, 'Invoice', 'UpdateInventoryProducts On Every Save', '[{\"fieldname\":\"subject\",\"operation\":\"does not contain\",\"value\":\"`!`\"}]', 3, 1, 'basic' ), ( 2, 'Accounts', 'Send Email to user when Notifyowner is True', '[{\"fieldname\":\"notify_owner\",\"operation\":\"is\",\"value\":\"true:boolean\"}]', 2, 1, 'basic' ), ( 3, 'Contacts', 'Send Email to user when Notifyowner is True', '[{\"fieldname\":\"notify_owner\",\"operation\":\"is\",\"value\":\"true:boolean\"}]', 2, 1, 'basic' ), ( 4, 'Contacts', 'Send Email to user when Portal User is True', '[{\"fieldname\":\"portal\",\"operation\":\"is\",\"value\":\"true:boolean\"}]', 2, 1, 'basic' ), ( 5, 'Potentials', 'Send Email to users on Potential creation', '', 3, 1, 'basic' ), ( 6, 'Contacts', 'Workflow for Contact Creation or Modification', '', 3, 1, 'basic' ), ( 7, 'HelpDesk', 'Workflow for Ticket Created from Portal', '[{\"fieldname\":\"from_portal\",\"operation\":\"is\",\"value\":\"true:boolean\"}]', 1, 1, 'basic' ), ( 8, 'HelpDesk', 'Workflow for Ticket Updated from Portal', '[{\"fieldname\":\"from_portal\",\"operation\":\"is\",\"value\":\"true:boolean\"}]', 4, 1, 'basic' ), ( 9, 'HelpDesk', 'Workflow for Ticket Change, not from the Portal', '[{\"fieldname\":\"from_portal\",\"operation\":\"is\",\"value\":\"false:boolean\"}]', 3, 1, 'basic' ), ( 10, 'Events', 'Workflow for Events when Send Notification is True', '[{\"fieldname\":\"sendnotification\",\"operation\":\"is\",\"value\":\"true:boolean\"}]', 3, 1, 'basic' ), ( 11, 'Calendar', 'Workflow for Calendar Todos when Send Notification is True', '[{\"fieldname\":\"sendnotification\",\"operation\":\"is\",\"value\":\"true:boolean\"}]', 3, 1, 'basic' ), ( 12, 'Potentials', '2 Send an email to user assigned', '[{\"fieldname\":\"opportunity_type\",\"operation\":\"is\",\"value\":\"Staffing\",\"valuetype\":\"rawtext\",\"joincondition\":\"and\",\"groupid\":\"0\"}]', 3, 0, 'basic' ), ( 13, 'Contacts', 'Sends an email notification whenever the candidate is changed to passive.', '[{\"fieldname\":\"cf_640\",\"operation\":\"is\",\"value\":\"Candidate- Passive\",\"valuetype\":\"rawtext\",\"joincondition\":\"and\",\"groupid\":\"1\"}]', 1, 0, 'basic' );
/*!40000 ALTER TABLE `com_vtiger_workflows` ENABLE KEYS */;
UNLOCK TABLES;

--
-- Table structure for table com_vtiger_workflows_seq
--

DROP TABLE IF EXISTS com_vtiger_workflows_seq;
SET @saved_cs_client = @@character_set_client;
SET character_set_client = utf8;
CREATE TABLE `com_vtiger_workflows_seq` (
  `id` int(11) NOT NULL
) ENGINE=MyISAM DEFAULT CHARSET=utf8;
SET character_set_client = @saved_cs_client;

--
-- Dumping data for table com_vtiger_workflows_seq
--

LOCK TABLES `com_vtiger_workflows_seq` WRITE;
/*!40000 ALTER TABLE `com_vtiger_workflows_seq` DISABLE KEYS */;
INSERT INTO com_vtiger_workflows_seq ( ID ) VALUES ( 13 );
/*!40000 ALTER TABLE `com_vtiger_workflows_seq` ENABLE KEYS */;
UNLOCK TABLES;

--
-- Table structure for table com_vtiger_workflowtask_queue
--

DROP TABLE IF EXISTS com_vtiger_workflowtask_queue;
SET @saved_cs_client = @@character_set_client;
SET character_set_client = utf8;
CREATE TABLE `com_vtiger_workflowtask_queue` (
  `task_id` int(11) DEFAULT NULL,
  `entity_id` varchar(100) DEFAULT NULL,
  `do_after` int(11) DEFAULT NULL,
  UNIQUE KEY `com_vtiger_workflowtask_queue_idx` (`task_id`,`entity_id`)
) ENGINE=InnoDB DEFAULT CHARSET=utf8;
SET character_set_client = @saved_cs_client;

--
-- Dumping data for table com_vtiger_workflowtask_queue
--

LOCK TABLES `com_vtiger_workflowtask_queue` WRITE;
/*!40000 ALTER TABLE `com_vtiger_workflowtask_queue` DISABLE KEYS */;

/*!40000 ALTER TABLE `com_vtiger_workflowtask_queue` ENABLE KEYS */;
UNLOCK TABLES;

--
-- Table structure for table com_vtiger_workflowtasks
--

DROP TABLE IF EXISTS com_vtiger_workflowtasks;
SET @saved_cs_client = @@character_set_client;
SET character_set_client = utf8;
CREATE TABLE `com_vtiger_workflowtasks` (
  `task_id` int(11) NOT NULL AUTO_INCREMENT,
  `workflow_id` int(11) DEFAULT NULL,
  `summary` varchar(400) NOT NULL,
  `task` text,
  PRIMARY KEY (`task_id`),
  UNIQUE KEY `com_vtiger_workflowtasks_idx` (`task_id`)
) ENGINE=InnoDB AUTO_INCREMENT=14 DEFAULT CHARSET=utf8;
SET character_set_client = @saved_cs_client;

--
-- Dumping data for table com_vtiger_workflowtasks
--

LOCK TABLES `com_vtiger_workflowtasks` WRITE;
/*!40000 ALTER TABLE `com_vtiger_workflowtasks` DISABLE KEYS */;
INSERT INTO com_vtiger_workflowtasks ( TASK_ID, WORKFLOW_ID, SUMMARY, TASK ) VALUES ( 1, 1, '', 'O:18:\"VTEntityMethodTask\":6:{s:18:\"executeImmediately\";b:1;s:10:\"workflowId\";i:1;s:7:\"summary\";s:0:\"\";s:6:\"active\";b:1;s:10:\"methodName\";s:15:\"UpdateInventory\";s:2:\"id\";i:1;}' ), ( 2, 2, 'An account has been created ', 'O:11:\"VTEmailTask\":9:{s:18:\"executeImmediately\";b:0;s:10:\"workflowId\";i:2;s:7:\"summary\";s:28:\"An account has been created \";s:6:\"active\";b:1;s:10:\"methodName\";s:11:\"NotifyOwner\";s:9:\"recepient\";s:36:\"$(assigned_user_id : (Users) email1)\";s:7:\"subject\";s:26:\"Regarding Account Creation\";s:7:\"content\";s:301:\"An Account has been assigned to you on vtigerCRM<br>Details of account are :<br><br>AccountId:<b>$account_no</b><br>AccountName:<b>$accountname</b><br>Rating:<b>$rating</b><br>Industry:<b>$industry</b><br>AccountType:<b>$accounttype</b><br>Description:<b>$description</b><br><br><br>Thank You<br>Admin\";s:2:\"id\";i:2;}' ), ( 3, 3, 'An contact has been created ', 'O:11:\"VTEmailTask\":9:{s:18:\"executeImmediately\";b:0;s:10:\"workflowId\";i:3;s:7:\"summary\";s:28:\"An contact has been created \";s:6:\"active\";b:1;s:10:\"methodName\";s:11:\"NotifyOwner\";s:9:\"recepient\";s:36:\"$(assigned_user_id : (Users) email1)\";s:7:\"subject\";s:26:\"Regarding Contact Creation\";s:7:\"content\";s:305:\"An Contact has been assigned to you on vtigerCRM<br>Details of Contact are :<br><br>Contact Id:<b>$contact_no</b><br>LastName:<b>$lastname</b><br>FirstName:<b>$firstname</b><br>Lead Source:<b>$leadsource</b><br>Department:<b>$department</b><br>Description:<b>$description</b><br><br><br>Thank You<br>Admin\";s:2:\"id\";i:3;}' ), ( 4, 4, 'An contact has been created ', 'O:11:\"VTEmailTask\":9:{s:18:\"executeImmediately\";b:0;s:10:\"workflowId\";i:4;s:7:\"summary\";s:28:\"An contact has been created \";s:6:\"active\";b:1;s:10:\"methodName\";s:11:\"NotifyOwner\";s:9:\"recepient\";s:36:\"$(assigned_user_id : (Users) email1)\";s:7:\"subject\";s:28:\"Regarding Contact Assignment\";s:7:\"content\";s:384:\"An Contact has been assigned to you on vtigerCRM<br>Details of Contact are :<br><br>Contact Id:<b>$contact_no</b><br>LastName:<b>$lastname</b><br>FirstName:<b>$firstname</b><br>Lead Source:<b>$leadsource</b><br>Department:<b>$department</b><br>Description:<b>$description</b><br><br><br>And <b>CustomerPortal Login Details</b> is sent to the EmailID :-$email<br><br>Thank You<br>Admin\";s:2:\"id\";i:4;}' ), ( 5, 5, 'A new full time position has been posted', 'O:11:\"VTEmailTask\":11:{s:18:\"executeImmediately\";b:0;s:10:\"workflowId\";i:5;s:7:\"summary\";s:40:\"A new full time position has been posted\";s:6:\"active\";b:1;s:9:\"recepient\";s:31:\",$(modifiedby : (Users) email1)\";s:7:\"subject\";s:50:\"New Opportunity:  $potential_no |   $potentialname\";s:7:\"content\";s:482:\"<p>\r\n	View all the full time positions at: <a href=\"http://184.154.167.98/~sintesys/vtiger/\">http://184.154.167.98/~sintesys/vtiger/</a></p>\r\n<p>\r\n	&nbsp;A new full time position is available:<br />\r\n	<br />\r\n	Potential No:<b>$potential_no</b><br />\r\n	Potential Name:<b>$potentialname</b><br />\r\n	<br />\r\n	Expected Close Date:<b>$closingdate</b><br />\r\n	Type:<b>$opportunity_type</b><br />\r\n	<br />\r\n	<br />\r\n	Description :$description<br />\r\n	<br />\r\n	Thank You<br />\r\n	Admin</p>\r\n\";s:2:\"id\";i:5;s:7:\"trigger\";N;s:7:\"emailcc\";s:0:\"\";s:8:\"emailbcc\";s:37:\",$(assigned_user_id : (Users) email1)\";}' ), ( 6, 6, 'Email Customer Portal Login Details', 'O:18:\"VTEntityMethodTask\":6:{s:18:\"executeImmediately\";b:1;s:10:\"workflowId\";i:6;s:7:\"summary\";s:35:\"Email Customer Portal Login Details\";s:6:\"active\";b:1;s:10:\"methodName\";s:22:\"SendPortalLoginDetails\";s:2:\"id\";i:6;}' ), ( 7, 7, 'Notify Record Owner and the Related Contact when Ticket is created from Portal', 'O:18:\"VTEntityMethodTask\":6:{s:18:\"executeImmediately\";b:1;s:10:\"workflowId\";i:7;s:7:\"summary\";s:78:\"Notify Record Owner and the Related Contact when Ticket is created from Portal\";s:6:\"active\";b:1;s:10:\"methodName\";s:28:\"NotifyOnPortalTicketCreation\";s:2:\"id\";i:7;}' ), ( 8, 8, 'Notify Record Owner when Comment is added to a Ticket from Customer Portal', 'O:18:\"VTEntityMethodTask\":6:{s:18:\"executeImmediately\";b:1;s:10:\"workflowId\";i:8;s:7:\"summary\";s:74:\"Notify Record Owner when Comment is added to a Ticket from Customer Portal\";s:6:\"active\";b:1;s:10:\"methodName\";s:27:\"NotifyOnPortalTicketComment\";s:2:\"id\";i:8;}' ), ( 9, 9, 'Notify Record Owner on Ticket Change, which is not done from Portal', 'O:18:\"VTEntityMethodTask\":6:{s:18:\"executeImmediately\";b:1;s:10:\"workflowId\";i:9;s:7:\"summary\";s:67:\"Notify Record Owner on Ticket Change, which is not done from Portal\";s:6:\"active\";b:1;s:10:\"methodName\";s:25:\"NotifyOwnerOnTicketChange\";s:2:\"id\";i:9;}' ), ( 10, 9, 'Notify Related Customer on Ticket Change, which is not done from Portal', 'O:18:\"VTEntityMethodTask\":6:{s:18:\"executeImmediately\";b:1;s:10:\"workflowId\";i:9;s:7:\"summary\";s:71:\"Notify Related Customer on Ticket Change, which is not done from Portal\";s:6:\"active\";b:1;s:10:\"methodName\";s:26:\"NotifyParentOnTicketChange\";s:2:\"id\";i:10;}' ), ( 11, 10, 'Send Notification Email to Record Owner', 'O:11:\"VTEmailTask\":8:{s:18:\"executeImmediately\";b:0;s:10:\"workflowId\";i:10;s:7:\"summary\";s:39:\"Send Notification Email to Record Owner\";s:6:\"active\";b:1;s:9:\"recepient\";s:36:\"$(assigned_user_id : (Users) email1)\";s:7:\"subject\";s:17:\"Event :  $subject\";s:7:\"content\";s:817:\"$(assigned_user_id : (Users) first_name) $(assigned_user_id : (Users) last_name) ,<br/><b>Activity Notification Details:</b><br/>Subject             : $subject<br/>Start date and time : $date_start  $time_start ( $(general : (__VtigerMeta__) dbtimezone) ) <br/>End date and time   : $due_date  $time_end ( $(general : (__VtigerMeta__) dbtimezone) ) <br/>Status              : $eventstatus <br/>Priority            : $taskpriority <br/>Related To          : $(parent_id : (Leads) lastname) $(parent_id : (Leads) firstname) $(parent_id : (Accounts) accountname) $(parent_id : (Potentials) potentialname) $(parent_id : (HelpDesk) ticket_title) <br/>Contacts List       : $(contact_id : (Contacts) lastname) $(contact_id : (Contacts) firstname) <br/>Location            : $location <br/>Description         : $description\";s:2:\"id\";i:11;}' ), ( 12, 11, 'Send Notification Email to Record Owner', 'O:11:\"VTEmailTask\":8:{s:18:\"executeImmediately\";b:0;s:10:\"workflowId\";i:11;s:7:\"summary\";s:39:\"Send Notification Email to Record Owner\";s:6:\"active\";b:1;s:9:\"recepient\";s:36:\"$(assigned_user_id : (Users) email1)\";s:7:\"subject\";s:16:\"Task :  $subject\";s:7:\"content\";s:797:\"$(assigned_user_id : (Users) first_name) $(assigned_user_id : (Users) last_name) ,<br/><b>Task Notification Details:</b><br/>Subject : $subject<br/>Start date and time : $date_start  $time_start ( $(general : (__VtigerMeta__) dbtimezone) ) <br/>End date and time   : $due_date ( $(general : (__VtigerMeta__) dbtimezone) ) <br/>Status              : $taskstatus <br/>Priority            : $taskpriority <br/>Related To          : $(parent_id : (Leads) lastname) $(parent_id : (Leads) firstname) $(parent_id : (Accounts) accountname) $(parent_id         : (Potentials) potentialname) $(parent_id : (HelpDesk) ticket_title) <br/>Contacts List       : $(contact_id : (Contacts) lastname) $(contact_id : (Contacts) firstname) <br/>Location            : $location <br/>Description         : $description\";s:2:\"id\";i:12;}' ), ( 13, 12, 'Send email to user asigned', 'O:11:\"VTEmailTask\":11:{s:18:\"executeImmediately\";b:0;s:10:\"workflowId\";s:2:\"12\";s:7:\"summary\";s:26:\"Send email to user asigned\";s:6:\"active\";b:1;s:7:\"trigger\";N;s:7:\"subject\";s:25:\"Test test  $potentialname\";s:7:\"content\";s:111:\"<p>\r\n	$potentialname</p>\r\n<p>\r\n	&nbsp;</p>\r\n<p>\r\n	$potential_no</p>\r\n<p>\r\n	&nbsp;</p>\r\n<p>\r\n	$description</p>\r\n\";s:9:\"recepient\";s:58:\"ilgalvezh@gmail.com, ,$(assigned_user_id : (Users) email1)\";s:7:\"emailcc\";s:0:\"\";s:8:\"emailbcc\";s:0:\"\";s:2:\"id\";i:13;}' );
/*!40000 ALTER TABLE `com_vtiger_workflowtasks` ENABLE KEYS */;
UNLOCK TABLES;

--
-- Table structure for table com_vtiger_workflowtasks_entitymethod
--

DROP TABLE IF EXISTS com_vtiger_workflowtasks_entitymethod;
SET @saved_cs_client = @@character_set_client;
SET character_set_client = utf8;
CREATE TABLE `com_vtiger_workflowtasks_entitymethod` (
  `workflowtasks_entitymethod_id` int(11) NOT NULL,
  `module_name` varchar(100) DEFAULT NULL,
  `method_name` varchar(100) DEFAULT NULL,
  `function_path` varchar(400) DEFAULT NULL,
  `function_name` varchar(100) DEFAULT NULL,
  PRIMARY KEY (`workflowtasks_entitymethod_id`),
  UNIQUE KEY `com_vtiger_workflowtasks_entitymethod_idx` (`workflowtasks_entitymethod_id`)
) ENGINE=InnoDB DEFAULT CHARSET=utf8;
SET character_set_client = @saved_cs_client;

--
-- Dumping data for table com_vtiger_workflowtasks_entitymethod
--

LOCK TABLES `com_vtiger_workflowtasks_entitymethod` WRITE;
/*!40000 ALTER TABLE `com_vtiger_workflowtasks_entitymethod` DISABLE KEYS */;
INSERT INTO com_vtiger_workflowtasks_entitymethod ( WORKFLOWTASKS_ENTITYMETHOD_ID, MODULE_NAME, METHOD_NAME, FUNCTION_PATH, FUNCTION_NAME ) VALUES ( 1, 'SalesOrder', 'UpdateInventory', 'include/InventoryHandler.php', 'handleInventoryProductRel' ), ( 2, 'Invoice', 'UpdateInventory', 'include/InventoryHandler.php', 'handleInventoryProductRel' ), ( 3, 'Contacts', 'SendPortalLoginDetails', 'modules/Contacts/ContactsHandler.php', 'Contacts_sendCustomerPortalLoginDetails' ), ( 4, 'HelpDesk', 'NotifyOnPortalTicketCreation', 'modules/HelpDesk/HelpDeskHandler.php', 'HelpDesk_nofifyOnPortalTicketCreation' ), ( 5, 'HelpDesk', 'NotifyOnPortalTicketComment', 'modules/HelpDesk/HelpDeskHandler.php', 'HelpDesk_notifyOnPortalTicketComment' ), ( 6, 'HelpDesk', 'NotifyOwnerOnTicketChange', 'modules/HelpDesk/HelpDeskHandler.php', 'HelpDesk_notifyOwnerOnTicketChange' ), ( 7, 'HelpDesk', 'NotifyParentOnTicketChange', 'modules/HelpDesk/HelpDeskHandler.php', 'HelpDesk_notifyParentOnTicketChange' );
/*!40000 ALTER TABLE `com_vtiger_workflowtasks_entitymethod` ENABLE KEYS */;
UNLOCK TABLES;

--
-- Table structure for table com_vtiger_workflowtasks_entitymethod_seq
--

DROP TABLE IF EXISTS com_vtiger_workflowtasks_entitymethod_seq;
SET @saved_cs_client = @@character_set_client;
SET character_set_client = utf8;
CREATE TABLE `com_vtiger_workflowtasks_entitymethod_seq` (
  `id` int(11) NOT NULL
) ENGINE=MyISAM DEFAULT CHARSET=utf8;
SET character_set_client = @saved_cs_client;

--
-- Dumping data for table com_vtiger_workflowtasks_entitymethod_seq
--

LOCK TABLES `com_vtiger_workflowtasks_entitymethod_seq` WRITE;
/*!40000 ALTER TABLE `com_vtiger_workflowtasks_entitymethod_seq` DISABLE KEYS */;
INSERT INTO com_vtiger_workflowtasks_entitymethod_seq ( ID ) VALUES ( 7 );
/*!40000 ALTER TABLE `com_vtiger_workflowtasks_entitymethod_seq` ENABLE KEYS */;
UNLOCK TABLES;

--
-- Table structure for table com_vtiger_workflowtasks_seq
--

DROP TABLE IF EXISTS com_vtiger_workflowtasks_seq;
SET @saved_cs_client = @@character_set_client;
SET character_set_client = utf8;
CREATE TABLE `com_vtiger_workflowtasks_seq` (
  `id` int(11) NOT NULL
) ENGINE=MyISAM DEFAULT CHARSET=utf8;
SET character_set_client = @saved_cs_client;

--
-- Dumping data for table com_vtiger_workflowtasks_seq
--

LOCK TABLES `com_vtiger_workflowtasks_seq` WRITE;
/*!40000 ALTER TABLE `com_vtiger_workflowtasks_seq` DISABLE KEYS */;
INSERT INTO com_vtiger_workflowtasks_seq ( ID ) VALUES ( 13 );
/*!40000 ALTER TABLE `com_vtiger_workflowtasks_seq` ENABLE KEYS */;
UNLOCK TABLES;

--
-- Table structure for table com_vtiger_workflowtemplates
--

DROP TABLE IF EXISTS com_vtiger_workflowtemplates;
SET @saved_cs_client = @@character_set_client;
SET character_set_client = utf8;
CREATE TABLE `com_vtiger_workflowtemplates` (
  `template_id` int(11) NOT NULL AUTO_INCREMENT,
  `module_name` varchar(100) DEFAULT NULL,
  `title` varchar(400) DEFAULT NULL,
  `template` text,
  PRIMARY KEY (`template_id`)
) ENGINE=InnoDB DEFAULT CHARSET=utf8;
SET character_set_client = @saved_cs_client;

--
-- Dumping data for table com_vtiger_workflowtemplates
--

LOCK TABLES `com_vtiger_workflowtemplates` WRITE;
/*!40000 ALTER TABLE `com_vtiger_workflowtemplates` DISABLE KEYS */;

/*!40000 ALTER TABLE `com_vtiger_workflowtemplates` ENABLE KEYS */;
UNLOCK TABLES;

--
-- Table structure for table vtiger_account
--

DROP TABLE IF EXISTS vtiger_account;
SET @saved_cs_client = @@character_set_client;
SET character_set_client = utf8;
CREATE TABLE `vtiger_account` (
  `accountid` int(19) NOT NULL DEFAULT '0',
  `account_no` varchar(100) NOT NULL,
  `accountname` varchar(100) NOT NULL,
  `parentid` int(19) DEFAULT '0',
  `account_type` varchar(200) DEFAULT NULL,
  `industry` varchar(200) DEFAULT NULL,
  `annualrevenue` int(19) DEFAULT '0',
  `rating` varchar(200) DEFAULT NULL,
  `ownership` varchar(50) DEFAULT NULL,
  `siccode` varchar(50) DEFAULT NULL,
  `tickersymbol` varchar(30) DEFAULT NULL,
  `phone` varchar(30) DEFAULT NULL,
  `otherphone` varchar(30) DEFAULT NULL,
  `email1` varchar(100) DEFAULT NULL,
  `email2` varchar(100) DEFAULT NULL,
  `website` varchar(100) DEFAULT NULL,
  `fax` varchar(30) DEFAULT NULL,
  `employees` int(10) DEFAULT '0',
  `emailoptout` varchar(3) DEFAULT '0',
  `notify_owner` varchar(3) DEFAULT '0',
  PRIMARY KEY (`accountid`),
  KEY `account_account_type_idx` (`account_type`),
  CONSTRAINT `fk_1_vtiger_account` FOREIGN KEY (`accountid`) REFERENCES `vtiger_crmentity` (`crmid`) ON DELETE CASCADE
) ENGINE=InnoDB DEFAULT CHARSET=utf8;
SET character_set_client = @saved_cs_client;

--
-- Dumping data for table vtiger_account
--

LOCK TABLES `vtiger_account` WRITE;
/*!40000 ALTER TABLE `vtiger_account` DISABLE KEYS */;
INSERT INTO vtiger_account ( ACCOUNTID, ACCOUNT_NO, ACCOUNTNAME, PARENTID, ACCOUNT_TYPE, INDUSTRY, ANNUALREVENUE, RATING, OWNERSHIP, SICCODE, TICKERSYMBOL, PHONE, OTHERPHONE, EMAIL1, EMAIL2, WEBSITE, FAX, EMPLOYEES, EMAILOPTOUT, NOTIFY_OWNER ) VALUES ( 12, 'ACC1', 'Aquinas Consulting', 0, '--None--', '--None--', 0, '--None--', '', '', '', '', '', '', '', '', '', 0, '0', '0' ), ( 15, 'ACC2', 'L&T Infotech', 0, '--None--', '--None--', 0, '--None--', '', '', '', '', '', '', '', '', '', 0, '0', '0' ), ( 16, 'ACC3', 'Synapse', 0, '--None--', '--None--', 0, '--None--', '', '', '', '', '', '', '', '', '', 0, '0', '0' ), ( 17, 'ACC4', 'Blackthorne Capital', 0, '--None--', '--None--', 0, '--None--', '', '', '', '', '', '', '', '', '', 0, '0', '0' ), ( 18, 'ACC5', 'Knowledgepoint 360', 0, '--None--', '--None--', 0, '--None--', '', '', '', '', '', '', '', '', '', 0, '0', '0' ), ( 22, 'ACC6', 'Newt Global', 0, '--None--', '--None--', 0, '--None--', '', '', '', '', '', '', '', 'newtglobal.com', '', 0, '0', '0' ), ( 29, 'ACC7', 'ASM Technologies Limited', 0, '--None--', '--None--', 0, '--None--', '', '', '', '', '', '', '', '', '', 0, '0', '0' ), ( 103, 'ACC8', 'Bristlecone', 0, 'Customer', '--None--', 0, 'Active', 'Aashish Verma', '', '', '(650) 386 4150', '(650) 386 4150', 'aashish.verma@bcone.com', 'aashish.verma@bcone.com', 'www.bcone.com', '', 0, '0', '0' ), ( 105, 'ACC9', 'SDG Corporation', 0, '', '', 0, '', '', '', '', '', '', '', '', '', '', 0, '0', '0' ), ( 108, 'ACC10', 'Pan Asia', 0, '', '', 0, '', '', '', '', '', '', '', '', '', '', 0, '0', '0' ), ( 110, 'ACC11', 'Netex Knoledge Factory', 0, 'Customer', 'Education', 0, 'Active', '', '', '', '', '', '', '', 'http://www.netex.es/', '', 100, '0', '0' ), ( 113, 'ACC12', 'Transgisma Partners', 0, '', '', 0, '', '', '', '', '', '', '', '', '', '', 0, '0', '0' ), ( 115, 'ACC13', 'Softtek', 0, '', '', 0, '', '', '', '', '', '', '', '', '', '', 0, '0', '0' ), ( 145, 'ACC14', 'Hexaware', 0, '', '', 0, '', '', '', '', '+17325990052', '', '', '', '', '', 0, '0', '0' ), ( 158, 'ACC15', 'Mahindra Satyam', 0, '', '', 0, '', '', '', '', 'PH: 216-258-0101 Ext: 40218470', '', '', '', '', '', 0, '0', '0' ), ( 163, 'ACC16', 'HCL Technologies', 0, '', '', 0, '', '', '', '', '', '', '', '', '', '', 0, '0', '0' ), ( 171, 'ACC17', '3 Core Systems', 0, '', '', 0, '', '', '', '', '', '', '', '', '', '', 0, '0', '0' ), ( 202, 'ACC18', '3Core Systems Inc', 0, '', '', 0, '', '', '', '', '', '', '', '', '', '', 0, '0', '0' ), ( 205, 'ACC19', 'ACES Datasolutions Inc', 0, '', '', 0, '', '', '', '', '', '', '', '', '', '', 0, '0', '0' ), ( 208, 'ACC20', 'Amitech Solutions', 0, '', '', 0, '', '', '', '', '', '', '', '', '', '', 0, '0', '0' ), ( 210, 'ACC21', 'Apex IT Services LLC', 0, '', '', 0, '', '', '', '', '', '', '', '', '', '', 0, '0', '0' ), ( 214, 'ACC22', 'Ariston Tek Inc', 0, '', '', 0, '', '', '', '', '', '', '', '', '', '', 0, '0', '0' ), ( 217, 'ACC23', 'Arsgs Inc', 0, '', '', 0, '', '', '', '', '', '', '', '', '', '', 0, '0', '0' ), ( 219, 'ACC24', 'Arthat Technologies Inc', 0, '', '', 0, '', '', '', '', '', '', '', '', '', '', 0, '0', '0' ), ( 221, 'ACC25', 'Ascentiant International Inc.', 0, '', '', 0, '', '', '', '', '', '', '', '', '', '', 0, '0', '0' ), ( 223, 'ACC26', 'ATS Inc', 0, '', '', 0, '', '', '', '', '', '', '', '', '', '', 0, '0', '0' ), ( 226, 'ACC27', 'BMSOFT SYSTEMS', 0, '', '', 0, '', '', '', '', '', '', '', '', '', '', 0, '0', '0' ), ( 228, 'ACC28', 'Business Software Solutions In', 0, '', '', 0, '', '', '', '', '', '', '', '', '', '', 0, '0', '0' ), ( 230, 'ACC29', 'Cougar Tech Inc', 0, '', '', 0, '', '', '', '', '', '', '', '', '', '', 0, '0', '0' ), ( 233, 'ACC30', 'Digerati Systems Inv', 0, '', '', 0, '', '', '', '', '', '', '', '', '', '', 0, '0', '0' ), ( 236, 'ACC31', 'ERPandERP', 0, '', '', 0, '', '', '', '', '', '', '', '', '', '', 0, '0', '0' ), ( 238, 'ACC32', 'Everest Technologies, Inc.', 0, '', '', 0, '', '', '', '', '', '', '', '', '', '', 0, '0', '0' ), ( 241, 'ACC33', 'Flexeraglobal.com', 0, '', '', 0, '', '', '', '', '', '', '', '', '', '', 0, '0', '0' ), ( 244, 'ACC34', 'Fusionways Inc', 0, '', '', 0, '', '', '', '', '', '', '', '', '', '', 0, '0', '0' ), ( 246, 'ACC35', 'GALAXY SOLUTIONS INDIA', 0, '', '', 0, '', '', '', '', '', '', '', '', '', '', 0, '0', '0' ), ( 248, 'ACC36', 'Gallop Solutions', 0, '', '', 0, '', '', '', '', '', '', '', '', '', '', 0, '0', '0' ), ( 250, 'ACC37', 'Global Info Solutions Inc.', 0, '', '', 0, '', '', '', '', '', '', '', '', '', '', 0, '0', '0' ), ( 252, 'ACC38', 'HMG America LLC', 0, '', '', 0, '', '', '', '', '', '', '', '', '', '', 0, '0', '0' ), ( 255, 'ACC39', 'IKON SYSTEMS, INC', 0, '', '', 0, '', '', '', '', '', '', '', '', '', '', 0, '0', '0' ), ( 258, 'ACC40', 'IMG Systems Inc.', 0, '', '', 0, '', '', '', '', '', '', '', '', '', '', 0, '0', '0' ), ( 261, 'ACC41', 'Ind Soft Inc.', 0, '', '', 0, '', '', '', '', '', '', '', '', '', '', 0, '0', '0' ), ( 263, 'ACC42', 'Inspired Infotech', 0, '', '', 0, '', '', '', '', '', '', '', '', '', '', 0, '0', '0' ), ( 265, 'ACC43', 'Ishan Technoloiges', 0, '', '', 0, '', '', '', '', '', '', '', '', '', '', 0, '0', '0' ), ( 267, 'ACC44', 'ITS One', 0, '', '', 0, '', '', '', '', '', '', '', '', '', '', 0, '0', '0' ), ( 269, 'ACC45', 'KSN Technologies, Inc.', 0, '', '', 0, '', '', '', '', '', '', '', '', '', '', 0, '0', '0' ), ( 272, 'ACC46', 'logicstaff', 0, '', '', 0, '', '', '', '', '', '', '', '', '', '', 0, '0', '0' ), ( 274, 'ACC47', 'Maxiltech', 0, '', '', 0, '', '', '', '', '', '', '', '', '', '', 0, '0', '0' ), ( 276, 'ACC48', 'MITS IT SERVICES', 0, '', '', 0, '', '', '', '', '', '', '', '', '', '', 0, '0', '0' ), ( 278, 'ACC49', 'netLogic Solutions,Inc', 0, '', '', 0, '', '', '', '', '', '', '', '', '', '', 0, '0', '0' ), ( 285, 'ACC50', 'Novateur IT', 0, '', '', 0, '', '', '', '', '', '', '', '', '', '', 0, '0', '0' ), ( 287, 'ACC51', 'Pearlie LLC', 0, '', '', 0, '', '', '', '', '', '', '', '', '', '', 0, '0', '0' ), ( 290, 'ACC52', 'Pelican IT Group LLC', 0, '', '', 0, '', '', '', '', '', '', '', '', '', '', 0, '0', '0' ), ( 296, 'ACC53', 'Revision Technologies Inc', 0, '', '', 0, '', '', '', '', '', '', '', '', '', '', 0, '0', '0' ), ( 298, 'ACC54', 'RMatrix LLC', 0, '', '', 0, '', '', '', '', '', '', '', '', '', '', 0, '0', '0' ), ( 300, 'ACC55', 'Sai Strategic solutions Inc', 0, '', '', 0, '', '', '', '', '', '', '', '', '', '', 0, '0', '0' ), ( 303, 'ACC56', 'SBS Corp, Houston, TX', 0, '', '', 0, '', '', '', '', '', '', '', '', '', '', 0, '0', '0' ), ( 305, 'ACC57', 'Sintesys LLC', 0, '', '', 0, '', '', '', '', '', '', '', '', '', '', 0, '0', '0' ), ( 307, 'ACC58', 'Softnet Consulting', 0, '', '', 0, '', '', '', '', '', '', '', '', '', '', 0, '0', '0' ), ( 309, 'ACC59', 'STLO', 0, '', '', 0, '', '', '', '', '', '', '', '', '', '', 0, '0', '0' ), ( 312, 'ACC60', 'Syscom Technologies, Inc.', 0, '', '', 0, '', '', '', '', '', '', '', '', '', '', 0, '0', '0' ), ( 316, 'ACC61', 'Systel Inc', 0, '', '', 0, '', '', '', '', '', '', '', '', '', '', 0, '0', '0' ), ( 319, 'ACC62', 'TECHNOCENTRA, INC', 0, '', '', 0, '', '', '', '', '', '', '', '', '', '', 0, '0', '0' ), ( 324, 'ACC63', 'TECHWAVE Consulting Inc', 0, '', '', 0, '', '', '', '', '', '', '', '', '', '', 0, '0', '0' ), ( 327, 'ACC64', 'TEK Consulting Group.Inc', 0, '', '', 0, '', '', '', '', '', '', '', '', '', '', 0, '0', '0' ), ( 329, 'ACC65', 'USM Business Systems', 0, '', '', 0, '', '', '', '', '', '', '', '', '', '', 0, '0', '0' ), ( 332, 'ACC66', 'ValueMomentum Inc.', 0, '', '', 0, '', '', '', '', '', '', '', '', '', '', 0, '0', '0' ), ( 335, 'ACC67', 'XpertTech Inc', 0, '', '', 0, '', '', '', '', '', '', '', '', '', '', 0, '0', '0' ), ( 338, 'ACC68', 'Yochana IT Solutions', 0, '', '', 0, '', '', '', '', '', '', '', '', '', '', 0, '0', '0' ), ( 341, 'ACC69', 'Zolon Tech Limited', 0, '', '', 0, '', '', '', '', '', '', '', '', '', '', 0, '0', '0' ), ( 447, 'ACC70', 'Birlasoft', 0, '', '', 0, '', '', '', '', '', '', '', '', '', '', 0, '0', '0' ), ( 484, 'ACC71', 'Sintesys', 0, '', '', 0, '', '', '', '', '', '', '', '', '', '', 0, '0', '0' ), ( 562, 'ACC72', 'OSI Engineering', 0, '', '', 0, '', '', '', '', '(408) 550-2800', '', '', '', 'www.OSIengineering.com', '', 0, '0', '0' ), ( 691, 'ACC73', 'IDC Technologies', 0, '', '', 0, '', '', '', '', '', '', '', '', '', '', 0, '0', '0' ), ( 693, 'ACC74', 'NPD Global', 0, '', '', 0, '', '', '', '', '', '', '', '', '', '', 0, '0', '0' ), ( 697, 'ACC75', 'Smart Source Technologies Inc', 0, '', '', 0, '', '', '', '', '', '', '', '', '', '', 0, '0', '0' ), ( 726, 'ACC76', 'Enterprise Solution Inc', 0, '', '', 0, '', '', '', '', '630-246-6038', '', '', '', 'www.enterprisesolutioninc.com', '', 0, '0', '0' ), ( 740, 'ACC77', 'Nearshore Technology', 0, '', '', 0, '', '', '', '', '', '', '', '', '', '', 0, '0', '0' ), ( 799, 'ACC78', 'TCS Mexico', 0, '', '', 0, '', '', '', '', '', '', '', '', '', '', 0, '0', '0' );
/*!40000 ALTER TABLE `vtiger_account` ENABLE KEYS */;
UNLOCK TABLES;

--
-- Table structure for table vtiger_accountbillads
--

DROP TABLE IF EXISTS vtiger_accountbillads;
SET @saved_cs_client = @@character_set_client;
SET character_set_client = utf8;
CREATE TABLE `vtiger_accountbillads` (
  `accountaddressid` int(19) NOT NULL DEFAULT '0',
  `bill_city` varchar(30) DEFAULT NULL,
  `bill_code` varchar(30) DEFAULT NULL,
  `bill_country` varchar(30) DEFAULT NULL,
  `bill_state` varchar(30) DEFAULT NULL,
  `bill_street` varchar(250) DEFAULT NULL,
  `bill_pobox` varchar(30) DEFAULT NULL,
  PRIMARY KEY (`accountaddressid`),
  CONSTRAINT `fk_1_vtiger_accountbillads` FOREIGN KEY (`accountaddressid`) REFERENCES `vtiger_account` (`accountid`) ON DELETE CASCADE
) ENGINE=InnoDB DEFAULT CHARSET=utf8;
SET character_set_client = @saved_cs_client;

--
-- Dumping data for table vtiger_accountbillads
--

LOCK TABLES `vtiger_accountbillads` WRITE;
/*!40000 ALTER TABLE `vtiger_accountbillads` DISABLE KEYS */;
INSERT INTO vtiger_accountbillads ( ACCOUNTADDRESSID, BILL_CITY, BILL_CODE, BILL_COUNTRY, BILL_STATE, BILL_STREET, BILL_POBOX ) VALUES ( 12, '', '', '', '', '', '' ), ( 15, '', '', '', '', '', '' ), ( 16, '', '', '', '', '', '' ), ( 17, '', '', '', '', '', '' ), ( 18, '', '', '', '', '', '' ), ( 22, '', '', '', '', '', '' ), ( 29, '', '', '', '', '', '' ), ( 103, '', '', '', '', 'Bristlecone - A Mahindra Group Company\r\n \r\nSilicon Valley\r\n488 Ellis Street\r\nMountain View, CA 94043\r\nPhone: (650) 386 4000 x 4150\r\nDirect: (650) 386 4150\r\nFax: (650) 961 2369\r\nmailto:aashish.verma@bcone.com', '' ), ( 105, '', '', '', '', '', '' ), ( 108, '', '', '', '', '', '' ), ( 110, '', '', '', '', '', '' ), ( 113, '', '', '', '', '', '' ), ( 115, '', '', '', '', '', '' ), ( 145, '', '', '', '', '', '' ), ( 158, '', '', '', '', '', '' ), ( 163, '', '', '', '', '', '' ), ( 171, '', '', '', '', '', '' ), ( 202, '', '', '', '', '', '' ), ( 205, '', '', '', '', '', '' ), ( 208, '', '', '', '', '', '' ), ( 210, '', '', '', '', '', '' ), ( 214, '', '', '', '', '', '' ), ( 217, '', '', '', '', '', '' ), ( 219, '', '', '', '', '', '' ), ( 221, '', '', '', '', '', '' ), ( 223, '', '', '', '', '', '' ), ( 226, '', '', '', '', '', '' ), ( 228, '', '', '', '', '', '' ), ( 230, '', '', '', '', '', '' ), ( 233, '', '', '', '', '', '' ), ( 236, '', '', '', '', '', '' ), ( 238, '', '', '', '', '', '' ), ( 241, '', '', '', '', '', '' ), ( 244, '', '', '', '', '', '' ), ( 246, '', '', '', '', '', '' ), ( 248, '', '', '', '', '', '' ), ( 250, '', '', '', '', '', '' ), ( 252, '', '', '', '', '', '' ), ( 255, '', '', '', '', '', '' ), ( 258, '', '', '', '', '', '' ), ( 261, '', '', '', '', '', '' ), ( 263, '', '', '', '', '', '' ), ( 265, '', '', '', '', '', '' ), ( 267, '', '', '', '', '', '' ), ( 269, '', '', '', '', '', '' ), ( 272, '', '', '', '', '', '' ), ( 274, '', '', '', '', '', '' ), ( 276, '', '', '', '', '', '' ), ( 278, '', '', '', '', '', '' ), ( 285, '', '', '', '', '', '' ), ( 287, '', '', '', '', '', '' ), ( 290, '', '', '', '', '', '' ), ( 296, '', '', '', '', '', '' ), ( 298, '', '', '', '', '', '' ), ( 300, '', '', '', '', '', '' ), ( 303, '', '', '', '', '', '' ), ( 305, '', '', '', '', '', '' ), ( 307, '', '', '', '', '', '' ), ( 309, '', '', '', '', '', '' ), ( 312, '', '', '', '', '', '' ), ( 316, '', '', '', '', '', '' ), ( 319, '', '', '', '', '', '' ), ( 324, '', '', '', '', '', '' ), ( 327, '', '', '', '', '', '' ), ( 329, '', '', '', '', '', '' ), ( 332, '', '', '', '', '', '' ), ( 335, '', '', '', '', '', '' ), ( 338, '', '', '', '', '', '' ), ( 341, '', '', '', '', '', '' ), ( 447, '', '', '', '', '', '' ), ( 484, '', '', '', '', '', '' ), ( 562, '', '', '', '', '', '' ), ( 691, '', '', '', '', '', '' ), ( 693, '', '', '', '', '', '' ), ( 697, '', '', '', '', '', '' ), ( 726, '', '', '', '', '', '' ), ( 740, '', '', '', '', '', '' ), ( 799, '', '', '', '', '', '' );
/*!40000 ALTER TABLE `vtiger_accountbillads` ENABLE KEYS */;
UNLOCK TABLES;

--
-- Table structure for table vtiger_accountdepstatus
--

DROP TABLE IF EXISTS vtiger_accountdepstatus;
SET @saved_cs_client = @@character_set_client;
SET character_set_client = utf8;
CREATE TABLE `vtiger_accountdepstatus` (
  `deploymentstatusid` int(19) NOT NULL AUTO_INCREMENT,
  `deploymentstatus` varchar(200) NOT NULL,
  `sortorderid` int(19) NOT NULL DEFAULT '0',
  `presence` int(1) NOT NULL DEFAULT '1',
  PRIMARY KEY (`deploymentstatusid`),
  UNIQUE KEY `accountdepstatus_deploymentstatus_idx` (`deploymentstatus`)
) ENGINE=InnoDB DEFAULT CHARSET=utf8;
SET character_set_client = @saved_cs_client;

--
-- Dumping data for table vtiger_accountdepstatus
--

LOCK TABLES `vtiger_accountdepstatus` WRITE;
/*!40000 ALTER TABLE `vtiger_accountdepstatus` DISABLE KEYS */;

/*!40000 ALTER TABLE `vtiger_accountdepstatus` ENABLE KEYS */;
UNLOCK TABLES;

--
-- Table structure for table vtiger_accountownership
--

DROP TABLE IF EXISTS vtiger_accountownership;
SET @saved_cs_client = @@character_set_client;
SET character_set_client = utf8;
CREATE TABLE `vtiger_accountownership` (
  `acctownershipid` int(19) NOT NULL AUTO_INCREMENT,
  `ownership` varchar(200) NOT NULL,
  `sortorderid` int(19) NOT NULL DEFAULT '0',
  `presence` int(1) NOT NULL DEFAULT '1',
  PRIMARY KEY (`acctownershipid`),
  UNIQUE KEY `accountownership_ownership_idx` (`ownership`)
) ENGINE=InnoDB DEFAULT CHARSET=utf8;
SET character_set_client = @saved_cs_client;

--
-- Dumping data for table vtiger_accountownership
--

LOCK TABLES `vtiger_accountownership` WRITE;
/*!40000 ALTER TABLE `vtiger_accountownership` DISABLE KEYS */;

/*!40000 ALTER TABLE `vtiger_accountownership` ENABLE KEYS */;
UNLOCK TABLES;

--
-- Table structure for table vtiger_accountrating
--

DROP TABLE IF EXISTS vtiger_accountrating;
SET @saved_cs_client = @@character_set_client;
SET character_set_client = utf8;
CREATE TABLE `vtiger_accountrating` (
  `accountratingid` int(19) NOT NULL AUTO_INCREMENT,
  `rating` varchar(200) NOT NULL,
  `sortorderid` int(19) NOT NULL DEFAULT '0',
  `presence` int(1) NOT NULL DEFAULT '1',
  PRIMARY KEY (`accountratingid`),
  UNIQUE KEY `accountrating_rating_idx` (`rating`)
) ENGINE=InnoDB DEFAULT CHARSET=utf8;
SET character_set_client = @saved_cs_client;

--
-- Dumping data for table vtiger_accountrating
--

LOCK TABLES `vtiger_accountrating` WRITE;
/*!40000 ALTER TABLE `vtiger_accountrating` DISABLE KEYS */;

/*!40000 ALTER TABLE `vtiger_accountrating` ENABLE KEYS */;
UNLOCK TABLES;

--
-- Table structure for table vtiger_accountregion
--

DROP TABLE IF EXISTS vtiger_accountregion;
SET @saved_cs_client = @@character_set_client;
SET character_set_client = utf8;
CREATE TABLE `vtiger_accountregion` (
  `accountregionid` int(19) NOT NULL AUTO_INCREMENT,
  `region` varchar(200) NOT NULL,
  `sortorderid` int(19) NOT NULL DEFAULT '0',
  `presence` int(1) NOT NULL DEFAULT '1',
  PRIMARY KEY (`accountregionid`),
  UNIQUE KEY `accountregion_region_idx` (`region`)
) ENGINE=InnoDB DEFAULT CHARSET=utf8;
SET character_set_client = @saved_cs_client;

--
-- Dumping data for table vtiger_accountregion
--

LOCK TABLES `vtiger_accountregion` WRITE;
/*!40000 ALTER TABLE `vtiger_accountregion` DISABLE KEYS */;

/*!40000 ALTER TABLE `vtiger_accountregion` ENABLE KEYS */;
UNLOCK TABLES;

--
-- Table structure for table vtiger_accountscf
--

DROP TABLE IF EXISTS vtiger_accountscf;
SET @saved_cs_client = @@character_set_client;
SET character_set_client = utf8;
CREATE TABLE `vtiger_accountscf` (
  `accountid` int(19) NOT NULL DEFAULT '0',
  PRIMARY KEY (`accountid`),
  CONSTRAINT `fk_1_vtiger_accountscf` FOREIGN KEY (`accountid`) REFERENCES `vtiger_account` (`accountid`) ON DELETE CASCADE
) ENGINE=InnoDB DEFAULT CHARSET=utf8;
SET character_set_client = @saved_cs_client;

--
-- Dumping data for table vtiger_accountscf
--

LOCK TABLES `vtiger_accountscf` WRITE;
/*!40000 ALTER TABLE `vtiger_accountscf` DISABLE KEYS */;
INSERT INTO vtiger_accountscf ( ACCOUNTID ) VALUES ( 12 ), ( 15 ), ( 16 ), ( 17 ), ( 18 ), ( 22 ), ( 29 ), ( 103 ), ( 105 ), ( 108 ), ( 110 ), ( 113 ), ( 115 ), ( 145 ), ( 158 ), ( 163 ), ( 171 ), ( 202 ), ( 205 ), ( 208 ), ( 210 ), ( 214 ), ( 217 ), ( 219 ), ( 221 ), ( 223 ), ( 226 ), ( 228 ), ( 230 ), ( 233 ), ( 236 ), ( 238 ), ( 241 ), ( 244 ), ( 246 ), ( 248 ), ( 250 ), ( 252 ), ( 255 ), ( 258 ), ( 261 ), ( 263 ), ( 265 ), ( 267 ), ( 269 ), ( 272 ), ( 274 ), ( 276 ), ( 278 ), ( 285 ), ( 287 ), ( 290 ), ( 296 ), ( 298 ), ( 300 ), ( 303 ), ( 305 ), ( 307 ), ( 309 ), ( 312 ), ( 316 ), ( 319 ), ( 324 ), ( 327 ), ( 329 ), ( 332 ), ( 335 ), ( 338 ), ( 341 ), ( 447 ), ( 484 ), ( 562 ), ( 691 ), ( 693 ), ( 697 ), ( 726 ), ( 740 ), ( 799 );
/*!40000 ALTER TABLE `vtiger_accountscf` ENABLE KEYS */;
UNLOCK TABLES;

--
-- Table structure for table vtiger_accountshipads
--

DROP TABLE IF EXISTS vtiger_accountshipads;
SET @saved_cs_client = @@character_set_client;
SET character_set_client = utf8;
CREATE TABLE `vtiger_accountshipads` (
  `accountaddressid` int(19) NOT NULL DEFAULT '0',
  `ship_city` varchar(30) DEFAULT NULL,
  `ship_code` varchar(30) DEFAULT NULL,
  `ship_country` varchar(30) DEFAULT NULL,
  `ship_state` varchar(30) DEFAULT NULL,
  `ship_pobox` varchar(30) DEFAULT NULL,
  `ship_street` varchar(250) DEFAULT NULL,
  PRIMARY KEY (`accountaddressid`),
  CONSTRAINT `fk_1_vtiger_accountshipads` FOREIGN KEY (`accountaddressid`) REFERENCES `vtiger_account` (`accountid`) ON DELETE CASCADE
) ENGINE=InnoDB DEFAULT CHARSET=utf8;
SET character_set_client = @saved_cs_client;

--
-- Dumping data for table vtiger_accountshipads
--

LOCK TABLES `vtiger_accountshipads` WRITE;
/*!40000 ALTER TABLE `vtiger_accountshipads` DISABLE KEYS */;
INSERT INTO vtiger_accountshipads ( ACCOUNTADDRESSID, SHIP_CITY, SHIP_CODE, SHIP_COUNTRY, SHIP_STATE, SHIP_POBOX, SHIP_STREET ) VALUES ( 12, '', '', '', '', '', '' ), ( 15, '', '', '', '', '', '' ), ( 16, '', '', '', '', '', '' ), ( 17, '', '', '', '', '', '' ), ( 18, '', '', '', '', '', '' ), ( 22, '', '', '', '', '', '' ), ( 29, '', '', '', '', '', '' ), ( 103, '', '', '', '', '', 'Bristlecone - A Mahindra Group Company\r\n \r\nSilicon Valley\r\n488 Ellis Street\r\nMountain View, CA 94043\r\nPhone: (650) 386 4000 x 4150\r\nDirect: (650) 386 4150\r\nFax: (650) 961 2369\r\nmailto:aashish.verma@bcone.com' ), ( 105, '', '', '', '', '', '' ), ( 108, '', '', '', '', '', '' ), ( 110, '', '', '', '', '', '' ), ( 113, '', '', '', '', '', '' ), ( 115, '', '', '', '', '', '' ), ( 145, '', '', '', '', '', '' ), ( 158, '', '', '', '', '', '' ), ( 163, '', '', '', '', '', '' ), ( 171, '', '', '', '', '', '' ), ( 202, '', '', '', '', '', '' ), ( 205, '', '', '', '', '', '' ), ( 208, '', '', '', '', '', '' ), ( 210, '', '', '', '', '', '' ), ( 214, '', '', '', '', '', '' ), ( 217, '', '', '', '', '', '' ), ( 219, '', '', '', '', '', '' ), ( 221, '', '', '', '', '', '' ), ( 223, '', '', '', '', '', '' ), ( 226, '', '', '', '', '', '' ), ( 228, '', '', '', '', '', '' ), ( 230, '', '', '', '', '', '' ), ( 233, '', '', '', '', '', '' ), ( 236, '', '', '', '', '', '' ), ( 238, '', '', '', '', '', '' ), ( 241, '', '', '', '', '', '' ), ( 244, '', '', '', '', '', '' ), ( 246, '', '', '', '', '', '' ), ( 248, '', '', '', '', '', '' ), ( 250, '', '', '', '', '', '' ), ( 252, '', '', '', '', '', '' ), ( 255, '', '', '', '', '', '' ), ( 258, '', '', '', '', '', '' ), ( 261, '', '', '', '', '', '' ), ( 263, '', '', '', '', '', '' ), ( 265, '', '', '', '', '', '' ), ( 267, '', '', '', '', '', '' ), ( 269, '', '', '', '', '', '' ), ( 272, '', '', '', '', '', '' ), ( 274, '', '', '', '', '', '' ), ( 276, '', '', '', '', '', '' ), ( 278, '', '', '', '', '', '' ), ( 285, '', '', '', '', '', '' ), ( 287, '', '', '', '', '', '' ), ( 290, '', '', '', '', '', '' ), ( 296, '', '', '', '', '', '' ), ( 298, '', '', '', '', '', '' ), ( 300, '', '', '', '', '', '' ), ( 303, '', '', '', '', '', '' ), ( 305, '', '', '', '', '', '' ), ( 307, '', '', '', '', '', '' ), ( 309, '', '', '', '', '', '' ), ( 312, '', '', '', '', '', '' ), ( 316, '', '', '', '', '', '' ), ( 319, '', '', '', '', '', '' ), ( 324, '', '', '', '', '', '' ), ( 327, '', '', '', '', '', '' ), ( 329, '', '', '', '', '', '' ), ( 332, '', '', '', '', '', '' ), ( 335, '', '', '', '', '', '' ), ( 338, '', '', '', '', '', '' ), ( 341, '', '', '', '', '', '' ), ( 447, '', '', '', '', '', '' ), ( 484, '', '', '', '', '', '' ), ( 562, '', '', '', '', '', '' ), ( 691, '', '', '', '', '', '' ), ( 693, '', '', '', '', '', '' ), ( 697, '', '', '', '', '', '' ), ( 726, '', '', '', '', '', '' ), ( 740, '', '', '', '', '', '' ), ( 799, '', '', '', '', '', '' );
/*!40000 ALTER TABLE `vtiger_accountshipads` ENABLE KEYS */;
UNLOCK TABLES;

--
-- Table structure for table vtiger_accounttype
--

DROP TABLE IF EXISTS vtiger_accounttype;
SET @saved_cs_client = @@character_set_client;
SET character_set_client = utf8;
CREATE TABLE `vtiger_accounttype` (
  `accounttypeid` int(19) NOT NULL AUTO_INCREMENT,
  `accounttype` varchar(200) NOT NULL,
  `presence` int(1) NOT NULL DEFAULT '1',
  `picklist_valueid` int(19) NOT NULL DEFAULT '0',
  PRIMARY KEY (`accounttypeid`),
  UNIQUE KEY `accounttype_accounttype_idx` (`accounttype`)
) ENGINE=InnoDB AUTO_INCREMENT=12 DEFAULT CHARSET=utf8;
SET character_set_client = @saved_cs_client;

--
-- Dumping data for table vtiger_accounttype
--

LOCK TABLES `vtiger_accounttype` WRITE;
/*!40000 ALTER TABLE `vtiger_accounttype` DISABLE KEYS */;
INSERT INTO vtiger_accounttype ( ACCOUNTTYPEID, ACCOUNTTYPE, PRESENCE, PICKLIST_VALUEID ) VALUES ( 1, '--None--', 1, 1 ), ( 2, 'Analyst', 1, 2 ), ( 3, 'Competitor', 1, 3 ), ( 4, 'Customer', 1, 4 ), ( 5, 'Integrator', 1, 5 ), ( 6, 'Investor', 1, 6 ), ( 7, 'Partner', 1, 7 ), ( 8, 'Press', 1, 8 ), ( 9, 'Prospect', 1, 9 ), ( 10, 'Reseller', 1, 10 ), ( 11, 'Other', 1, 11 );
/*!40000 ALTER TABLE `vtiger_accounttype` ENABLE KEYS */;
UNLOCK TABLES;

--
-- Table structure for table vtiger_accounttype_seq
--

DROP TABLE IF EXISTS vtiger_accounttype_seq;
SET @saved_cs_client = @@character_set_client;
SET character_set_client = utf8;
CREATE TABLE `vtiger_accounttype_seq` (
  `id` int(11) NOT NULL
) ENGINE=MyISAM DEFAULT CHARSET=utf8;
SET character_set_client = @saved_cs_client;

--
-- Dumping data for table vtiger_accounttype_seq
--

LOCK TABLES `vtiger_accounttype_seq` WRITE;
/*!40000 ALTER TABLE `vtiger_accounttype_seq` DISABLE KEYS */;
INSERT INTO vtiger_accounttype_seq ( ID ) VALUES ( 11 );
/*!40000 ALTER TABLE `vtiger_accounttype_seq` ENABLE KEYS */;
UNLOCK TABLES;

--
-- Table structure for table vtiger_actionmapping
--

DROP TABLE IF EXISTS vtiger_actionmapping;
SET @saved_cs_client = @@character_set_client;
SET character_set_client = utf8;
CREATE TABLE `vtiger_actionmapping` (
  `actionid` int(19) NOT NULL,
  `actionname` varchar(200) NOT NULL,
  `securitycheck` int(19) DEFAULT NULL,
  PRIMARY KEY (`actionid`,`actionname`)
) ENGINE=InnoDB DEFAULT CHARSET=utf8;
SET character_set_client = @saved_cs_client;

--
-- Dumping data for table vtiger_actionmapping
--

LOCK TABLES `vtiger_actionmapping` WRITE;
/*!40000 ALTER TABLE `vtiger_actionmapping` DISABLE KEYS */;
INSERT INTO vtiger_actionmapping ( ACTIONID, ACTIONNAME, SECURITYCHECK ) VALUES ( 0, 'Save', 0 ), ( 0, 'SavePriceBook', 1 ), ( 0, 'SaveVendor', 1 ), ( 1, 'DetailViewAjax', 1 ), ( 1, 'EditView', 0 ), ( 1, 'PriceBookEditView', 1 ), ( 1, 'QuickCreate', 1 ), ( 1, 'VendorEditView', 1 ), ( 2, 'Delete', 0 ), ( 2, 'DeletePriceBook', 1 ), ( 2, 'DeleteVendor', 1 ), ( 3, 'index', 0 ), ( 3, 'Popup', 1 ), ( 4, 'DetailView', 0 ), ( 4, 'PriceBookDetailView', 1 ), ( 4, 'TagCloud', 1 ), ( 4, 'VendorDetailView', 1 ), ( 5, 'Import', 0 ), ( 6, 'Export', 0 ), ( 8, 'Merge', 0 ), ( 9, 'ConvertLead', 0 ), ( 10, 'DuplicatesHandling', 0 );
/*!40000 ALTER TABLE `vtiger_actionmapping` ENABLE KEYS */;
UNLOCK TABLES;

--
-- Table structure for table vtiger_activity
--

DROP TABLE IF EXISTS vtiger_activity;
SET @saved_cs_client = @@character_set_client;
SET character_set_client = utf8;
CREATE TABLE `vtiger_activity` (
  `activityid` int(19) NOT NULL DEFAULT '0',
  `subject` varchar(100) NOT NULL,
  `semodule` varchar(20) DEFAULT NULL,
  `activitytype` varchar(200) NOT NULL,
  `date_start` date NOT NULL,
  `due_date` date DEFAULT NULL,
  `time_start` varchar(50) DEFAULT NULL,
  `time_end` varchar(50) DEFAULT NULL,
  `sendnotification` varchar(3) NOT NULL DEFAULT '0',
  `duration_hours` varchar(200) DEFAULT NULL,
  `duration_minutes` varchar(200) DEFAULT NULL,
  `status` varchar(200) DEFAULT NULL,
  `eventstatus` varchar(200) DEFAULT NULL,
  `priority` varchar(200) DEFAULT NULL,
  `location` varchar(150) DEFAULT NULL,
  `notime` varchar(3) NOT NULL DEFAULT '0',
  `visibility` varchar(50) NOT NULL DEFAULT 'all',
  `recurringtype` varchar(200) DEFAULT NULL,
  PRIMARY KEY (`activityid`),
  KEY `activity_activityid_subject_idx` (`activityid`,`subject`),
  KEY `activity_activitytype_date_start_idx` (`activitytype`,`date_start`),
  KEY `activity_date_start_due_date_idx` (`date_start`,`due_date`),
  KEY `activity_date_start_time_start_idx` (`date_start`,`time_start`),
  KEY `activity_eventstatus_idx` (`eventstatus`),
  KEY `activity_status_idx` (`status`),
  CONSTRAINT `fk_1_vtiger_activity` FOREIGN KEY (`activityid`) REFERENCES `vtiger_crmentity` (`crmid`) ON DELETE CASCADE
) ENGINE=InnoDB DEFAULT CHARSET=utf8;
SET character_set_client = @saved_cs_client;

--
-- Dumping data for table vtiger_activity
--

LOCK TABLES `vtiger_activity` WRITE;
/*!40000 ALTER TABLE `vtiger_activity` DISABLE KEYS */;
INSERT INTO vtiger_activity ( ACTIVITYID, SUBJECT, SEMODULE, ACTIVITYTYPE, DATE_START, DUE_DATE, TIME_START, TIME_END, SENDNOTIFICATION, DURATION_HOURS, DURATION_MINUTES, STATUS, EVENTSTATUS, PRIORITY, LOCATION, NOTIME, VISIBILITY, RECURRINGTYPE ) VALUES ( 3, 'Testing 123', '', 'Emails', '2012-08-30', null, '22:20', '', '0', '', '', '', '', '', '', '0', 'all', '' ), ( 4, 'testing vtiger email', '', 'Emails', '2012-08-30', null, '22:53', '', '0', '', '', '', '', '', '', '0', 'all', '' ), ( 6, 'Test Meeting', '', 'Call', '2012-08-30', '2012-08-30', '23:00:00', '23:05:00', '1', '0', '5', '', 'Planned', 'High', '203.654.7082', '0', 'Private', '--None--' ), ( 55, 'Send David to Starwoods', '', 'Task', '2012-11-13', '2012-11-13', '17:10:00', '17:20:00', '0', '', '', 'Completed', '', 'High', '', '0', 'Private', '' ), ( 56, 'Post all job postings to computrabajo', '', 'Task', '2012-11-13', '2012-11-13', '17:14:00', '17:24:00', '0', '', '', 'Not Started', '', '', '', '0', 'Private', '' ), ( 57, 'Follow up on Varuns resume with Aquinas', '', 'Task', '2012-11-13', '2012-11-13', '17:10:00', '17:20:00', '0', '', '', 'In Progress', '', 'High', '', '0', 'Private', '' ), ( 58, 'Notify friends that they can get a 500 USD bonus for referrals', '', 'Task', '2012-11-13', '2012-11-13', '17:15:00', '17:25:00', '0', '', '', 'Completed', '', 'High', '', '0', 'Private', '' ), ( 59, 'Get acces to corp2corp using careers@sintesys.us', '', 'Task', '2012-11-13', '2012-11-13', '17:15:00', '17:25:00', '0', '', '', 'Completed', '', 'High', '', '0', 'Private', '' ), ( 60, 'Add Juan and Alejandro to vTiger', '', 'Task', '2012-11-13', '2012-11-13', '17:15:00', '17:25:00', '1', '', '', 'Completed', '', 'High', '', '0', 'Private', '' ), ( 61, 'Add Tyron, Francisco and  David Lemus to vTiger', '', 'Task', '2012-11-13', '2012-11-13', '17:17:00', '17:27:00', '0', '', '', 'Completed', '', '', '', '0', 'Private', '' ), ( 62, 'Give Ivan the exact location for Testing', '', 'Task', '2012-11-13', '2012-11-13', '17:15:00', '17:25:00', '1', '', '', 'Completed', '', 'High', '', '0', 'Private', '' ), ( 63, 'Website upgrade- Will open as project', '', 'Task', '2012-11-13', '2012-11-13', '17:17:00', '17:27:00', '0', '', '', 'Not Started', '', '', '', '0', 'Private', '' ), ( 64, 'Search another immigration attorney', '', 'Task', '2012-11-13', '2012-11-13', '17:18:00', '17:28:00', '0', '', '', 'Not Started', '', '', '', '0', 'Private', '' ), ( 65, 'Send job descriptions for virtusa positions', '', 'Task', '2012-11-13', '2012-11-13', '17:15:00', '17:25:00', '0', '', '', 'Completed', '', 'High', '', '0', 'Private', '' ), ( 100, 'kkkkkkk', 'Users', 'Emails', '2012-12-19', null, '', '', '0', '', '', '', '', '', '', '0', 'all', '' ), ( 578, 'Sintesys hiring process', 'Contacts', 'Emails', '2013-05-31', null, '', '', '0', '', '', '', '', '', '', '0', 'all', '' ), ( 580, 'Sintesys hiring process', 'Contacts', 'Emails', '2013-05-31', null, '', '', '0', '', '', '', '', '', '', '0', 'all', '' ), ( 582, 'Sintesys hiring process', 'Contacts', 'Emails', '2013-06-03', null, '', '', '0', '', '', '', '', '', '', '0', 'all', '' ), ( 583, 'Sintesys hiring process', 'Contacts', 'Emails', '2013-06-03', null, '', '', '0', '', '', '', '', '', '', '0', 'all', '' ), ( 584, 'Sintesys hiring process', 'Contacts', 'Emails', '2013-06-03', null, '', '', '0', '', '', '', '', '', '', '0', 'all', '' ), ( 585, 'Sintesys hiring process', 'Contacts', 'Emails', '2013-06-03', null, '', '', '0', '', '', '', '', '', '', '0', 'all', '' ), ( 586, 'Sintesys hiring process', 'Contacts', 'Emails', '2013-06-03', null, '', '', '0', '', '', '', '', '', '', '0', 'all', '' ), ( 587, 'Sintesys hiring process', 'Contacts', 'Emails', '2013-06-03', null, '', '', '0', '', '', '', '', '', '', '0', 'all', '' ), ( 590, 'Sintesys hiring process', 'Contacts', 'Emails', '2013-06-03', null, '', '', '0', '', '', '', '', '', '', '0', 'all', '' ), ( 704, 'Sintesys hiring process', 'Contacts', 'Emails', '2013-07-17', null, '', '', '0', '', '', '', '', '', '', '0', 'all', '' ), ( 716, 'Sintesys hiring process', 'Contacts', 'Emails', '2013-07-22', null, '', '', '0', '', '', '', '', '', '', '0', 'all', '' ), ( 723, 'kjhkjhlkjhlkjhlkjh', '', 'Emails', '2013-07-29', null, '21:05', '', '0', '', '', '', '', '', '', '0', 'all', '' );
/*!40000 ALTER TABLE `vtiger_activity` ENABLE KEYS */;
UNLOCK TABLES;

--
-- Table structure for table vtiger_activity_reminder
--

DROP TABLE IF EXISTS vtiger_activity_reminder;
SET @saved_cs_client = @@character_set_client;
SET character_set_client = utf8;
CREATE TABLE `vtiger_activity_reminder` (
  `activity_id` int(11) NOT NULL,
  `reminder_time` int(11) NOT NULL,
  `reminder_sent` int(2) NOT NULL,
  `recurringid` int(19) NOT NULL,
  PRIMARY KEY (`activity_id`,`recurringid`)
) ENGINE=InnoDB DEFAULT CHARSET=utf8;
SET character_set_client = @saved_cs_client;

--
-- Dumping data for table vtiger_activity_reminder
--

LOCK TABLES `vtiger_activity_reminder` WRITE;
/*!40000 ALTER TABLE `vtiger_activity_reminder` DISABLE KEYS */;

/*!40000 ALTER TABLE `vtiger_activity_reminder` ENABLE KEYS */;
UNLOCK TABLES;

--
-- Table structure for table vtiger_activity_reminder_popup
--

DROP TABLE IF EXISTS vtiger_activity_reminder_popup;
SET @saved_cs_client = @@character_set_client;
SET character_set_client = utf8;
CREATE TABLE `vtiger_activity_reminder_popup` (
  `reminderid` int(19) NOT NULL AUTO_INCREMENT,
  `semodule` varchar(100) NOT NULL,
  `recordid` int(19) NOT NULL,
  `date_start` date NOT NULL,
  `time_start` varchar(100) NOT NULL,
  `status` int(2) NOT NULL,
  PRIMARY KEY (`reminderid`)
) ENGINE=InnoDB AUTO_INCREMENT=13 DEFAULT CHARSET=utf8;
SET character_set_client = @saved_cs_client;

--
-- Dumping data for table vtiger_activity_reminder_popup
--

LOCK TABLES `vtiger_activity_reminder_popup` WRITE;
/*!40000 ALTER TABLE `vtiger_activity_reminder_popup` DISABLE KEYS */;
INSERT INTO vtiger_activity_reminder_popup ( REMINDERID, SEMODULE, RECORDID, DATE_START, TIME_START, STATUS ) VALUES ( 1, 'Calendar', 6, '2012-08-30', '23:00:00', 0 ), ( 2, 'Calendar', 55, '2012-11-13', '17:10:00', 0 ), ( 3, 'Calendar', 56, '2012-11-13', '17:14:00', 0 ), ( 4, 'Calendar', 57, '2012-11-13', '17:10:00', 0 ), ( 5, 'Calendar', 58, '2012-11-13', '17:15:00', 0 ), ( 6, 'Calendar', 59, '2012-11-13', '17:15:00', 0 ), ( 7, 'Calendar', 60, '2012-11-13', '17:15:00', 0 ), ( 8, 'Calendar', 61, '2012-11-13', '17:17:00', 0 ), ( 9, 'Calendar', 62, '2012-11-13', '17:15:00', 0 ), ( 10, 'Calendar', 63, '2012-11-13', '17:17:00', 0 ), ( 11, 'Calendar', 64, '2012-11-13', '17:18:00', 0 ), ( 12, 'Calendar', 65, '2012-11-13', '17:15:00', 0 );
/*!40000 ALTER TABLE `vtiger_activity_reminder_popup` ENABLE KEYS */;
UNLOCK TABLES;

--
-- Table structure for table vtiger_activity_view
--

DROP TABLE IF EXISTS vtiger_activity_view;
SET @saved_cs_client = @@character_set_client;
SET character_set_client = utf8;
CREATE TABLE `vtiger_activity_view` (
  `activity_viewid` int(19) NOT NULL AUTO_INCREMENT,
  `activity_view` varchar(200) NOT NULL,
  `sortorderid` int(19) NOT NULL DEFAULT '0',
  `presence` int(1) NOT NULL DEFAULT '1',
  PRIMARY KEY (`activity_viewid`)
) ENGINE=InnoDB AUTO_INCREMENT=5 DEFAULT CHARSET=utf8;
SET character_set_client = @saved_cs_client;

--
-- Dumping data for table vtiger_activity_view
--

LOCK TABLES `vtiger_activity_view` WRITE;
/*!40000 ALTER TABLE `vtiger_activity_view` DISABLE KEYS */;
INSERT INTO vtiger_activity_view ( ACTIVITY_VIEWID, ACTIVITY_VIEW, SORTORDERID, PRESENCE ) VALUES ( 1, 'Today', 0, 1 ), ( 2, 'This Week', 1, 1 ), ( 3, 'This Month', 2, 1 ), ( 4, 'This Year', 3, 1 );
/*!40000 ALTER TABLE `vtiger_activity_view` ENABLE KEYS */;
UNLOCK TABLES;

--
-- Table structure for table vtiger_activity_view_seq
--

DROP TABLE IF EXISTS vtiger_activity_view_seq;
SET @saved_cs_client = @@character_set_client;
SET character_set_client = utf8;
CREATE TABLE `vtiger_activity_view_seq` (
  `id` int(11) NOT NULL
) ENGINE=MyISAM DEFAULT CHARSET=utf8;
SET character_set_client = @saved_cs_client;

--
-- Dumping data for table vtiger_activity_view_seq
--

LOCK TABLES `vtiger_activity_view_seq` WRITE;
/*!40000 ALTER TABLE `vtiger_activity_view_seq` DISABLE KEYS */;
INSERT INTO vtiger_activity_view_seq ( ID ) VALUES ( 4 );
/*!40000 ALTER TABLE `vtiger_activity_view_seq` ENABLE KEYS */;
UNLOCK TABLES;

--
-- Table structure for table vtiger_activitycf
--

DROP TABLE IF EXISTS vtiger_activitycf;
SET @saved_cs_client = @@character_set_client;
SET character_set_client = utf8;
CREATE TABLE `vtiger_activitycf` (
  `activityid` int(19) NOT NULL DEFAULT '0',
  PRIMARY KEY (`activityid`)
) ENGINE=InnoDB DEFAULT CHARSET=utf8;
SET character_set_client = @saved_cs_client;

--
-- Dumping data for table vtiger_activitycf
--

LOCK TABLES `vtiger_activitycf` WRITE;
/*!40000 ALTER TABLE `vtiger_activitycf` DISABLE KEYS */;
INSERT INTO vtiger_activitycf ( ACTIVITYID ) VALUES ( 6 ), ( 55 ), ( 56 ), ( 57 ), ( 58 ), ( 59 ), ( 60 ), ( 61 ), ( 62 ), ( 63 ), ( 64 ), ( 65 );
/*!40000 ALTER TABLE `vtiger_activitycf` ENABLE KEYS */;
UNLOCK TABLES;

--
-- Table structure for table vtiger_activityproductrel
--

DROP TABLE IF EXISTS vtiger_activityproductrel;
SET @saved_cs_client = @@character_set_client;
SET character_set_client = utf8;
CREATE TABLE `vtiger_activityproductrel` (
  `activityid` int(19) NOT NULL DEFAULT '0',
  `productid` int(19) NOT NULL DEFAULT '0',
  PRIMARY KEY (`activityid`,`productid`),
  KEY `activityproductrel_activityid_idx` (`activityid`),
  KEY `activityproductrel_productid_idx` (`productid`),
  CONSTRAINT `fk_2_vtiger_activityproductrel` FOREIGN KEY (`productid`) REFERENCES `vtiger_products` (`productid`) ON DELETE CASCADE
) ENGINE=InnoDB DEFAULT CHARSET=utf8;
SET character_set_client = @saved_cs_client;

--
-- Dumping data for table vtiger_activityproductrel
--

LOCK TABLES `vtiger_activityproductrel` WRITE;
/*!40000 ALTER TABLE `vtiger_activityproductrel` DISABLE KEYS */;

/*!40000 ALTER TABLE `vtiger_activityproductrel` ENABLE KEYS */;
UNLOCK TABLES;

--
-- Table structure for table vtiger_activitytype
--

DROP TABLE IF EXISTS vtiger_activitytype;
SET @saved_cs_client = @@character_set_client;
SET character_set_client = utf8;
CREATE TABLE `vtiger_activitytype` (
  `activitytypeid` int(19) NOT NULL AUTO_INCREMENT,
  `activitytype` varchar(200) NOT NULL,
  `presence` int(1) NOT NULL DEFAULT '1',
  `picklist_valueid` int(19) NOT NULL DEFAULT '0',
  PRIMARY KEY (`activitytypeid`),
  UNIQUE KEY `activitytype_activitytype_idx` (`activitytype`)
) ENGINE=InnoDB AUTO_INCREMENT=3 DEFAULT CHARSET=utf8;
SET character_set_client = @saved_cs_client;

--
-- Dumping data for table vtiger_activitytype
--

LOCK TABLES `vtiger_activitytype` WRITE;
/*!40000 ALTER TABLE `vtiger_activitytype` DISABLE KEYS */;
INSERT INTO vtiger_activitytype ( ACTIVITYTYPEID, ACTIVITYTYPE, PRESENCE, PICKLIST_VALUEID ) VALUES ( 1, 'Call', 0, 12 ), ( 2, 'Meeting', 0, 13 );
/*!40000 ALTER TABLE `vtiger_activitytype` ENABLE KEYS */;
UNLOCK TABLES;

--
-- Table structure for table vtiger_activitytype_seq
--

DROP TABLE IF EXISTS vtiger_activitytype_seq;
SET @saved_cs_client = @@character_set_client;
SET character_set_client = utf8;
CREATE TABLE `vtiger_activitytype_seq` (
  `id` int(11) NOT NULL
) ENGINE=MyISAM DEFAULT CHARSET=utf8;
SET character_set_client = @saved_cs_client;

--
-- Dumping data for table vtiger_activitytype_seq
--

LOCK TABLES `vtiger_activitytype_seq` WRITE;
/*!40000 ALTER TABLE `vtiger_activitytype_seq` DISABLE KEYS */;
INSERT INTO vtiger_activitytype_seq ( ID ) VALUES ( 2 );
/*!40000 ALTER TABLE `vtiger_activitytype_seq` ENABLE KEYS */;
UNLOCK TABLES;

--
-- Table structure for table vtiger_activsubtype
--

DROP TABLE IF EXISTS vtiger_activsubtype;
SET @saved_cs_client = @@character_set_client;
SET character_set_client = utf8;
CREATE TABLE `vtiger_activsubtype` (
  `activesubtypeid` int(19) NOT NULL AUTO_INCREMENT,
  `activsubtype` varchar(100) DEFAULT NULL,
  `sortorderid` int(19) NOT NULL DEFAULT '0',
  `presence` int(1) NOT NULL DEFAULT '1',
  PRIMARY KEY (`activesubtypeid`)
) ENGINE=InnoDB DEFAULT CHARSET=utf8;
SET character_set_client = @saved_cs_client;

--
-- Dumping data for table vtiger_activsubtype
--

LOCK TABLES `vtiger_activsubtype` WRITE;
/*!40000 ALTER TABLE `vtiger_activsubtype` DISABLE KEYS */;

/*!40000 ALTER TABLE `vtiger_activsubtype` ENABLE KEYS */;
UNLOCK TABLES;

--
-- Table structure for table vtiger_announcement
--

DROP TABLE IF EXISTS vtiger_announcement;
SET @saved_cs_client = @@character_set_client;
SET character_set_client = utf8;
CREATE TABLE `vtiger_announcement` (
  `creatorid` int(19) NOT NULL,
  `announcement` text,
  `title` varchar(255) DEFAULT NULL,
  `time` timestamp NOT NULL DEFAULT CURRENT_TIMESTAMP ON UPDATE CURRENT_TIMESTAMP,
  PRIMARY KEY (`creatorid`),
  KEY `announcement_creatorid_idx` (`creatorid`)
) ENGINE=InnoDB DEFAULT CHARSET=utf8;
SET character_set_client = @saved_cs_client;

--
-- Dumping data for table vtiger_announcement
--

LOCK TABLES `vtiger_announcement` WRITE;
/*!40000 ALTER TABLE `vtiger_announcement` DISABLE KEYS */;

/*!40000 ALTER TABLE `vtiger_announcement` ENABLE KEYS */;
UNLOCK TABLES;

--
-- Table structure for table vtiger_assets
--

DROP TABLE IF EXISTS vtiger_assets;
SET @saved_cs_client = @@character_set_client;
SET character_set_client = utf8;
CREATE TABLE `vtiger_assets` (
  `assetsid` int(11) NOT NULL,
  `asset_no` varchar(30) NOT NULL,
  `account` int(19) NOT NULL,
  `product` int(19) NOT NULL,
  `serialnumber` varchar(200) NOT NULL,
  `datesold` date NOT NULL,
  `dateinservice` date NOT NULL,
  `assetstatus` varchar(200) DEFAULT 'In Service',
  `tagnumber` varchar(300) DEFAULT NULL,
  `invoiceid` int(19) DEFAULT NULL,
  `shippingmethod` varchar(200) DEFAULT NULL,
  `shippingtrackingnumber` varchar(200) DEFAULT NULL,
  `assetname` varchar(100) DEFAULT NULL,
  PRIMARY KEY (`assetsid`),
  CONSTRAINT `fk_1_vtiger_assets` FOREIGN KEY (`assetsid`) REFERENCES `vtiger_crmentity` (`crmid`) ON DELETE CASCADE
) ENGINE=InnoDB DEFAULT CHARSET=utf8;
SET character_set_client = @saved_cs_client;

--
-- Dumping data for table vtiger_assets
--

LOCK TABLES `vtiger_assets` WRITE;
/*!40000 ALTER TABLE `vtiger_assets` DISABLE KEYS */;

/*!40000 ALTER TABLE `vtiger_assets` ENABLE KEYS */;
UNLOCK TABLES;

--
-- Table structure for table vtiger_assetscf
--

DROP TABLE IF EXISTS vtiger_assetscf;
SET @saved_cs_client = @@character_set_client;
SET character_set_client = utf8;
CREATE TABLE `vtiger_assetscf` (
  `assetsid` int(19) NOT NULL,
  PRIMARY KEY (`assetsid`)
) ENGINE=InnoDB DEFAULT CHARSET=utf8;
SET character_set_client = @saved_cs_client;

--
-- Dumping data for table vtiger_assetscf
--

LOCK TABLES `vtiger_assetscf` WRITE;
/*!40000 ALTER TABLE `vtiger_assetscf` DISABLE KEYS */;

/*!40000 ALTER TABLE `vtiger_assetscf` ENABLE KEYS */;
UNLOCK TABLES;

--
-- Table structure for table vtiger_assetstatus
--

DROP TABLE IF EXISTS vtiger_assetstatus;
SET @saved_cs_client = @@character_set_client;
SET character_set_client = utf8;
CREATE TABLE `vtiger_assetstatus` (
  `assetstatusid` int(11) NOT NULL AUTO_INCREMENT,
  `assetstatus` varchar(200) NOT NULL,
  `presence` int(1) NOT NULL DEFAULT '1',
  `picklist_valueid` int(11) NOT NULL DEFAULT '0',
  PRIMARY KEY (`assetstatusid`)
) ENGINE=InnoDB AUTO_INCREMENT=3 DEFAULT CHARSET=utf8;
SET character_set_client = @saved_cs_client;

--
-- Dumping data for table vtiger_assetstatus
--

LOCK TABLES `vtiger_assetstatus` WRITE;
/*!40000 ALTER TABLE `vtiger_assetstatus` DISABLE KEYS */;
INSERT INTO vtiger_assetstatus ( ASSETSTATUSID, ASSETSTATUS, PRESENCE, PICKLIST_VALUEID ) VALUES ( 1, 'In Service', 1, 235 ), ( 2, 'Out-of-service', 1, 236 );
/*!40000 ALTER TABLE `vtiger_assetstatus` ENABLE KEYS */;
UNLOCK TABLES;

--
-- Table structure for table vtiger_assetstatus_seq
--

DROP TABLE IF EXISTS vtiger_assetstatus_seq;
SET @saved_cs_client = @@character_set_client;
SET character_set_client = utf8;
CREATE TABLE `vtiger_assetstatus_seq` (
  `id` int(11) NOT NULL
) ENGINE=MyISAM DEFAULT CHARSET=utf8;
SET character_set_client = @saved_cs_client;

--
-- Dumping data for table vtiger_assetstatus_seq
--

LOCK TABLES `vtiger_assetstatus_seq` WRITE;
/*!40000 ALTER TABLE `vtiger_assetstatus_seq` DISABLE KEYS */;
INSERT INTO vtiger_assetstatus_seq ( ID ) VALUES ( 2 );
/*!40000 ALTER TABLE `vtiger_assetstatus_seq` ENABLE KEYS */;
UNLOCK TABLES;

--
-- Table structure for table vtiger_asterisk
--

DROP TABLE IF EXISTS vtiger_asterisk;
SET @saved_cs_client = @@character_set_client;
SET character_set_client = utf8;
CREATE TABLE `vtiger_asterisk` (
  `server` varchar(30) DEFAULT NULL,
  `port` varchar(30) DEFAULT NULL,
  `username` varchar(50) DEFAULT NULL,
  `password` varchar(50) DEFAULT NULL,
  `version` varchar(50) DEFAULT NULL
) ENGINE=InnoDB DEFAULT CHARSET=utf8;
SET character_set_client = @saved_cs_client;

--
-- Dumping data for table vtiger_asterisk
--

LOCK TABLES `vtiger_asterisk` WRITE;
/*!40000 ALTER TABLE `vtiger_asterisk` DISABLE KEYS */;

/*!40000 ALTER TABLE `vtiger_asterisk` ENABLE KEYS */;
UNLOCK TABLES;

--
-- Table structure for table vtiger_asteriskextensions
--

DROP TABLE IF EXISTS vtiger_asteriskextensions;
SET @saved_cs_client = @@character_set_client;
SET character_set_client = utf8;
CREATE TABLE `vtiger_asteriskextensions` (
  `userid` int(11) DEFAULT NULL,
  `asterisk_extension` varchar(50) DEFAULT NULL,
  `use_asterisk` varchar(3) DEFAULT NULL
) ENGINE=InnoDB DEFAULT CHARSET=utf8;
SET character_set_client = @saved_cs_client;

--
-- Dumping data for table vtiger_asteriskextensions
--

LOCK TABLES `vtiger_asteriskextensions` WRITE;
/*!40000 ALTER TABLE `vtiger_asteriskextensions` DISABLE KEYS */;
INSERT INTO vtiger_asteriskextensions ( USERID, ASTERISK_EXTENSION, USE_ASTERISK ) VALUES ( 1, '', '' ), ( 5, '', '1' ), ( 6, '', '1' ), ( 7, '', '1' ), ( 9, '', '1' ), ( 10, '', '1' ), ( 11, '', '1' ), ( 12, '', '1' ), ( 13, '', '1' ), ( 14, '', '1' ), ( 15, '', '1' ), ( 16, '', '1' ), ( 17, '', '1' ), ( 18, '', '1' ), ( 19, '', '1' );
/*!40000 ALTER TABLE `vtiger_asteriskextensions` ENABLE KEYS */;
UNLOCK TABLES;

--
-- Table structure for table vtiger_asteriskincomingcalls
--

DROP TABLE IF EXISTS vtiger_asteriskincomingcalls;
SET @saved_cs_client = @@character_set_client;
SET character_set_client = utf8;
CREATE TABLE `vtiger_asteriskincomingcalls` (
  `from_number` varchar(50) DEFAULT NULL,
  `from_name` varchar(50) DEFAULT NULL,
  `to_number` varchar(50) DEFAULT NULL,
  `callertype` varchar(30) DEFAULT NULL,
  `flag` int(19) DEFAULT NULL,
  `timer` int(19) DEFAULT NULL,
  `refuid` varchar(255) DEFAULT NULL
) ENGINE=InnoDB DEFAULT CHARSET=utf8;
SET character_set_client = @saved_cs_client;

--
-- Dumping data for table vtiger_asteriskincomingcalls
--

LOCK TABLES `vtiger_asteriskincomingcalls` WRITE;
/*!40000 ALTER TABLE `vtiger_asteriskincomingcalls` DISABLE KEYS */;

/*!40000 ALTER TABLE `vtiger_asteriskincomingcalls` ENABLE KEYS */;
UNLOCK TABLES;

--
-- Table structure for table vtiger_asteriskincomingevents
--

DROP TABLE IF EXISTS vtiger_asteriskincomingevents;
SET @saved_cs_client = @@character_set_client;
SET character_set_client = utf8;
CREATE TABLE `vtiger_asteriskincomingevents` (
  `uid` varchar(255) NOT NULL,
  `channel` varchar(100) DEFAULT NULL,
  `from_number` bigint(20) DEFAULT NULL,
  `from_name` varchar(100) DEFAULT NULL,
  `to_number` bigint(20) DEFAULT NULL,
  `callertype` varchar(100) DEFAULT NULL,
  `timer` int(20) DEFAULT NULL,
  `flag` varchar(3) DEFAULT NULL,
  `pbxrecordid` int(19) DEFAULT NULL,
  `relcrmid` int(19) DEFAULT NULL,
  PRIMARY KEY (`uid`)
) ENGINE=MyISAM DEFAULT CHARSET=utf8;
SET character_set_client = @saved_cs_client;

--
-- Dumping data for table vtiger_asteriskincomingevents
--

LOCK TABLES `vtiger_asteriskincomingevents` WRITE;
/*!40000 ALTER TABLE `vtiger_asteriskincomingevents` DISABLE KEYS */;

/*!40000 ALTER TABLE `vtiger_asteriskincomingevents` ENABLE KEYS */;
UNLOCK TABLES;

--
-- Table structure for table vtiger_attachments
--

DROP TABLE IF EXISTS vtiger_attachments;
SET @saved_cs_client = @@character_set_client;
SET character_set_client = utf8;
CREATE TABLE `vtiger_attachments` (
  `attachmentsid` int(19) NOT NULL,
  `name` varchar(255) NOT NULL,
  `description` text,
  `type` varchar(100) DEFAULT NULL,
  `path` text,
  `subject` varchar(255) DEFAULT NULL,
  PRIMARY KEY (`attachmentsid`),
  KEY `attachments_attachmentsid_idx` (`attachmentsid`),
  CONSTRAINT `fk_1_vtiger_attachments` FOREIGN KEY (`attachmentsid`) REFERENCES `vtiger_crmentity` (`crmid`) ON DELETE CASCADE
) ENGINE=InnoDB DEFAULT CHARSET=utf8;
SET character_set_client = @saved_cs_client;

--
-- Dumping data for table vtiger_attachments
--

LOCK TABLES `vtiger_attachments` WRITE;
/*!40000 ALTER TABLE `vtiger_attachments` DISABLE KEYS */;
INSERT INTO vtiger_attachments ( ATTACHMENTSID, NAME, DESCRIPTION, TYPE, PATH, SUBJECT ) VALUES ( 2, 'Cropped_me_2.jpg', '', 'image/jpeg', 'storage/2012/August/week5/', '' ), ( 21, 'EktaRes_Aug2012.doc', '', 'application/msword', 'storage/2012/November/week1/', '' ), ( 33, 'Deepa_Krishnan.docx', '', 'application/vnd.openxmlformats-officedocument.wordprocessingml.document', 'storage/2012/November/week1/', '' ), ( 36, 'BalajiRamaJuly2012_(1)_(4).doc', '', 'application/msword', 'storage/2012/November/week2/', '' ), ( 39, 'Hemanti_Thackeray.docx', '', 'application/vnd.openxmlformats-officedocument.wordprocessingml.document', 'storage/2012/November/week2/', '' ), ( 43, 'David_Lemus.docx', '', 'application/vnd.openxmlformats-officedocument.wordprocessingml.document', 'storage/2012/November/week2/', '' ), ( 46, 'Baltazar_Quiroz_Resume.docx', '', 'application/vnd.openxmlformats-officedocument.wordprocessingml.document', 'storage/2012/November/week2/', '' ), ( 68, 'Juan_Manuel_Sarr_Prez_Identity_6_years.docx', '', 'application/vnd.openxmlformats-officedocument.wordprocessingml.document', 'storage/2012/November/week2/', '' ), ( 71, 'Alejandro_Grijalva.docx', '', 'application/vnd.openxmlformats-officedocument.wordprocessingml.document', 'storage/2012/November/week2/', '' ), ( 74, 'TayronVargasResume.docx', '', 'application/vnd.openxmlformats-officedocument.wordprocessingml.document', 'storage/2012/November/week2/', '' ), ( 77, 'CV_Francisco_J_Roman_eng.docx', '', 'application/vnd.openxmlformats-officedocument.wordprocessingml.document', 'storage/2012/November/week2/', '' ), ( 80, 'RESUME_RUBEN_BADILLA_DBA_ORACLE.docx', '', 'application/vnd.openxmlformats-officedocument.wordprocessingml.document', 'storage/2012/November/week2/', '' ), ( 83, 'Dheeraj_Kumar_Hibernate_spring.docx', '', 'application/vnd.openxmlformats-officedocument.wordprocessingml.document', 'storage/2012/November/week3/', '' ), ( 86, 'RAchit_Shah.docx', '', 'application/vnd.openxmlformats-officedocument.wordprocessingml.document', 'storage/2012/November/week5/', '' ), ( 89, 'SRINIVASA_ARCOT_EATHIRAJ.docx', '', 'application/vnd.openxmlformats-officedocument.wordprocessingml.document', 'storage/2012/November/week5/', '' ), ( 92, 'gaurav_tapadkar_j2ee_lead_developer.docx', '', 'application/vnd.openxmlformats-officedocument.wordprocessingml.document', 'storage/2012/December/week1/', '' ), ( 95, 'PRINCE_ABRAHAM.docx', '', 'application/vnd.openxmlformats-officedocument.wordprocessingml.document', 'storage/2012/December/week1/', '' ), ( 121, 'VIMALPRIYA_KOTHANDAPANI.docx', '', 'application/vnd.openxmlformats-officedocument.wordprocessingml.document', 'storage/2013/January/week4/', '' ), ( 124, 'ANUPRITA_RATNAPARKHI.docx', '', 'application/vnd.openxmlformats-officedocument.wordprocessingml.document', 'storage/2013/January/week4/', '' ), ( 127, 'Hari_Paran.docx', '', 'application/vnd.openxmlformats-officedocument.wordprocessingml.document', 'storage/2013/January/week4/', '' ), ( 155, 'Ajay_N._Upadhyay.docx', '', 'application/vnd.openxmlformats-officedocument.wordprocessingml.document', 'storage/2013/February/week3/', '' ), ( 166, 'SAP_FICO_Jose_Luis_Becerril.docx', '', 'application/vnd.openxmlformats-officedocument.wordprocessingml.document', 'storage/2013/February/week3/', '' ), ( 168, 'SAP_FICO_ULISES_DANTE_LOPEZ.doc', '', 'application/msword', 'storage/2013/February/week3/', '' ), ( 179, 'Black_Belt_Mike_James_Complete.docx', '', 'application/vnd.openxmlformats-officedocument.wordprocessingml.document', 'storage/2013/February/week4/', '' ), ( 182, 'Fucntional_PP_Jorge_Flores.doc', '', 'application/msword', 'storage/2013/February/week4/', '' ), ( 189, 'SAP_PP_Saul_Lozano_EN.pdf', '', 'application/pdf', 'storage/2013/March/week1/', '' ), ( 197, 'SAP_Functional_PP_Yazmn_Palafox.pdf', '', 'application/pdf', 'storage/2013/March/week1/', '' ), ( 199, 'SAP_Functional_PP_Miguel_Salas.docx', '', 'application/vnd.openxmlformats-officedocument.wordprocessingml.document', 'storage/2013/March/week1/', '' ), ( 201, 'Roberto_Soria_PP_QM_MM_(2).docx', '', 'application/vnd.openxmlformats-officedocument.wordprocessingml.document', 'storage/2013/March/week1/', '' ), ( 345, 'Maria_Khan_Recruitment_Trainee.docx', '', 'application/vnd.openxmlformats-officedocument.wordprocessingml.document', 'storage/2013/March/week2/', '' ), ( 350, 'Varun_SAS_Admin.doc', '', 'application/msword', 'storage/2013/March/week2/', '' ), ( 354, 'Agrawal_Manisha_Resume.doc', '', 'application/msword', 'storage/2013/March/week2/', '' ), ( 357, 'Daron\'s_Resume_V3_(1)_(1).docx', '', 'application/vnd.openxmlformats-officedocument.wordprocessingml.document', 'storage/2013/March/week2/', '' ), ( 360, 'DiptiKantaHati_Resume_SA.DOC', '', 'application/msword', 'storage/2013/March/week2/', '' ), ( 363, 'Ganesan__Sun_IDM.DOCX', '', 'application/vnd.openxmlformats-officedocument.wordprocessingml.document', 'storage/2013/March/week2/', '' ), ( 366, 'Jack_lai.doc', '', 'application/msword', 'storage/2013/March/week2/', '' ), ( 369, 'JOSEPH_GENCHIK.DOCX', '', 'application/vnd.openxmlformats-officedocument.wordprocessingml.document', 'storage/2013/March/week2/', '' ), ( 373, 'Milind_C_Kamat.docx', '', 'application/vnd.openxmlformats-officedocument.wordprocessingml.document', 'storage/2013/March/week2/', '' ), ( 376, 'Naveen_Sun_IDM.DOCX', '', 'application/vnd.openxmlformats-officedocument.wordprocessingml.document', 'storage/2013/March/week2/', '' ), ( 379, 'Paresh_Desai_BI_Project_Manager.docx', '', 'application/vnd.openxmlformats-officedocument.wordprocessingml.document', 'storage/2013/March/week2/', '' ), ( 382, 'Resume_Alain_Aguilar.docx', '', 'application/vnd.openxmlformats-officedocument.wordprocessingml.document', 'storage/2013/March/week2/', '' ), ( 385, 'Resume_Alberto_Fernandez.docx', '', 'application/vnd.openxmlformats-officedocument.wordprocessingml.document', 'storage/2013/March/week2/', '' ), ( 388, 'Resume_Angel_Mendoza.docx', '', 'application/vnd.openxmlformats-officedocument.wordprocessingml.document', 'storage/2013/March/week2/', '' ), ( 391, 'Resume_Eduardo_Morales.docx', '', 'application/vnd.openxmlformats-officedocument.wordprocessingml.document', 'storage/2013/March/week2/', '' ), ( 394, 'Resume_Luis_Saucedo.docx', '', 'application/vnd.openxmlformats-officedocument.wordprocessingml.document', 'storage/2013/March/week2/', '' ), ( 398, 'Resume_Oscar_Lopez.docx', '', 'application/vnd.openxmlformats-officedocument.wordprocessingml.document', 'storage/2013/March/week2/', '' ), ( 400, 'SAP_FICO_Gabriel_Lopez.pdf', '', 'application/pdf', 'storage/2013/March/week2/', '' ), ( 403, 'Resume_Salvador_Bravo.docx', '', 'application/vnd.openxmlformats-officedocument.wordprocessingml.document', 'storage/2013/March/week2/', '' ), ( 406, 'SAS_Administrator_-_Alejandro_Arellano.docx', '', 'application/vnd.openxmlformats-officedocument.wordprocessingml.document', 'storage/2013/March/week2/', '' ), ( 409, 'Satyaveni_Madduri.docx', '', 'application/vnd.openxmlformats-officedocument.wordprocessingml.document', 'storage/2013/March/week2/', '' ), ( 412, 'SELVA_JAGAN.DOCX', '', 'application/vnd.openxmlformats-officedocument.wordprocessingml.document', 'storage/2013/March/week2/', '' ), ( 415, 'Tapas_Mohapatra.docx', '', 'application/vnd.openxmlformats-officedocument.wordprocessingml.document', 'storage/2013/March/week2/', '' ), ( 418, 'UMAR_O\'KEEFFE_Sharepoint_Architect.docx', '', 'application/vnd.openxmlformats-officedocument.wordprocessingml.document', 'storage/2013/March/week2/', '' ), ( 421, 'Varun_Rajagopalan.docx', '', 'application/vnd.openxmlformats-officedocument.wordprocessingml.document', 'storage/2013/March/week2/', '' ), ( 426, 'Resume_Ricardo_Marquet_7YOE.docx', '', 'application/vnd.openxmlformats-officedocument.wordprocessingml.document', 'storage/2013/March/week3/', '' ), ( 431, 'Resume_SAS_Admin.doc', '', 'application/msword', 'storage/2013/March/week4/', '' ), ( 434, 'Hamid_Jamshidi_Resume.pdf', '', 'application/pdf', 'storage/2013/March/week4/', '' ), ( 437, 'vijaya_resume.docx', '', 'application/vnd.openxmlformats-officedocument.wordprocessingml.document', 'storage/2013/March/week4/', '' ), ( 440, 'Rajaselvakumar_BI.docx', '', 'application/vnd.openxmlformats-officedocument.wordprocessingml.document', 'storage/2013/March/week4/', '' ), ( 443, 'OIM_Sr_Sergio_Paniagua.docx', '', 'application/vnd.openxmlformats-officedocument.wordprocessingml.document', 'storage/2013/March/week4/', '' ), ( 455, 'Madhuyukta_Pandey.doc', '', 'application/msword', 'storage/2013/April/week3/', '' ), ( 492, 'Sr._BI_Architect_EDGAR_SANCHEZ_ALDRETE_RESUME.doc', '', 'application/msword', 'storage/2013/May/week3/', '' ), ( 500, 'CV_Octavio_Montufar.docx', '', 'application/vnd.openxmlformats-officedocument.wordprocessingml.document', 'storage/2013/May/week3/', '' ), ( 503, 'CV_Arturo_Villada_EN_2013.docx', '', 'application/vnd.openxmlformats-officedocument.wordprocessingml.document', 'storage/2013/May/week3/', '' ), ( 507, 'Kashif_Khan2.rtf', '', 'application/msword', 'storage/2013/May/week3/', '' ), ( 510, 'CHANDRAKANTH_BELDE_SAS_Finanical_Management.docx', '', 'application/vnd.openxmlformats-officedocument.wordprocessingml.document', 'storage/2013/May/week3/', '' ), ( 513, 'vijayhyperion-US.DOC', '', 'application/msword', 'storage/2013/May/week3/', '' ), ( 516, 'Faisal_C.DOC', '', 'application/msword', 'storage/2013/May/week3/', '' ), ( 520, 'Chaitesh_Patel_SAS_Financial_Management.docx', '', 'application/vnd.openxmlformats-officedocument.wordprocessingml.document', 'storage/2013/May/week3/', '' ), ( 523, 'Haritha_(HFM_&_Planning).doc', '', 'application/msword', 'storage/2013/May/week3/', '' ), ( 526, 'Guillermo_Ruy_Huerta_B..doc', '', 'application/msword', 'storage/2013/May/week3/', '' ), ( 529, 'Salil_Desphande_QA_Analyst_Vancouver.docx', '', 'application/vnd.openxmlformats-officedocument.wordprocessingml.document', 'storage/2013/May/week3/', '' ), ( 532, 'Jaime_Bernal_-_Project_Manager-Final.doc', '', 'application/msword', 'storage/2013/May/week3/', '' ), ( 535, 'Jagan_SAP_BI-BW7.3_HANA_BO4.0_BODS4.0_DATASTAGE9.1.pdf', '', 'application/pdf', 'storage/2013/May/week3/', '' ), ( 538, 'Ramses.docx', '', 'application/vnd.openxmlformats-officedocument.wordprocessingml.document', 'storage/2013/May/week3/', '' ), ( 541, 'Marge_Flores_2013.docx', '', 'application/vnd.openxmlformats-officedocument.wordprocessingml.document', 'storage/2013/May/week3/', '' ), ( 544, 'Gagandeep_Singh_Resume_Apr_22_2013.doc', '', 'application/msword', 'storage/2013/May/week3/', '' ), ( 547, 'Paul.docx', '', 'application/vnd.openxmlformats-officedocument.wordprocessingml.document', 'storage/2013/May/week3/', '' ), ( 550, 'Yoan_Bolduc_SAS_Admin.docx', '', 'application/vnd.openxmlformats-officedocument.wordprocessingml.document', 'storage/2013/May/week3/', '' ), ( 553, 'Srinivasan_Pakkirisamy.pdf', '', 'application/pdf', 'storage/2013/May/week3/', '' ), ( 556, 'Ola_Karim.doc', '', 'application/msword', 'storage/2013/May/week3/', '' ), ( 559, 'HENRY_A._KORSZUN_J2EE.docx', '', 'application/vnd.openxmlformats-officedocument.wordprocessingml.document', 'storage/2013/May/week3/', '' ), ( 567, 'Daniel_Anguiano_Santillan_Service-now.docx', '', 'application/vnd.openxmlformats-officedocument.wordprocessingml.document', 'storage/2013/May/week4/', '' ), ( 570, 'Resume_Ravish_v1.doc', '', 'application/msword', 'storage/2013/May/week4/', '' ), ( 574, 'Salvador_M._Marchan_Servicenow.docx', '', 'application/vnd.openxmlformats-officedocument.wordprocessingml.document', 'storage/2013/May/week5/', '' ), ( 594, 'Sankeerth_Alapati.doc', '', 'application/msword', 'storage/2013/June/week1/', '' ), ( 596, 'EngPedro_Castellanos_Ab_initio.doc', '', 'application/msword', 'storage/2013/June/week1/', '' ), ( 599, 'Ankur_Patel_SAS_FM.docx', '', 'application/vnd.openxmlformats-officedocument.wordprocessingml.document', 'storage/2013/June/week1/', '' ), ( 606, 'Sharma_OBIEE_ODI_Senior_Developer.docx', '', 'application/vnd.openxmlformats-officedocument.wordprocessingml.document', 'storage/2013/June/week1/', '' ), ( 609, 'Ben_Sheehy_-_Resume_.docx', '', 'application/vnd.openxmlformats-officedocument.wordprocessingml.document', 'storage/2013/June/week1/', '' ), ( 612, 'AJAY_KUMAR_ANUGU_Servicenow.docx', '', 'application/vnd.openxmlformats-officedocument.wordprocessingml.document', 'storage/2013/June/week1/', '' ), ( 615, 'David_Daza_resume_1.doc', '', 'application/msword', 'storage/2013/June/week1/', '' ), ( 618, 'Javed_Resume_Detail.pdf', '', 'application/pdf', 'storage/2013/June/week1/', '' ), ( 621, 'Latha_Talend.docx', '', 'application/vnd.openxmlformats-officedocument.wordprocessingml.document', 'storage/2013/June/week1/', '' ), ( 624, 'Juan_Carlos_de_la_Rocha_100613_Resume.docx', '', 'application/vnd.openxmlformats-officedocument.wordprocessingml.document', 'storage/2013/June/week2/', '' ), ( 627, 'RAJU_V_talend.docx', '', 'application/vnd.openxmlformats-officedocument.wordprocessingml.document', 'storage/2013/June/week2/', '' ), ( 634, 'VIMAL_THINAGARSAMY.docx', '', 'application/vnd.openxmlformats-officedocument.wordprocessingml.document', 'storage/2013/June/week3/', '' ), ( 637, 'Xiaopeng_Lu_Resume.docx', '', 'application/vnd.openxmlformats-officedocument.wordprocessingml.document', 'storage/2013/June/week3/', '' ), ( 640, 'Reetika_Sethi_Core_Java_developer.docx', '', 'application/vnd.openxmlformats-officedocument.wordprocessingml.document', 'storage/2013/June/week3/', '' ), ( 647, 'Karthik_Sakkuri_RMS.docx', '', 'application/vnd.openxmlformats-officedocument.wordprocessingml.document', 'storage/2013/July/week1/', '' ), ( 651, 'Prakash_Gari_Senior_SAP_BODS_Consultant.docx', '', 'application/vnd.openxmlformats-officedocument.wordprocessingml.document', 'storage/2013/July/week1/', '' ), ( 654, 'Sachin_Sasy.docx', '', 'application/vnd.openxmlformats-officedocument.wordprocessingml.document', 'storage/2013/July/week1/', '' ), ( 657, 'Ishwar_Lad_-_Resume_-_USA_(3).docx', '', 'application/vnd.openxmlformats-officedocument.wordprocessingml.document', 'storage/2013/July/week1/', '' ), ( 660, 'Thejesh_Kumar.docx', '', 'application/vnd.openxmlformats-officedocument.wordprocessingml.document', 'storage/2013/July/week1/', '' ), ( 663, 'Saahiti.docx', '', 'application/vnd.openxmlformats-officedocument.wordprocessingml.document', 'storage/2013/July/week1/', '' ), ( 666, 'SyedNiamathulla-CV.DOCX', '', 'application/vnd.openxmlformats-officedocument.wordprocessingml.document', 'storage/2013/July/week1/', '' ), ( 671, 'Jose_Arturo_Reyes_Romero_July_2013.docx', '', 'application/vnd.openxmlformats-officedocument.wordprocessingml.document', 'storage/2013/July/week2/', '' ), ( 673, 'Moshfiq_Khan.docx', '', 'application/vnd.openxmlformats-officedocument.wordprocessingml.document', 'storage/2013/July/week2/', '' ), ( 678, 'Sasi_Nagireddy_Resume_(2).docx', '', 'application/vnd.openxmlformats-officedocument.wordprocessingml.document', 'storage/2013/July/week3/', '' ), ( 681, 'Srinivasan_Venkat_Resume-v5.docx', '', 'application/vnd.openxmlformats-officedocument.wordprocessingml.document', 'storage/2013/July/week3/', '' ), ( 684, 'Renato_Rojas_SAS_Grid.docx', '', 'application/vnd.openxmlformats-officedocument.wordprocessingml.document', 'storage/2013/July/week3/', '' ), ( 687, 'Alejandro_Samaniego_Sintesys.docx', '', 'application/vnd.openxmlformats-officedocument.wordprocessingml.document', 'storage/2013/July/week3/', '' ), ( 690, 'Moshfiq_Khan.docx', '', 'application/vnd.openxmlformats-officedocument.wordprocessingml.document', 'storage/2013/July/week3/', '' ), ( 707, 'Francisco_Becerril.docx', '', 'application/vnd.openxmlformats-officedocument.wordprocessingml.document', 'storage/2013/July/week3/', '' ), ( 732, 'Big_Data_Architect_IG_2.docx', '', 'application/vnd.openxmlformats-officedocument.wordprocessingml.document', 'storage/2013/August/week4/', '' ), ( 736, 'EloyBayona.docx', '', 'application/vnd.openxmlformats-officedocument.wordprocessingml.document', 'storage/2013/August/week4/', '' ), ( 738, 'Big_Data_HC_II.docx', '', 'application/vnd.openxmlformats-officedocument.wordprocessingml.document', 'storage/2013/August/week4/', '' ), ( 744, 'Alfredo_Lpez_Service_now_Administrator.docx', '', 'application/vnd.openxmlformats-officedocument.wordprocessingml.document', 'storage/2013/October/week3/', '' ), ( 747, 'RICARDO_GUTIERREZ_PARRA_Service_now_Administrator.docx', '', 'application/vnd.openxmlformats-officedocument.wordprocessingml.document', 'storage/2013/October/week3/', '' ), ( 750, 'Zeeshan_Tariq.doc', '', 'application/msword', 'storage/2013/November/week1/', '' ), ( 753, 'arturodelosangeles_resume_2013.docx', '', 'application/vnd.openxmlformats-officedocument.wordprocessingml.document', 'storage/2013/November/week2/', '' ), ( 756, 'SuneethaPothireddy.pdf', '', 'application/pdf', 'storage/2013/November/week3/', '' ), ( 759, 'Loyola_Ignatius_Amalraj_-_Resume.pdf', '', 'application/pdf', 'storage/2013/November/week3/', '' ), ( 761, 'Sinteys_Format_-_JOS_ALEJANDRO_ARELLANO_SAS_Dev_asnd_Admin.docx', '', 'application/vnd.openxmlformats-officedocument.wordprocessingml.document', 'storage/2013/November/week4/', '' ), ( 770, 'MonicaGomez_Resume_Nov2013.docx', '', 'application/vnd.openxmlformats-officedocument.wordprocessingml.document', 'storage/2013/November/week4/', '' ), ( 774, 'Resume_MarGarcia_October2013.pdf', '', 'application/pdf', 'storage/2013/November/week4/', '' ), ( 777, 'Resume_Azanias.docx', '', 'application/vnd.openxmlformats-officedocument.wordprocessingml.document', 'storage/2013/December/week2/', '' ), ( 782, 'Jose_Torres_-_En.pdf', '', 'application/pdf', 'storage/2013/December/week3/', '' ), ( 785, 'Alfonso_Resume_Dec.pdf', '', 'application/pdf', 'storage/2013/December/week3/', '' ), ( 788, 'Christian_Alfredo_Rodrguez_Martnez.pdf', '', 'application/pdf', 'storage/2013/December/week3/', '' ), ( 791, 'David_Meza_CV_2013.docx', '', 'application/vnd.openxmlformats-officedocument.wordprocessingml.document', 'storage/2013/December/week3/', '' ), ( 794, 'Roberto_Fernandez_UX_Admin2.docx', '', 'application/vnd.openxmlformats-officedocument.wordprocessingml.document', 'storage/2013/December/week3/', '' );
/*!40000 ALTER TABLE `vtiger_attachments` ENABLE KEYS */;
UNLOCK TABLES;

--
-- Table structure for table vtiger_attachmentsfolder
--

DROP TABLE IF EXISTS vtiger_attachmentsfolder;
SET @saved_cs_client = @@character_set_client;
SET character_set_client = utf8;
CREATE TABLE `vtiger_attachmentsfolder` (
  `folderid` int(19) NOT NULL AUTO_INCREMENT,
  `foldername` varchar(200) NOT NULL,
  `description` varchar(250) DEFAULT NULL,
  `createdby` int(19) NOT NULL,
  `sequence` int(19) DEFAULT NULL,
  PRIMARY KEY (`folderid`)
) ENGINE=InnoDB AUTO_INCREMENT=2 DEFAULT CHARSET=utf8;
SET character_set_client = @saved_cs_client;

--
-- Dumping data for table vtiger_attachmentsfolder
--

LOCK TABLES `vtiger_attachmentsfolder` WRITE;
/*!40000 ALTER TABLE `vtiger_attachmentsfolder` DISABLE KEYS */;
INSERT INTO vtiger_attachmentsfolder ( FOLDERID, FOLDERNAME, DESCRIPTION, CREATEDBY, SEQUENCE ) VALUES ( 1, 'Default', 'This is a Default Folder', 1, 1 );
/*!40000 ALTER TABLE `vtiger_attachmentsfolder` ENABLE KEYS */;
UNLOCK TABLES;

--
-- Table structure for table vtiger_attachmentsfolder_seq
--

DROP TABLE IF EXISTS vtiger_attachmentsfolder_seq;
SET @saved_cs_client = @@character_set_client;
SET character_set_client = utf8;
CREATE TABLE `vtiger_attachmentsfolder_seq` (
  `id` int(11) NOT NULL
) ENGINE=MyISAM DEFAULT CHARSET=utf8;
SET character_set_client = @saved_cs_client;

--
-- Dumping data for table vtiger_attachmentsfolder_seq
--

LOCK TABLES `vtiger_attachmentsfolder_seq` WRITE;
/*!40000 ALTER TABLE `vtiger_attachmentsfolder_seq` DISABLE KEYS */;
INSERT INTO vtiger_attachmentsfolder_seq ( ID ) VALUES ( 1 );
/*!40000 ALTER TABLE `vtiger_attachmentsfolder_seq` ENABLE KEYS */;
UNLOCK TABLES;

--
-- Table structure for table vtiger_audit_trial
--

DROP TABLE IF EXISTS vtiger_audit_trial;
SET @saved_cs_client = @@character_set_client;
SET character_set_client = utf8;
CREATE TABLE `vtiger_audit_trial` (
  `auditid` int(19) NOT NULL,
  `userid` int(19) DEFAULT NULL,
  `module` varchar(255) DEFAULT NULL,
  `action` varchar(255) DEFAULT NULL,
  `recordid` varchar(20) DEFAULT NULL,
  `actiondate` datetime DEFAULT NULL,
  PRIMARY KEY (`auditid`)
) ENGINE=InnoDB DEFAULT CHARSET=utf8;
SET character_set_client = @saved_cs_client;

--
-- Dumping data for table vtiger_audit_trial
--

LOCK TABLES `vtiger_audit_trial` WRITE;
/*!40000 ALTER TABLE `vtiger_audit_trial` DISABLE KEYS */;

/*!40000 ALTER TABLE `vtiger_audit_trial` ENABLE KEYS */;
UNLOCK TABLES;

--
-- Table structure for table vtiger_blocks
--

DROP TABLE IF EXISTS vtiger_blocks;
SET @saved_cs_client = @@character_set_client;
SET character_set_client = utf8;
CREATE TABLE `vtiger_blocks` (
  `blockid` int(19) NOT NULL,
  `tabid` int(19) NOT NULL,
  `blocklabel` varchar(100) NOT NULL,
  `sequence` int(10) DEFAULT NULL,
  `show_title` int(2) DEFAULT NULL,
  `visible` int(2) NOT NULL DEFAULT '0',
  `create_view` int(2) NOT NULL DEFAULT '0',
  `edit_view` int(2) NOT NULL DEFAULT '0',
  `detail_view` int(2) NOT NULL DEFAULT '0',
  `display_status` int(1) NOT NULL DEFAULT '1',
  `iscustom` int(1) NOT NULL DEFAULT '0',
  PRIMARY KEY (`blockid`),
  KEY `block_tabid_idx` (`tabid`),
  CONSTRAINT `fk_1_vtiger_blocks` FOREIGN KEY (`tabid`) REFERENCES `vtiger_tab` (`tabid`) ON DELETE CASCADE
) ENGINE=InnoDB DEFAULT CHARSET=utf8;
SET character_set_client = @saved_cs_client;

--
-- Dumping data for table vtiger_blocks
--

LOCK TABLES `vtiger_blocks` WRITE;
/*!40000 ALTER TABLE `vtiger_blocks` DISABLE KEYS */;
INSERT INTO vtiger_blocks ( BLOCKID, TABID, BLOCKLABEL, SEQUENCE, SHOW_TITLE, VISIBLE, CREATE_VIEW, EDIT_VIEW, DETAIL_VIEW, DISPLAY_STATUS, ISCUSTOM ) VALUES ( 1, 2, 'LBL_OPPORTUNITY_INFORMATION', 1, 0, 0, 0, 0, 0, 1, 0 ), ( 2, 2, 'LBL_CUSTOM_INFORMATION', 2, 0, 0, 0, 0, 0, 1, 0 ), ( 3, 2, 'LBL_DESCRIPTION_INFORMATION', 3, 0, 0, 0, 0, 0, 1, 0 ), ( 4, 4, 'LBL_CONTACT_INFORMATION', 1, 0, 0, 0, 0, 0, 1, 0 ), ( 5, 4, 'LBL_CUSTOM_INFORMATION', 6, 0, 0, 0, 0, 0, 0, 0 ), ( 6, 4, 'LBL_CUSTOMER_PORTAL_INFORMATION', 7, 0, 0, 0, 0, 0, 0, 0 ), ( 7, 4, 'LBL_ADDRESS_INFORMATION', 5, 0, 0, 0, 0, 0, 1, 0 ), ( 8, 4, 'LBL_DESCRIPTION_INFORMATION', 8, 0, 0, 0, 0, 0, 1, 0 ), ( 9, 6, 'LBL_ACCOUNT_INFORMATION', 1, 0, 0, 0, 0, 0, 1, 0 ), ( 10, 6, 'LBL_CUSTOM_INFORMATION', 2, 0, 0, 0, 0, 0, 1, 0 ), ( 11, 6, 'LBL_ADDRESS_INFORMATION', 3, 0, 0, 0, 0, 0, 1, 0 ), ( 12, 6, 'LBL_DESCRIPTION_INFORMATION', 4, 0, 0, 0, 0, 0, 1, 0 ), ( 13, 7, 'LBL_LEAD_INFORMATION', 1, 0, 0, 0, 0, 0, 1, 0 ), ( 14, 7, 'LBL_CUSTOM_INFORMATION', 2, 0, 0, 0, 0, 0, 1, 0 ), ( 15, 7, 'LBL_ADDRESS_INFORMATION', 3, 0, 0, 0, 0, 0, 1, 0 ), ( 16, 7, 'LBL_DESCRIPTION_INFORMATION', 4, 0, 0, 0, 0, 0, 1, 0 ), ( 17, 8, 'LBL_NOTE_INFORMATION', 1, 0, 0, 0, 0, 0, 1, 0 ), ( 18, 8, 'LBL_FILE_INFORMATION', 3, 1, 0, 0, 0, 0, 1, 0 ), ( 19, 9, 'LBL_TASK_INFORMATION', 1, 0, 0, 0, 0, 0, 1, 0 ), ( 20, 9, '', 2, 1, 0, 0, 0, 0, 1, 0 ), ( 21, 10, 'LBL_EMAIL_INFORMATION', 1, 0, 0, 0, 0, 0, 1, 0 ), ( 22, 10, '', 2, 1, 0, 0, 0, 0, 1, 0 ), ( 23, 10, '', 3, 1, 0, 0, 0, 0, 1, 0 ), ( 24, 10, '', 4, 1, 0, 0, 0, 0, 1, 0 ), ( 25, 13, 'LBL_TICKET_INFORMATION', 1, 0, 0, 0, 0, 0, 1, 0 ), ( 26, 13, '', 2, 1, 0, 0, 0, 0, 1, 0 ), ( 27, 13, 'LBL_CUSTOM_INFORMATION', 3, 0, 0, 0, 0, 0, 1, 0 ), ( 28, 13, 'LBL_DESCRIPTION_INFORMATION', 4, 0, 0, 0, 0, 0, 1, 0 ), ( 29, 13, 'LBL_TICKET_RESOLUTION', 5, 0, 0, 1, 0, 0, 1, 0 ), ( 30, 13, 'LBL_COMMENTS', 6, 0, 0, 1, 0, 0, 1, 0 ), ( 31, 14, 'LBL_PRODUCT_INFORMATION', 1, 0, 0, 0, 0, 0, 1, 0 ), ( 32, 14, 'LBL_PRICING_INFORMATION', 2, 0, 0, 0, 0, 0, 1, 0 ), ( 33, 14, 'LBL_STOCK_INFORMATION', 3, 0, 0, 0, 0, 0, 1, 0 ), ( 34, 14, 'LBL_CUSTOM_INFORMATION', 4, 0, 0, 0, 0, 0, 1, 0 ), ( 35, 14, 'LBL_IMAGE_INFORMATION', 5, 0, 0, 0, 0, 0, 1, 0 ), ( 36, 14, 'LBL_DESCRIPTION_INFORMATION', 6, 0, 0, 0, 0, 0, 1, 0 ), ( 37, 15, 'LBL_FAQ_INFORMATION', 1, 0, 0, 0, 0, 0, 1, 0 ), ( 38, 15, 'LBL_COMMENT_INFORMATION', 4, 0, 0, 1, 0, 0, 1, 0 ), ( 39, 16, 'LBL_EVENT_INFORMATION', 1, 0, 0, 0, 0, 0, 1, 0 ), ( 40, 16, '', 2, 1, 0, 0, 0, 0, 1, 0 ), ( 41, 16, '', 3, 1, 0, 0, 0, 0, 1, 0 ), ( 42, 18, 'LBL_VENDOR_INFORMATION', 1, 0, 0, 0, 0, 0, 1, 0 ), ( 43, 18, 'LBL_CUSTOM_INFORMATION', 2, 0, 0, 0, 0, 0, 1, 0 ), ( 44, 18, 'LBL_VENDOR_ADDRESS_INFORMATION', 3, 0, 0, 0, 0, 0, 1, 0 ), ( 45, 18, 'LBL_DESCRIPTION_INFORMATION', 4, 0, 0, 0, 0, 0, 1, 0 ), ( 46, 19, 'LBL_PRICEBOOK_INFORMATION', 1, 0, 0, 0, 0, 0, 1, 0 ), ( 47, 19, 'LBL_CUSTOM_INFORMATION', 2, 0, 0, 0, 0, 0, 1, 0 ), ( 48, 19, 'LBL_DESCRIPTION_INFORMATION', 3, 0, 0, 0, 0, 0, 1, 0 ), ( 49, 20, 'LBL_QUOTE_INFORMATION', 1, 0, 0, 0, 0, 0, 1, 0 ), ( 50, 20, 'LBL_CUSTOM_INFORMATION', 2, 0, 0, 0, 0, 0, 1, 0 ), ( 51, 20, 'LBL_ADDRESS_INFORMATION', 3, 0, 0, 0, 0, 0, 1, 0 ), ( 52, 20, 'LBL_RELATED_PRODUCTS', 4, 0, 0, 0, 0, 0, 1, 0 ), ( 53, 20, 'LBL_TERMS_INFORMATION', 5, 0, 0, 0, 0, 0, 1, 0 ), ( 54, 20, 'LBL_DESCRIPTION_INFORMATION', 6, 0, 0, 0, 0, 0, 1, 0 ), ( 55, 21, 'LBL_PO_INFORMATION', 1, 0, 0, 0, 0, 0, 1, 0 ), ( 56, 21, 'LBL_CUSTOM_INFORMATION', 2, 0, 0, 0, 0, 0, 1, 0 ), ( 57, 21, 'LBL_ADDRESS_INFORMATION', 3, 0, 0, 0, 0, 0, 1, 0 ), ( 58, 21, 'LBL_RELATED_PRODUCTS', 4, 0, 0, 0, 0, 0, 1, 0 ), ( 59, 21, 'LBL_TERMS_INFORMATION', 5, 0, 0, 0, 0, 0, 1, 0 ), ( 60, 21, 'LBL_DESCRIPTION_INFORMATION', 6, 0, 0, 0, 0, 0, 1, 0 ), ( 61, 22, 'LBL_SO_INFORMATION', 1, 0, 0, 0, 0, 0, 1, 0 ), ( 62, 22, 'LBL_CUSTOM_INFORMATION', 3, 0, 0, 0, 0, 0, 1, 0 ), ( 63, 22, 'LBL_ADDRESS_INFORMATION', 4, 0, 0, 0, 0, 0, 1, 0 ), ( 64, 22, 'LBL_RELATED_PRODUCTS', 5, 0, 0, 0, 0, 0, 1, 0 ), ( 65, 22, 'LBL_TERMS_INFORMATION', 6, 0, 0, 0, 0, 0, 1, 0 ), ( 66, 22, 'LBL_DESCRIPTION_INFORMATION', 7, 0, 0, 0, 0, 0, 1, 0 ), ( 67, 23, 'LBL_INVOICE_INFORMATION', 1, 0, 0, 0, 0, 0, 1, 0 ), ( 68, 23, 'LBL_CUSTOM_INFORMATION', 2, 0, 0, 0, 0, 0, 1, 0 ), ( 69, 23, 'LBL_ADDRESS_INFORMATION', 3, 0, 0, 0, 0, 0, 1, 0 ), ( 70, 23, 'LBL_RELATED_PRODUCTS', 4, 0, 0, 0, 0, 0, 1, 0 ), ( 71, 23, 'LBL_TERMS_INFORMATION', 5, 0, 0, 0, 0, 0, 1, 0 ), ( 72, 23, 'LBL_DESCRIPTION_INFORMATION', 6, 0, 0, 0, 0, 0, 1, 0 ), ( 73, 4, 'LBL_IMAGE_INFORMATION', 9, 0, 0, 0, 0, 0, 0, 0 ), ( 74, 26, 'LBL_CAMPAIGN_INFORMATION', 1, 0, 0, 0, 0, 0, 1, 0 ), ( 75, 26, 'LBL_CUSTOM_INFORMATION', 2, 0, 0, 0, 0, 0, 1, 0 ), ( 76, 26, 'LBL_EXPECTATIONS_AND_ACTUALS', 3, 0, 0, 0, 0, 0, 1, 0 ), ( 77, 29, 'LBL_USERLOGIN_ROLE', 1, 0, 0, 0, 0, 0, 1, 0 ), ( 78, 29, 'LBL_CURRENCY_CONFIGURATION', 2, 0, 0, 0, 0, 0, 1, 0 ), ( 79, 29, 'LBL_MORE_INFORMATION', 3, 0, 0, 0, 0, 0, 1, 0 ), ( 80, 29, 'LBL_ADDRESS_INFORMATION', 4, 0, 0, 0, 0, 0, 1, 0 ), ( 81, 26, 'LBL_DESCRIPTION_INFORMATION', 4, 0, 0, 0, 0, 0, 1, 0 ), ( 82, 29, 'LBL_USER_IMAGE_INFORMATION', 4, 0, 0, 0, 0, 0, 1, 0 ), ( 83, 29, 'LBL_USER_ADV_OPTIONS', 5, 0, 0, 0, 0, 0, 1, 0 ), ( 84, 8, 'LBL_DESCRIPTION', 2, 0, 0, 0, 0, 0, 1, 0 ), ( 85, 22, 'Recurring Invoice Information', 2, 0, 0, 0, 0, 0, 1, 0 ), ( 86, 9, 'LBL_CUSTOM_INFORMATION', 3, 0, 0, 0, 0, 0, 1, 0 ), ( 87, 16, 'LBL_CUSTOM_INFORMATION', 4, 0, 0, 0, 0, 0, 1, 0 ), ( 88, 30, 'LBL_SERVICE_CONTRACT_INFORMATION', 1, 0, 0, 0, 0, 0, 1, 0 ), ( 89, 30, 'LBL_CUSTOM_INFORMATION', 2, 0, 0, 0, 0, 0, 1, 0 ), ( 90, 39, 'LBL_CALL_INFORMATION', 1, 0, 0, 0, 0, 0, 1, 0 ), ( 91, 39, 'LBL_CUSTOM_INFORMATION', 2, 0, 0, 0, 0, 0, 1, 0 ), ( 92, 29, 'Asterisk Configuration', 6, 0, 0, 0, 0, 0, 1, 0 ), ( 93, 40, 'LBL_SERVICE_INFORMATION', 1, 0, 0, 0, 0, 0, 1, 0 ), ( 94, 40, 'LBL_PRICING_INFORMATION', 2, 0, 0, 0, 0, 0, 1, 0 ), ( 95, 40, 'LBL_CUSTOM_INFORMATION', 3, 0, 0, 0, 0, 0, 1, 0 ), ( 96, 40, 'LBL_DESCRIPTION_INFORMATION', 4, 0, 0, 0, 0, 0, 1, 0 ), ( 97, 41, 'LBL_SMSNOTIFIER_INFORMATION', 1, 0, 0, 0, 0, 0, 1, 0 ), ( 98, 41, 'LBL_CUSTOM_INFORMATION', 2, 0, 0, 0, 0, 0, 1, 0 ), ( 99, 41, 'StatusInformation', 3, 0, 0, 0, 0, 0, 1, 0 ), ( 100, 43, 'LBL_ASSET_INFORMATION', 1, 0, 0, 0, 0, 0, 1, 0 ), ( 101, 43, 'LBL_CUSTOM_INFORMATION', 2, 0, 0, 0, 0, 0, 1, 0 ), ( 102, 43, 'LBL_DESCRIPTION_INFORMATION', 3, 0, 0, 0, 0, 0, 1, 0 ), ( 103, 45, 'LBL_PROJECT_MILESTONE_INFORMATION', 1, 0, 0, 0, 0, 0, 1, 0 ), ( 104, 45, 'LBL_CUSTOM_INFORMATION', 2, 0, 0, 0, 0, 0, 1, 0 ), ( 105, 45, 'LBL_DESCRIPTION_INFORMATION', 3, 0, 0, 0, 0, 0, 1, 0 ), ( 106, 46, 'LBL_PROJECT_TASK_INFORMATION', 1, 0, 0, 0, 0, 0, 1, 0 ), ( 107, 46, 'LBL_CUSTOM_INFORMATION', 2, 0, 0, 0, 0, 0, 1, 0 ), ( 108, 46, 'LBL_DESCRIPTION_INFORMATION', 3, 0, 0, 0, 0, 0, 1, 0 ), ( 109, 47, 'LBL_PROJECT_INFORMATION', 1, 0, 0, 0, 0, 0, 1, 0 ), ( 110, 47, 'LBL_CUSTOM_INFORMATION', 2, 0, 0, 0, 0, 0, 1, 0 ), ( 111, 47, 'LBL_DESCRIPTION_INFORMATION', 3, 0, 0, 0, 0, 0, 1, 0 ), ( 112, 51, 'LBL_MODCOMMENTS_INFORMATION', 1, 0, 0, 0, 0, 0, 1, 0 ), ( 113, 51, 'LBL_OTHER_INFORMATION', 2, 0, 0, 0, 0, 0, 1, 0 ), ( 114, 51, 'LBL_CUSTOM_INFORMATION', 3, 0, 0, 0, 0, 0, 1, 0 ), ( 115, 4, 'Candidate Information', 4, 0, 0, 0, 0, 0, 1, 1 ), ( 116, 4, 'Emergency Contact Information', 3, 0, 0, 0, 0, 0, 1, 1 ), ( 117, 4, 'Employee Information', 2, 0, 0, 0, 0, 0, 1, 1 );
/*!40000 ALTER TABLE `vtiger_blocks` ENABLE KEYS */;
UNLOCK TABLES;

--
-- Table structure for table vtiger_blocks_seq
--

DROP TABLE IF EXISTS vtiger_blocks_seq;
SET @saved_cs_client = @@character_set_client;
SET character_set_client = utf8;
CREATE TABLE `vtiger_blocks_seq` (
  `id` int(11) NOT NULL
) ENGINE=MyISAM DEFAULT CHARSET=utf8;
SET character_set_client = @saved_cs_client;

--
-- Dumping data for table vtiger_blocks_seq
--

LOCK TABLES `vtiger_blocks_seq` WRITE;
/*!40000 ALTER TABLE `vtiger_blocks_seq` DISABLE KEYS */;
INSERT INTO vtiger_blocks_seq ( ID ) VALUES ( 117 );
/*!40000 ALTER TABLE `vtiger_blocks_seq` ENABLE KEYS */;
UNLOCK TABLES;

--
-- Table structure for table vtiger_businesstype
--

DROP TABLE IF EXISTS vtiger_businesstype;
SET @saved_cs_client = @@character_set_client;
SET character_set_client = utf8;
CREATE TABLE `vtiger_businesstype` (
  `businesstypeid` int(19) NOT NULL AUTO_INCREMENT,
  `businesstype` varchar(200) NOT NULL,
  `sortorderid` int(19) NOT NULL DEFAULT '0',
  `presence` int(1) NOT NULL DEFAULT '1',
  PRIMARY KEY (`businesstypeid`),
  UNIQUE KEY `businesstype_businesstype_idx` (`businesstype`)
) ENGINE=InnoDB DEFAULT CHARSET=utf8;
SET character_set_client = @saved_cs_client;

--
-- Dumping data for table vtiger_businesstype
--

LOCK TABLES `vtiger_businesstype` WRITE;
/*!40000 ALTER TABLE `vtiger_businesstype` DISABLE KEYS */;

/*!40000 ALTER TABLE `vtiger_businesstype` ENABLE KEYS */;
UNLOCK TABLES;

--
-- Table structure for table vtiger_campaign
--

DROP TABLE IF EXISTS vtiger_campaign;
SET @saved_cs_client = @@character_set_client;
SET character_set_client = utf8;
CREATE TABLE `vtiger_campaign` (
  `campaign_no` varchar(100) NOT NULL,
  `campaignname` varchar(255) DEFAULT NULL,
  `campaigntype` varchar(200) DEFAULT NULL,
  `campaignstatus` varchar(200) DEFAULT NULL,
  `expectedrevenue` decimal(25,3) DEFAULT NULL,
  `budgetcost` decimal(25,3) DEFAULT NULL,
  `actualcost` decimal(25,3) DEFAULT NULL,
  `expectedresponse` varchar(200) DEFAULT NULL,
  `numsent` decimal(11,0) DEFAULT NULL,
  `product_id` int(19) DEFAULT NULL,
  `sponsor` varchar(255) DEFAULT NULL,
  `targetaudience` varchar(255) DEFAULT NULL,
  `targetsize` int(19) DEFAULT NULL,
  `expectedresponsecount` int(19) DEFAULT NULL,
  `expectedsalescount` int(19) DEFAULT NULL,
  `expectedroi` decimal(25,3) DEFAULT NULL,
  `actualresponsecount` int(19) DEFAULT NULL,
  `actualsalescount` int(19) DEFAULT NULL,
  `actualroi` decimal(25,3) DEFAULT NULL,
  `campaignid` int(19) NOT NULL,
  `closingdate` date DEFAULT NULL,
  PRIMARY KEY (`campaignid`),
  KEY `campaign_campaignstatus_idx` (`campaignstatus`),
  KEY `campaign_campaignname_idx` (`campaignname`),
  KEY `campaign_campaignid_idx` (`campaignid`)
) ENGINE=InnoDB DEFAULT CHARSET=utf8;
SET character_set_client = @saved_cs_client;

--
-- Dumping data for table vtiger_campaign
--

LOCK TABLES `vtiger_campaign` WRITE;
/*!40000 ALTER TABLE `vtiger_campaign` DISABLE KEYS */;
INSERT INTO vtiger_campaign ( CAMPAIGN_NO, CAMPAIGNNAME, CAMPAIGNTYPE, CAMPAIGNSTATUS, EXPECTEDREVENUE, BUDGETCOST, ACTUALCOST, EXPECTEDRESPONSE, NUMSENT, PRODUCT_ID, SPONSOR, TARGETAUDIENCE, TARGETSIZE, EXPECTEDRESPONSECOUNT, EXPECTEDSALESCOUNT, EXPECTEDROI, ACTUALRESPONSECOUNT, ACTUALSALESCOUNT, ACTUALROI, CAMPAIGNID, CLOSINGDATE ) VALUES ( 'CAM1', 'Cold Calling', 'Telemarketing', 'Planning', 0.000, 0.000, 0.000, 'Average', 0, 0, '', '', 0, 0, 0, 0.000, 0, 0, 0.000, 8, '2012-09-30' );
/*!40000 ALTER TABLE `vtiger_campaign` ENABLE KEYS */;
UNLOCK TABLES;

--
-- Table structure for table vtiger_campaignaccountrel
--

DROP TABLE IF EXISTS vtiger_campaignaccountrel;
SET @saved_cs_client = @@character_set_client;
SET character_set_client = utf8;
CREATE TABLE `vtiger_campaignaccountrel` (
  `campaignid` int(19) DEFAULT NULL,
  `accountid` int(19) DEFAULT NULL,
  `campaignrelstatusid` int(19) DEFAULT NULL
) ENGINE=InnoDB DEFAULT CHARSET=utf8;
SET character_set_client = @saved_cs_client;

--
-- Dumping data for table vtiger_campaignaccountrel
--

LOCK TABLES `vtiger_campaignaccountrel` WRITE;
/*!40000 ALTER TABLE `vtiger_campaignaccountrel` DISABLE KEYS */;

/*!40000 ALTER TABLE `vtiger_campaignaccountrel` ENABLE KEYS */;
UNLOCK TABLES;

--
-- Table structure for table vtiger_campaigncontrel
--

DROP TABLE IF EXISTS vtiger_campaigncontrel;
SET @saved_cs_client = @@character_set_client;
SET character_set_client = utf8;
CREATE TABLE `vtiger_campaigncontrel` (
  `campaignid` int(19) NOT NULL DEFAULT '0',
  `contactid` int(19) NOT NULL DEFAULT '0',
  `campaignrelstatusid` int(19) NOT NULL DEFAULT '0',
  PRIMARY KEY (`campaignid`,`contactid`,`campaignrelstatusid`),
  KEY `campaigncontrel_contractid_idx` (`contactid`),
  CONSTRAINT `fk_2_vtiger_campaigncontrel` FOREIGN KEY (`contactid`) REFERENCES `vtiger_contactdetails` (`contactid`) ON DELETE CASCADE
) ENGINE=InnoDB DEFAULT CHARSET=utf8;
SET character_set_client = @saved_cs_client;

--
-- Dumping data for table vtiger_campaigncontrel
--

LOCK TABLES `vtiger_campaigncontrel` WRITE;
/*!40000 ALTER TABLE `vtiger_campaigncontrel` DISABLE KEYS */;
INSERT INTO vtiger_campaigncontrel ( CAMPAIGNID, CONTACTID, CAMPAIGNRELSTATUSID ) VALUES ( 8, 5, 1 );
/*!40000 ALTER TABLE `vtiger_campaigncontrel` ENABLE KEYS */;
UNLOCK TABLES;

--
-- Table structure for table vtiger_campaignleadrel
--

DROP TABLE IF EXISTS vtiger_campaignleadrel;
SET @saved_cs_client = @@character_set_client;
SET character_set_client = utf8;
CREATE TABLE `vtiger_campaignleadrel` (
  `campaignid` int(19) NOT NULL DEFAULT '0',
  `leadid` int(19) NOT NULL DEFAULT '0',
  `campaignrelstatusid` int(19) NOT NULL DEFAULT '0',
  PRIMARY KEY (`campaignid`,`leadid`,`campaignrelstatusid`),
  KEY `campaignleadrel_leadid_campaignid_idx` (`leadid`,`campaignid`),
  CONSTRAINT `fk_2_vtiger_campaignleadrel` FOREIGN KEY (`leadid`) REFERENCES `vtiger_leaddetails` (`leadid`) ON DELETE CASCADE
) ENGINE=InnoDB DEFAULT CHARSET=utf8;
SET character_set_client = @saved_cs_client;

--
-- Dumping data for table vtiger_campaignleadrel
--

LOCK TABLES `vtiger_campaignleadrel` WRITE;
/*!40000 ALTER TABLE `vtiger_campaignleadrel` DISABLE KEYS */;
INSERT INTO vtiger_campaignleadrel ( CAMPAIGNID, LEADID, CAMPAIGNRELSTATUSID ) VALUES ( 8, 7, 1 );
/*!40000 ALTER TABLE `vtiger_campaignleadrel` ENABLE KEYS */;
UNLOCK TABLES;

--
-- Table structure for table vtiger_campaignrelstatus
--

DROP TABLE IF EXISTS vtiger_campaignrelstatus;
SET @saved_cs_client = @@character_set_client;
SET character_set_client = utf8;
CREATE TABLE `vtiger_campaignrelstatus` (
  `campaignrelstatusid` int(19) DEFAULT NULL,
  `campaignrelstatus` varchar(256) DEFAULT NULL,
  `sortorderid` int(19) DEFAULT NULL,
  `presence` int(19) DEFAULT NULL
) ENGINE=InnoDB DEFAULT CHARSET=utf8;
SET character_set_client = @saved_cs_client;

--
-- Dumping data for table vtiger_campaignrelstatus
--

LOCK TABLES `vtiger_campaignrelstatus` WRITE;
/*!40000 ALTER TABLE `vtiger_campaignrelstatus` DISABLE KEYS */;
INSERT INTO vtiger_campaignrelstatus ( CAMPAIGNRELSTATUSID, CAMPAIGNRELSTATUS, SORTORDERID, PRESENCE ) VALUES ( 1, '--None--', 0, 1 ), ( 2, 'Contacted - Successful', 1, 1 ), ( 3, 'Contacted - Unsuccessful', 2, 1 ), ( 4, 'Contacted - Never Contact Again', 3, 1 );
/*!40000 ALTER TABLE `vtiger_campaignrelstatus` ENABLE KEYS */;
UNLOCK TABLES;

--
-- Table structure for table vtiger_campaignrelstatus_seq
--

DROP TABLE IF EXISTS vtiger_campaignrelstatus_seq;
SET @saved_cs_client = @@character_set_client;
SET character_set_client = utf8;
CREATE TABLE `vtiger_campaignrelstatus_seq` (
  `id` int(11) NOT NULL
) ENGINE=MyISAM DEFAULT CHARSET=utf8;
SET character_set_client = @saved_cs_client;

--
-- Dumping data for table vtiger_campaignrelstatus_seq
--

LOCK TABLES `vtiger_campaignrelstatus_seq` WRITE;
/*!40000 ALTER TABLE `vtiger_campaignrelstatus_seq` DISABLE KEYS */;
INSERT INTO vtiger_campaignrelstatus_seq ( ID ) VALUES ( 4 );
/*!40000 ALTER TABLE `vtiger_campaignrelstatus_seq` ENABLE KEYS */;
UNLOCK TABLES;

--
-- Table structure for table vtiger_campaignscf
--

DROP TABLE IF EXISTS vtiger_campaignscf;
SET @saved_cs_client = @@character_set_client;
SET character_set_client = utf8;
CREATE TABLE `vtiger_campaignscf` (
  `campaignid` int(19) NOT NULL DEFAULT '0',
  PRIMARY KEY (`campaignid`),
  CONSTRAINT `fk_1_vtiger_campaignscf` FOREIGN KEY (`campaignid`) REFERENCES `vtiger_campaign` (`campaignid`) ON DELETE CASCADE
) ENGINE=InnoDB DEFAULT CHARSET=utf8;
SET character_set_client = @saved_cs_client;

--
-- Dumping data for table vtiger_campaignscf
--

LOCK TABLES `vtiger_campaignscf` WRITE;
/*!40000 ALTER TABLE `vtiger_campaignscf` DISABLE KEYS */;
INSERT INTO vtiger_campaignscf ( CAMPAIGNID ) VALUES ( 8 );
/*!40000 ALTER TABLE `vtiger_campaignscf` ENABLE KEYS */;
UNLOCK TABLES;

--
-- Table structure for table vtiger_campaignstatus
--

DROP TABLE IF EXISTS vtiger_campaignstatus;
SET @saved_cs_client = @@character_set_client;
SET character_set_client = utf8;
CREATE TABLE `vtiger_campaignstatus` (
  `campaignstatusid` int(19) NOT NULL AUTO_INCREMENT,
  `campaignstatus` varchar(200) NOT NULL,
  `presence` int(1) NOT NULL DEFAULT '1',
  `picklist_valueid` int(19) NOT NULL DEFAULT '0',
  PRIMARY KEY (`campaignstatusid`),
  KEY `campaignstatus_campaignstatus_idx` (`campaignstatus`)
) ENGINE=InnoDB AUTO_INCREMENT=7 DEFAULT CHARSET=utf8;
SET character_set_client = @saved_cs_client;

--
-- Dumping data for table vtiger_campaignstatus
--

LOCK TABLES `vtiger_campaignstatus` WRITE;
/*!40000 ALTER TABLE `vtiger_campaignstatus` DISABLE KEYS */;
INSERT INTO vtiger_campaignstatus ( CAMPAIGNSTATUSID, CAMPAIGNSTATUS, PRESENCE, PICKLIST_VALUEID ) VALUES ( 1, '--None--', 1, 14 ), ( 2, 'Planning', 1, 15 ), ( 3, 'Active', 1, 16 ), ( 4, 'Inactive', 1, 17 ), ( 5, 'Completed', 1, 18 ), ( 6, 'Cancelled', 1, 19 );
/*!40000 ALTER TABLE `vtiger_campaignstatus` ENABLE KEYS */;
UNLOCK TABLES;

--
-- Table structure for table vtiger_campaignstatus_seq
--

DROP TABLE IF EXISTS vtiger_campaignstatus_seq;
SET @saved_cs_client = @@character_set_client;
SET character_set_client = utf8;
CREATE TABLE `vtiger_campaignstatus_seq` (
  `id` int(11) NOT NULL
) ENGINE=MyISAM DEFAULT CHARSET=utf8;
SET character_set_client = @saved_cs_client;

--
-- Dumping data for table vtiger_campaignstatus_seq
--

LOCK TABLES `vtiger_campaignstatus_seq` WRITE;
/*!40000 ALTER TABLE `vtiger_campaignstatus_seq` DISABLE KEYS */;
INSERT INTO vtiger_campaignstatus_seq ( ID ) VALUES ( 6 );
/*!40000 ALTER TABLE `vtiger_campaignstatus_seq` ENABLE KEYS */;
UNLOCK TABLES;

--
-- Table structure for table vtiger_campaigntype
--

DROP TABLE IF EXISTS vtiger_campaigntype;
SET @saved_cs_client = @@character_set_client;
SET character_set_client = utf8;
CREATE TABLE `vtiger_campaigntype` (
  `campaigntypeid` int(19) NOT NULL AUTO_INCREMENT,
  `campaigntype` varchar(200) NOT NULL,
  `presence` int(1) NOT NULL DEFAULT '1',
  `picklist_valueid` int(19) NOT NULL DEFAULT '0',
  PRIMARY KEY (`campaigntypeid`),
  UNIQUE KEY `campaigntype_campaigntype_idx` (`campaigntype`)
) ENGINE=InnoDB AUTO_INCREMENT=14 DEFAULT CHARSET=utf8;
SET character_set_client = @saved_cs_client;

--
-- Dumping data for table vtiger_campaigntype
--

LOCK TABLES `vtiger_campaigntype` WRITE;
/*!40000 ALTER TABLE `vtiger_campaigntype` DISABLE KEYS */;
INSERT INTO vtiger_campaigntype ( CAMPAIGNTYPEID, CAMPAIGNTYPE, PRESENCE, PICKLIST_VALUEID ) VALUES ( 1, '--None--', 1, 20 ), ( 2, 'Conference', 1, 21 ), ( 3, 'Webinar', 1, 22 ), ( 4, 'Trade Show', 1, 23 ), ( 5, 'Public Relations', 1, 24 ), ( 6, 'Partners', 1, 25 ), ( 7, 'Referral Program', 1, 26 ), ( 8, 'Advertisement', 1, 27 ), ( 9, 'Banner Ads', 1, 28 ), ( 10, 'Direct Mail', 1, 29 ), ( 11, 'Email', 1, 30 ), ( 12, 'Telemarketing', 1, 31 ), ( 13, 'Others', 1, 32 );
/*!40000 ALTER TABLE `vtiger_campaigntype` ENABLE KEYS */;
UNLOCK TABLES;

--
-- Table structure for table vtiger_campaigntype_seq
--

DROP TABLE IF EXISTS vtiger_campaigntype_seq;
SET @saved_cs_client = @@character_set_client;
SET character_set_client = utf8;
CREATE TABLE `vtiger_campaigntype_seq` (
  `id` int(11) NOT NULL
) ENGINE=MyISAM DEFAULT CHARSET=utf8;
SET character_set_client = @saved_cs_client;

--
-- Dumping data for table vtiger_campaigntype_seq
--

LOCK TABLES `vtiger_campaigntype_seq` WRITE;
/*!40000 ALTER TABLE `vtiger_campaigntype_seq` DISABLE KEYS */;
INSERT INTO vtiger_campaigntype_seq ( ID ) VALUES ( 13 );
/*!40000 ALTER TABLE `vtiger_campaigntype_seq` ENABLE KEYS */;
UNLOCK TABLES;

--
-- Table structure for table vtiger_carrier
--

DROP TABLE IF EXISTS vtiger_carrier;
SET @saved_cs_client = @@character_set_client;
SET character_set_client = utf8;
CREATE TABLE `vtiger_carrier` (
  `carrierid` int(19) NOT NULL AUTO_INCREMENT,
  `carrier` varchar(200) NOT NULL,
  `presence` int(1) NOT NULL DEFAULT '1',
  `picklist_valueid` int(19) NOT NULL DEFAULT '0',
  PRIMARY KEY (`carrierid`),
  UNIQUE KEY `carrier_carrier_idx` (`carrier`)
) ENGINE=InnoDB AUTO_INCREMENT=6 DEFAULT CHARSET=utf8;
SET character_set_client = @saved_cs_client;

--
-- Dumping data for table vtiger_carrier
--

LOCK TABLES `vtiger_carrier` WRITE;
/*!40000 ALTER TABLE `vtiger_carrier` DISABLE KEYS */;
INSERT INTO vtiger_carrier ( CARRIERID, CARRIER, PRESENCE, PICKLIST_VALUEID ) VALUES ( 1, 'FedEx', 1, 33 ), ( 2, 'UPS', 1, 34 ), ( 3, 'USPS', 1, 35 ), ( 4, 'DHL', 1, 36 ), ( 5, 'BlueDart', 1, 37 );
/*!40000 ALTER TABLE `vtiger_carrier` ENABLE KEYS */;
UNLOCK TABLES;

--
-- Table structure for table vtiger_carrier_seq
--

DROP TABLE IF EXISTS vtiger_carrier_seq;
SET @saved_cs_client = @@character_set_client;
SET character_set_client = utf8;
CREATE TABLE `vtiger_carrier_seq` (
  `id` int(11) NOT NULL
) ENGINE=MyISAM DEFAULT CHARSET=utf8;
SET character_set_client = @saved_cs_client;

--
-- Dumping data for table vtiger_carrier_seq
--

LOCK TABLES `vtiger_carrier_seq` WRITE;
/*!40000 ALTER TABLE `vtiger_carrier_seq` DISABLE KEYS */;
INSERT INTO vtiger_carrier_seq ( ID ) VALUES ( 5 );
/*!40000 ALTER TABLE `vtiger_carrier_seq` ENABLE KEYS */;
UNLOCK TABLES;

--
-- Table structure for table vtiger_cf_640
--

DROP TABLE IF EXISTS vtiger_cf_640;
SET @saved_cs_client = @@character_set_client;
SET character_set_client = utf8;
CREATE TABLE `vtiger_cf_640` (
  `cf_640id` int(19) NOT NULL AUTO_INCREMENT,
  `cf_640` varchar(200) NOT NULL,
  `presence` int(1) NOT NULL DEFAULT '1',
  `picklist_valueid` int(19) NOT NULL DEFAULT '0',
  PRIMARY KEY (`cf_640id`)
) ENGINE=MyISAM AUTO_INCREMENT=8 DEFAULT CHARSET=utf8;
SET character_set_client = @saved_cs_client;

--
-- Dumping data for table vtiger_cf_640
--

LOCK TABLES `vtiger_cf_640` WRITE;
/*!40000 ALTER TABLE `vtiger_cf_640` DISABLE KEYS */;
INSERT INTO vtiger_cf_640 ( CF_640ID, CF_640, PRESENCE, PICKLIST_VALUEID ) VALUES ( 1, 'Customer', 1, 291 ), ( 2, 'Potential Customer', 1, 292 ), ( 3, 'Candidate- Passive', 1, 293 ), ( 4, 'Employee', 1, 294 ), ( 5, 'Ex-Employee', 1, 295 ), ( 6, 'Other', 1, 296 ), ( 7, 'Candidate - Active', 1, 336 );
/*!40000 ALTER TABLE `vtiger_cf_640` ENABLE KEYS */;
UNLOCK TABLES;

--
-- Table structure for table vtiger_cf_640_seq
--

DROP TABLE IF EXISTS vtiger_cf_640_seq;
SET @saved_cs_client = @@character_set_client;
SET character_set_client = utf8;
CREATE TABLE `vtiger_cf_640_seq` (
  `id` int(11) NOT NULL
) ENGINE=MyISAM DEFAULT CHARSET=utf8;
SET character_set_client = @saved_cs_client;

--
-- Dumping data for table vtiger_cf_640_seq
--

LOCK TABLES `vtiger_cf_640_seq` WRITE;
/*!40000 ALTER TABLE `vtiger_cf_640_seq` DISABLE KEYS */;
INSERT INTO vtiger_cf_640_seq ( ID ) VALUES ( 7 );
/*!40000 ALTER TABLE `vtiger_cf_640_seq` ENABLE KEYS */;
UNLOCK TABLES;

--
-- Table structure for table vtiger_cf_641
--

DROP TABLE IF EXISTS vtiger_cf_641;
SET @saved_cs_client = @@character_set_client;
SET character_set_client = utf8;
CREATE TABLE `vtiger_cf_641` (
  `cf_641id` int(19) NOT NULL AUTO_INCREMENT,
  `cf_641` varchar(200) NOT NULL,
  `presence` int(1) NOT NULL DEFAULT '1',
  `picklist_valueid` int(19) NOT NULL DEFAULT '0',
  PRIMARY KEY (`cf_641id`)
) ENGINE=MyISAM AUTO_INCREMENT=11 DEFAULT CHARSET=utf8;
SET character_set_client = @saved_cs_client;

--
-- Dumping data for table vtiger_cf_641
--

LOCK TABLES `vtiger_cf_641` WRITE;
/*!40000 ALTER TABLE `vtiger_cf_641` DISABLE KEYS */;
INSERT INTO vtiger_cf_641 ( CF_641ID, CF_641, PRESENCE, PICKLIST_VALUEID ) VALUES ( 1, 'None', 1, 297 ), ( 2, 'US Citizen', 1, 298 ), ( 3, 'Green Card Holdr', 1, 299 ), ( 4, 'H1', 1, 300 ), ( 5, 'TN', 1, 301 ), ( 6, 'L1', 1, 302 ), ( 7, 'Other', 1, 303 ), ( 8, 'E2 or L2 EAD', 1, 322 ), ( 9, 'Green Card EAD', 1, 323 ), ( 10, 'OPT', 1, 324 );
/*!40000 ALTER TABLE `vtiger_cf_641` ENABLE KEYS */;
UNLOCK TABLES;

--
-- Table structure for table vtiger_cf_641_seq
--

DROP TABLE IF EXISTS vtiger_cf_641_seq;
SET @saved_cs_client = @@character_set_client;
SET character_set_client = utf8;
CREATE TABLE `vtiger_cf_641_seq` (
  `id` int(11) NOT NULL
) ENGINE=MyISAM DEFAULT CHARSET=utf8;
SET character_set_client = @saved_cs_client;

--
-- Dumping data for table vtiger_cf_641_seq
--

LOCK TABLES `vtiger_cf_641_seq` WRITE;
/*!40000 ALTER TABLE `vtiger_cf_641_seq` DISABLE KEYS */;
INSERT INTO vtiger_cf_641_seq ( ID ) VALUES ( 10 );
/*!40000 ALTER TABLE `vtiger_cf_641_seq` ENABLE KEYS */;
UNLOCK TABLES;

--
-- Table structure for table vtiger_cf_651
--

DROP TABLE IF EXISTS vtiger_cf_651;
SET @saved_cs_client = @@character_set_client;
SET character_set_client = utf8;
CREATE TABLE `vtiger_cf_651` (
  `cf_651id` int(19) NOT NULL AUTO_INCREMENT,
  `cf_651` varchar(200) NOT NULL,
  `presence` int(1) NOT NULL DEFAULT '1',
  `picklist_valueid` int(19) NOT NULL DEFAULT '0',
  PRIMARY KEY (`cf_651id`)
) ENGINE=MyISAM AUTO_INCREMENT=7 DEFAULT CHARSET=utf8;
SET character_set_client = @saved_cs_client;

--
-- Dumping data for table vtiger_cf_651
--

LOCK TABLES `vtiger_cf_651` WRITE;
/*!40000 ALTER TABLE `vtiger_cf_651` DISABLE KEYS */;
INSERT INTO vtiger_cf_651 ( CF_651ID, CF_651, PRESENCE, PICKLIST_VALUEID ) VALUES ( 1, 'Contacted', 1, 304 ), ( 2, 'Interviewed', 1, 305 ), ( 3, 'Pre Offered', 1, 306 ), ( 4, 'Offer Accepted', 1, 307 ), ( 5, 'Interviewed by customer', 1, 308 ), ( 6, 'Allocated to project', 1, 309 );
/*!40000 ALTER TABLE `vtiger_cf_651` ENABLE KEYS */;
UNLOCK TABLES;

--
-- Table structure for table vtiger_cf_651_seq
--

DROP TABLE IF EXISTS vtiger_cf_651_seq;
SET @saved_cs_client = @@character_set_client;
SET character_set_client = utf8;
CREATE TABLE `vtiger_cf_651_seq` (
  `id` int(11) NOT NULL
) ENGINE=MyISAM DEFAULT CHARSET=utf8;
SET character_set_client = @saved_cs_client;

--
-- Dumping data for table vtiger_cf_651_seq
--

LOCK TABLES `vtiger_cf_651_seq` WRITE;
/*!40000 ALTER TABLE `vtiger_cf_651_seq` DISABLE KEYS */;
INSERT INTO vtiger_cf_651_seq ( ID ) VALUES ( 6 );
/*!40000 ALTER TABLE `vtiger_cf_651_seq` ENABLE KEYS */;
UNLOCK TABLES;

--
-- Table structure for table vtiger_cf_652
--

DROP TABLE IF EXISTS vtiger_cf_652;
SET @saved_cs_client = @@character_set_client;
SET character_set_client = utf8;
CREATE TABLE `vtiger_cf_652` (
  `cf_652id` int(19) NOT NULL AUTO_INCREMENT,
  `cf_652` varchar(200) NOT NULL,
  `presence` int(1) NOT NULL DEFAULT '1',
  `picklist_valueid` int(19) NOT NULL DEFAULT '0',
  PRIMARY KEY (`cf_652id`)
) ENGINE=MyISAM AUTO_INCREMENT=5 DEFAULT CHARSET=utf8;
SET character_set_client = @saved_cs_client;

--
-- Dumping data for table vtiger_cf_652
--

LOCK TABLES `vtiger_cf_652` WRITE;
/*!40000 ALTER TABLE `vtiger_cf_652` DISABLE KEYS */;
INSERT INTO vtiger_cf_652 ( CF_652ID, CF_652, PRESENCE, PICKLIST_VALUEID ) VALUES ( 1, 'Athi N', 1, 318 ), ( 2, 'Ivan G', 1, 319 ), ( 3, 'Victor B', 1, 320 ), ( 4, 'Other', 1, 321 );
/*!40000 ALTER TABLE `vtiger_cf_652` ENABLE KEYS */;
UNLOCK TABLES;

--
-- Table structure for table vtiger_cf_652_seq
--

DROP TABLE IF EXISTS vtiger_cf_652_seq;
SET @saved_cs_client = @@character_set_client;
SET character_set_client = utf8;
CREATE TABLE `vtiger_cf_652_seq` (
  `id` int(11) NOT NULL
) ENGINE=MyISAM DEFAULT CHARSET=utf8;
SET character_set_client = @saved_cs_client;

--
-- Dumping data for table vtiger_cf_652_seq
--

LOCK TABLES `vtiger_cf_652_seq` WRITE;
/*!40000 ALTER TABLE `vtiger_cf_652_seq` DISABLE KEYS */;
INSERT INTO vtiger_cf_652_seq ( ID ) VALUES ( 4 );
/*!40000 ALTER TABLE `vtiger_cf_652_seq` ENABLE KEYS */;
UNLOCK TABLES;

--
-- Table structure for table vtiger_cf_653
--

DROP TABLE IF EXISTS vtiger_cf_653;
SET @saved_cs_client = @@character_set_client;
SET character_set_client = utf8;
CREATE TABLE `vtiger_cf_653` (
  `cf_653id` int(19) NOT NULL AUTO_INCREMENT,
  `cf_653` varchar(200) NOT NULL,
  `presence` int(1) NOT NULL DEFAULT '1',
  `picklist_valueid` int(19) NOT NULL DEFAULT '0',
  PRIMARY KEY (`cf_653id`)
) ENGINE=MyISAM AUTO_INCREMENT=5 DEFAULT CHARSET=utf8;
SET character_set_client = @saved_cs_client;

--
-- Dumping data for table vtiger_cf_653
--

LOCK TABLES `vtiger_cf_653` WRITE;
/*!40000 ALTER TABLE `vtiger_cf_653` DISABLE KEYS */;
INSERT INTO vtiger_cf_653 ( CF_653ID, CF_653, PRESENCE, PICKLIST_VALUEID ) VALUES ( 1, '1. Top priority', 1, 326 ), ( 2, '2. Important', 1, 327 ), ( 3, '3. Normal', 1, 328 ), ( 4, '4. Do on spare time', 1, 329 );
/*!40000 ALTER TABLE `vtiger_cf_653` ENABLE KEYS */;
UNLOCK TABLES;

--
-- Table structure for table vtiger_cf_653_seq
--

DROP TABLE IF EXISTS vtiger_cf_653_seq;
SET @saved_cs_client = @@character_set_client;
SET character_set_client = utf8;
CREATE TABLE `vtiger_cf_653_seq` (
  `id` int(11) NOT NULL
) ENGINE=MyISAM DEFAULT CHARSET=utf8;
SET character_set_client = @saved_cs_client;

--
-- Dumping data for table vtiger_cf_653_seq
--

LOCK TABLES `vtiger_cf_653_seq` WRITE;
/*!40000 ALTER TABLE `vtiger_cf_653_seq` DISABLE KEYS */;
INSERT INTO vtiger_cf_653_seq ( ID ) VALUES ( 4 );
/*!40000 ALTER TABLE `vtiger_cf_653_seq` ENABLE KEYS */;
UNLOCK TABLES;

--
-- Table structure for table vtiger_cf_654
--

DROP TABLE IF EXISTS vtiger_cf_654;
SET @saved_cs_client = @@character_set_client;
SET character_set_client = utf8;
CREATE TABLE `vtiger_cf_654` (
  `cf_654id` int(19) NOT NULL AUTO_INCREMENT,
  `cf_654` varchar(200) NOT NULL,
  `presence` int(1) NOT NULL DEFAULT '1',
  `picklist_valueid` int(19) NOT NULL DEFAULT '0',
  PRIMARY KEY (`cf_654id`)
) ENGINE=MyISAM AUTO_INCREMENT=7 DEFAULT CHARSET=utf8;
SET character_set_client = @saved_cs_client;

--
-- Dumping data for table vtiger_cf_654
--

LOCK TABLES `vtiger_cf_654` WRITE;
/*!40000 ALTER TABLE `vtiger_cf_654` DISABLE KEYS */;
INSERT INTO vtiger_cf_654 ( CF_654ID, CF_654, PRESENCE, PICKLIST_VALUEID ) VALUES ( 1, 'On-Site US', 1, 330 ), ( 2, 'On-Site CA', 1, 331 ), ( 3, 'Mexico', 1, 332 ), ( 4, 'Europe', 1, 333 ), ( 5, 'India', 1, 334 ), ( 6, 'Doesn&#039;t Matter', 1, 335 );
/*!40000 ALTER TABLE `vtiger_cf_654` ENABLE KEYS */;
UNLOCK TABLES;

--
-- Table structure for table vtiger_cf_654_seq
--

DROP TABLE IF EXISTS vtiger_cf_654_seq;
SET @saved_cs_client = @@character_set_client;
SET character_set_client = utf8;
CREATE TABLE `vtiger_cf_654_seq` (
  `id` int(11) NOT NULL
) ENGINE=MyISAM DEFAULT CHARSET=utf8;
SET character_set_client = @saved_cs_client;

--
-- Dumping data for table vtiger_cf_654_seq
--

LOCK TABLES `vtiger_cf_654_seq` WRITE;
/*!40000 ALTER TABLE `vtiger_cf_654_seq` DISABLE KEYS */;
INSERT INTO vtiger_cf_654_seq ( ID ) VALUES ( 6 );
/*!40000 ALTER TABLE `vtiger_cf_654_seq` ENABLE KEYS */;
UNLOCK TABLES;

--
-- Table structure for table vtiger_chat_msg
--

DROP TABLE IF EXISTS vtiger_chat_msg;
SET @saved_cs_client = @@character_set_client;
SET character_set_client = utf8;
CREATE TABLE `vtiger_chat_msg` (
  `id` int(20) NOT NULL AUTO_INCREMENT,
  `chat_from` int(20) NOT NULL DEFAULT '0',
  `chat_to` int(20) NOT NULL DEFAULT '0',
  `born` datetime DEFAULT NULL,
  `msg` varchar(255) NOT NULL,
  PRIMARY KEY (`id`),
  KEY `chat_msg_chat_from_idx` (`chat_from`),
  KEY `chat_msg_chat_to_idx` (`chat_to`),
  KEY `chat_msg_born_idx` (`born`),
  CONSTRAINT `fk_1_vtiger_chat_msg` FOREIGN KEY (`chat_from`) REFERENCES `vtiger_chat_users` (`id`) ON DELETE CASCADE
) ENGINE=InnoDB AUTO_INCREMENT=3 DEFAULT CHARSET=utf8;
SET character_set_client = @saved_cs_client;

--
-- Dumping data for table vtiger_chat_msg
--

LOCK TABLES `vtiger_chat_msg` WRITE;
/*!40000 ALTER TABLE `vtiger_chat_msg` DISABLE KEYS */;
INSERT INTO vtiger_chat_msg ( ID, CHAT_FROM, CHAT_TO, BORN, MSG ) VALUES ( 2, 3, 0, '2013-07-24 10:18:53', 'hi' );
/*!40000 ALTER TABLE `vtiger_chat_msg` ENABLE KEYS */;
UNLOCK TABLES;

--
-- Table structure for table vtiger_chat_pchat
--

DROP TABLE IF EXISTS vtiger_chat_pchat;
SET @saved_cs_client = @@character_set_client;
SET character_set_client = utf8;
CREATE TABLE `vtiger_chat_pchat` (
  `id` int(20) NOT NULL AUTO_INCREMENT,
  `msg` int(20) DEFAULT '0',
  PRIMARY KEY (`id`),
  UNIQUE KEY `chat_pchat_msg_idx` (`msg`),
  CONSTRAINT `fk_1_vtiger_chat_pchat` FOREIGN KEY (`msg`) REFERENCES `vtiger_chat_msg` (`id`) ON DELETE CASCADE
) ENGINE=InnoDB AUTO_INCREMENT=2 DEFAULT CHARSET=utf8;
SET character_set_client = @saved_cs_client;

--
-- Dumping data for table vtiger_chat_pchat
--

LOCK TABLES `vtiger_chat_pchat` WRITE;
/*!40000 ALTER TABLE `vtiger_chat_pchat` DISABLE KEYS */;
INSERT INTO vtiger_chat_pchat ( ID, MSG ) VALUES ( 1, 2 );
/*!40000 ALTER TABLE `vtiger_chat_pchat` ENABLE KEYS */;
UNLOCK TABLES;

--
-- Table structure for table vtiger_chat_pvchat
--

DROP TABLE IF EXISTS vtiger_chat_pvchat;
SET @saved_cs_client = @@character_set_client;
SET character_set_client = utf8;
CREATE TABLE `vtiger_chat_pvchat` (
  `id` int(20) NOT NULL AUTO_INCREMENT,
  `msg` int(20) DEFAULT '0',
  PRIMARY KEY (`id`),
  UNIQUE KEY `chat_pvchat_msg_idx` (`msg`),
  CONSTRAINT `fk_1_vtiger_chat_pvchat` FOREIGN KEY (`msg`) REFERENCES `vtiger_chat_msg` (`id`) ON DELETE CASCADE
) ENGINE=InnoDB DEFAULT CHARSET=utf8;
SET character_set_client = @saved_cs_client;

--
-- Dumping data for table vtiger_chat_pvchat
--

LOCK TABLES `vtiger_chat_pvchat` WRITE;
/*!40000 ALTER TABLE `vtiger_chat_pvchat` DISABLE KEYS */;

/*!40000 ALTER TABLE `vtiger_chat_pvchat` ENABLE KEYS */;
UNLOCK TABLES;

--
-- Table structure for table vtiger_chat_users
--

DROP TABLE IF EXISTS vtiger_chat_users;
SET @saved_cs_client = @@character_set_client;
SET character_set_client = utf8;
CREATE TABLE `vtiger_chat_users` (
  `id` int(20) NOT NULL AUTO_INCREMENT,
  `nick` varchar(50) NOT NULL,
  `session` varchar(50) NOT NULL,
  `ip` varchar(20) NOT NULL DEFAULT '000.000.000.000',
  `ping` datetime DEFAULT NULL,
  PRIMARY KEY (`id`),
  KEY `chat_users_nick_idx` (`nick`),
  KEY `chat_users_session_idx` (`session`),
  KEY `chat_users_ping_idx` (`ping`)
) ENGINE=InnoDB AUTO_INCREMENT=4 DEFAULT CHARSET=utf8;
SET character_set_client = @saved_cs_client;

--
-- Dumping data for table vtiger_chat_users
--

LOCK TABLES `vtiger_chat_users` WRITE;
/*!40000 ALTER TABLE `vtiger_chat_users` DISABLE KEYS */;
INSERT INTO vtiger_chat_users ( ID, NICK, SESSION, IP, PING ) VALUES ( 3, 'anarayanasamy', 'aa83e144384223c2604b46aebafaf526', '180.215.70.82', '2013-07-24 10:19:10' );
/*!40000 ALTER TABLE `vtiger_chat_users` ENABLE KEYS */;
UNLOCK TABLES;

--
-- Table structure for table vtiger_cntactivityrel
--

DROP TABLE IF EXISTS vtiger_cntactivityrel;
SET @saved_cs_client = @@character_set_client;
SET character_set_client = utf8;
CREATE TABLE `vtiger_cntactivityrel` (
  `contactid` int(19) NOT NULL DEFAULT '0',
  `activityid` int(19) NOT NULL DEFAULT '0',
  PRIMARY KEY (`contactid`,`activityid`),
  KEY `cntactivityrel_contactid_idx` (`contactid`),
  KEY `cntactivityrel_activityid_idx` (`activityid`),
  CONSTRAINT `fk_2_vtiger_cntactivityrel` FOREIGN KEY (`contactid`) REFERENCES `vtiger_contactdetails` (`contactid`) ON DELETE CASCADE
) ENGINE=InnoDB DEFAULT CHARSET=utf8;
SET character_set_client = @saved_cs_client;

--
-- Dumping data for table vtiger_cntactivityrel
--

LOCK TABLES `vtiger_cntactivityrel` WRITE;
/*!40000 ALTER TABLE `vtiger_cntactivityrel` DISABLE KEYS */;

/*!40000 ALTER TABLE `vtiger_cntactivityrel` ENABLE KEYS */;
UNLOCK TABLES;

--
-- Table structure for table vtiger_competitor
--

DROP TABLE IF EXISTS vtiger_competitor;
SET @saved_cs_client = @@character_set_client;
SET character_set_client = utf8;
CREATE TABLE `vtiger_competitor` (
  `competitorid` int(19) NOT NULL,
  `competitorname` varchar(100) NOT NULL,
  `website` varchar(100) DEFAULT NULL,
  `strength` varchar(250) DEFAULT NULL,
  `weakness` varchar(250) DEFAULT NULL,
  PRIMARY KEY (`competitorid`),
  CONSTRAINT `fk_1_vtiger_competitor` FOREIGN KEY (`competitorid`) REFERENCES `vtiger_crmentity` (`crmid`) ON DELETE CASCADE
) ENGINE=InnoDB DEFAULT CHARSET=utf8;
SET character_set_client = @saved_cs_client;

--
-- Dumping data for table vtiger_competitor
--

LOCK TABLES `vtiger_competitor` WRITE;
/*!40000 ALTER TABLE `vtiger_competitor` DISABLE KEYS */;

/*!40000 ALTER TABLE `vtiger_competitor` ENABLE KEYS */;
UNLOCK TABLES;

--
-- Table structure for table vtiger_contactaddress
--

DROP TABLE IF EXISTS vtiger_contactaddress;
SET @saved_cs_client = @@character_set_client;
SET character_set_client = utf8;
CREATE TABLE `vtiger_contactaddress` (
  `contactaddressid` int(19) NOT NULL DEFAULT '0',
  `mailingcity` varchar(40) DEFAULT NULL,
  `mailingstreet` varchar(250) DEFAULT NULL,
  `mailingcountry` varchar(40) DEFAULT NULL,
  `othercountry` varchar(30) DEFAULT NULL,
  `mailingstate` varchar(30) DEFAULT NULL,
  `mailingpobox` varchar(30) DEFAULT NULL,
  `othercity` varchar(40) DEFAULT NULL,
  `otherstate` varchar(50) DEFAULT NULL,
  `mailingzip` varchar(30) DEFAULT NULL,
  `otherzip` varchar(30) DEFAULT NULL,
  `otherstreet` varchar(250) DEFAULT NULL,
  `otherpobox` varchar(30) DEFAULT NULL,
  PRIMARY KEY (`contactaddressid`),
  CONSTRAINT `fk_1_vtiger_contactaddress` FOREIGN KEY (`contactaddressid`) REFERENCES `vtiger_contactdetails` (`contactid`) ON DELETE CASCADE
) ENGINE=InnoDB DEFAULT CHARSET=utf8;
SET character_set_client = @saved_cs_client;

--
-- Dumping data for table vtiger_contactaddress
--

LOCK TABLES `vtiger_contactaddress` WRITE;
/*!40000 ALTER TABLE `vtiger_contactaddress` DISABLE KEYS */;
INSERT INTO vtiger_contactaddress ( CONTACTADDRESSID, MAILINGCITY, MAILINGSTREET, MAILINGCOUNTRY, OTHERCOUNTRY, MAILINGSTATE, MAILINGPOBOX, OTHERCITY, OTHERSTATE, MAILINGZIP, OTHERZIP, OTHERSTREET, OTHERPOBOX ) VALUES ( 5, '', '', '', '', '', '', '', '', '', '', '', '' ), ( 13, '', '', '', '', '', '', '', '', '', '', '', '' ), ( 19, '', '', 'US', '', 'Arizona', '', '', '', '', '', '', '' ), ( 23, 'Irving', '1300 W Walnut Hill Lane, Suite #230', '', '', 'Texas', '', '', '', '75038', '', '', '' ), ( 30, '', '2020 Calamos Court, Suite 200\nNaperville, IL 60563-2793', '', '', '', '', '', '', '', '', '', '' ), ( 31, '', '', '', '', '', '', '', '', '', '', '', '' ), ( 34, 'San Jose', '', '', '', 'CA', '', '', '', '', '', '', '' ), ( 37, '', 'New Jersey', '', '', 'New Jersey', '', '', '', '', '', '', '' ), ( 41, 'Phoenix,', '4007 N 55th AVE, .', 'United States', '', 'AZ', '', '', '', '', 'Uni', '4007 N 55th AVE, Phoenix, AZ.', '' ), ( 44, 'Naperville', '', '', '', 'IL', '', '', '', '', '', '', '' ), ( 66, '', '', '', '', '', '', '', '', '', '', '', '' ), ( 69, '', '', '', '', '', '', '', '', '', '', '', '' ), ( 72, '', '', '', '', '', '', '', '', '', '', '', '' ), ( 75, '', '', '', '', '', '', '', '', '', '', '', '' ), ( 78, '', '', '', '', '', '', '', '', '', '', '', '' ), ( 81, '', '', '', '', '', '', '', '', '', '', '', '' ), ( 84, '', '', '', '', '', '', '', '', '', '', '', '' ), ( 87, '', '', '', '', '', '', '', '', '', '', '', '' ), ( 90, '', '', '', '', '', '', '', '', '', '', '', '' ), ( 93, '', '', '', '', '', '', '', '', '', '', '', '' ), ( 116, '', '', '', '', '', '', '', '', '', '', '', '' ), ( 117, '', 'Augita # 232, Guadalupe, Nuevo Len , Mexico', '', '', '', '', '', '', '', '', '', '' ), ( 119, 'BLUE ASH,', '9202 HUNTERS CREEK DR\r\nAPT A,', 'United States', 'United States', 'OH', '', 'BLUE ASH,', 'OH', '45242', '45242', '9202 HUNTERS CREEK DR\r\nAPT A,', '' ), ( 122, 'Stamford', '', '', '', 'Connecticut', '', '', '', '06905', '', '', '' ), ( 125, 'Farmington', '47 Fawn dr.', 'United States', 'United States', 'CT', '', 'Farmington', 'CT', '06062', '06062', '47 Fawn dr.', '' ), ( 129, '', '', '', '', '', '', '', '', '', '', '', '' ), ( 131, '', '', '', '', '', '', '', '', '', '', '', '' ), ( 138, '', '', '', '', '', '', '', '', '', '', '', '' ), ( 142, '', '', '', '', '', '', '', '', '', '', '', '' ), ( 143, '', '', '', '', '', '', '', '', '', '', '', '' ), ( 153, 'Atltanta', '', '', '', 'GA', '', 'Atltanta', 'GA', '', '', '', '' ), ( 172, '', '', '', '', '', '', '', '', '', '', '', '' ), ( 175, '', '', '', '', '', '', '', '', '', '', '', '' ), ( 177, 'Boca Raton', '8907 Old Pine Rd', '', '', 'FL', '', 'Boca Raton', 'FL', '33433', '33433', '8907 Old Pine Rd', '' ), ( 180, '', '', '', '', '', '', '', '', '', '', '', '' ), ( 184, '', '', '', '', '', '', '', '', '', '', '', '' ), ( 185, '', '', '', '', '', '', '', '', '', '', '', '' ), ( 186, '', '', '', '', '', '', '', '', '', '', '', '' ), ( 187, '', '', '', '', '', '', '', '', '', '', '', '' ), ( 191, '', '', '', '', '', '', '', '', '', '', '', '' ), ( 192, '', '', '', '', '', '', '', '', '', '', '', '' ), ( 193, '', '', '', '', '', '', '', '', '', '', '', '' ), ( 194, '', '', '', '', '', '', '', '', '', '', '', '' ), ( 195, '', '', '', '', '', '', '', '', '', '', '', '' ), ( 203, '', '', '', '', '', '', '', '', '', '', '', '' ), ( 204, '', '', '', '', '', '', '', '', '', '', '', '' ), ( 206, '', '', '', '', '', '', '', '', '', '', '', '' ), ( 207, '', '', '', '', '', '', '', '', '', '', '', '' ), ( 209, '', '', '', '', '', '', '', '', '', '', '', '' ), ( 211, '', '', '', '', '', '', '', '', '', '', '', '' ), ( 212, '', '', '', '', '', '', '', '', '', '', '', '' ), ( 213, '', '', '', '', '', '', '', '', '', '', '', '' ), ( 215, '', '', '', '', '', '', '', '', '', '', '', '' ), ( 216, '', '', '', '', '', '', '', '', '', '', '', '' ), ( 218, '', '', '', '', '', '', '', '', '', '', '', '' ), ( 220, '', '', '', '', '', '', '', '', '', '', '', '' ), ( 222, '', '', '', '', '', '', '', '', '', '', '', '' ), ( 224, '', '', '', '', '', '', '', '', '', '', '', '' ), ( 225, '', '', '', '', '', '', '', '', '', '', '', '' ), ( 227, '', '', '', '', '', '', '', '', '', '', '', '' ), ( 229, '', '', '', '', '', '', '', '', '', '', '', '' ), ( 231, '', '', '', '', '', '', '', '', '', '', '', '' ), ( 232, '', '', '', '', '', '', '', '', '', '', '', '' ), ( 234, '', '', '', '', '', '', '', '', '', '', '', '' ), ( 235, '', '', '', '', '', '', '', '', '', '', '', '' ), ( 237, '', '', '', '', '', '', '', '', '', '', '', '' ), ( 239, '', '', '', '', '', '', '', '', '', '', '', '' ), ( 240, '', '', '', '', '', '', '', '', '', '', '', '' ), ( 242, '', '', '', '', '', '', '', '', '', '', '', '' ), ( 243, '', '', '', '', '', '', '', '', '', '', '', '' ), ( 245, '', '', '', '', '', '', '', '', '', '', '', '' ), ( 247, '', '', '', '', '', '', '', '', '', '', '', '' ), ( 249, '', '', '', '', '', '', '', '', '', '', '', '' ), ( 251, '', '', '', '', '', '', '', '', '', '', '', '' ), ( 253, '', '', '', '', '', '', '', '', '', '', '', '' ), ( 254, '', '', '', '', '', '', '', '', '', '', '', '' ), ( 256, '', '', '', '', '', '', '', '', '', '', '', '' ), ( 257, '', '', '', '', '', '', '', '', '', '', '', '' ), ( 259, '', '', '', '', '', '', '', '', '', '', '', '' ), ( 260, '', '', '', '', '', '', '', '', '', '', '', '' ), ( 262, '', '', '', '', '', '', '', '', '', '', '', '' ), ( 264, '', '', '', '', '', '', '', '', '', '', '', '' ), ( 266, '', '', '', '', '', '', '', '', '', '', '', '' ), ( 268, '', '', '', '', '', '', '', '', '', '', '', '' ), ( 270, '', '', '', '', '', '', '', '', '', '', '', '' ), ( 271, '', '', '', '', '', '', '', '', '', '', '', '' ), ( 273, '', '', '', '', '', '', '', '', '', '', '', '' ), ( 275, '', '', '', '', '', '', '', '', '', '', '', '' ), ( 277, '', '', '', '', '', '', '', '', '', '', '', '' ), ( 279, '', '', '', '', '', '', '', '', '', '', '', '' ), ( 280, '', '', '', '', '', '', '', '', '', '', '', '' ), ( 281, '', '', '', '', '', '', '', '', '', '', '', '' ), ( 282, '', '', '', '', '', '', '', '', '', '', '', '' ), ( 283, '', '', '', '', '', '', '', '', '', '', '', '' ), ( 284, '', '', '', '', '', '', '', '', '', '', '', '' ), ( 286, '', '', '', '', '', '', '', '', '', '', '', '' ), ( 288, '', '', '', '', '', '', '', '', '', '', '', '' ), ( 289, '', '', '', '', '', '', '', '', '', '', '', '' ), ( 291, '', '', '', '', '', '', '', '', '', '', '', '' ), ( 292, '', '', '', '', '', '', '', '', '', '', '', '' ), ( 293, '', '', '', '', '', '', '', '', '', '', '', '' ), ( 294, '', '', '', '', '', '', '', '', '', '', '', '' ), ( 295, '', '', '', '', '', '', '', '', '', '', '', '' ), ( 297, '', '', '', '', '', '', '', '', '', '', '', '' ), ( 299, '', '', '', '', '', '', '', '', '', '', '', '' ), ( 301, '', '', '', '', '', '', '', '', '', '', '', '' ), ( 302, '', '', '', '', '', '', '', '', '', '', '', '' ), ( 304, '', '', '', '', '', '', '', '', '', '', '', '' ), ( 306, '', '', '', '', '', '', '', '', '', '', '', '' ), ( 308, '', '', '', '', '', '', '', '', '', '', '', '' ), ( 310, '', '', '', '', '', '', '', '', '', '', '', '' ), ( 311, '', '', '', '', '', '', '', '', '', '', '', '' ), ( 313, '', '', '', '', '', '', '', '', '', '', '', '' ), ( 314, '', '', '', '', '', '', '', '', '', '', '', '' ), ( 315, '', '', '', '', '', '', '', '', '', '', '', '' ), ( 317, '', '', '', '', '', '', '', '', '', '', '', '' ), ( 318, '', '', '', '', '', '', '', '', '', '', '', '' ), ( 320, '', '', '', '', '', '', '', '', '', '', '', '' ), ( 321, '', '', '', '', '', '', '', '', '', '', '', '' ), ( 322, '', '', '', '', '', '', '', '', '', '', '', '' ), ( 323, '', '', '', '', '', '', '', '', '', '', '', '' ), ( 325, '', '', '', '', '', '', '', '', '', '', '', '' ), ( 326, '', '', '', '', '', '', '', '', '', '', '', '' ), ( 328, '', '', '', '', '', '', '', '', '', '', '', '' ), ( 330, '', '', '', '', '', '', '', '', '', '', '', '' ), ( 331, '', '', '', '', '', '', '', '', '', '', '', '' ), ( 333, '', '', '', '', '', '', '', '', '', '', '', '' ), ( 334, '', '', '', '', '', '', '', '', '', '', '', '' ), ( 336, '', '', '', '', '', '', '', '', '', '', '', '' ), ( 337, '', '', '', '', '', '', '', '', '', '', '', '' ), ( 339, '', '', '', '', '', '', '', '', '', '', '', '' ), ( 340, '', '', '', '', '', '', '', '', '', '', '', '' ), ( 342, '', '', '', '', '', '', '', '', '', '', '', '' ), ( 343, 'Loveland', 'Apt No : 3473, Spring LAke Circle,', '', '', 'Ohio', '', '', '', '', '', '', '' ), ( 348, 'Camp hill', '', '', '', 'PA', '', '', '', '', '', '', '' ), ( 352, '', '', 'United States', '', 'CT', '', '', '', '', '', '', '' ), ( 355, 'Hartford', '', 'United States', '', 'CT', '', '', '', '', '', '', '' ), ( 358, '', '', '', '', '', '', '', '', '', '', '', '' ), ( 361, 'Plano', '', 'United States', '', 'TX', '', '', '', '', '', '', '' ), ( 364, 'Miami', '', 'United States', '', 'FL', '', '', '', '', '', '', '' ), ( 367, 'East Brunswick', '', 'United States', '', 'NJ', 'P.O. Box 6662', '', '', '08816', '', '', '' ), ( 370, '', '', '', '', '', '', '', '', '', '', '', '' ), ( 374, 'Plano', '', 'United States', '', 'TX', '', '', '', '', '', '', '' ), ( 377, '', '', '', '', '', '', '', '', '', '', '', '' ), ( 380, '', '', '', '', '', '', '', '', '', '', '', '' ), ( 383, '', '', '', '', '', '', '', '', '', '', '', '' ), ( 386, '', '', '', '', '', '', '', '', '', '', '', '' ), ( 389, '', '', '', '', '', '', '', '', '', '', '', '' ), ( 392, '', '', '', '', '', '', '', '', '', '', '', '' ), ( 395, 'Oldsmar', '501, Brooker Creek Blvd', '', '', 'FL', '', '', '', '34677', '', '', '' ), ( 396, '', '', '', '', '', '', '', '', '', '', '', '' ), ( 401, '', '', '', '', '', '', '', '', '', '', '', '' ), ( 404, '', '', '', '', '', '', '', '', '', '', '', '' ), ( 407, '', '', '', '', '', '', '', '', '', '', '', '' ), ( 410, 'MENLO PARK', '', 'United States', '', 'CA', '', '', '', '', '', '', '' ), ( 413, 'South Windsor', '915 Strong road', 'United States', '', 'CT', '', '', '', '06074', '', '', '' ), ( 416, 'Washington', '', 'United States', '', 'DC', '', '', '', '', '', '', '' ), ( 419, 'Orlando', '9024 Summit Centre Way Apt 305', 'United States', '', 'Florida', '', '', '', '32810', '', '', '' ), ( 422, '', '', '', '', '', '', '', '', '', '', '', '' ), ( 423, '', '', '', '', '', '', '', '', '', '', '', '' ), ( 424, '', '', '', '', '', '', '', '', '', '', '', '' ), ( 428, '', '', '', '', '', '', '', '', '', '', '', '' ), ( 429, 'Salem', '', 'United States', '', 'CT', '', '', '', '', '', '', '' ), ( 432, 'Columbus', '', 'United States', '', 'OH', '1180 Chambers Rd Apt #116C', '', '', '43212', '', '', '' ), ( 435, '', '', '', '', '', '', '', '', '', '', '', '' ), ( 438, '', '', '', '', '', '', '', '', '', '', '', '' ), ( 441, '', '', '', '', '', '', '', '', '', '', '', '' ), ( 444, '', '', '', '', '', '', '', '', '', '', '', '' ), ( 453, '', '', '', '', '', '', '', '', '', '', '', '' ), ( 474, '', '', '', '', '', '', '', '', '', '', '', '' ), ( 475, '', '', '', '', '', '', '', '', '', '', '', '' ), ( 476, '', '', '', '', '', '', '', '', '', '', '', '' ), ( 482, '', '', '', '', '', '', '', '', '', '', '', '' ), ( 490, '', '', '', '', '', '', '', '', '', '', '', '' ), ( 493, '', '', '', '', '', '', '', '', '', '', '', '' ), ( 495, '', '', '', '', '', '', '', '', '', '', '', '' ), ( 497, '', '', '', '', '', '', '', '', '', '', '', '' ), ( 498, '', '', '', '', '', '', '', '', '', '', '', '' ), ( 501, '', '', '', '', '', '', '', '', '', '', '', '' ), ( 505, '', '', '', '', '', '', '', '', '', '', '', '' ), ( 508, '', '', '', '', '', '', '', '', '', '', '', '' ), ( 511, '', '', '', '', '', '', '', '', '', '', '', '' ), ( 514, '', '', '', '', '', '', '', '', '', '', '', '' ), ( 517, '', '', '', '', '', '', '', '', '', '', '', '' ), ( 521, '', '', '', '', '', '', '', '', '', '', '', '' ), ( 524, '', '', '', '', '', '', '', '', '', '', '', '' ), ( 527, '', '', '', '', '', '', '', '', '', '', '', '' ), ( 530, '', '', '', '', '', '', '', '', '', '', '', '' ), ( 533, '', '', '', '', '', '', '', '', '', '', '', '' ), ( 536, '', '', '', '', '', '', '', '', '', '', '', '' ), ( 539, '', '', '', '', '', '', '', '', '', '', '', '' ), ( 542, '', '', '', '', '', '', '', '', '', '', '', '' ), ( 545, '', '', '', '', '', '', '', '', '', '', '', '' ), ( 548, '', '', '', '', '', '', '', '', '', '', '', '' ), ( 551, '', '', '', '', '', '', '', '', '', '', '', '' ), ( 554, '', '', '', '', '', '', '', '', '', '', '', '' ), ( 557, '', '304 Lexington Avenue, New Haven, CT 06513', '', '', '', '', '', '', '', '', '', '' ), ( 560, '', '', '', '', '', '', '', '', '', '', '', '' ), ( 561, '', '', '', '', '', '', '', '', '', '', '', '' ), ( 563, '', '', '', '', '', '', '', '', '', '', '', '' ), ( 565, '', '', '', '', '', '', '', '', '', '', '', '' ), ( 568, '', '', '', '', '', '', '', '', '', '', '', '' ), ( 572, '', '', '', '', '', '', '', '', '', '', '', '' ), ( 575, '', '', '', '', '', '', '', '', '', '', '', '' ), ( 579, '', '', '', '', '', '', '', '', '', '', '', '' ), ( 581, '', '', '', '', '', '', '', '', '', '', '', '' ), ( 588, '', '', '', '', '', '', '', '', '', '', '', '' ), ( 589, '', '', '', '', '', '', '', '', '', '', '', '' ), ( 592, '', '', '', '', '', '', '', '', '', '', '', '' ), ( 597, '', '', '', '', '', '', '', '', '', '', '', '' ), ( 604, '', '', '', '', '', '', '', '', '', '', '', '' ), ( 607, '', '', '', '', '', '', '', '', '', '', '', '' ), ( 610, '', '', '', '', '', '', '', '', '', '', '', '' ), ( 613, '', '', '', '', '', '', '', '', '', '', '', '' ), ( 616, '', '', '', '', '', '', '', '', '', '', '', '' ), ( 619, '', '', '', '', '', '', '', '', '', '', '', '' ), ( 622, '', '', '', '', '', '', '', '', '', '', '', '' ), ( 625, '', '', '', '', '', '', '', '', '', '', '', '' ), ( 628, '', '', '', '', '', '', '', '', '', '', '', '' ), ( 632, '', '', '', '', '', '', '', '', '', '', '', '' ), ( 635, '', '', '', '', '', '', '', '', '', '', '', '' ), ( 638, '', '', '', '', '', '', '', '', '', '', '', '' ), ( 643, '', '', '', '', '', '', '', '', '', '', '', '' ), ( 644, '', '', '', '', '', '', '', '', '', '', '', '' ), ( 645, '', '', '', '', '', '', '', '', '', '', '', '' ), ( 648, '', '', '', '', '', '', '', '', '', '', '', '' ), ( 649, '', '', '', '', '', '', '', '', '', '', '', '' ), ( 652, '', '', '', '', '', '', '', '', '', '', '', '' ), ( 655, '', '', '', '', '', '', '', '', '', '', '', '' ), ( 658, '', '', '', '', '', '', '', '', '', '', '', '' ), ( 661, '', '', '', '', '', '', '', '', '', '', '', '' ), ( 664, '', '', '', '', '', '', '', '', '', '', '', '' ), ( 667, '', '', '', '', '', '', '', '', '', '', '', '' ), ( 669, '', '', '', '', '', '', '', '', '', '', '', '' ), ( 674, '', '', '', '', '', '', '', '', '', '', '', '' ), ( 675, '', '', '', '', '', '', '', '', '', '', '', '' ), ( 676, '', '', '', '', '', '', '', '', '', '', '', '' ), ( 679, '', '', '', '', '', '', '', '', '', '', '', '' ), ( 682, '', '', '', '', '', '', '', '', '', '', '', '' ), ( 685, '', '', '', '', '', '', '', '', '', '', '', '' ), ( 688, '', '', '', '', '', '', '', '', '', '', '', '' ), ( 729, '', '', '', '', '', '', '', '', '', '', '', '' ), ( 730, '', '', '', '', '', '', '', '', '', '', '', '' ), ( 733, '', '', '', '', '', '', '', '', '', '', '', '' ), ( 734, '', '', '', '', '', '', '', '', '', '', '', '' ), ( 742, '', '', '', '', '', '', '', '', '', '', '', '' ), ( 745, '', '', '', '', '', '', '', '', '', '', '', '' ), ( 748, '', '', '', '', '', '', '', '', '', '', '', '' ), ( 751, '', '', '', '', '', '', '', '', '', '', '', '' ), ( 754, '', '', '', '', '', '', '', '', '', '', '', '' ), ( 757, '', '', '', '', '', '', '', '', '', '', '', '' ), ( 767, '', '', '', '', '', '', '', '', '', '', '', '' ), ( 772, '', '', '', '', '', '', '', '', '', '', '', '' ), ( 775, '', '', '', '', '', '', '', '', '', '', '', '' ), ( 780, '', '', '', '', '', '', '', '', '', '', '', '' ), ( 783, '', '', '', '', '', '', '', '', '', '', '', '' ), ( 786, '', '', '', '', '', '', '', '', '', '', '', '' ), ( 789, '', '', '', '', '', '', '', '', '', '', '', '' ), ( 792, '', '', '', '', '', '', '', '', '', '', '', '' ), ( 795, '', '', '', '', '', '', '', '', '', '', '', '' );
/*!40000 ALTER TABLE `vtiger_contactaddress` ENABLE KEYS */;
UNLOCK TABLES;

--
-- Table structure for table vtiger_contactdetails
--

DROP TABLE IF EXISTS vtiger_contactdetails;
SET @saved_cs_client = @@character_set_client;
SET character_set_client = utf8;
CREATE TABLE `vtiger_contactdetails` (
  `contactid` int(19) NOT NULL DEFAULT '0',
  `contact_no` varchar(100) NOT NULL,
  `accountid` int(19) DEFAULT NULL,
  `salutation` varchar(200) DEFAULT NULL,
  `firstname` varchar(40) DEFAULT NULL,
  `lastname` varchar(80) NOT NULL,
  `email` varchar(100) DEFAULT NULL,
  `phone` varchar(50) DEFAULT NULL,
  `mobile` varchar(50) DEFAULT NULL,
  `title` varchar(50) DEFAULT NULL,
  `department` varchar(30) DEFAULT NULL,
  `fax` varchar(50) DEFAULT NULL,
  `reportsto` varchar(30) DEFAULT NULL,
  `training` varchar(50) DEFAULT NULL,
  `usertype` varchar(50) DEFAULT NULL,
  `contacttype` varchar(50) DEFAULT NULL,
  `otheremail` varchar(100) DEFAULT NULL,
  `secondaryemail` varchar(100) DEFAULT NULL,
  `donotcall` varchar(3) DEFAULT NULL,
  `emailoptout` varchar(3) DEFAULT '0',
  `imagename` varchar(150) DEFAULT NULL,
  `reference` varchar(3) DEFAULT NULL,
  `notify_owner` varchar(3) DEFAULT '0',
  PRIMARY KEY (`contactid`),
  KEY `contactdetails_accountid_idx` (`accountid`),
  CONSTRAINT `fk_1_vtiger_contactdetails` FOREIGN KEY (`contactid`) REFERENCES `vtiger_crmentity` (`crmid`) ON DELETE CASCADE
) ENGINE=InnoDB DEFAULT CHARSET=utf8;
SET character_set_client = @saved_cs_client;

--
-- Dumping data for table vtiger_contactdetails
--

LOCK TABLES `vtiger_contactdetails` WRITE;
/*!40000 ALTER TABLE `vtiger_contactdetails` DISABLE KEYS */;
INSERT INTO vtiger_contactdetails ( CONTACTID, CONTACT_NO, ACCOUNTID, SALUTATION, FIRSTNAME, LASTNAME, EMAIL, PHONE, MOBILE, TITLE, DEPARTMENT, FAX, REPORTSTO, TRAINING, USERTYPE, CONTACTTYPE, OTHEREMAIL, SECONDARYEMAIL, DONOTCALL, EMAILOPTOUT, IMAGENAME, REFERENCE, NOTIFY_OWNER ) VALUES ( 5, 'CON1', 0, '--None--', 'Ivan', 'Galvez Gmail', 'ilgalvezh@gmail.com', '', '', '', '', '', '0', '', '', '', '', '', '0', '0', '', '0', '0' ), ( 13, 'CON2', 12, '--None--', 'Tom', 'Mercaldo', 'tmercaldo@aquinasconsulting.com', '203-876-2822', '203-556-8061', 'CEO', '', '', '0', '', '', '', '', '', '0', '0', '', '0', '0' ), ( 19, 'CON3', 0, '--None--', 'Ekta', 'Bhatia', 'ekta_33@yahoo.com', '', '+14802056188', '', '', '', '0', '', '', '', '', '', '0', '0', '', '0', '0' ), ( 23, 'CON4', 22, '--None--', 'Rakesh', 'Kakani', 'rkakani@newtglobal.com', '+14697133540', '', 'Lead Reruiter Talent Acquisition', 'Recruiting', '', '0', '', '', '', '', '', '0', '0', '', '0', '0' ), ( 30, 'CON5', 29, '--None--', 'Shalabh', 'Singh', 'shalabh@asmltd.com', '+1 6307991563', '', '', '', '', '0', '', '', '', '', '', '0', '0', '', '0', '0' ), ( 31, 'CON6', 0, '--None--', 'Deepa', 'Krishnan', 'k.deepachen@gmail.com', '', '+18042442017', '', '', '', '0', '', '', '', '', '', '0', '0', '', '0', '0' ), ( 34, 'CON7', 0, 'Mr.', 'BALAJI', 'RAMAMURTHY', 'balaji108@yahoo.com', '', '650-9193438', '', '', '', '0', '', '', '', '', '', '0', '0', '', '0', '0' ), ( 37, 'CON8', 0, 'Ms.', 'Hemanti', 'Thackeray', 'hgt25283@gmail.com', '', '+17323257035', '', '', '', '0', '', '', '', '', '', '0', '0', '', '0', '0' ), ( 41, 'CON9', 0, 'Mr.', 'David Ovidio', 'Enrique Lemus Alcantar', 'lemusdav@gmail.com', '(602) 702-3505', '(602) 702-3505', '', '', '', '0', '', '', '', '', '', '0', '0', '', '0', '0' ), ( 44, 'CON10', 0, 'Mr.', 'Baltazar Tadeo', 'Quiroz Islas', '', '+331 575 7686', '+331 575 7686', '.Net Architect / Sr. .Net / Scrum Master', '', '', '0', '', '', '', '', '', '0', '0', '', '0', '0' ), ( 66, 'CON11', 0, 'Mr.', 'Juan Manuel', 'Sarr Prez', 'manin21@gmail.com', '+5215518335503', '+5215518335503', '', '', '', '0', '', '', '', '', '', '0', '0', '', '0', '0' ), ( 69, 'CON12', 0, 'Mr.', 'Alejandro', 'Grijalva', 'agrijalva@hotmail.com', '', '044 81 14 13 13 82', '', '', '', '0', '', '', '', '', '', '0', '0', '', '0', '0' ), ( 72, 'CON13', 0, '--None--', 'Tyron', 'Orlando', 'tayron.vargas@gmail.com', '', '+52 1449 9117 051', '', '', '', '0', '', '', '', '', '', '0', '0', '', '0', '0' ), ( 75, 'CON14', 0, 'Mr.', 'Francisco', 'Roman', 'black_falcon_f@hotmail.com', '', '+52 1 333 474 1743', '', '', '', '0', '', '', '', '', '', '0', '0', '', '0', '0' ), ( 78, 'CON15', 0, '--None--', 'Ruben', 'Badilla', 'ruben_badilla@hotmail.com', '', '', '', '', '', '0', '', '', '', '', '', '0', '0', '', '0', '0' ), ( 81, 'CON16', 0, 'Mr.', 'Dheeraj', 'Kumar', 'dheeraj.dhama@gmail.com', '', '+1-914-310-5728', '', '', '', '0', '', '', '', '', '', '0', '0', '', '0', '1' ), ( 84, 'CON17', 0, 'Mr.', 'RACHIT', 'SHAH', 'rachitj2ee@gmail.com', '8175049351', '8175049351', '', '', '', '0', '', '', '', '', '', '0', '0', '', '0', '0' ), ( 87, 'CON18', 0, 'Mr.', 'SRINIVASA', 'ARCOT EATHIRAJ', 'sini008@gmail.com', '408-637-8454', '408-637-8454', '', '', '', '0', '', '', '', '', '', '0', '0', '', '0', '0' ), ( 90, 'CON19', 0, 'Mr.', 'GAURAV', 'TAPADKAR', 'gaurav.tkar@gmail.com', '201 815 6018', '201 815 6018', 'Sr. Java/J2ee Tech lead', '', '', '0', '', '', '', '', '', '0', '0', '', '0', '0' ), ( 93, 'CON20', 0, 'Mr.', 'PRINCE', 'ABRAHAM', 'princeandprince@gmail.com', '516-428-5598', '516-428-5598', 'Java Developer', '', '', '0', '', '', '', '', '', '0', '0', '', '0', '0' ), ( 116, 'CON21', 15, '--None--', 'Venkat', 'Yellaula', '', '', '973.460.8846', '', '', '', '0', '', '', '', '', '', '0', '0', '', '0', '0' ), ( 117, 'CON22', 0, '--None--', 'Ayde', 'Soto', '', '', '+5218117996133', '', '', '', '0', '', '', '', '', '', '0', '0', '', '0', '0' ), ( 119, 'CON23', 0, 'Ms.', 'Vimalpriya', 'Kothandapani', 'vimalaviews@gmail.com', '513-560-4123', '513-560-4123', 'Service now developer', '', '', '0', '', '', '', '', '', '0', '0', '', '0', '0' ), ( 122, 'CON24', 0, 'Ms.', 'ANUPRITA', 'RATNAPARKHI', 'anuprita.deo@gmail.com', '2039814531', '2039814531', '', '', '', '0', '', '', '', '', '', '0', '0', '', '0', '0' ), ( 125, 'CON25', 0, 'Mr.', 'Hari', 'Paran', 'paran_hbj@yahoo.com', '(860) 838 2531', '(860) 838 2531', '', '', '', '0', '', '', '', '', '', '0', '0', '', '0', '0' ), ( 129, 'CON26', 0, '--None--', 'Edgar Alfonso', 'Reyes Perez', 'earp519@hotmail.com', '', '', 'Project manager', '', '', '0', '', '', '', '', '', '0', '0', '', '0', '0' ), ( 131, 'CON27', 0, '--None--', 'Marco', 'Aquino', 'maquino@hotmail.com', '', '+5216461166188', '', '', '', '0', '', '', '', '', '', '0', '0', '', '0', '0' ), ( 138, 'CON28', 0, '--None--', 'Omar Nicef', 'Gonzalez Rios', 'omarnn.rios@gmail.com', '', '+52 1 3334934806', '', '', '', '0', '', '', '', '', '', '0', '0', '', '0', '0' ), ( 142, 'CON29', 0, '--None--', 'Dante Ulises', 'Lopez G', 'ulisesfi18@hotmail.com', '', '+521 55 31347063', '', '', '', '0', '', '', '', '', '', '0', '0', '', '0', '1' ), ( 143, 'CON30', 0, '--None--', 'Jose Luis', 'Becerril Burgos', 'luisbecerril@hotmail.com', '', '+52155 3664 4615', '', '', '', '0', '', '', '', '', '', '0', '0', '', '0', '1' ), ( 153, 'CON31', 0, 'Mr.', 'Ajay', 'Upadhyay', 'aj_upadhyay@yahoo.com', '+17325013032', '+17325013032', '', '', '', '0', '', '', '', '', 'aj_upadhyay@yahoo.com', '0', '0', '', '0', '0' ), ( 172, 'CON32', 171, '--None--', 'Hari', 'Nagumalla', 'hari@3coresystems.com', '+1(630) 566 9270', '', '', '', '', '0', '', '', '', '', '', '0', '0', '', '0', '0' ), ( 175, 'CON33', 0, '--None--', 'Enrique', 'Gamez', 'gamez_zea@yahoo.com.mx', '', '+5215551274224', '', '', '', '0', '', '', '', '', '', '0', '0', '', '0', '0' ), ( 177, 'CON34', 0, '--None--', 'Michael James', 'Delaney', 'mikana@comcast.net', '', '+1561-483-0373', '', '', '', '0', '', '', '', '', '', '0', '0', '', '0', '0' ), ( 180, 'CON35', 0, '--None--', 'Jorge', 'Flores', 'jorge.wflores1@gmail.com', '', '', '', '', '', '0', '', '', '', '', '', '0', '0', '', '0', '0' ), ( 184, 'CON36', 0, '--None--', 'Jair Antonio', 'Baez Hernandez', 'jbaez@infolean.com.mx', '', '+521 8110 500649', '', '', '', '0', '', '', '', '', '', '0', '0', '', '0', '0' ), ( 185, 'CON37', 0, '--None--', 'Adrian Ramon', 'Villarreal', 'aramonv2003@yahoo.com.mx', '', '+521(81)1255-9488', '', '', '', '0', '', '', '', '', '', '0', '0', '', '0', '0' ), ( 186, 'CON38', 0, '--None--', 'Jesus', 'Camacho', 'jecava1@hotmail.com', '', '+ (52)1 811 654 5082', '', '', '', '0', '', '', '', '', '', '0', '0', '', '0', '0' ), ( 187, 'CON39', 0, '--None--', 'Saul', 'Lozano', 's.lozano@usa.net', '', '+5218114828244', '', '', '', '0', '', '', '', '', '', '0', '0', '', '0', '0' ), ( 191, 'CON40', 0, '--None--', 'Miguel', 'Landa', '', '', '', '', '', '', '0', '', '', '', '', '', '0', '0', '', '0', '0' ), ( 192, 'CON41', 0, '--None--', 'Miguel', 'Salas', '', '+52(81)8317-2489', '+52(81)1807 8960', '', '', '', '0', '', '', '', '', '', '0', '0', '', '0', '0' ), ( 193, 'CON42', 113, 'Mr.', 'Sergio', 'Tortora', 'sergio.tortora@transigmapartners.com', '', '+1(203) 216 1975', '', '', '', '0', '', '', '', '', '', '0', '0', '', '0', '0' ), ( 194, 'CON43', 0, '--None--', 'Roberto Carlos', 'Soria Valencia', '', '', '+521(55)2501-1412', '', '', '', '0', '', '', '', '', '', '0', '0', '', '0', '0' ), ( 195, 'CON44', 0, '--None--', 'Yazmin', 'Palafox', 'yazqui608@hotmail.com', '', '+521551 865 52 96', '', '', '', '0', '', '', '', '', '', '0', '0', '', '0', '0' ), ( 203, 'CON45', 202, '', 'Hari', 'Hari', 'hari@3coresystems.com', '6304447403', '', 'Recruiter', '', '', '0', '', '', '', '', '', '0', '0', '', '0', '0' ), ( 204, 'CON46', 202, '', 'Seane', 'Seane', 'seane@3coresystems.com', '', '', 'Senior Recruiter', '', '', '0', '', '', '', '', '', '0', '0', '', '0', '0' ), ( 206, 'CON47', 205, '', 'Sirisha', 'Emani', 'ajaypulijala@acesdatasolutions.com', '9082515482', '', 'CEO', '', '', '0', '', '', '', '', '', '0', '0', '', '0', '0' ), ( 207, 'CON48', 205, '', 'Sanjay Ram ', 'Pulijala', 'sanjay@acesdatasolutions.com', '+918978993222', '', 'Account Manager', '', '', '0', '', '', '', '', '', '0', '0', '', '0', '0' ), ( 209, 'CON49', 208, '', 'Vikram ', 'Kumar', 'vikramku@gmail.com', '314-925-0806', '', 'Recruiter', '', '', '0', '', '', '', '', '', '0', '0', '', '0', '0' ), ( 211, 'CON50', 210, '', 'Balaji ', 'P', 'bala@apex-its.com', '20041009', '', 'Sales Manager', '', '', '0', '', '', '', '', '', '0', '0', '', '0', '0' ), ( 212, 'CON51', 210, '', 'Deepak', 'Kakarala', 'Deepak@apex-its.com', '', '', 'Recruiter', '', '', '0', '', '', '', '', '', '0', '0', '', '0', '0' ), ( 213, 'CON52', 210, '', 'Annapurna', 'Lakkapragada', 'anu@apex-its.com', '', '', 'Recruiter', '', '', '0', '', '', '', '', '', '0', '0', '', '0', '0' ), ( 215, 'CON53', 214, '', 'Narotham R ', 'Alva', 'narotham@aristontek.com', '+1-248-292-8686', '', 'Recruiter', '', '', '0', '', '', '', '', '', '0', '0', '', '0', '0' ), ( 216, 'CON54', 214, '', 'Kumar ', 'Krishnamurthy', 'kumar@aristontek.com', '+1-201-205-2266', '', 'Manager', '', '', '0', '', '', '', '', '', '0', '0', '', '0', '0' ), ( 218, 'CON55', 217, '', 'Ashvin ', 'Koncharla', 'ashvink@arsgs.com', '+1-248-910-7553', '', 'CEO', '', '', '0', '', '', '', '', '', '0', '0', '', '0', '0' ), ( 220, 'CON56', 219, '', 'Nagendra', 'P', 'nagendra@arthatechinc.com', '2483440361', '', 'President', '', '', '0', '', '', '', '', '', '0', '0', '', '0', '0' ), ( 222, 'CON57', 221, '', 'Afreen ', 'Syeda', 'afreen@ascentiant.com', '760 208 4992', '', 'Accounts Manager', '', '', '0', '', '', '', '', '', '0', '0', '', '0', '0' ), ( 224, 'CON58', 223, '', 'Sunil ', 'Gotla', 'sunil@atplweb.com', '8501016007', '', 'Director', '', '', '0', '', '', '', '', '', '0', '0', '', '0', '0' ), ( 225, 'CON59', 223, '', 'Raghavendra', 'P', 'raghavendra.b@atplweb.com', '9010237111', '', 'Recruiter', '', '', '0', '', '', '', '', '', '0', '0', '', '0', '0' ), ( 227, 'CON60', 226, '', 'Laxmi ', 'Patel', 'laxmi@bmsoftsystems.com', '408-890-2348', '', 'BDM', '', '', '0', '', '', '', '', '', '0', '0', '', '0', '0' ), ( 229, 'CON61', 228, '', 'Sowjanya ', 'Vullingala', 'svullingala@bssus.com', '703-268-4089', '', 'Recruiter', '', '', '0', '', '', '', '', '', '0', '0', '', '0', '0' ), ( 231, 'CON62', 230, '', 'Mohammed ', 'Jawed', 'jawed@cougartech.us', '510 870 3408', '', 'Accounts Manager', '', '', '0', '', '', '', '', '', '0', '0', '', '0', '0' ), ( 232, 'CON63', 230, '', 'Ravi ', 'Behara', 'ravi@cougartech.us', '510 870 2446', '', 'Sr. BDM', '', '', '0', '', '', '', '', '', '0', '0', '', '0', '0' ), ( 234, 'CON64', 233, '', 'Rajesh ', 'Pullagam', 'rajesh@digerati-systems.com', '734-418-2444', '', 'BDM', '', '', '0', '', '', '', '', '', '0', '0', '', '0', '0' ), ( 235, 'CON65', 233, '', 'Aditya ', 'Pingili', 'aditya@digerati-systems.com', '734-418-2444', '', 'Business Development Manager', '', '', '0', '', '', '', '', '', '0', '0', '', '0', '0' ), ( 237, 'CON66', 236, '', 'CSR ', 'Reddy', 'csr@erpanderp.com', '+919652229397', '', 'Mr', '', '', '0', '', '', '', '', '', '0', '0', '', '0', '0' ), ( 239, 'CON67', 238, '', 'Naresh ', 'Pujari', 'npujari@everesttech.com', '614.408.8148', '', 'Recruiter', '', '', '0', '', '', '', '', '', '0', '0', '', '0', '0' ), ( 240, 'CON68', 238, '', 'Ashish ', 'Kumar', 'akumar@everesttech.com', '614.408.8117', '', 'Recruiter', '', '', '0', '', '', '', '', '', '0', '0', '', '0', '0' ), ( 242, 'CON69', 241, '', 'Charan ', 'Evp', 'CHARAN@flexeraglobal.com', '8344444474', '', 'BDM', '', '', '0', '', '', '', '', '', '0', '0', '', '0', '0' ), ( 243, 'CON70', 241, '', 'Kishore', 'P', '', '', '', 'Sr Recruiter', '', '', '0', '', '', '', '', '', '0', '0', '', '0', '0' ), ( 245, 'CON71', 244, '', 'Suresh ', 'Vasagiri', 'suresh@fusionways.com', '+19253617760', '', 'Sales Manager', '', '', '0', '', '', '', '', '', '0', '0', '', '0', '0' ), ( 247, 'CON72', 246, '', 'Ilango ', 'Thanapandian', 'lionilango@gmail.com', '+ 91044-22262101', '', 'Vice-President', '', '', '0', '', '', '', '', '', '0', '0', '', '0', '0' ), ( 249, 'CON73', 248, '', 'Bharat', 'P', 'Bharat.T@Gallop.net', '93907-66666', '', '', '', '', '0', '', '', '', '', '', '0', '0', '', '0', '0' ), ( 251, 'CON74', 250, '', 'Srinivas', 'P', 'srinivas.g@gi-sol.com', '3039970488', '', 'Accounts Manager', '', '', '0', '', '', '', '', '', '0', '0', '', '0', '0' ), ( 253, 'CON75', 252, '', 'Babu', 'P', 'jsmith@hmgamerica.com', '7326451976', '', 'Vice-President', '', '', '0', '', '', '', '', '', '0', '0', '', '0', '0' ), ( 254, 'CON76', 252, '', 'Vishnu', 'P', 'vishnu@hmgamerica.com', '7326451976', '', 'BDM', '', '', '0', '', '', '', '', '', '0', '0', '', '0', '0' ), ( 256, 'CON77', 255, '', 'Prashanth ', 'Aitha', 'shan@ikon-systems.com', '+1-217-720-5020 X', '', 'BDM', '', '', '0', '', '', '', '', '', '0', '0', '', '0', '0' ), ( 257, 'CON78', 255, '', 'Bhargavi', 'P', 'bobby@ikon-systems.com', '918341480359', '', 'Aitha', '', '', '0', '', '', '', '', '', '0', '0', '', '0', '0' ), ( 259, 'CON79', 258, '', 'Harish Kumar ', 'Mishra', 'harish@imgsystems.com', '214-774-2315', '', 'Recruiter', '', '', '0', '', '', '', '', '', '0', '0', '', '0', '0' ), ( 260, 'CON80', 258, '', 'Prathap', 'P', 'prathap@imgsystems.com', '214-774-2315', '', 'Recruiter', '', '', '0', '', '', '', '', '', '0', '0', '', '0', '0' ), ( 262, 'CON81', 261, '', 'Naveen', 'P', 'naveen@indsoft.com', '(630) 324-0006 * 110', '', 'Recruiter', '', '', '0', '', '', '', '', '', '0', '0', '', '0', '0' ), ( 264, 'CON82', 263, '', 'Irfan ', 'Ali Khan', 'irfan04@gmail.com', '(571) 222-6555', '', 'Recruiter', '', '', '0', '', '', '', '', '', '0', '0', '', '0', '0' ), ( 266, 'CON83', 265, '', 'Srinivas ', 'Kumar', 'srinivasarises@gmail.com', '8985917007', '', 'CEO', '', '', '0', '', '', '', '', '', '0', '0', '', '0', '0' ), ( 268, 'CON84', 267, '', 'Ravi ', 'K', 'ravi.k@itsone.net', '', '', '', '', '', '0', '', '', '', '', '', '0', '0', '', '0', '0' ), ( 270, 'CON85', 269, '', 'Ranjit ', 'Kumar', 'jobs@ksntech.com', '+1-219-864-9810 X', '', 'BDM', '', '', '0', '', '', '', '', '', '0', '0', '', '0', '0' ), ( 271, 'CON86', 269, '', 'Bhaskar ', 'Boilla', 'jobs@ksntech.com', '+1-219-864-9810 X', '', 'Accounts Manager', '', '', '0', '', '', '', '', '', '0', '0', '', '0', '0' ), ( 273, 'CON87', 272, '', 'Venkat ', 'Davuluri', 'venkat@logicstaff.com', '7702889800', '', 'President', '', '', '0', '', '', '', '', '', '0', '0', '', '0', '0' ), ( 275, 'CON88', 274, '', 'Naresh Kumar ', 'Ragi', 'naresh@maxiltech.com', '+ 91 9885653865', '', 'CEO', '', '', '0', '', '', '', '', '', '0', '0', '', '0', '0' ), ( 277, 'CON89', 276, '', 'Sandeep ', 'Dhurka', 'sandeep@mitsit.in', '+ 91-22-24188369', '', 'CEO', '', '', '0', '', '', '', '', '', '0', '0', '', '0', '0' ), ( 279, 'CON90', 278, '', 'Vinay Kumar ', 'Iruvanti', 'vinay@nlsinc.com', '4088404546', '', 'BDM', '', '', '0', '', '', '', '', '', '0', '0', '', '0', '0' ), ( 280, 'CON91', 278, '', 'Kavitha ', 'Baru', 'kavitha@nlsinc.com', '4087446610', '', 'HR Manager', '', '', '0', '', '', '', '', '', '0', '0', '', '0', '0' ), ( 281, 'CON92', 278, '', 'Swathi ', 'Tirunagari', 'swathi@nlsinc.com', '4088404545', '', 'BDM', '', '', '0', '', '', '', '', '', '0', '0', '', '0', '0' ), ( 282, 'CON93', 278, '', 'Mohammad ', 'Imran', 'imran@nlsinc.com', '4088404543', '', 'Recruiter', '', '', '0', '', '', '', '', '', '0', '0', '', '0', '0' ), ( 283, 'CON94', 278, '', 'Krishna', 'P', 'krishna@nlsinc.com', '4088404544', '', 'Recruiter', '', '', '0', '', '', '', '', '', '0', '0', '', '0', '0' ), ( 284, 'CON95', 278, '', 'Phani', 'P', 'pmusale@nlsinc.com', '4088404547', '', 'Recruiter', '', '', '0', '', '', '', '', '', '0', '0', '', '0', '0' ), ( 286, 'CON96', 285, '', 'Vamsi ', 'Krishna', 'vamsi@novateurit.com', '8096447444', '', 'BDM', '', '', '0', '', '', '', '', '', '0', '0', '', '0', '0' ), ( 288, 'CON97', 287, '', 'Sukumar ', 'Savaram', 'sukumar@pearlietech.com', '7183601767', '', 'Director', '', '', '0', '', '', '', '', '', '0', '0', '', '0', '0' ), ( 289, 'CON98', 287, '', 'Nolan Lyke', 'Lyke', 'nolan@pearlietech.com', '7183602230', '', 'BDM', '', '', '0', '', '', '', '', '', '0', '0', '', '0', '0' ), ( 291, 'CON99', 290, '', 'Srinivas', 'Krothapalli', 'srini@pelicanit.com', '2252911991', '', 'CEO', '', '', '0', '', '', '', '', '', '0', '0', '', '0', '0' ), ( 292, 'CON100', 290, '', 'Vijay', 'Velaga', 'vijay@pelicanit.com', '2252911991', '', 'Manager', '', '', '0', '', '', '', '', '', '0', '0', '', '0', '0' ), ( 293, 'CON101', 290, '', 'Raja ', 'Ravi', 'raja@rsquare.biz', '9849601997', '', 'Associate', '', '', '0', '', '', '', '', '', '0', '0', '', '0', '0' ), ( 294, 'CON102', 290, '', 'Vardhan', 'P', 'vardhan@pelicanit.com', '2257561111', '', 'Technical Recruiter', '', '', '0', '', '', '', '', '', '0', '0', '', '0', '0' ), ( 295, 'CON103', 290, '', 'Rama', 'Krishna', 'rama@pelicanit.com', '2257561111', '', 'Technical Recruiter', '', '', '0', '', '', '', '', '', '0', '0', '', '0', '0' ), ( 297, 'CON104', 296, '', 'Sreedevi', 'Gopalakrishnan', 'sree@revisiontek.com', '732-202-5228', '', 'Director', '', '', '0', '', '', '', '', '', '0', '0', '', '0', '0' ), ( 299, 'CON105', 298, '', 'Deep', 'P', 'deep@rmatrix.com', '7325938290', '', 'Sales Manager', '', '', '0', '', '', '', '', '', '0', '0', '', '0', '0' ), ( 301, 'CON106', 300, '', 'Nirmala', 'Konduru', 'nirmala@saistrategics.com', '501.255.9806', '', 'Recruiter', '', '', '0', '', '', '', '', '', '0', '0', '', '0', '0' ), ( 302, 'CON107', 300, '', 'Kishore', 'Konduru', 'nirmala@saistrategics.com', '501.255.9806', '', 'Recruiter', '', '', '0', '', '', '', '', '', '0', '0', '', '0', '0' ), ( 304, 'CON108', 303, '', 'Sam', 'Barigeda', 'sam@mysbscorp.com', '001-281-324-0976', '', 'BDM', '', '', '0', '', '', '', '', '', '0', '0', '', '0', '0' ), ( 306, 'CON109', 305, '', 'Athimoolam', 'Narayanasamy', 'athi.narayanasamy@Sintesys.US', '2033085465', '', 'Recruiter', '', '', '0', '', '', '', '', '', '0', '0', '', '0', '0' ), ( 308, 'CON110', 307, '', 'Sunny', 'P', 'sunny@softnet-consulting.com', '609-257-6246', '', 'Accounts Manager', '', '', '0', '', '', '', '', '', '0', '0', '', '0', '0' ), ( 310, 'CON111', 309, '', 'Anand', 'Kanthi', 'anandk@stlogics.com', '317-622-0243', '', 'Accounts Manager', '', '', '0', '', '', '', '', '', '0', '0', '', '0', '0' ), ( 311, 'CON112', 309, '', 'Zaheer Basha', 'Syed', 'zaheerb@stlogics.com', '317-622-0236', '', 'Director Of Training', '', '', '0', '', '', '', '', '', '0', '0', '', '0', '0' ), ( 313, 'CON113', 312, '', 'Srini', 'Chakravarthy', 'srini@syscomtechinc.com', '703-565-2833', '', 'Director', '', '', '0', '', '', '', '', '', '0', '0', '', '0', '0' ), ( 314, 'CON114', 312, '', 'C S Johnson ', 'Maddala', 'shawn@syscomtechinc.com', '703-880-5405', '', 'Recruiter', '', '', '0', '', '', '', '', '', '0', '0', '', '0', '0' ), ( 315, 'CON115', 312, '', 'Shawn', 'P', 'shawn@syscomtechinc.com', '', '', 'Recruiting Lead', '', '', '0', '', '', '', '', '', '0', '0', '', '0', '0' ), ( 317, 'CON116', 316, '', 'Rajiv', 'Williams', 'rajivw@systelinc.com', '6782509835', '', 'Sales Manager', '', '', '0', '', '', '', '', '', '0', '0', '', '0', '0' ), ( 318, 'CON117', 316, '', 'Nikhil Raj', 'Garlapally', 'nikhilg@systelinc.com', '6782509857', '', 'Mr', '', '', '0', '', '', '', '', '', '0', '0', '', '0', '0' ), ( 320, 'CON118', 319, '', 'Nageswar', 'P', 'nageswar@technocentra.com', '919490966040', '', 'Director', '', '', '0', '', '', '', '', '', '0', '0', '', '0', '0' ), ( 321, 'CON119', 319, '', 'HABEEB', 'P', 'habeeb@technocentra.com', '309-282-9945', '', 'IT RECRUITER', '', '', '0', '', '', '', '', '', '0', '0', '', '0', '0' ), ( 322, 'CON120', 319, '', 'Kiran', 'Booneti', 'kiran@technocentra.com', '309-282-6191', '', 'Director', '', '', '0', '', '', '', '', '', '0', '0', '', '0', '0' ), ( 323, 'CON121', 319, '', 'Srikanth', 'P', 'srikanth@technocentra.com', '309-740-3260', '', 'SR IT RECRUITER', '', '', '0', '', '', '', '', '', '0', '0', '', '0', '0' ), ( 325, 'CON122', 324, '', 'Sudheer Babu', 'Avinigadda', 'bsudheer@techwave.net', '484-252-2741', '', 'BDM', '', '', '0', '', '', '', '', '', '0', '0', '', '0', '0' ), ( 326, 'CON123', 324, '', 'Karthik', 'Anumasa', 'akarthik@techwave.net', '484-252-2851', '', 'Sr. Recruiter', '', '', '0', '', '', '', '', '', '0', '0', '', '0', '0' ), ( 328, 'CON124', 327, '', 'Sharada', 'Konduri', 'kondurisha@gmail.com', '6304533768', '', 'Director', '', '', '0', '', '', '', '', '', '0', '0', '', '0', '0' ), ( 330, 'CON125', 329, '', 'Ramesh', 'Edassery', 'Rameshe@usmsystems.com', '703-953-1861', '', 'BDM', '', '', '0', '', '', '', '', '', '0', '0', '', '0', '0' ), ( 331, 'CON126', 329, '', 'Mobeen', 'P', 'rameshe@usmsystems.com', '703-953-1861', '', 'Recruiter', '', '', '0', '', '', '', '', '', '0', '0', '', '0', '0' ), ( 333, 'CON127', 332, '', 'Mohammed Jahangir', 'Baba', 'jahangir.baba@valuemomentum.biz', '201-256-3566', '', 'Accounts Manager', '', '', '0', '', '', '', '', '', '0', '0', '', '0', '0' ), ( 334, 'CON128', 332, '', 'Sanjeeva Reddy', 'Gutta', 'sanjeeva.gutta@valuemomentum.biz', '201-256-3566', '', 'Team Lead', '', '', '0', '', '', '', '', '', '0', '0', '', '0', '0' ), ( 336, 'CON129', 335, '', 'Rachel', 'P', 'rachel@xperttech.com', '781-497-0968', '', 'BDM', '', '', '0', '', '', '', '', '', '0', '0', '', '0', '0' ), ( 337, 'CON130', 335, '', 'Sanjay', 'Vangani', 'sanjay@xperttech.com', '781-497-0493', '', 'Team Lead', '', '', '0', '', '', '', '', '', '0', '0', '', '0', '0' ), ( 339, 'CON131', 338, '', 'Bhaskar', 'P', 'bhaskar@yochanait.com', '734-274-5608', '', 'Director', '', '', '0', '', '', '', '', '', '0', '0', '', '0', '0' ), ( 340, 'CON132', 338, '', 'Chandra', 'P', 'chandra@yochanait.com', '248-442-9999', '', 'BDM', '', '', '0', '', '', '', '', '', '0', '0', '', '0', '0' ), ( 342, 'CON133', 341, '', 'Saumil H', 'Patel', 'saumil.patel@zolon.com', '9704686982', '', 'Account Manager', '', '', '0', '', '', '', '', '', '0', '0', '', '0', '0' ), ( 343, 'CON134', 0, 'Ms.', 'Maria', 'Khan', 'Maria.Khan@Sintesys.US', '2037017101', '5134534484', 'US IT Recruiter', 'Recruitment Team', '', '0', '', '', '', '', '', '0', '0', '', '0', '0' ), ( 348, 'CON135', 0, 'Mr.', 'Varun', 'Sowrirajan', 'varunwin4u@gmail.com', '848-702 1235', '848-702 1235', 'SAS Administrator', '', '', '0', '', '', '', '', '', '0', '0', '', '0', '0' ), ( 352, 'CON136', 0, 'Ms.', 'Manisha', 'Agrawal', 'agramanisha@gmail.com', '203-667-6291', '518-935-4599', '', '', '', '0', '', '', '', '', '', '0', '0', '', '0', '0' ), ( 355, 'CON137', 0, 'Mr.', 'Daron', 'Bucknor', 'Daron.Bucknor@gmail.com', '203-727-2750', '203-727-2750', '', '', '', '0', '', '', '', '', '', '0', '0', '', '0', '0' ), ( 358, 'CON138', 0, 'Ms.', 'Dipti', 'Hati', 'Dipti.hati@yahoo.com', '732-585-2474', '732-585-2474', '', '', '', '0', '', '', '', '', '', '0', '0', '', '0', '0' ), ( 361, 'CON139', 0, 'Mr.', 'Parri', 'Ganesan', 'parri.vp@gmail.com', '203 308 5465', '203 308 5465', '', '', '', '0', '', '', '', '', '', '0', '0', '', '0', '0' ), ( 364, 'CON140', 0, 'Mr.', 'John', 'Lai', '', '502-212-1707', '502-212-1707', '', '', '', '0', '', '', '', '', '', '0', '0', '', '0', '0' ), ( 367, 'CON141', 0, 'Mr.', 'Joseph', 'Genchik', 'jgenchik@gmail.com', '732 807-5282', '732 807-5282', '', '', '', '0', '', '', '', '', '', '0', '0', '', '0', '0' ), ( 370, 'CON142', 0, 'Mr.', 'Milind', 'Kamat', '', '', '', '', '', '', '0', '', '', '', '', '', '0', '0', '', '0', '0' ), ( 374, 'CON143', 0, 'Mr.', 'Naveen', 'Edupuganti', 'bitnaveen@gmail.com', '9723428091', '9723428091', '', '', '', '0', '', '', '', '', '', '0', '0', '', '0', '0' ), ( 377, 'CON144', 0, 'Mr.', 'Paresh', 'Desai', 'paresh_desai77@hotmail.com', '281-496-3973', '281-770-3445', '', '', '', '0', '', '', '', '', '', '0', '0', '', '0', '0' ), ( 380, 'CON145', 0, 'Mr.', 'Alain', 'Aguilar', '', '', '', '', '', '', '0', '', '', '', '', '', '0', '0', '', '0', '0' ), ( 383, 'CON146', 0, 'Mr.', 'Alberto', 'Fernandez', '', '', '', '', '', '', '0', '', '', '', '', '', '0', '0', '', '0', '0' ), ( 386, 'CON147', 0, 'Mr.', 'Angel', 'Mendoza', '', '', '', '', '', '', '0', '', '', '', '', '', '0', '0', '', '0', '0' ), ( 389, 'CON148', 0, 'Mr.', 'Eduardo', 'Morales S', '', '', '', '', '', '', '0', '', '', '', '', '', '0', '0', '', '0', '0' ), ( 392, 'CON149', 0, 'Mr.', 'Luis', 'Saucedo', '', '', '', '', '', '', '0', '', '', '', '', '', '0', '0', '', '0', '0' ), ( 395, 'CON150', 0, 'Mr.', 'Oscar', 'Lopez Vargas', '', '+1813 366 7896', '+1727 225 1024', 'Service Now Administrator', '', '', '0', '', '', '', '', '', '0', '0', '', '0', '0' ), ( 396, 'CON151', 0, '--None--', 'Gabriel', 'Lopez', 'gabriel.lopez.villesca@gmail.com', '', '+52181 1516 5577', '', '', '', '0', '', '', '', '', '', '0', '0', '', '0', '0' ), ( 401, 'CON152', 0, 'Mr.', 'Salvador', 'Bravo', '', '', '', 'Service now Developer/Administrator', '', '', '0', '', '', '', '', '', '0', '0', '', '0', '0' ), ( 404, 'CON153', 0, 'Mr.', 'Jos Alejandro', 'Arellano Diez de Urdanivia', 'alejandro.arellano@sintesys.us', '+12037017101', '+52 1 (55) 4448 3320', '', '', '', '0', '', '', '', '', 'jose_alejandro_adu@yahoo.com', '0', '0', '', '0', '0' ), ( 407, 'CON154', 0, 'Ms.', 'Satyaveni', 'Madduri', 'satya_565@yahoo.com', '732-540-8460', '301-312-0291', '', '', '', '0', '', '', '', '', '', '0', '0', '', '0', '0' ), ( 410, 'CON155', 0, 'Mr.', 'Selva', 'Jagan', 'Jaganselva@hotmail.com', '408-373-5873', '408-373-5873', '', '', '', '0', '', '', '', '', '', '0', '0', '', '0', '0' ), ( 413, 'CON156', 0, 'Mr.', 'Tapas', 'Mohapatra', 'tapas.mohapatra72@gmail.com', '860-977-4028', '860-977-4028', '', '', '', '0', '', '', '', '', '', '0', '0', '', '0', '0' ), ( 416, 'CON157', 0, 'Mr.', 'Umar', 'Keeffe', '', '', '', '', '', '', '0', '', '', '', '', '', '0', '0', '', '0', '0' ), ( 419, 'CON158', 0, 'Mr.', 'Varun', 'Rajagopalan', 'rajagopalan.varun@yahoo.com', '1-513-828-2612', '1-513-828-2612', '', '', '', '0', '', '', '', '', '', '0', '0', '', '0', '0' ), ( 422, 'CON159', 15, 'Mr.', 'Amarjeet', 'Naik', '', '877 340 6867', '877 340 6867', '', '', '', '0', '', '', '', '', '', '0', '0', '', '0', '0' ), ( 423, 'CON160', 15, '--None--', 'Shruthi', 'Vasishta', 'Shruthi.Vasishta@lntinfotech.com', '', '408-341-5706', '', '', '', '0', '', '', '', '', '', '0', '0', '', '0', '0' ), ( 424, 'CON161', 0, '--None--', 'Ricardo', 'Marquet', 'ricardomarquet@gmail.com', '', '+52133 3119 5261', 'ServiceNow developer', '', '', '0', '', '', '', '', '', '0', '0', '', '0', '0' ), ( 428, 'CON162', 0, '--None--', 'Estela', 'Gonzalez', 'egparal@yahoo.ca', '+1(416) 301-3599', '', 'Lawyer', '', '', '0', '', '', '', '', '', '0', '0', '', '0', '0' ), ( 429, 'CON163', 0, 'Mr.', 'Anwar', 'Khan', 'a_h_khan@hotmail.com', '917-561-5113', '917-561-5113', '', '', '', '0', '', '', '', '', '', '0', '0', '', '0', '0' ), ( 432, 'CON164', 0, 'Mr.', 'Hamid', 'Jamshidi', 'hamidrj@bgsu.edu', '419 575 3470', '419 575 3470', '', '', '', '0', '', '', '', '', '', '0', '0', '', '0', '0' ), ( 435, 'CON165', 0, 'Ms.', 'Vijaya', 'Jonnalagadda', 'ang.viju@gmail.com', '425-272-0372', '425-272-0372', '', '', '', '0', '', '', '', '', '', '0', '0', '', '0', '0' ), ( 438, 'CON166', 0, 'Mr.', 'Rajaselvakumar', 'Suthanthiraraj', 'rajaselvakumar@gmail.com', '6508922624', '6508922624', '', '', '', '0', '', '', '', '', '', '0', '0', '', '0', '0' ), ( 441, 'CON167', 0, '--None--', 'Sergio', 'Paniagua', 'sergio.paniagua.diaz@gmail.com', '', '+5215512905379', '', '', '', '0', '', '', '', '', '', '0', '0', '', '0', '0' ), ( 444, 'CON168', 12, '--None--', 'Bill', 'Mellen', 'bmellen@aquinasconsulting.com', '', '+1203-877-2828', '', '', '', '0', '', '', '', '', '', '0', '0', '', '0', '0' ), ( 453, 'CON169', 0, 'Ms.', 'Madhu', 'Yukta', 'madhuyukta@yahoo.com', '+1-408-637-1835', '+1-408-637-1835', '', '', '', '0', '', '', '', '', '', '0', '0', '', '0', '0' ), ( 474, 'CON170', 0, 'Mr.', 'Enrique', 'Izaguirre', 'enrique.izaguirre@gmail.com', '', '+521(81) 1316-0155', 'Windows and Linux Driver Development', '', '', '0', '', '', '', '', '', '0', '0', '', '0', '0' ), ( 475, 'CON171', 0, 'Mr.', 'Pedro', 'Castellanos', 'ipeter.castellanos@gmail.com', '', '+5213316990369', 'BI / ETL Consultant with Ab Initio', '', '', '0', '', '', '', '', '', '0', '0', '', '0', '0' ), ( 476, 'CON172', 0, 'Mr.', 'Jos', 'Corona', 'jcoroalc@gmail.com', '', '+52 (55) 2614-69-59', 'Ab Initio Developer', '', '', '0', '', '', '', '', '', '0', '0', '', '0', '0' ), ( 482, 'CON173', 158, '--None--', 'Sunil', 'Mistri', '', '+1-289-937-0636', '+1-289-937-0636', '', '', '', '0', '', '', '', '', '', '0', '0', '', '0', '0' ), ( 490, 'CON174', 0, '--None--', 'Edgar', 'Sanchez', 'sanchezaldrete@yahoo.com', '', '+52 1(55) 1820 0745', 'Senior BI Architect / Datastage', '', '', '0', '', '', '', '', '', '0', '0', '', '0', '0' ), ( 493, 'CON175', 0, '--None--', 'Francisco', 'Becerril', 'pacobull@hotmail.com', '', '+52 (444) 3059596', 'Siebel Developer and Architect', '', '', '0', '', '', '', '', '', '0', '0', '', '0', '0' ), ( 495, 'CON176', 0, '--None--', 'Eduardo', 'Garcia Ulloa', '', '', '+5213316000928', 'AB Initio Developer', '', '', '0', '', '', '', '', '', '0', '0', '', '0', '0' ), ( 497, 'CON177', 0, '--None--', 'Francisco', 'Garca', 'fgarciag53@gmail.com', '8183781617', '', 'Engiree account manager', '', '', '0', '', '', '', '', '', '0', '0', '', '0', '0' ), ( 498, 'CON178', 0, '--None--', 'Octavio', 'Montufar', 'Octavio_montufar@hotmail.com', '', '+521 5526991548', 'SAS Developer', '', '', '0', '', '', '', '', '', '0', '0', '', '0', '0' ), ( 501, 'CON179', 0, '--None--', 'Gabriel Arturo', 'Villada Manzanera', 'Arturo.villada@gmail.com', '', '+52 155 40849799', 'SAS Developer', '', '', '0', '', '', '', '', '', '0', '0', '', '0', '0' ), ( 505, 'CON180', 0, 'Mr.', 'Kashif', 'Khan', 'rafzain@gmail.com', '', '201-336-2423.', 'Hadoop and Big Data Expert', '', '', '0', '', '', '', '', '', '0', '0', '', '0', '0' ), ( 508, 'CON181', 0, 'Mr.', 'Chandrakanth', 'Belde', 'chandrakanth.belda@gmail.com', '', '+ 732-484-8325', 'SAS Financial Management', '', '', '0', '', '', '', '', '', '0', '0', '', '0', '0' ), ( 511, 'CON182', 0, 'Mr.', 'Vijay', 'Battu', 'essbasevijay@gmail.com', '', '+16782749358', 'Hyperion Financial Management', '', '', '0', '', '', '', '', '', '0', '0', '', '0', '0' ), ( 514, 'CON183', 0, 'Mr.', 'Faisal', 'Khan', 'faisalkhan1129@gmail.com', '', '516-450-8525', 'Hyperion Financial Management', '', '', '0', '', '', '', '', '', '0', '0', '', '0', '0' ), ( 517, 'CON184', 0, 'Mr.', 'Chaitesh', 'Patel', 'chaitesh.patel@yahoo.com', '', '(860) 578-4634', 'SAS Financial Management', '', '', '0', '', '', '', '', '', '0', '0', '', '0', '0' ), ( 521, 'CON185', 0, 'Ms.', 'Haritha', 'Bandi', 'harithab745@gmail.com', '', '989-954-1939', 'Hyperion Financial Management', '', '', '0', '', '', '', '', '', '0', '0', '', '0', '0' ), ( 524, 'CON186', 0, 'Mr.', 'Guillermo Ruy', 'Huerta Barbosa', 'ruy.huerta@gmail.com', '', '(34)628625197', 'Functional Testing', '', '', '0', '', '', '', '', '', '0', '0', '', '0', '0' ), ( 527, 'CON187', 0, 'Mr.', 'Salil', 'Deshpande', 'Deshpande.sj@gmail.com', '', '+17788092949', 'Functional Tester', '', '', '0', '', '', '', '', '', '0', '0', '', '0', '0' ), ( 530, 'CON188', 0, 'Mr.', 'JAIME', 'BERNAL', 'jbernalm2000@hotmail.com', '', '416.225.2598', 'Project Manager', '', '', '0', '', '', '', '', '', '0', '0', '', '0', '0' ), ( 533, 'CON189', 0, 'Mr.', 'JAGAN MOHAN', 'SRINIVAS', 'jaganmohansyd@hotmail.com', '', '4389316349', 'ETL Architect, SAP Hana, BO', '', '', '0', '', '', '', '', '', '0', '0', '', '0', '0' ), ( 536, 'CON190', 0, 'Mr.', 'Ramses', 'Salinas', 'Ramses.Salinas@sas.com', '', '+521 (55) 85340759', 'SAS Administrator and SAS Developer', '', '', '0', '', '', '', '', '', '0', '0', '', '0', '0' ), ( 539, 'CON191', 0, 'Ms.', 'Patricia Marge', 'Flores', 'pflores.1105@gmail.com', '', '+15189557320', 'Servicenow Project Manager', '', '', '0', '', '', '', '', '', '0', '0', '', '0', '0' ), ( 542, 'CON192', 0, 'Mr.', 'Gagandeep', 'Singh', 'gds8877@yahoo.ca', '', '647 654 8878', 'ETL Architect', '', '', '0', '', '', '', '', '', '0', '0', '', '0', '0' ), ( 545, 'CON193', 0, 'Mr.', 'UDAYPAL (PAUL)', 'NATT', 'paul_natt@yahoo.com', '', '289-946-2111', 'ETL Architect', '', '', '0', '', '', '', '', '', '0', '0', '', '0', '0' ), ( 548, 'CON194', 0, 'Mr.', 'Yoan', 'Bolduc', 'yoan.bolduc@yobotech.com', '', '581 983 4973', 'SAS BI Administrator', '', '', '0', '', '', '', '', '', '0', '0', '', '0', '0' ), ( 551, 'CON195', 0, 'Mr.', 'Srinivasan', 'Pakkirisamy', 'srinivasan.apps@gmail.com', '', '001-519 362 3762', 'Oracle E-business suite Financial and supply chain', '', '', '0', '', '', '', '', '', '0', '0', '', '0', '0' ), ( 554, 'CON196', 0, 'Mr.', 'Ola', 'Karim', 'olakarim1@gmail.com', '', '(857) 233 6622', 'Servicenow Developer and Admin', '', '', '0', '', '', '', '', '', '0', '0', '', '0', '0' ), ( 557, 'CON197', 0, '--None--', 'Henry', 'Korszun', 'henryk302@yahoo.com', '(203) 901-2839', '(203) 901-2839', 'Java J2EE Developer', '', '', '0', '', '', '', '', '', '0', '0', '', '0', '0' ), ( 560, 'CON198', 15, '--None--', 'Vishal', 'Chandramany', '', '+1732.248.6118', '+1 732.331.5531', '', '', '', '0', '', '', '', '', '', '0', '0', '', '0', '0' ), ( 561, 'CON199', 562, '--None--', 'Mario', 'Ruiz', 'mario@OSIengineering.com', '408.550.2800', '408.550.2800', '', '', '', '0', '', '', '', '', '', '0', '0', '', '0', '0' ), ( 563, 'CON200', 0, '--None--', 'Yariv', 'Kaplan', 'yariv@internals.com', '(512) 949-1831', '', 'Windows driver debeloper', '', '', '0', '', '', '', '', '', '0', '0', '', '0', '0' ), ( 565, 'CON201', 0, 'Mr.', 'Daniel Anguiano', 'Santillan', 'anguianodaniel@gmail.com', '', '+52(331)1690525', 'Service-Now Lead/Senior Developer/Admin', '', '', '0', '', '', '', '', '', '0', '0', '', '0', '0' ), ( 568, 'CON202', 0, 'Mr.', 'Ravish', 'Shetty', 'shettyravish@gmail.com', '', '+91-9820207451', 'Service now Developer', '', '', '0', '', '', '', '', '', '0', '0', '', '0', '0' ), ( 572, 'CON203', 0, 'Mr.', 'Salvador', 'Marchan', 'salvador.marchan@gmail.com', '', '416-827-3360', 'Service now developer/administrator', '', '', '0', '', '', '', '', '', '0', '0', '', '0', '0' ), ( 575, 'CON204', 0, '--None--', 'Paula', 'Bustamante', 'paulabtev@gmail.com', 'Skype: paulabtve07', '', 'Siebel tech lead', '', '', '0', '', '', '', '', '', '0', '0', '', '0', '0' ), ( 579, 'CON205', 305, '--None--', 'Ivan', 'Galvez', 'ivan.galvez@sintesys.us', '12034009916', '12034009916', '', '', '', '0', '', '', '', '', '', '0', '0', '', '0', '0' ), ( 581, 'CON206', 0, '--None--', 'German', 'Vela', 'gvela39@hotmail.com', '+1514-9964020', '+1514-9964020', 'Sr. Siebel Developer', '', '', '0', '', '', '', '', '', '0', '0', '', '0', '0' ), ( 588, 'CON207', 0, '--None--', 'Juan Luis', 'Galvez', '', '', '', '', '', '', '0', '', '', '', '', 'juanluis@sintesys.us', '0', '0', '', '0', '0' ), ( 589, 'CON208', 0, '--None--', 'New One', 'Galvez', '', '', '', '', '', '', '0', '', '', '', '', 'otherone@sintesys.us', '0', '0', '', '0', '0' ), ( 592, 'CON209', 0, 'Mr.', 'Sankeerth', 'Alapati', 'alapatisankeerth@gmail.com', '', '301-591-4332', 'Hyperion Essbase, planning, FDQM', '', '', '0', '', '', '', '', '', '0', '0', '', '0', '0' ), ( 597, 'CON210', 0, 'Mr.', 'Ankur', 'Patel', 'Patank429@gmail.com', '', '(937)216-9383', 'SAS Financial Management', '', '', '0', '', '', '', '', '', '0', '0', '', '0', '0' ), ( 604, 'CON211', 0, 'Mr.', 'Sharma', 'Sharma', 'obieeca@gmail.com', '', '559-579-7249(Primary)/ (424)-625-8563  (secondary)', 'Senior OBIEE/ODI Developer', '', '', '0', '', '', '', '', '', '0', '0', '', '0', '0' ), ( 607, 'CON212', 0, 'Mr.', 'Benjamin', 'Sheehy', 'bsheehy1968@gmail.com', '', '(720) 394-5735', 'ServiceNow Develop/Administrator/Consultant', '', '', '0', '', '', '', '', '', '0', '0', '', '0', '0' ), ( 610, 'CON213', 0, 'Mr.', 'Ajay Anugu', 'Kumar', 'anuguajayreddy@gmail.com', '', '1-513-658-2565', 'Service now Lead/Developer/Admin', '', '', '0', '', '', '', '', '', '0', '0', '', '0', '0' ), ( 613, 'CON214', 0, 'Mr.', 'David', 'Daza', 'davdaza@hotmail.com', '', '+1 416 525-9639', 'Siebel Consultant', '', '', '0', '', '', '', '', '', '0', '0', '', '0', '0' ), ( 616, 'CON215', 0, 'Mr.', 'Javed', 'Syed', 'jsyedbi@gmail.com', '', '+1-703-679-7861', 'Senior Talend Developer', '', '', '0', '', '', '', '', '', '0', '0', '', '0', '0' ), ( 619, 'CON216', 0, 'Ms.', 'Latha', 'Latha', 'nkolla09@gmail.com', '', '732-618-8969', 'Talend Developer', '', '', '0', '', '', '', '', '', '0', '0', '', '0', '0' ), ( 622, 'CON217', 0, 'Mr.', 'Juan Carlos', 'de la Rocha Loya', 'jc_correo@hotmail.com', '', '+5215526853394', 'SAS Project Manager', '', '', '0', '', '', '', '', '', '0', '0', '', '0', '0' ), ( 625, 'CON218', 0, 'Mr.', 'Raju', 'V', 'rajnaik653@gmail.com', '', '203-414-6127', 'Talend Developer', '', '', '0', '', '', '', '', '', '0', '0', '', '0', '0' ), ( 628, 'CON219', 0, '--None--', 'Daniel', 'Heaney', 'danielheaney@hotmail.com', 'Skypeid: danielheaney', '8110715068', 'Android/iphone developer', '', '', '0', '', '', '', '', '', '0', '0', '', '0', '0' ), ( 632, 'CON220', 0, 'Mr.', 'Vimal', 'Thinagarsamy', 'tvimal.mca@gmail.com', '', '267-317-5048', 'Datawarehousing Lead', '', '', '0', '', '', '', '', '', '0', '0', '', '0', '0' ), ( 635, 'CON221', 0, 'Mr.', 'Xiaopeng', 'Lu', 'luxp4210@gmail.com', '', '(423) 747-6581', 'Core Java Developer', '', '', '0', '', '', '', '', '', '0', '0', '', '0', '0' ), ( 638, 'CON222', 0, 'Ms.', 'Reetika', 'Sethi', 'reetikasethi@gmail.com', '', '+1 (806)252-8640', 'Core Java Developer', '', '', '0', '', '', '', '', '', '0', '0', '', '0', '0' ), ( 643, 'CON223', 0, '--None--', 'Rajesh', 'Ankam', 'Rajeshwer_Ankam@mahindrasatyam.com', '+919848152862', '', '', '', '', '0', '', '', '', '', '', '0', '0', '', '0', '0' ), ( 644, 'CON224', 0, 'Mr.', 'Mario', 'Quiroz', 'zacek3082@gmail.com', '', '04555-34083677', 'EAI Siebel', '', '', '0', '', '', '', '', '', '0', '0', '', '0', '0' ), ( 645, 'CON225', 0, 'Mr.', 'Karthik', 'Sakkuri', 'kars18ster@gmail.com', '', '540-353-3684', 'Senior RMS Consultant', '', '', '0', '', '', '', '', '', '0', '0', '', '0', '0' ), ( 648, 'CON226', 0, 'Mr.', 'Saket', 'Chaudhari', 'saketdchaudhari@gmail.com', '', '(781)228-0429', 'Senior Java developer', '', '', '0', '', '', '', '', '', '0', '0', '', '0', '0' ), ( 649, 'CON227', 0, 'Mr.', 'Prakash', 'Gari', 'prakash.gari@live.com', '', '(714) 646-3343', 'Senior BODS Consultant', '', '', '0', '', '', '', '', '', '0', '0', '', '0', '0' ), ( 652, 'CON228', 0, 'Mr.', 'Sachin', 'Sasy', 'sachinsasy@gmail.com', '', '647 867 3039', 'Senior Java Developer', '', '', '0', '', '', '', '', '', '0', '0', '', '0', '0' ), ( 655, 'CON229', 0, 'Mr.', 'Ishwar', 'Lad', 'ishwarlad@gmail.com', '', '214-783-2848', 'Servicenow Developer/Adminstrator', '', '', '0', '', '', '', '', '', '0', '0', '', '0', '0' ), ( 658, 'CON230', 0, 'Mr.', 'Thejesh', 'Kumar', 'thejesh.leburu@gmail.com', '', '(870)-643-0044', 'Servicenow Developer/Administrator/Architect', '', '', '0', '', '', '', '', '', '0', '0', '', '0', '0' ), ( 661, 'CON231', 0, 'Ms.', 'Saahiti', 'Saahiti', 'saahiti7@gmail.com', '', '630-210-6437', 'Senior BODS Consultant', '', '', '0', '', '', '', '', '', '0', '0', '', '0', '0' ), ( 664, 'CON232', 0, 'Mr.', 'Syed', 'Niamathullah', 'SYED.NIAMATHULLA@GMAIL.COM', '', '647.293.5810', 'Oracle HRMS', '', '', '0', '', '', '', '', '', '0', '0', '', '0', '0' ), ( 667, 'CON233', 0, '--None--', 'Moshfiq', 'Khan', 'moshfiqkhan@gmail.com', '', '+1 403 613 1395', '', '', '', '0', '', '', '', '', '', '0', '0', '', '0', '0' ), ( 669, 'CON234', 0, '--None--', 'Jose Arturo', 'Reyes Romero', 'areyesro@hotmail.com', '', '044 55 22950626', 'Service-Now Administrator and Developer', '', '', '0', '', '', '', '', '', '0', '0', '', '0', '0' ), ( 674, 'CON235', 0, '--None--', 'Ozzie', 'Sutcliffe', 'oz.sutcliffe@gmail.com', '', '', 'Servicenow', '', '', '0', '', '', '', '', '', '0', '0', '', '0', '0' ), ( 675, 'CON236', 0, '--None--', 'sundeep', 'Reddy', 'sundeep.hadoop@hotmail.com', '757-478-5065', '', 'Hadoop engineer', '', '', '0', '', '', '', '', '', '0', '0', '', '0', '0' ), ( 676, 'CON237', 0, 'Mr.', 'Sasi', 'Nagireddy', 'reddy.sasikumar@gmail.com', '', '(502) 303 7669', 'Senior OBIEE Developer', '', '', '0', '', '', '', '', '', '0', '0', '', '0', '0' ), ( 679, 'CON238', 0, 'Mr.', 'Srinivasan', 'Venkatasubramanian', 'srinivasanvenkats@gmail.com', '', '937-626-4649', 'Oracle EBS R12', '', '', '0', '', '', '', '', '', '0', '0', '', '0', '0' ), ( 682, 'CON239', 0, 'Mr.', 'Luis Renato', 'Rojas Cruz', 'renatorojas@gmail.com', '', '+52155 54161972', 'SAS GRID Consultant', '', '', '0', '', '', '', '', '', '0', '0', '', '0', '0' ), ( 685, 'CON240', 0, 'Mr.', 'Alejandro', 'Samaniego', 'alejandrosamaniego05@gmail.com', '', '+521 449 1670775', 'Service Now Developer', '', '', '0', '', '', '', '', '', '0', '0', '', '0', '0' ), ( 688, 'CON241', 0, 'Mr.', 'Moshfiq', 'Khan', 'moshfiqkhan@gmail.com', '', '+1 403 613 1395', 'Service now Developer', '', '', '0', '', '', '', '', '', '0', '0', '', '0', '0' ), ( 729, 'CON242', 691, '--None--', 'Venkat', 'Pathi', 'venkat@idctechnologies.com', '408-376-0212', '', '', '', '', '0', '', '', '', '', '', '0', '0', '', '0', '0' ), ( 730, 'CON243', 0, '--None--', 'Israel', 'Gaytan', 'isragaytan@gmail.com', '', '+5215548493396', '', '', '', '0', '', '', '', '', '', '0', '0', '', '0', '0' ), ( 733, 'CON244', 0, 'Mr.', 'Eloy', 'Alonso', 'eloybayona@gmail.com', '', '+52 1 3311109546', 'Service now Developer', '', '', '0', '', '', '', '', '', '0', '0', '', '0', '0' ), ( 734, 'CON245', 0, '--None--', 'Hector', 'Cuesta', 'hmcuesta.data@gmail.com', '', '+52155 38 53 0071', 'Hadoop Developer / Big Data Architect', '', '', '0', '', '', '', '', '', '0', '0', '', '0', '0' ), ( 742, 'CON246', 0, 'Mr.', 'Alfredo', 'Lopez', 'alfredo.alejandro.lopez.s@gmail.com', '', '+521-45252-52390', 'Service now developer/administrator', '', '', '0', '', '', '', '', '', '0', '0', '', '0', '0' ), ( 745, 'CON247', 0, 'Mr.', 'RICARDO', 'GUTIERREZ PARRA', 'tahur1787@hotmail.com', '', '+521 33 1450 3350', 'Service now developer/administrator', '', '', '0', '', '', '', '', '', '0', '0', '', '0', '0' ), ( 748, 'CON248', 0, 'Mr.', 'Zeeshan', 'Tariq', 'zeeshtariq@yahoo.com', '', '+18134700650', 'Senior Maximo Consultant', '', '', '0', '', '', '', '', '', '0', '0', '', '0', '0' ), ( 751, 'CON249', 0, 'Mr.', 'Jose Arturo', 'De Los Angeles', 'josearturodelosangeles@gmail.com', '', '521 22 22 33 62 83', 'Oracle pl/sql developer', '', '', '0', '', '', '', '', '', '0', '0', '', '0', '0' ), ( 754, 'CON250', 0, 'Ms.', 'Suneetha', 'Pothireddy', '', '', '973 906 5072', 'Solution Architect - Servicenow', '', '', '0', '', '', '', '', '', '0', '0', '', '0', '0' ), ( 757, 'CON251', 0, 'Mr.', 'Loyola Ignatius', 'Amalraj', 'mail4loys@yahoo.com', '', '+1-678-938-4371', 'Service now Architect, Practice Lead and Principal', '', '', '0', '', '', '', '', '', '0', '0', '', '0', '0' ), ( 767, 'CON252', 0, 'Ms.', 'MONICA GOMEZ', 'RAMIREZ', 'monisgr21@yahoo.com', '', '(+52) 1 6642027464', 'Business Analyst', '', '', '0', '', '', '', '', '', '0', '0', '', '0', '0' ), ( 772, 'CON253', 0, 'Ms.', 'Mara del Mar', 'Garca Hernndez', 'marimar.gh@gmail.com', '', '+52 13333779050', 'Service now Administrator', '', '', '0', '', '', '', '', '', '0', '0', '', '0', '0' ), ( 775, 'CON254', 0, 'Mr.', 'Azanias', 'Sanchez Urbano', 'azanias@icloud.com', '+12037017103', 'Mobile: +521-331-748-2050', 'Service now Developer', '', '', '0', '', '', '', '', '', '0', '0', '', '0', '0' ), ( 780, 'CON255', 0, 'Mr.', 'Jose Antonio', 'Torres Ramirez', 'jose.torres33@yahoo.com', '', '52 1 (777)3041958', 'ASP .net developer', '', '', '0', '', '', '', '', '', '0', '0', '', '0', '0' ), ( 783, 'CON256', 0, 'Mr.', 'Alfonso', 'Cardenas', 'ponchoc@gmail.com', '', '+52 1 5525729560', 'SalesForce/Siebel consultant', '', '', '0', '', '', '', '', '', '0', '0', '', '0', '0' ), ( 786, 'CON257', 0, 'Mr.', 'Christian Alfredo', 'Rodriguez Martinez', 'khris.13@gmail.com', '', '+52133 11 30 52 57', 'ASP .net developer', '', '', '0', '', '', '', '', '', '0', '0', '', '0', '0' ), ( 789, 'CON258', 0, 'Mr.', 'David Meza', 'Huerta', 'dmeza@live.com.mx', '', '+521-3317022298', 'AIX/UNIX/Linux Systems Administrator', '', '', '0', '', '', '', '', '', '0', '0', '', '0', '0' ), ( 792, 'CON259', 0, 'Mr.', 'ROBERTO FERNANDEZ', 'DOMINGUEZ', 'bobyfd88@gmail.com', '', '+5215545700275', 'AIX/UNIX/Linux Systems Administrator', '', '', '0', '', '', '', '', '', '0', '0', '', '0', '0' ), ( 795, 'CON260', 158, '--None--', 'Manoj', 'Bhatia', 'Manoj.Bhatia@techmahindra.com', '+1 732.823.8781', '', '', '', '', '0', '', '', '', '', '', '0', '0', '', '0', '0' );
/*!40000 ALTER TABLE `vtiger_contactdetails` ENABLE KEYS */;
UNLOCK TABLES;

--
-- Table structure for table vtiger_contactscf
--

DROP TABLE IF EXISTS vtiger_contactscf;
SET @saved_cs_client = @@character_set_client;
SET character_set_client = utf8;
CREATE TABLE `vtiger_contactscf` (
  `contactid` int(19) NOT NULL DEFAULT '0',
  `cf_640` varchar(255) DEFAULT '',
  `cf_641` varchar(255) DEFAULT '',
  `cf_642` varchar(50) DEFAULT '',
  `cf_643` date DEFAULT NULL,
  `cf_644` varchar(255) DEFAULT '',
  `cf_645` varchar(255) DEFAULT '',
  `cf_646` varchar(255) DEFAULT '',
  `cf_647` text,
  `cf_648` varchar(255) DEFAULT '',
  `cf_649` decimal(7,0) DEFAULT NULL,
  `cf_650` decimal(7,0) DEFAULT NULL,
  `cf_651` varchar(255) DEFAULT '',
  `cf_657` decimal(7,2) DEFAULT NULL,
  `cf_658` varchar(255) DEFAULT '',
  `cf_659` varchar(30) DEFAULT '',
  `cf_660` varchar(255) DEFAULT '',
  `cf_661` varchar(255) DEFAULT '',
  `cf_662` date DEFAULT NULL,
  `cf_663` date DEFAULT NULL,
  `cf_664` decimal(9,2) DEFAULT NULL,
  `cf_665` varchar(10) DEFAULT '',
  PRIMARY KEY (`contactid`),
  CONSTRAINT `fk_1_vtiger_contactscf` FOREIGN KEY (`contactid`) REFERENCES `vtiger_contactdetails` (`contactid`) ON DELETE CASCADE
) ENGINE=InnoDB DEFAULT CHARSET=utf8;
SET character_set_client = @saved_cs_client;

--
-- Dumping data for table vtiger_contactscf
--

LOCK TABLES `vtiger_contactscf` WRITE;
/*!40000 ALTER TABLE `vtiger_contactscf` DISABLE KEYS */;
INSERT INTO vtiger_contactscf ( CONTACTID, CF_640, CF_641, CF_642, CF_643, CF_644, CF_645, CF_646, CF_647, CF_648, CF_649, CF_650, CF_651, CF_657, CF_658, CF_659, CF_660, CF_661, CF_662, CF_663, CF_664, CF_665 ) VALUES ( 5, '', '', '', null, '', '', '', '', '', 0, 0, '', 0, '', '', '', '', null, null, 0, '' ), ( 13, 'Customer', 'None', '', null, '', '', '', '', '', 0, 0, 'Contacted', 0, '', '', '', '', null, null, 0, '' ), ( 19, 'Candidate- Passive', 'US Citizen', 'US', '2012-11-06', 'Java J2EE', 'Java Script', 'Tomcat', 'Software/Technologies: \r\n	Java, J2EE, JSP, Spring, XML, UML, HTML, PL/SQL, Java Script, Weblogic, Tomcat\r\n	Shell scripting, Mainframe\r\n	Oracle, PL/SQL, JDBC\r\nOperating Systems: Unix (Solaris), Windows\' 95, WindowsXP and WinNT', 'US', 110000, 0, 'Offer Accepted', 0, '', '', '', '', null, null, 0, '' ), ( 23, 'Customer', 'None', '', null, '', '', '', '', '', 0, 0, 'Contacted', 0, '', '', '', '', null, null, 0, '' ), ( 30, 'Customer', 'None', '', null, '', '', '', '', '', 0, 0, 'Contacted', 0, '', '', '', '', null, null, 0, '' ), ( 31, 'Candidate- Passive', 'H1', 'Indian', '2012-12-31', 'Peoplesoft', 'SAP HR', 'Kronos', 'ERP                         	  PeopleSoft  HCM/HRMS 9.1/9.0/8.9 /8.8/8.3\r\nDevelopment Tools   	Application Designer, Application Engine, Process Scheduler, PS Query, Tree Manager, File Layout, Component Interface, Integration broker, Data Mover and People Code.\r\nReporting Tools  	PS/ query, XML publisher, SQR\r\nRDMS                      	Oracle 9i, Ms SQL Server\r\nLanguages	SQL, PL/SQL\r\nOther Tools	Mercury Quality center, Toad , Oracle SQL Developer, Abinitio  GDE 1.4 , Kronos WFC , DCM 6.0,Unix Shell Scripting', 'USA', 85000, 0, 'Contacted', 0, '', '', '', '', null, null, 0, '' ), ( 34, 'Customer', 'Green Card Holdr', 'Indian', null, 'JSP, JSF, EJB, Servlets, Swing, CSS, Java Beans, MVC, JDBC, JMS, JNDI,', '', '', 'Web Technologies & APIs	JSP, JSF, EJB, Servlets, Swing, CSS, Java Beans, MVC, JDBC, JMS, JNDI, HTML, , DHTML, XML, XSLT\nLanguages	Java1.4, C, C++, Perl, JavaScript, SAS, SQL, PL/SQL\nRDBMS	Oracle 9i, DB2, MySql\nIDE	WSAD, Eclipse, JBuilder, Visual Age\nOpen Source Tools	Ant, Struts, JSTL, Tiles, Spring, Hibernate\nOperating Systems	Dos, Windows NT/2000/XP, Unix, Solaris, Linux\nWeb/App Servers	WebLogic 8.1, WebSphere 5.1.2, Apache Axis 1.0, Tomcat JBOSS\nGraphic Tools	Dreamweaver, Macromedia Flash\nMiddleware	RMI, JMS\nOOAD / VC	 UML, RUP, Clearcase, , Clearquest\n', '', 0, 100000, 'Contacted', 0, '', '', '', '', null, null, 0, '' ), ( 37, 'Candidate- Passive', 'Other', 'Indian - EAD', null, 'Oracle DBA', '', '', 'Databases: 	Oracle 11g/10g/9i Tools: 	TOAD, RMAN, Data Guard, OEM, SQL Net, Import/Export, Data Pump Import/Export, Statspack, SQL Loader, SQL Plus, Shareplex Replication, Streams, BCV and SRDF,Oracle 10g R2 RAC Platforms: 	Windows Vista/XP/2000/98/NT, IBM AIX, Solaris', '', 0, 0, 'Contacted', 0, '', '', '', '', null, null, 0, '' ), ( 41, 'Candidate- Passive', 'Green Card Holdr', 'Mexican', '2012-11-12', 'Web technology (Java J2EE, Java Servlets, JavaScript, AJAX, JSON, JSP)', '', '', 'Web technology (Java J2EE, Java Servlets, JavaScript, AJAX, JSON, JSP)', 'United States', 70000, 0, 'Contacted', 0, '', '', '', '', null, null, 0, '' ), ( 44, 'Candidate- Passive', 'TN', 'Mexican', null, '.Net Framework 4.0 ASP.NET C# JavaScript Online Certificate Status Protocol Request For Comments 2560 standard Public Key Infrastructure & Public Key Cryptography Standards  SQL Server 2005 / 2008 Time Stamp Protocol RFC 3161 standard Visual Studio 2010 A', '', '', '.Net Framework 4.0\r\nASP.NET\r\nC#\r\nJavaScript\r\nOnline Certificate Status Protocol Request For Comments 2560 standard\r\nPublic Key Infrastructure & Public Key Cryptography Standards \r\nSQL Server 2005 / 2008\r\nTime Stamp Protocol RFC 3161 standard\r\nVisual Studio 2010\r\nAjax\r\nApache (TOMCAT)\r\nC/C++\r\nCSS\r\nJava\r\nJQUERY\r\nLINQ\r\nSilverlight\r\nTeam Foundation Server (TFS)\r\nUML\r\nWCF\r\nHTML\r\nMicrosoft SourceSafe\r\nMicrosoft SQL Azure', '', 0, 0, 'Contacted', 63.00, '', '', '', '', null, null, 0, '' ), ( 66, 'Candidate- Passive', 'TN', 'Mexican', null, 'Oracle Identity Manager, Oracle Access Manager, Oracle Internet Directory, Oracle Identity Analytics', 'Oracle Identity Manager, Oracle Access Manager, Oracle Internet Directory, Oracle Identity Analytics', '', '', 'Mexico', 0, 0, 'Contacted', 0, '', '', '', '', null, null, 0, '' ), ( 69, 'Candidate- Passive', 'None', 'Mexican', null, 'SOFTWARE: C/C++ VB 6.0 Perl Ksh Scripts Java Scripts Java Assembler  Oracle Tools and DB Oracle SQL Postgres Sun IDM Developer  Software Control Source Safe Clear Case Subversion', '', '', 'SOFTWARE:\r\nC/C++\r\nVB 6.0\r\nPerl\r\nKsh Scripts\r\nJava Scripts\r\nJava\r\nAssembler\r\n\r\nOracle Tools and DB\r\nOracle\r\nSQL\r\nPostgres\r\nSun IDM Developer\r\n\r\nSoftware Control\r\nSource Safe\r\nClear Case\r\nSubversion', '', 0, 0, 'Contacted', 0, '', '', '', '', null, null, 0, '' ), ( 72, 'Candidate- Passive', 'None', 'Mexican', null, '.Net', 'c#', 'JavaScript', 'C#\r\nSQL Server 2005 / 2008 \r\nASP.NET\r\nHTML\r\nXML\r\nPL/SQL\r\nJavaScript\r\nCSS\r\nWebServices\r\nXML to Linq\r\nXSLT\r\nHTML5\r\nXAML', '', 0, 0, 'Contacted', 0, '', '', '', '', null, null, 0, '' ), ( 75, 'Candidate- Passive', 'None', 'Mexican', null, 'Informatica', 'Power Center', 'Oracle Warehouse Builder', 'Informatica PowerCenter,\r\nOracle Business Intelligence Enterprise Edition\r\nOracle Warehouse Builder', 'Mexico', 0, 0, 'Contacted', 0, '', '', '', '', null, null, 0, '' ), ( 78, 'Candidate- Passive', 'None', 'Mexican', null, 'Oracle DBA', '', '', '	15+ years of functional experience as Oracle DBA including 8+ years of solid Oracle PeopleSoft experience. Areas of interest and strength include Oracle Administration and Oracle PeopleSoft Applications Implementation and its Interface/ Integration with 3rd Party Software.\r\n	Completed 3 live Oracle PeopleSoft Applications full life cycle implementations and 2 upgrade/support project.\r\n	Strong in Oracle RMAN, Data Guard, Backup and Recovery, Tuning and Optimization, Database and PeopleSoft Upgrades.\r\n	Country experience including USA, Mexico and India.\r\n	Excellent communication, team building and project management skills.', 'Mexico', 0, 0, 'Contacted', 0, '', '', '', '', null, null, 0, '' ), ( 81, 'Candidate- Passive', 'H1', 'Indian', null, 'Core Java, Hibernate, Spring, Struts, TIBCO BW, EMS, MQ, EJB, JMS, JUnit, Mock Objects, Servlets, JSP, JNDI, Java Beans, JDBC, XML, XSLT, Web Services, Oracle, IBM DB2, Maven, OOAD, UML, Weblogic, Websphere, Eclipse, RAD, WSAD, TOAD, DBArtisan.', '', '', 'Core Java, Hibernate, Spring, Struts, TIBCO BW, EMS, MQ, EJB, JMS, JUnit, Mock Objects, Servlets, JSP, JNDI, Java Beans, JDBC, XML, XSLT, Web Services, Oracle, IBM DB2, Maven, OOAD, UML, Weblogic, Websphere, Eclipse, RAD, WSAD, TOAD, DBArtisan.', '', 0, 0, 'Contacted', 0, '', '', '', '', null, null, 0, '' ), ( 84, 'Customer', 'TN', 'Mexican', null, '	Java EE: Servlet, JSP, EL, JSTL, JSF, Facelets, EJB 2.x/3.x, JPA, CDI, JMS, JTA, JAXP, JAXB, DOM, SAX, StAX, XSLT, JDBC, JCA, JavaMail 	Frameworks: Struts, Spring, Hibernate, Richfaces, JQuery, Apache POI, Log4J, Slf4J 	Tools: RAD, Eclipse, Netbeans, ', '', '', '	Java EE: Servlet, JSP, EL, JSTL, JSF, Facelets, EJB 2.x/3.x, JPA, CDI, JMS, JTA, JAXP, JAXB, DOM, SAX, StAX, XSLT, JDBC, JCA, JavaMail\r\n	Frameworks: Struts, Spring, Hibernate, Richfaces, JQuery, Apache POI, Log4J, Slf4J\r\n	Tools: RAD, Eclipse, Netbeans, JDeveloper, TOAD, SQL-Plus, CVS, MS Project, Rational Rose', '', 0, 0, 'Contacted', 0, '', '', '', '', null, null, 0, '' ), ( 87, 'Customer', 'H1', 'Indian', null, '', '', '', '', '', 0, 0, 'Contacted', 0, '', '', '', '', null, null, 0, '' ), ( 90, 'Candidate- Passive', 'H1', 'Indian', null, 'Operating Systems:	Windows NT/2000/XP, Unix/Linux. Languages & APIs:	Core Java (Collections framework, Garbage collection, JDBC, Exception Handling)  and J2EE technologies, JSP, Servlet, MVC, Struts2, Hibernate, Spring, JQuery, Design patterns, XML, XSLT,', '', '', 'Operating Systems:	Windows NT/2000/XP, Unix/Linux.\r\nLanguages & APIs:	Core Java (Collections framework, Garbage collection, JDBC, Exception Handling)  and J2EE technologies, JSP, Servlet, MVC, Struts2, Hibernate, Spring, JQuery, Design patterns, XML, XSLT, XPATH, AJAX, JavaScript, HTML, CSS, Shell script, SQL, Data Structures, log4j, ASP\r\nWeb and \r\nApplication Servers:	Apache Tomcat 5.5/6.x., JBOSS 3.0, IIS 6/7\r\nDesign Tools:		UML\r\nIDE:			Eclipse 3.x/2.x\r\nDevelopment Tools:	Secured CRT, Putty, Visio, PSPad, Star UML ArgoUML, PL/SQL, Interwoven Teamsite, SVN, WinSCP\r\nDatabases:		Oracle 9i, Oracle 10g', '', 0, 0, 'Contacted', 0, '', '', '', '', null, null, 0, '' ), ( 93, 'Customer', 'Green Card Holdr', 'Indian', null, 'Java, J2ww, Hibernate, Spring', '', '', 'Technical Skills:  \r\nWeb/Application Servers	JBoss Application Server 4.x, WebLogic , Apache Tomcat 5.x/6.x/7.x, IBM Websphere 6.1/5.1/5.0/4.0/3.5\r\nJava/J2EE Technologies	Jdk 1.6, EJB 3.0/2.0, Servlets, JSP, JSTL, JSF 1.2/2.0, JDBC, JavaBeans, MVC, Struts, Hibernate 2.0/2.3/3.0, Spring, Flex, Swing, GWT, LOG4J, SL4J, JNDI, RMI, JNI, JMX, JUNIT,  JAXB, SAX/DOM, Agile, ANT, JSF.\r\nMessaging Systems	JMS, MQ Series, ActiveMQ\r\nLanguages	Java, C, C++, SQL, PL/SQL\r\nIDE Tools	RAD, WSAD, Eclipse, JDeveloper,  NetBeans\r\nWebTechnologies/Web Services	JavaScript, CSS, HTML, DHTML, XML (SAX, DOM Parser),XSL, XSLT, SOAP, AJAX, WSDL\r\nInternet Protocols	HTTP, HTTPS, IMAP, SSL, SOAP, TCP/IP, POP3, SMTP\r\nDatabases	Oracle 9i/8i, 10g, SQL Server 2008/2005/2000, DB2, MySQL, Sybase\r\nDesign Tools	UML, Rational Rose, Microsoft Visio\r\nOperating Systems	Windows 7, Vista, XP/2000/NT/98/95, UNIX, LINUX, Sun Solaris', '', 0, 0, 'Contacted', 0, '', '', '', '', null, null, 0, '' ), ( 116, 'Customer', 'None', '', null, '', '', '', '', '', 0, 0, 'Contacted', 0, '', '', '', '', null, null, 0, '' ), ( 117, 'Candidate- Passive', 'None', '', null, 'Oracle IDM', '', '', '', 'Mexico', 0, 0, 'Contacted', 0, '', '', '', '', null, null, 0, '' ), ( 119, 'Candidate- Passive', 'H1', 'Indian', null, 'Servicenow', '', '', 'Programming Languages\r\nSQL , PL/SQL, PLSQl Developer, TOAD (Quest),Oracle SQL Developer and Java\r\nWeb Technologies\r\nJSP, XML, HTML\r\nWeb & Application Servers\r\nWebLogic, JBoss\r\nDatabases\r\nOracle 9i, 10g, 11g & SQL\r\nOperating Systems\r\nWindows 2000, XP, 7 and Unix (Sun Solaris)\r\nFramework\r\nITIL V3 , HPSD, ServiceNow, Alarmpoint\r\nIDE\r\nEclipse 3.1\r\nScripting Languages\r\nHTML, Java Script\r\nVersion Control Systems\r\nCVS, VSS ,PVCS\r\nJob Schedulers\r\nAutosys\r\nOther Tools\r\nPL/SQL Developer, Toad, Support Central, WebEx, HP SP23, SNC (ServiceNow), ArgIs. GIS (Global integration System)', '', 0, 0, 'Contacted', 0, '', '', '', '', null, null, 0, '' ), ( 122, 'Candidate- Passive', 'Other', 'Indian', null, 'Hibernate,spring,Java,J2ee', '', '', 'Operating Systems	Windows 98/NT/2000/XP/2003/2008, UNIX, Linux\r\nDatabases	MYSQL 4.1, MS SQL Server 2000, Sybase\r\nLanguages	C, C++, Core Java, SWING, Java RMI, JavaBeans, Struts, Springs, Hibernate, JDBC, Collection Framework, Agile Scrum SDLC, FIX 4.2, Python, STL, MFC, COM, C#.Net, Perl, Assembly  Intel 85/86, TI - TMS320C54X, TI - TMS320C62X, SQL, FLASH, Transact-SQL, MVC\r\nWeb Technologies	JSP, Servlets, HTML, DHTML, CSS, XML, XMLDOM, XSL, MSXML, MXML, ADO.Net, ASP.Net, ActionScript, Apache Tomcat\r\nIDEs/Other Tools	Eclipse, Source Insight, Microsoft Visual Studio, Code coverage Tool C-Cover, Rational Purifier for Windows, Microsoft Word, Excel, PowerPoint\r\nDesign Tools\r\n	 VISIO.\r\nRemote Admin Tools	R-Admin, Putty.\r\n	Putty\r\nSource Control Tools	VSS, Rational Clearcase, PVCS, SVN', 'United States', 0, 0, 'Contacted', 0, '', '', '', '', null, null, 0, '' ), ( 125, 'Candidate- Passive', 'Green Card Holdr', 'Indian', null, 'Hibernate,spring,Java,J2ee', '', '', 'Languages:	Java, C, C++, PL/SQL, VB 6.0, .NET\r\nScripts:	Shell, VBScript, JavaScript, Perl, AJAX\r\nOperating Systems:	Linux, Windows 98/2000/NT/XP, UNIX AIX/HP-UX/Solaris\r\nWeb and J2EE Technologies:	EJB, Hibernate, JSP, JSF,Servlets, Struts, Tiles, XML, XSL, JDOM, HTML, DHTML, CSS, SOAP, JDBC, JMS,  DAO, JPA,RMI\r\nNetwork Protocols:	TCP/IP, HTTP, FTP, and SMTP.\r\nWeb/Application Servers	Tomcat, Apache Web Server, WebLogic , WebSphere , IIS\r\nTools:	Rational Rose, Visio, Borland Together Soft,  Test Director.\r\nDatabases:	Oracle, Microsoft SQL Server, MS Access, MySQL, DB2\r\nGUI Tools	RAD7,WSAD, Eclipse, Visual Age for java,  XMLSpy.\r\nOpen Source Frameworks and Libraries	Spring Framework, Hibernate, Apache Ant, Apache Axis ,       Jakarta Struts, Jakarta Taglibs, Log4j, Jakarta Commons.', '', 0, 0, 'Contacted', 0, '', '', '', '', null, null, 0, '' ), ( 129, 'Candidate- Passive', 'None', '', null, 'PMI', 'Microsoft Project Server', '', '', 'mexico', 0, 0, 'Contacted', 0, '', '', '', '', null, null, 0, '' ), ( 131, 'Candidate- Passive', 'None', '', null, 'SAP FICO', '', '', '', '', 0, 0, 'Contacted', 0, '', '', '', '', null, null, 0, '' ), ( 138, 'Candidate- Passive', 'None', '', null, '', '', '', '', 'Mexico', 0, 0, 'Contacted', 0, '', '', '', '', null, null, 0, '' ), ( 142, 'Candidate- Passive', 'None', '', '2013-04-15', 'SAP FICO', '', '', '', '', 0, 0, 'Contacted', 0, '', '', '', '', null, null, 0, '' ), ( 143, 'Customer', 'None', '', null, 'SAP FICO', '', '', 'Participacion en proyectos de implantacion de SAP R/3 con clientes de 1er nivel y tambien participacion en proyectos de mejora con clientes que ya tienen SAP Clientes: Procter & Gamble, General Motors, Interjet, etc.', '', 0, 0, 'Contacted', 0, '', '', '', '', null, null, 0, '' ), ( 153, 'Customer', 'Green Card Holdr', 'Indian', null, 'A seasoned Business Intelligent Director/Engagement Manager/Sr. BI Architect with an excellent track record in providing leadership and results for the design, development, and delivery of cost effective and high performance technology solutions for Busin', '', 'MOLAP/OLAP		Hyperion Essbase (FDM, Essbase Studio & EIS), Cognos, Business Objects, MS BI Data Integration	Informatica, DataStage, DI and SSIS MDM, DQ		Oracle - Customer, Supplier & Product, IDQ, Trillium EPM/CPM		Hyperion Planning, HFM, DRM, Cognos  Othe', 'MOLAP/OLAP		Hyperion Essbase (FDM, Essbase Studio & EIS), Cognos, Business Objects, MS BI\r\nData Integration	Informatica, DataStage, DI and SSIS\r\nMDM, DQ		Oracle - Customer, Supplier & Product, IDQ, Trillium\r\nEPM/CPM		Hyperion Planning, HFM, DRM, Cognos \r\nOther Visualizations	SpotFire, RoamBI', 'United States', 0, 0, 'Contacted', 0, '', '', '', '', null, null, 0, '' ), ( 172, 'Customer', '', '', null, '', '', '', '', '', 0, 0, '', 0, '', '', '', '', null, null, 0, '' ), ( 175, 'Candidate- Passive', 'None', '', null, 'SAP PP', '', '', '', '', 0, 0, 'Contacted', 0, '', '', '', '', null, null, 0, '' ), ( 177, 'Candidate- Passive', 'US Citizen', '', '2013-02-22', 'Six Sigma Black Belt', 'DMAIC', 'DFSS DMADV', '', 'US', 0, 0, 'Contacted', 0, '', '', '', '', null, null, 0, '' ), ( 180, 'Candidate- Passive', 'None', '', null, 'SAP PP', '', '', '', '', 0, 0, 'Contacted', 0, '', '', '', '', null, null, 0, '' ), ( 184, 'Candidate- Passive', 'None', '', '2013-02-27', 'SAP PP', '', '', '', 'Mexico', 0, 0, 'Contacted', 0, '', '', '', '', null, null, 0, '' ), ( 185, 'Candidate- Passive', 'None', '', null, '', '', '', '', '', 0, 0, 'Contacted', 0, '', '', '', '', null, null, 0, '' ), ( 186, 'Candidate- Passive', 'None', '', null, 'SAP PP', '', '', '', '', 0, 0, 'Contacted', 0.00, '', '', '', '', null, null, 0, '' ), ( 187, 'Candidate- Passive', 'None', '', '2013-03-05', 'SAP PP', '', '', '', '', 0, 0, 'Contacted', 0, '', '', '', '', null, null, 0, '' ), ( 191, 'Customer', 'None', '', null, '', '', '', '', '', 0, 0, 'Contacted', 0, '', '', '', '', null, null, 0, '' ), ( 192, 'Candidate- Passive', 'None', '', null, 'SAP PP', '', '', '', '', 0, 0, 'Contacted', 0, '', '', '', '', null, null, 0, '' ), ( 193, 'Potential Customer', 'None', '', null, '', '', '', '', '', 0, 0, 'Contacted', 0, '', '', '', '', null, null, 0, '' ), ( 194, 'Candidate- Passive', 'None', '', null, '', '', '', '', '', 0, 0, 'Contacted', 0, '', '', '', '', null, null, 0, '' ), ( 195, 'Candidate- Passive', 'None', '', null, '', '', '', '', '', 0, 0, 'Contacted', 0, '', '', '', '', null, null, 0, '' ), ( 203, 'Potential Customer', '', '', null, '', '', '', '', '', 0, 0, '', 0, '', '', '', '', null, null, 0, '' ), ( 204, 'Potential Customer', '', '', null, '', '', '', '', '', 0, 0, '', 0, '', '', '', '', null, null, 0, '' ), ( 206, 'Potential Customer', '', '', null, '', '', '', '', '', 0, 0, '', 0, '', '', '', '', null, null, 0, '' ), ( 207, 'Potential Customer', '', '', null, '', '', '', '', '', 0, 0, '', 0, '', '', '', '', null, null, 0, '' ), ( 209, 'Potential Customer', '', '', null, '', '', '', '', '', 0, 0, '', 0, '', '', '', '', null, null, 0, '' ), ( 211, 'Potential Customer', '', '', null, '', '', '', '', '', 0, 0, '', 0, '', '', '', '', null, null, 0, '' ), ( 212, 'Potential Customer', '', '', null, '', '', '', '', '', 0, 0, '', 0, '', '', '', '', null, null, 0, '' ), ( 213, 'Potential Customer', '', '', null, '', '', '', '', '', 0, 0, '', 0, '', '', '', '', null, null, 0, '' ), ( 215, 'Potential Customer', '', '', null, '', '', '', '', '', 0, 0, '', 0, '', '', '', '', null, null, 0, '' ), ( 216, 'Potential Customer', '', '', null, '', '', '', '', '', 0, 0, '', 0, '', '', '', '', null, null, 0, '' ), ( 218, 'Potential Customer', '', '', null, '', '', '', '', '', 0, 0, '', 0, '', '', '', '', null, null, 0, '' ), ( 220, 'Potential Customer', '', '', null, '', '', '', '', '', 0, 0, '', 0, '', '', '', '', null, null, 0, '' ), ( 222, 'Potential Customer', '', '', null, '', '', '', '', '', 0, 0, '', 0, '', '', '', '', null, null, 0, '' ), ( 224, 'Potential Customer', '', '', null, '', '', '', '', '', 0, 0, '', 0, '', '', '', '', null, null, 0, '' ), ( 225, 'Potential Customer', '', '', null, '', '', '', '', '', 0, 0, '', 0, '', '', '', '', null, null, 0, '' ), ( 227, 'Potential Customer', '', '', null, '', '', '', '', '', 0, 0, '', 0, '', '', '', '', null, null, 0, '' ), ( 229, 'Potential Customer', '', '', null, '', '', '', '', '', 0, 0, '', 0, '', '', '', '', null, null, 0, '' ), ( 231, 'Potential Customer', '', '', null, '', '', '', '', '', 0, 0, '', 0, '', '', '', '', null, null, 0, '' ), ( 232, 'Potential Customer', '', '', null, '', '', '', '', '', 0, 0, '', 0, '', '', '', '', null, null, 0, '' ), ( 234, 'Potential Customer', '', '', null, '', '', '', '', '', 0, 0, '', 0, '', '', '', '', null, null, 0, '' ), ( 235, 'Potential Customer', '', '', null, '', '', '', '', '', 0, 0, '', 0, '', '', '', '', null, null, 0, '' ), ( 237, 'Potential Customer', '', '', null, '', '', '', '', '', 0, 0, '', 0, '', '', '', '', null, null, 0, '' ), ( 239, 'Potential Customer', '', '', null, '', '', '', '', '', 0, 0, '', 0, '', '', '', '', null, null, 0, '' ), ( 240, 'Potential Customer', '', '', null, '', '', '', '', '', 0, 0, '', 0, '', '', '', '', null, null, 0, '' ), ( 242, 'Potential Customer', '', '', null, '', '', '', '', '', 0, 0, '', 0, '', '', '', '', null, null, 0, '' ), ( 243, 'Potential Customer', '', '', null, '', '', '', '', '', 0, 0, '', 0, '', '', '', '', null, null, 0, '' ), ( 245, 'Potential Customer', '', '', null, '', '', '', '', '', 0, 0, '', 0, '', '', '', '', null, null, 0, '' ), ( 247, 'Potential Customer', '', '', null, '', '', '', '', '', 0, 0, '', 0, '', '', '', '', null, null, 0, '' ), ( 249, 'Potential Customer', '', '', null, '', '', '', '', '', 0, 0, '', 0, '', '', '', '', null, null, 0, '' ), ( 251, 'Potential Customer', '', '', null, '', '', '', '', '', 0, 0, '', 0, '', '', '', '', null, null, 0, '' ), ( 253, 'Potential Customer', '', '', null, '', '', '', '', '', 0, 0, '', 0, '', '', '', '', null, null, 0, '' ), ( 254, 'Potential Customer', '', '', null, '', '', '', '', '', 0, 0, '', 0, '', '', '', '', null, null, 0, '' ), ( 256, 'Potential Customer', '', '', null, '', '', '', '', '', 0, 0, '', 0, '', '', '', '', null, null, 0, '' ), ( 257, 'Potential Customer', '', '', null, '', '', '', '', '', 0, 0, '', 0, '', '', '', '', null, null, 0, '' ), ( 259, 'Potential Customer', '', '', null, '', '', '', '', '', 0, 0, '', 0, '', '', '', '', null, null, 0, '' ), ( 260, 'Potential Customer', '', '', null, '', '', '', '', '', 0, 0, '', 0, '', '', '', '', null, null, 0, '' ), ( 262, 'Potential Customer', '', '', null, '', '', '', '', '', 0, 0, '', 0, '', '', '', '', null, null, 0, '' ), ( 264, 'Potential Customer', '', '', null, '', '', '', '', '', 0, 0, '', 0, '', '', '', '', null, null, 0, '' ), ( 266, 'Potential Customer', '', '', null, '', '', '', '', '', 0, 0, '', 0, '', '', '', '', null, null, 0, '' ), ( 268, 'Potential Customer', '', '', null, '', '', '', '', '', 0, 0, '', 0, '', '', '', '', null, null, 0, '' ), ( 270, 'Potential Customer', '', '', null, '', '', '', '', '', 0, 0, '', 0, '', '', '', '', null, null, 0, '' ), ( 271, 'Potential Customer', '', '', null, '', '', '', '', '', 0, 0, '', 0, '', '', '', '', null, null, 0, '' ), ( 273, 'Potential Customer', '', '', null, '', '', '', '', '', 0, 0, '', 0, '', '', '', '', null, null, 0, '' ), ( 275, 'Potential Customer', '', '', null, '', '', '', '', '', 0, 0, '', 0, '', '', '', '', null, null, 0, '' ), ( 277, 'Potential Customer', '', '', null, '', '', '', '', '', 0, 0, '', 0, '', '', '', '', null, null, 0, '' ), ( 279, 'Potential Customer', '', '', null, '', '', '', '', '', 0, 0, '', 0, '', '', '', '', null, null, 0, '' ), ( 280, 'Potential Customer', '', '', null, '', '', '', '', '', 0, 0, '', 0, '', '', '', '', null, null, 0, '' ), ( 281, 'Potential Customer', '', '', null, '', '', '', '', '', 0, 0, '', 0, '', '', '', '', null, null, 0, '' ), ( 282, 'Potential Customer', '', '', null, '', '', '', '', '', 0, 0, '', 0, '', '', '', '', null, null, 0, '' ), ( 283, 'Potential Customer', '', '', null, '', '', '', '', '', 0, 0, '', 0, '', '', '', '', null, null, 0, '' ), ( 284, 'Potential Customer', '', '', null, '', '', '', '', '', 0, 0, '', 0, '', '', '', '', null, null, 0, '' ), ( 286, 'Potential Customer', '', '', null, '', '', '', '', '', 0, 0, '', 0, '', '', '', '', null, null, 0, '' ), ( 288, 'Potential Customer', '', '', null, '', '', '', '', '', 0, 0, '', 0, '', '', '', '', null, null, 0, '' ), ( 289, 'Potential Customer', '', '', null, '', '', '', '', '', 0, 0, '', 0, '', '', '', '', null, null, 0, '' ), ( 291, 'Potential Customer', '', '', null, '', '', '', '', '', 0, 0, '', 0, '', '', '', '', null, null, 0, '' ), ( 292, 'Potential Customer', '', '', null, '', '', '', '', '', 0, 0, '', 0, '', '', '', '', null, null, 0, '' ), ( 293, 'Potential Customer', '', '', null, '', '', '', '', '', 0, 0, '', 0, '', '', '', '', null, null, 0, '' ), ( 294, 'Potential Customer', '', '', null, '', '', '', '', '', 0, 0, '', 0, '', '', '', '', null, null, 0, '' ), ( 295, 'Potential Customer', '', '', null, '', '', '', '', '', 0, 0, '', 0, '', '', '', '', null, null, 0, '' ), ( 297, 'Potential Customer', '', '', null, '', '', '', '', '', 0, 0, '', 0, '', '', '', '', null, null, 0, '' ), ( 299, 'Potential Customer', '', '', null, '', '', '', '', '', 0, 0, '', 0, '', '', '', '', null, null, 0, '' ), ( 301, 'Potential Customer', '', '', null, '', '', '', '', '', 0, 0, '', 0, '', '', '', '', null, null, 0, '' ), ( 302, 'Potential Customer', '', '', null, '', '', '', '', '', 0, 0, '', 0, '', '', '', '', null, null, 0, '' ), ( 304, 'Potential Customer', '', '', null, '', '', '', '', '', 0, 0, '', 0, '', '', '', '', null, null, 0, '' ), ( 306, 'Employee', '', '', null, '', '', '', '', '', 0, 0, '', 0, '', '', '', '', null, null, 0, '' ), ( 308, 'Potential Customer', '', '', null, '', '', '', '', '', 0, 0, '', 0, '', '', '', '', null, null, 0, '' ), ( 310, 'Potential Customer', '', '', null, '', '', '', '', '', 0, 0, '', 0, '', '', '', '', null, null, 0, '' ), ( 311, 'Potential Customer', '', '', null, '', '', '', '', '', 0, 0, '', 0, '', '', '', '', null, null, 0, '' ), ( 313, 'Potential Customer', '', '', null, '', '', '', '', '', 0, 0, '', 0, '', '', '', '', null, null, 0, '' ), ( 314, 'Potential Customer', '', '', null, '', '', '', '', '', 0, 0, '', 0, '', '', '', '', null, null, 0, '' ), ( 315, 'Potential Customer', '', '', null, '', '', '', '', '', 0, 0, '', 0, '', '', '', '', null, null, 0, '' ), ( 317, 'Potential Customer', '', '', null, '', '', '', '', '', 0, 0, '', 0, '', '', '', '', null, null, 0, '' ), ( 318, 'Potential Customer', '', '', null, '', '', '', '', '', 0, 0, '', 0, '', '', '', '', null, null, 0, '' ), ( 320, 'Potential Customer', '', '', null, '', '', '', '', '', 0, 0, '', 0, '', '', '', '', null, null, 0, '' ), ( 321, 'Potential Customer', '', '', null, '', '', '', '', '', 0, 0, '', 0, '', '', '', '', null, null, 0, '' ), ( 322, 'Potential Customer', '', '', null, '', '', '', '', '', 0, 0, '', 0, '', '', '', '', null, null, 0, '' ), ( 323, 'Potential Customer', '', '', null, '', '', '', '', '', 0, 0, '', 0, '', '', '', '', null, null, 0, '' ), ( 325, 'Potential Customer', '', '', null, '', '', '', '', '', 0, 0, '', 0, '', '', '', '', null, null, 0, '' ), ( 326, 'Potential Customer', '', '', null, '', '', '', '', '', 0, 0, '', 0, '', '', '', '', null, null, 0, '' ), ( 328, 'Potential Customer', '', '', null, '', '', '', '', '', 0, 0, '', 0, '', '', '', '', null, null, 0, '' ), ( 330, 'Potential Customer', '', '', null, '', '', '', '', '', 0, 0, '', 0, '', '', '', '', null, null, 0, '' ), ( 331, 'Potential Customer', '', '', null, '', '', '', '', '', 0, 0, '', 0, '', '', '', '', null, null, 0, '' ), ( 333, 'Potential Customer', '', '', null, '', '', '', '', '', 0, 0, '', 0, '', '', '', '', null, null, 0, '' ), ( 334, 'Potential Customer', '', '', null, '', '', '', '', '', 0, 0, '', 0, '', '', '', '', null, null, 0, '' ), ( 336, 'Potential Customer', '', '', null, '', '', '', '', '', 0, 0, '', 0, '', '', '', '', null, null, 0, '' ), ( 337, 'Potential Customer', '', '', null, '', '', '', '', '', 0, 0, '', 0, '', '', '', '', null, null, 0, '' ), ( 339, 'Potential Customer', '', '', null, '', '', '', '', '', 0, 0, '', 0, '', '', '', '', null, null, 0, '' ), ( 340, 'Potential Customer', '', '', null, '', '', '', '', '', 0, 0, '', 0, '', '', '', '', null, null, 0, '' ), ( 342, 'Potential Customer', '', '', null, '', '', '', '', '', 0, 0, '', 0, '', '', '', '', null, null, 0, '' ), ( 343, 'Candidate- Passive', 'Other', 'Indian', null, 'REcruiter', '', '', '', '', 0, 0, 'Allocated to project', 0, '', '', '', '', null, null, 0, '' ), ( 348, 'Candidate- Passive', 'H1', 'Indian', null, 'SAS BI Tools		: SAS 9.1.3, 9.2, 9.3, Base SAS,    SAS Enterprise Guide 4.1, 4.2, 4.3,   Connect to Oracle, SAS Connect to DB2,    Information Map Studio, SAS Web Report Studio,  	  SAS OLAP Server, SAS OLAP Cube Studio,   Data Integration Studio, SAS/Shar', 'SAS BI Tools		: SAS 9.1.3, 9.2, 9.3, Base SAS,    SAS Enterprise Guide 4.1, 4.2, 4.3,   Connect to Oracle, SAS Connect to DB2,    Information Map Studio, SAS Web Report Studio,  	  SAS OLAP Server, SAS OLAP Cube Studio,   Data Integration Studio, SAS/Shar', '', '', 'United States', 0, 0, 'Contacted', 0, '', '', '', '', null, null, 0, '' ), ( 352, 'Candidate- Passive', 'H1', 'Indian', null, 'Design and Development ( SQL, PL/SQL) and support of Data Loading, Data Migration, Data Validations, Data Analysis, Business Intelligence, Analytics, Reporting, Data Warehouse', 'Design and Development ( SQL, PL/SQL) and support of Data Loading, Data Migration, Data Validations, Data Analysis, Business Intelligence, Analytics, Reporting, Data Warehouse', '', '', 'United States', 0, 0, 'Contacted', 0, '', '', '', '', null, null, 0, '' ), ( 355, 'Candidate- Passive', 'US Citizen', 'American', null, 'Languages:	Java (JDK 1.3/1.4, 5.0 Java SE 6), VBA, Acquainted with .Net C#, UNIX Shell Script, C, Visual Basic, QBE  Mainframe		DB2, CICS, JCL, SQL, FileAid, Endeavor, SPUFI, TSO Web Technologies:		Servlets 2.x, JSP 1.2/2.0, JDBC 2.0 Tag Libraries, JSTL, ', 'Languages:	Java (JDK 1.3/1.4, 5.0 Java SE 6), VBA, Acquainted with .Net C#, UNIX Shell Script, C, Visual Basic, QBE  Mainframe		DB2, CICS, JCL, SQL, FileAid, Endeavor, SPUFI, TSO Web Technologies:		Servlets 2.x, JSP 1.2/2.0, JDBC 2.0 Tag Libraries, JSTL, ', '', '', 'United States', 0, 0, 'Contacted', 0, '', '', '', '', null, null, 0, '' ), ( 358, 'Candidate- Passive', 'Green Card Holdr', 'Indian', null, 'Project Server 2007/2010, SQL Serve2005/2008, SSRS, SSAS, SSIS, BI Tools, SharePoint Server 2007/2010, SAP Xcelsius 2008, Excel Services.', 'Project Server 2007/2010, SQL Serve2005/2008, SSRS, SSAS, SSIS, BI Tools, SharePoint Server 2007/2010, SAP Xcelsius 2008, Excel Services.', '', '', 'United States', 0, 0, 'Contacted', 0, '', '', '', '', null, null, 0, '' ), ( 361, 'Candidate- Passive', 'H1', 'Indian', null, 'Operating Systems 	Windows 95, Windows 98, Windows NT, Windows 2000, Windows XP, Unix, Solaris, Linux Languages 	Java, JSP, HTML, UML, XML, XPRESS, PL/SQL, JavaScript, ANT Script, C, C++, Perl, Python Frameworks 	Struts, JSF, MVC Software Products 	Oracle', 'Operating Systems 	Windows 95, Windows 98, Windows NT, Windows 2000, Windows XP, Unix, Solaris, Linux Languages 	Java, JSP, HTML, UML, XML, XPRESS, PL/SQL, JavaScript, ANT Script, C, C++, Perl, Python Frameworks 	Struts, JSF, MVC Software Products 	Oracle', '', '', 'United States', 0, 0, 'Contacted', 0, '', '', '', '', null, null, 0, '' ), ( 364, 'Candidate- Passive', 'Green Card Holdr', '', null, 'Java	9 years J2EE, Servlets, JSP,AJAX, Javascipt, Java Beans, XML,PL/SQL	9 years Framework: Struts, Spring, Hibernate, JSF,Log4j framework	6 years Application Server: BEA Weblogic 8.1, IBM Websphere6, Tomcat 5	7 years Eclipse 3.2, NetBeans 5.5, JBuilder 2', 'Java	9 years J2EE, Servlets, JSP,AJAX, Javascipt, Java Beans, XML,PL/SQL	9 years Framework: Struts, Spring, Hibernate, JSF,Log4j framework	6 years Application Server: BEA Weblogic 8.1, IBM Websphere6, Tomcat 5	7 years Eclipse 3.2, NetBeans 5.5, JBuilder 2', '', '', 'United States', 0, 0, 'Contacted', 0, '', '', '', '', null, null, 0, '' ), ( 367, 'Candidate- Passive', 'US Citizen', 'American', null, 'Java: JavaServer Faces (JSF), Servlets, JSP, EJB, Java Persistence API (JPA), JavaBeans,  Hibernate, Spring, ANT, JUnit, Web Services, BEA WebLogic, JBoss, GlassFish, JRun, Jaguar CTS, Oracle, MS SQL Server, Sybase, MySql, DB2, JavaScript, HTML, XML, XSLT', 'Java: JavaServer Faces (JSF), Servlets, JSP, EJB, Java Persistence API (JPA), JavaBeans,  Hibernate, Spring, ANT, JUnit, Web Services, BEA WebLogic, JBoss, GlassFish, JRun, Jaguar CTS, Oracle, MS SQL Server, Sybase, MySql, DB2, JavaScript, HTML, XML, XSLT', '', '', 'United States', 0, 0, 'Contacted', 0, '', '', '', '', null, null, 0, '' ), ( 370, 'Candidate- Passive', 'Green Card Holdr', 'Indian', null, '	Sun Certified Course: Object Oriented Analysis and Design with UML	Sept 2006 	Sun Certified Programmer for Java 2 Platform 	Aug 2000 	Brainbench Certifications 	May 2002 o	Master of Java 2 and Master of Java 1 o	JavaScript and HTML 32', '	Sun Certified Course: Object Oriented Analysis and Design with UML	Sept 2006 	Sun Certified Programmer for Java 2 Platform 	Aug 2000 	Brainbench Certifications 	May 2002 o	Master of Java 2 and Master of Java 1 o	JavaScript and HTML 32', '', '', '', 0, 0, 'Contacted', 0, '', '', '', '', null, null, 0, '' ), ( 374, 'Candidate- Passive', 'H1', 'Indian', null, 'Identity Management:          :Sun Identity Manager 5.5, 6.0, 7.1, Oracle Waveset 8.1.1 Directory Services:               :Sun Java Directory Server5.2/6.3,7.1.19, Active Directory Server Access Management            : CA Siteminder  Operating Systems:   ', 'Identity Management:          :Sun Identity Manager 5.5, 6.0, 7.1, Oracle Waveset 8.1.1 Directory Services:               :Sun Java Directory Server5.2/6.3,7.1.19, Active Directory Server Access Management            : CA Siteminder  Operating Systems:   ', '', '', '', 0, 0, 'Contacted', 0, '', '', '', '', null, null, 0, '' ), ( 377, 'Candidate- Passive', 'H1', 'Indian', null, 'Programming Languages:	Visual Basic 6.0 , C, C++, Java, C#, ASP, ASP.Net Web Technologies/Systems:	HTML, ASP, VBScript, Microsoft Front Page 2000, Macromedia Flash 5.0 Database Technologies / Systems:	ODBC, Oracle 8i to 11GR2, Access 2000, Microsoft SQL S', 'Programming Languages:	Visual Basic 6.0 , C, C++, Java, C#, ASP, ASP.Net Web Technologies/Systems:	HTML, ASP, VBScript, Microsoft Front Page 2000, Macromedia Flash 5.0 Database Technologies / Systems:	ODBC, Oracle 8i to 11GR2, Access 2000, Microsoft SQL S', '', '', 'United States', 0, 0, 'Contacted', 0, '', '', '', '', null, null, 0, '' ), ( 380, 'Candidate- Passive', 'TN', '', null, 'Java, JEE and JavaScript  Good analysis and design skills Visual Basic development specialist JDBC d', 'Java, JEE and JavaScript  Good analysis and design skills Visual Basic development specialist JDBC development. Struts, Ajax development specialist Advanced English level', '', '', 'United States', 0, 0, 'Contacted', 0, '', '', '', '', null, null, 0, '' ), ( 383, 'Candidate- Passive', 'TN', '', null, 'Strong knowledge in Java, JEE, C++, JavaScript, HTML, Mysql, HSQL, XML, CSS Strong knowledge in Serv', 'Strong knowledge in Java, JEE, C++, JavaScript, HTML, Mysql, HSQL, XML, CSS Strong knowledge in Serv', '', '', 'United States', 0, 0, 'Contacted', 0, '', '', '', '', null, null, 0, '' ), ( 386, 'Candidate- Passive', 'TN', '', null, 'Service Now, Java, J2EE, PL/SQL and JavaScript specialist. Excellent business analysis skills. Softw', 'Service Now, Java, J2EE, PL/SQL and JavaScript specialist. Excellent business analysis skills. Softw', '', '', '', 0, 0, 'Contacted', 0, '', '', '', '', null, null, 0, '' ), ( 389, 'Candidate- Passive', 'TN', '', null, 'Java, JEE, JavaScript specialist. ServiceNow specialist. Instructor of Java Technologies. RESTful and SOAP Web Services specialist. Struts, Spring, Jasper Reports development specialist. JDBC, Hibernate and Data Modeler specialist. Oracle Database, ADF Fr', 'Java, JEE, JavaScript specialist. ServiceNow specialist. Instructor of Java Technologies. RESTful and SOAP Web Services specialist. Struts, Spring, Jasper Reports development specialist. JDBC, Hibernate and Data Modeler specialist. Oracle Database, ADF Fr', '', '', '', 0, 0, 'Contacted', 0, '', '', '', '', null, null, 0, '' ), ( 392, 'Candidate- Passive', 'TN', '', null, 'Analysis, design and development skills Java development Conversational English level', 'Analysis, design and development skills Java development Conversational English level', '', '', '', 0, 0, 'Contacted', 0, '', '', '', '', null, null, 0, '' ), ( 395, 'Employee', 'TN', '', null, 'Java, JEE and JavaScript expert Good analisis and design skills Instructor of Java and ServiceNow RESTful and SOAP Web Services development specialist Visual C++ development specialist JDBC, Hibernate development specialist Struts, Spring, iReport, Jasper', 'Java, JEE and JavaScript expert Good analisis and design skills Instructor of Java and ServiceNow RESTful and SOAP Web Services development specialist Visual C++ development specialist JDBC, Hibernate development specialist Struts, Spring, iReport, Jasper', '', '', '', 0, 0, 'Contacted', 0.00, '', '', '', '', null, null, 0, '' ), ( 396, 'Candidate- Passive', 'None', '', null, 'SAP FICO', '', '', '', '', 0, 0, 'Contacted', 0, '', '', '', '', null, null, 0, '' ), ( 401, 'Candidate- Passive', 'TN', '', null, 'Java, J2EE and JavaScript expert Good analysis and design skills JDBC, Hibernate development specialist Struts, Spring, iReport, Jasper Reports development specialist Advanced English level', 'Java, J2EE and JavaScript expert Good analysis and design skills JDBC, Hibernate development specialist Struts, Spring, iReport, Jasper Reports development specialist Advanced English level', '', '', '', 0, 0, 'Contacted', 0, '', '', '', '', null, null, 0, '' ), ( 404, 'Candidate- Passive', 'TN', '', null, 'SAS Administration Expert SAS Developer Expert Linux/UNIX Administration Data Warehouse Architect Advanced English level', 'SAS Administration Expert SAS Developer Expert Linux/UNIX Administration Data Warehouse Architect Advanced English level', '', '', '', 0, 0, 'Contacted', 0.00, '', '', '', '', null, null, 0.00, '' ), ( 407, 'Candidate- Passive', 'Other', 'Indian', null, 'Languages & Tools	Java 6.0, J2EE, Servlets, JSP, EJB, JavaBeans, MVC, Jakarta Struts 1.2.x, Spring 2.x, Hibernate 3.x, JMS, Web Services JDBC, UML, SQL,Ajax, Rational Rose 98, CVS, PVCS Internet	JavaScript, XML, XSL, XSLT, XSD, SOAP, HTML, DHTML  Database', 'Languages & Tools	Java 6.0, J2EE, Servlets, JSP, EJB, JavaBeans, MVC, Jakarta Struts 1.2.x, Spring 2.x, Hibernate 3.x, JMS, Web Services JDBC, UML, SQL,Ajax, Rational Rose 98, CVS, PVCS Internet	JavaScript, XML, XSL, XSLT, XSD, SOAP, HTML, DHTML  Database', '', '', '', 0, 0, 'Contacted', 0, '', '', '', '', null, null, 0, '' ), ( 410, 'Candidate- Passive', 'Green Card Holdr', 'Indian', null, 'Technologies:	Microsoft .Net 3.5/2.0, C#, VB.Net, ASP.Net, ADO.Net, WCF, WWF, WSS3.0,  Server Platforms:	IIS, SharePoint Server 2010, SharePoint Server 2007, PerformancePoint, SQL Server, BizTalk Server Tools:	MOSS 2007, Visual Studio 2010/2008/2005, Shar', 'Technologies:	Microsoft .Net 3.5/2.0, C#, VB.Net, ASP.Net, ADO.Net, WCF, WWF, WSS3.0,  Server Platforms:	IIS, SharePoint Server 2010, SharePoint Server 2007, PerformancePoint, SQL Server, BizTalk Server Tools:	MOSS 2007, Visual Studio 2010/2008/2005, Shar', '', '', '', 0, 0, 'Contacted', 0, '', '', '', '', null, null, 0, '' ), ( 413, 'Candidate- Passive', 'Other', 'Indian', null, 'Operating Systems	Win 95, NT, 2000, XP, MS DOS 6.22 Languages/Platforms	Java5, J2EE (Servlet, JSP, JSF, Rich faces, XHTML, EJB3, JMS), Hibernate, Web Services(WSDL,SOAP), XML parsing(SAX), XSD, XSLT, DOM, JAXP, JAXB, SAAJ, Java script, Struts, Spring Fram', 'Operating Systems	Win 95, NT, 2000, XP, MS DOS 6.22 Languages/Platforms	Java5, J2EE (Servlet, JSP, JSF, Rich faces, XHTML, EJB3, JMS), Hibernate, Web Services(WSDL,SOAP), XML parsing(SAX), XSD, XSLT, DOM, JAXP, JAXB, SAAJ, Java script, Struts, Spring Fram', '', '', 'United States', 0, 0, 'Contacted', 0, '', '', '', '', null, null, 0, '' ), ( 416, 'Candidate- Passive', 'US Citizen', 'American', null, 'MS Technologies:	 SharePoint 2010, MOSS 2007, MS SharePoint Portal Server 2003, MS Windows SharePoint Services 3.0/2.0, SharePoint Designer 2007/2010, InfoPath 2003/2007/2010, MS FrontPage 2003, MS Visual Studio .NET 2003/2005/2010, MS Office 2003/2007/20', 'MS Technologies:	 SharePoint 2010, MOSS 2007, MS SharePoint Portal Server 2003, MS Windows SharePoint Services 3.0/2.0, SharePoint Designer 2007/2010, InfoPath 2003/2007/2010, MS FrontPage 2003, MS Visual Studio .NET 2003/2005/2010, MS Office 2003/2007/20', '', '', '', 0, 0, 'Contacted', 0, '', '', '', '', null, null, 0, '' ), ( 419, 'Candidate- Passive', 'Green Card Holdr', 'Indian', null, 'J2EE Technologies	JDBC, EJBs Languages	Java, Java Scripts, C, C++, SQL Application Servers	Oracle Application Server, Websphere 6.0. IDM	Sun IDM 7.x, 8.x IDEs	Eclipse, JDeveloper, IBM Rational Application Developer 7.5 Databases	Oracle 10g / 11i, SQL Ser', 'J2EE Technologies	JDBC, EJBs Languages	Java, Java Scripts, C, C++, SQL Application Servers	Oracle Application Server, Websphere 6.0. IDM	Sun IDM 7.x, 8.x IDEs	Eclipse, JDeveloper, IBM Rational Application Developer 7.5 Databases	Oracle 10g / 11i, SQL Ser', '', '', '', 0, 0, 'Contacted', 0, '', '', '', '', null, null, 0, '' ), ( 422, 'Customer', 'None', '', null, '', '', '', '', '', 0, 0, 'Contacted', 0, '', '', '', '', null, null, 0, '' ), ( 423, 'Customer', 'None', '', null, '', '', '', '', '', 0, 0, 'Contacted', 0, '', '', '', '', null, null, 0, '' ), ( 424, 'Employee', 'None', '', null, '', '', '', '', '', 0, 0, 'Contacted', 65.00, '', '', '', '', null, null, 0, '' ), ( 428, 'Other', 'None', '', null, '', '', '', '', '', 0, 0, 'Contacted', 0, '', '', '', '', null, null, 0, '' ), ( 429, 'Candidate- Passive', 'US Citizen', 'American', null, 'Platform:	HP Server, Sun Server, Sun Sparc Workstation, SUN E25K, SUN M9000  IBM RS/6000,  IBM 3090, 3081, 4381, IBM PC PS/2 Software:	SAS,  Oracle Clinical, Apache, Perl, Shell Scripting, Matlab, S-Plus, Mathematica,  JMP, East, nQuery, StatXact, TIBCO S', 'Platform:	HP Server, Sun Server, Sun Sparc Workstation, SUN E25K, SUN M9000  IBM RS/6000,  IBM 3090, 3081, 4381, IBM PC PS/2 Software:	SAS,  Oracle Clinical, Apache, Perl, Shell Scripting, Matlab, S-Plus, Mathematica,  JMP, East, nQuery, StatXact, TIBCO S', '', '', 'United States', 0, 0, 'Contacted', 0, '', '', '', '', null, null, 0, '' ), ( 432, 'Candidate- Passive', 'US Citizen', 'American', null, 'Proficient in sampling and experimental design techniques using SAS and MINITAB.  Skilled in explanatory, discrete and multivariate data analysis using SAS, R and PHATOMS.  Familiar with SQL and relational database.  Experienced spreadsheet modeling us', 'Proficient in sampling and experimental design techniques using SAS and MINITAB.  Skilled in explanatory, discrete and multivariate data analysis using SAS, R and PHATOMS.  Familiar with SQL and relational database.  Experienced spreadsheet modeling us', '', '', 'United States', 0, 0, 'Contacted', 0, '', '', '', '', null, null, 0, '' ), ( 435, 'Candidate- Passive', 'TN', 'Indian', null, '	SAS TOOLS: SAS V9.0, SAS/BASE, SAS/SQL, SAS/MACROS, SAS/GRAPH,SAS/STAT, SAS/REPORT, SAS /ODS, SAS VIEWER, SAS LOG CHECKER 	OFFICE TOOLS: MS-OFFICE, WORD, EXCEL, POWERPOINT, ACCESS, PROJECT', '	SAS TOOLS: SAS V9.0, SAS/BASE, SAS/SQL, SAS/MACROS, SAS/GRAPH,SAS/STAT, SAS/REPORT, SAS /ODS, SAS VIEWER, SAS LOG CHECKER 	OFFICE TOOLS: MS-OFFICE, WORD, EXCEL, POWERPOINT, ACCESS, PROJECT', '', '', 'United States', 0, 0, 'Contacted', 0, '', '', '', '', null, null, 0, '' ), ( 438, 'Candidate- Passive', 'H1', 'Indian', '2013-04-08', 'Reporting Tool	Crystal Reports 9, Crystal Report Xi Test Management Tool	Mercury Interactive  Test Director 7.6, Quality Center 9.0 OLAP Tool	OBIEE 11g, Micro Strategy 9, Business Objects 6.1, Business Objects XI, Cognos 8 ETL Tool	Datastage 7.5.1, IBM I', '', '', '', '', 0, 0, 'Contacted', 0, '', '', '', '', null, null, 0, '' ), ( 441, 'Candidate- Passive', 'None', '', null, '', '', '', '', '', 0, 0, 'Contacted', 0, '', '', '', '', null, null, 0, '' ), ( 444, 'Customer', 'None', '', null, '', '', '', '', '', 0, 0, 'Contacted', 0, '', '', '', '', null, null, 0, '' ), ( 453, 'Candidate- Passive', 'E2 or L2 EAD', 'Indian', null, '	Certified Project Management Professional (PMP) with over 10+ years of professional experience in SAP. 	Expertise in various facets of ERP implementation like GAP analysis, Design, Development, Documentation, Testing, Quality Assurance, Delivery, Issu', '	Certified Project Management Professional (PMP) with over 10+ years of professional experience in SAP. 	Expertise in various facets of ERP implementation like GAP analysis, Design, Development, Documentation, Testing, Quality Assurance, Delivery, Issu', '', '', 'United States', 0, 0, 'Contacted', 0, '', '', '', '', null, null, 0, '' ), ( 474, 'Candidate - Active', 'None', '', null, 'Windows driver developer', '', '', '', 'Mexico', 80000, 0, 'Contacted', 0.00, '', '', '', '', null, null, 0.00, '' ), ( 475, 'Candidate- Passive', 'None', '', null, '', '', '', '', '', 0, 0, 'Contacted', 0, '', '', '', '', null, null, 0, '' ), ( 476, 'Candidate- Passive', 'None', 'Mexican', null, '', '', '', '', '', 0, 0, 'Contacted', 0, '', '', '', '', null, null, 0, '' ), ( 482, 'Customer', 'None', '', null, '', '', '', '', '', 0, 0, 'Contacted', 0, '', '', '', '', null, null, 0, '' ), ( 490, 'Candidate- Passive', 'None', 'Mexican', null, 'Datastage', 'Teradata', 'SAP BW', '', 'Mexico', 0, 0, 'Contacted', 0, '', '', '', '', null, null, 0, '' ), ( 493, 'Candidate- Passive', 'None', 'mexican', '2013-05-31', 'Siebel', 'Siebel Loyalty', '', '', 'Mexico', 0, 0, 'Contacted', 0, '', '', '', '', null, null, 0, '' ), ( 495, 'Candidate- Passive', 'None', '', null, '', '', '', '', '', 0, 0, 'Contacted', 0, '', '', '', '', null, null, 0, '' ), ( 497, 'Candidate- Passive', 'None', 'Mexican', null, '', '', '', '', 'Mexico', 0, 0, 'Contacted', 0, '', '', '', '', null, null, 0, '' ), ( 498, 'Candidate- Passive', 'None', '', null, '', '', '', '', '', 0, 0, 'Contacted', 0, '', '', '', '', null, null, 0, '' ), ( 501, 'Candidate- Passive', 'None', '', null, '', '', '', '', '', 0, 0, 'Contacted', 0, '', '', '', '', null, null, 0, '' ), ( 505, 'Candidate- Passive', 'H1', 'Indian', null, '', '', '', '', '', 0, 0, 'Contacted', 0, '', '', '', '', null, null, 0, '' ), ( 508, 'Candidate- Passive', 'H1', '', null, 'SAS Financial Management', '', '', '', '', 0, 0, 'Contacted', 0, '', '', '', '', null, null, 0, '' ), ( 511, 'Candidate- Passive', 'H1', '', null, 'Hyperion Financial Management', '', '', '', '', 0, 0, 'Contacted', 0, '', '', '', '', null, null, 0, '' ), ( 514, 'Candidate- Passive', 'TN', 'Canadian Citizen', null, 'Hyperion Essbase, HFM & FDM ( FDQM )', '', '', '', '', 0, 0, 'Contacted', 0, '', '', '', '', null, null, 0, '' ), ( 517, 'Candidate- Passive', 'Green Card EAD', '', null, 'SAS Financial Management', '', '', '', '', 0, 0, 'Contacted', 0, '', '', '', '', null, null, 0, '' ), ( 521, 'Candidate- Passive', 'H1', '', null, 'Hyperion Essbase and Planning, HFM, Hyperion Financial Management', '', '', '', '', 0, 0, 'Contacted', 0, '', '', '', '', null, null, 0, '' ), ( 524, 'Candidate- Passive', 'TN', '', null, 'Functional Testing', '', '', '', '', 0, 0, 'Contacted', 0, '', '', '', '', null, null, 0, '' ), ( 527, 'Candidate- Passive', 'Other', 'Indian - PErmanent Resident of Canada', null, 'Functional Tester', '', '', '', 'Canada', 0, 0, 'Contacted', 0, '', '', '', '', null, null, 0, '' ), ( 530, 'Candidate- Passive', 'Other', 'Canadian Citizen', null, 'Project Manager', '', '', '', 'Canadian Citizen', 0, 0, 'Contacted', 69.00, '', '', '', '', null, null, 0, '' ), ( 533, 'Candidate- Passive', 'None', 'Indian', null, 'Exp in SAP HANA, SAP BWBI7.0/7.3, BODS 4.0/14.1, Business Objects XI/4.0, IBM Infosphere DataStage-ETL 7.5.x-8.x-9. 1, Microstrategy9.x, Cognos, Oracle 10g, TeraData, Hadoop multiskilled looking for Senior/Technology Lead /Architect /Managerial position', '', '', '', 'Work Permit of Canada', 0, 0, 'Contacted', 0, '', '', '', '', null, null, 0, '' ), ( 536, 'Candidate- Passive', 'TN', 'Mexican', null, 'SAS Developer,SAS Administrator and SAS Architect', ',', '', '', 'Mexico', 0, 0, 'Contacted', 0, '', '', '', '', null, null, 0, '' ), ( 539, 'Employee', 'Green Card Holdr', 'Mexican', null, 'Servicenow', 'Servicenow', '', '', 'USA', 0, 0, 'Contacted', 79.00, '', '', '', '', null, null, 0, '' ), ( 542, 'Candidate- Passive', 'Other', 'Canadian Citizen', null, 'ETL Datastage Architect', '', '', '', 'Canada', 0, 0, 'Contacted', 0, '', '', '', '', null, null, 0, '' ), ( 545, 'Candidate- Passive', 'Other', 'Canadian Citizen', null, 'BIG DATA:	BIG SHEETS Languages: 	ABAP/4, CICS, COBOL, Visual Basic, Perl, Syncsort, JCL OS Environment: 	UNIX, Linux, MVS  Database: 	Oracle, VSAM, DB2, Teradata Development Tools: 	SAP Report Writer, SAP ABAP/4 Query, SQL, QMF, PL/SQL, File-Aid, Erwin Mo', '', '', 'Teradata,DB2, Oracle 11G, DataStage, Informatica Data Explorer, Oracle ODI, COBOL, CICS, etc. \r\n\r\nSpecialties: Business Intelligence, Data Warehouse, IT Consulting and Management, Vendor Management', 'Canada', 0, 0, 'Contacted', 0, '', '', '', '', null, null, 0, '' ), ( 548, 'Candidate- Passive', 'None', 'Canadian Citizen', null, 'SAS Admin and Senior SAS ,SAS BI Platform administration', '', '', '', 'Canada', 0, 0, 'Contacted', 0, '', '', '', '', null, null, 0, '' ), ( 551, 'Candidate- Passive', 'Other', 'Indian', null, '', '', '', '', '', 0, 0, 'Contacted', 0, '', '', '', '', null, null, 0, '' ), ( 554, 'Candidate- Passive', 'Green Card Holdr', '', null, 'Servicenow', '', '', '', 'USA', 0, 0, 'Contacted', 0, '', '', '', '', null, null, 0, '' ), ( 557, 'Candidate- Passive', 'US Citizen', '', null, '', '', '', '', '', 0, 0, 'Contacted', 0.00, '', '', '', '', null, null, 0, '' ), ( 560, 'Customer', 'None', '', null, '', '', '', '', '', 0, 0, 'Contacted', 0, '', '', '', '', null, null, 0, '' ), ( 561, 'Customer', 'None', '', null, '', '', '', '', '', 0, 0, 'Contacted', 0, '', '', '', '', null, null, 0, '' ), ( 563, 'Candidate- Passive', 'None', '', null, '', '', '', '', '', 0, 0, 'Contacted', 0, '', '', '', '', null, null, 0, '' ), ( 565, 'Candidate- Passive', 'TN', 'Mexican', null, '', '', '', '', 'Mexican', 0, 0, 'Contacted', 0, '', '', '', '', null, null, 0, '' ), ( 568, 'Candidate- Passive', 'TN', 'Indian', null, '', '', '', '', 'India', 0, 0, 'Contacted', 0, '', '', '', '', null, null, 0, '' ), ( 572, 'Candidate- Passive', 'Other', 'Canadian Citizen', null, 'Service now developer / administrator', 'ECHNICAL SKILLS Techniques: Business Analysis, Six Sigma, SDLC, Data Design and Modeling, Data Structures, CSV and Data Manipulation, XML, Database Connectivity, QA Testing, Integration Language: Service Now scripting, JavaScript/jQuery scripting, Java, S', '', '', 'Canadian Citizen', 0, 0, 'Contacted', 0.00, '', '', '', '', null, null, 0, '' ), ( 575, 'Candidate- Passive', 'None', 'Colombian, canadian resident', null, '', '', '', '', 'Colombia', 0, 0, 'Contacted', 0, '', '', '', '', null, null, 0, '' ), ( 579, 'Employee', 'None', '', null, '', '', '', '', '', 0, 0, 'Contacted', 0, '', '', '', '', null, null, 0, '' ), ( 581, 'Candidate- Passive', 'None', 'Colombian', '2013-05-31', 'Siebel', '', '', '', 'Canada', 0, 0, 'Contacted', 0, '', '', '', '', null, null, 0, '' ), ( 588, 'Other', 'None', '', null, '', '', '', '', '', 0, 0, 'Contacted', 0, '', '', '', '', null, null, 0, '' ), ( 589, 'Customer', 'None', '', null, '', '', '', '', '', 0, 0, 'Contacted', 0, '', '', '', '', null, null, 0, '' ), ( 592, 'Candidate- Passive', 'H1', 'Indian', null, '', '', '', '', 'USA', 0, 0, 'Contacted', 0, '', '', '', '', null, null, 0, '' ), ( 597, 'Candidate- Passive', 'US Citizen', 'Indian', null, '', '', '', '', 'USA', 0, 0, 'Contacted', 0, '', '', '', '', null, null, 0, '' ), ( 604, 'Candidate- Passive', 'H1', 'Indian', null, 'OBIEE/ODI', '', '', '', 'USA', 0, 0, 'Contacted', 0, '', '', '', '', null, null, 0, '' ), ( 607, 'Candidate- Passive', 'US Citizen', 'American', null, 'ServiceNow Develop/Administrator/Consultant', '', '', '', 'USA', 0, 0, 'Contacted', 0, '', '', '', '', null, null, 0, '' ), ( 610, 'Candidate- Passive', 'H1', 'Indian', null, 'Service now Lead/Developer/Admin', '', '', '', 'USA', 0, 0, 'Contacted', 0, '', '', '', '', null, null, 0, '' ), ( 613, 'Candidate- Passive', 'Other', 'Columbian - Permanent Resident of Canada', null, '', '', '', '', 'Canada', 0, 0, 'Contacted', 0, '', '', '', '', null, null, 0, '' ), ( 616, 'Candidate- Passive', 'H1', 'Indian', null, 'Talend Developer', '', '', 'ETL Tools\r\nInformatica (9.x,8.x,7.x, 6.x),Talend(TIS & TDQ) 3.2, 4.2, 5.0, OWB(11g,10g,9i),\r\nDatastage(7.5,8.0, 8.5),SSIS, Pentaho ETL, Sybase ETL, BO Data Integrator, ODI BI Reporting Tools\r\nOBIEE(10g), MicroStrategy(9.0,8.1, 8.0.2), OBIEE, Business Objects, Discoverer 9i Services/CRM\r\nSoapUi, Webservices, Salesforce, Banner Databases\r\nOracle 7.x/8/8i/9i/10g/11g, Sybase IQ/ASE, Ms-Sql Server 2005/2008, Netezza, MySql, Teradata, Exadata, AWS, RDS, PostgresSql, Vertica, Greenplum Tools\r\nInformation Analyzer, Informatica MDM, Talend MDM, Erwin, Visio, Power Designer Languages\r\nSql, Pl-Sql, T-Sql, Xml Methodologies\r\nRalph Kimball Methodology, Bill-Inmon Methodology, Agile Methodology Operating Systems\r\nWindows 95/98/NT4.0/ 2000,UNIX(Sun Solaris, Hp, AIX Linux), Ms-Dos', 'USA', 0, 0, 'Contacted', 0, '', '', '', '', null, null, 0, '' ), ( 619, 'Candidate- Passive', 'H1', 'Indian', null, 'Talend Developer', '', '', 'Technical Environment:\r\n\r\nEtl Tools:	Informatica PowerCenter 9.1/8.6, Power Exchange, RDBMS, Talend MDM for Big Data, \r\n 	                                             Talend Open Studio for Data Integration 5.1.\r\n	\r\nData Modeling Tool: 	Erwin\r\nOperating System:	Windows NT /XP /2000 /98 /95, UNIX, MS- DOS, Z/OS \r\nPrograming Languages:	Core Java, C++, Visual Basic, COBOL\r\nData Bases:	Oracle 9i/10g, DB2, Sybase, Teradata\r\nDatabase Utilities:	SQL, SQL*Loader, PL/SQL (Stored Procedures, Functions,\r\n 	Packages, Triggers, Exception handling) \r\nScripting: 	Shell, AWK, Perl\r\nJob Schedulers: 	Autosys, Control-M', 'USA', 0, 0, 'Contacted', 0, '', '', '', '', null, null, 0, '' ), ( 622, 'Candidate- Passive', 'TN', 'Mexican', null, 'SAS', '', '', 'Lotus Notes\r\nEastman Software Workflow\r\nImaging Professional\r\nUnix\r\nC\r\nPega View Ace (Workflow)\r\nTuxedo\r\nSQL\r\nBroadvision\r\nJavascript\r\nHTML\r\nSAS Delivery Portal\r\nSAS Web Report Studio\r\nSAS Web OLAP Viewer\r\nSAS Data Integration\r\nSAS OLAP Cube Studio\r\nSAS Enterprise Guide\r\nSAS Add-In for MS-Office', 'Mexico', 0, 0, 'Contacted', 0, '', '', '', '', null, null, 0, '' ), ( 625, 'Candidate- Passive', 'H1', 'Indian', null, 'Talend', '', '', 'ETL Tools:	 Talend Open Studio for data integration, Informatica PowerCenter9.1/8.6/8.1/7.1/6.1, Power Mart                                           6.2/5.1, Informatica PowerConnect,	Informatica Power Exchange for Salesforce.com ,  OLAP, OLTP,Autosys\r\nData Modeling:		 Erwin,MS Visio, ER Model, Dimensional Data Modeling, Ralph-Kimball Methodology, 				                             Bill-Inman Methodology,Star Schema Modeling,Snow-Flake Modeling\r\nReporting Tools:   	Business Objects 6.5/6.1, Crystal Reports\r\nDatabases:		Oracle 11g/10g/9i/8i, MS SQL Server 2005/2000, Teradata (Fast-Load, Multi-Load, Fast 				                             Export), SFDC, MS Access, MS Excel, flat files\r\nDB Tools:		TOAD, SQL Developer, SQL * Plus, Maestro Job Scheduler\r\nLanguages:		VB, Java, SQL, PL/SQL, UNIX Shell Scripting, XML, COBOL \r\nWeb Technologies: 	HTML, CSS, Java Script, Macromedia Dreamweaver', 'USA', 0, 0, 'Contacted', 0, '', '', '', '', null, null, 0, '' ), ( 628, 'Candidate- Passive', 'None', 'Mexican', null, '', '', '', '', '', 0, 0, 'Contacted', 0, '', '', '', '', null, null, 0, '' ), ( 632, 'Candidate- Passive', 'H1', 'Indian', null, 'Dataware housing', '', '', 'ETL Tools	Informatica 9.x/8.x/7.x/6.x (Power Center/Power Mart/Power Exchange) (Administration Console, Repository Manager, Designer, Workflow Manager, Workflow Monitor, Server Manager, Power Connect), Ascential Datastage 7.x\r\nData Modeling	Erwin 4.0/3.5, Star Schema Modelling, Snow Flake Modelling\r\nDatabases	Oracle 11g/10g/9i/8i, MS SQL Server 2005/2000, DB2, SYBASE, Teradata\r\nOLAP Tools	Cognos 7.0/6.0\r\nLanguages	PL/SQL, Perl, Unix Shell Script, Visual Basic, XML, C, C++\r\nTools	Toad, SQL* Loader, Autosys, Axway\r\nOperating Systems	Windows 2003/2000/NT, UNIX, Linux', 'USA', 0, 0, 'Contacted', 0, '', '', '', '', null, null, 0, '' ), ( 635, 'Candidate- Passive', 'OPT', '', null, 'Core Java,sql,javascript', '', '', '', '', 0, 0, 'Contacted', 0, '', '', '', '', null, null, 0, '' ), ( 638, 'Candidate- Passive', 'H1', 'Indian', null, 'Visual Basic, MS SQL Server, HTML, JavaScript, SQL, Java, J2EE,Sun Certified Java Professional', '', '', '', 'USA', 0, 0, 'Contacted', 0, '', '', '', '', null, null, 0, '' ), ( 643, 'Customer', 'None', '', null, '', '', '', '', '', 0, 0, 'Contacted', 0, '', '', '', '', null, null, 0, '' ), ( 644, 'Candidate- Passive', 'None', 'Mexican', null, '', '', '', 'Willing to relocate to Canada', 'Mexico', 0, 0, 'Contacted', 0, '', '', '', '', null, null, 0, '' ), ( 645, 'Candidate- Passive', 'H1', 'Indian', null, '	Programming Languages:   PLSQL, Shell Scripting, Pro*C, XML 	ERP exposure: Oracle retail (RETEK) application Suite [RMS, RPM, RIB, SIM, v9, v12, v13] Manuguistcs (JDA v6), 	Development tools:  TOAD, SQL Developer, Clear case, Clear Quest, Uc4 job sche', '', '', '', 'USA', 0, 0, 'Contacted', 0, '', '', '', '', null, null, 0, '' ), ( 648, 'Candidate- Passive', 'H1', 'Indian', null, '	Programming & Scripting Skills: 	Java 6, J2EE, JSP, Servlet, HTML 4.0, JavaScript, JSTL,       XML, XPath, Ajax, JQuery, XQuery. 	Frameworks:			Spring 2.0, Struts 1.2, Hibernate 3.0, Spring-JDBC. 	Application Servers:		Tomcat 6.0, JBoss 5, Resin, IBM ', '', '', '', 'USA', 0, 0, 'Contacted', 0, '', '', '', '', null, null, 0, '' ), ( 649, 'Candidate- Passive', 'US Citizen', 'Indian', null, 'Skill Set: 	SAP Technologies: ECC, Data Services, Information Steward, HANA, NW BI / BW, BusinessObjects BI, SLT, MDM, XI / PI, etc. 	ETL Tools: SAP BODS, and SLT. 	Databases: Oracle, DB2, SQL Server, and MS Access. 	Reporting tools: WEBI, Crystal Rep', '', '', 'Core Competencies:\r\n	Experience in Requirements, Analysis, Design, Develop, Test, Administration and Maintenance of ETL Processes with SAP Systems, non-SAP systems, and Data Warehouses using SAP BusinessObjects Data Services (BODS).\r\n	Expertise in Database Design, Data Modeling, Data profiling, Data Quality Modeling, Data cleansing, ETL Processes, Data Validation, Data migration, Data Conversion, Data Remediation, Data marts, Data mining, and Data audits.\r\n	Involved in BODS, and SLT Installation, Configuration, and Setup & Execution of Replication for SAP HANA.\r\n	Experience in Star/Snowflake schema modeling, Logical and Physical Data Modeling.\r\n	Expertise in Design and Development of interfaces with SAP XI/PI for SAP and non-SAP Systems utilizing various adapters such as File/FTP, HTTP, SOAP, JDBC, IDoc, RFC, third party, and BPM.\r\n	Expertise in Design and Develop Data Models using Attribute, Analytic, and Calculation Views. Full lifecycle implementation of SAP HANA Project. Experience in Administration, and Data Provisioning.\r\n	Experienced in WEBI, Crystal Reports, Xcelsius/Dashboard Design, Query Designer, and BEx Analyzer.\r\n	Experience in working with the SAP BW tools for Extraction, Transformation and Loading of Data (ETL). Worked in SAP Business Information Warehouse including, Info Objects, Info Cubes, ODS Objects, DSO Objects Info Providers, Data Sources, PSA, Info Package, Transfer and Update rules, Transformations, Data Transfer  Process (DTP), Multi Provider, Info Sets, APDs, Business Content, BEx Query Designer, BEx Web Application Designer, BEx Analyzer.\r\n	Expertise in Requirements gathering, Analysis, Design, Develop, Test, and Implementation of SAP MDM 5.5 and 7.1 solutions for Material, Product, Customer, Vendor, and Business Partner.\r\n	Implementation of Projects using ASAP Methodology. Expertise in using Solution Manager, HP Quality Center.\r\n	Experience in ALE, IDoc, RFC, BAPI, XML, WSDL, XSLT, WAS, LSMW, DB2, Oracle, SQL, and ABAP Programming technologies. Implement Projects using ASAP Methodology. Expertise in using Solution Manager.\r\n	Good Exposure to Sales and Distribution (SD), Material Management (MM), Production Planning (PP), Finance & Controlling (FICO), Human Resources (HR), Supplier Relationship Management (SRM), Customer Relationship Management (CRM) and Supply Chain Management (SCM), etc.\r\n	Industry experience in Telecom, Utilities, Chemical, Healthcare, Medical Devices, Hi-tech, Retail, Auto, Govt., etc.', 'USA', 0, 0, 'Contacted', 0, '', '', '', '', null, null, 0, '' ), ( 652, 'Candidate- Passive', 'Other', 'Indian - Work Permit for Canada', null, 'Operating Systems	Windows, UNIX, Linux  Languages & Technologies	JAVA, JSF, JSP, XML, HTML,SQL, Java Script, AJAX, UNIX Shell Script Database	MS SQL Server, DB2, Oracle 9i, Oracle 10g, Sybase ASE IDEs	Eclipse, WSAD, IBM Workshop Servers 	IBM WebSphere, Ap', '', '', '', 'Canada', 0, 0, 'Contacted', 0, '', '', '', '', null, null, 0, '' ), ( 655, 'Candidate- Passive', 'H1', 'Indian', null, 'Software	MS Office. Operating Systems	Windows XP-Vista-7 Computer Languages  	JavaScript, HTML, JSP, C++. Databases	Oracle, DB2, SQL Server. ITIL Process Implementation	Change Management, Incident Management, Problem Management, Release Management, Servic', '', '', '', 'USA', 0, 0, 'Contacted', 0.00, '', '', '', '', null, null, 0, '' ), ( 658, 'Candidate- Passive', 'H1', 'Indian', null, 'Service-Now as a Developer and architect.', '', '', '', 'USA', 0, 0, 'Contacted', 0.00, '', '', '', '', null, null, 0, '' ), ( 661, 'Candidate- Passive', 'H1', 'Indian', null, 'OLAP/DSS Tools	Business Objects 4.0, XI 3.1(R3.1)/R2/R1/6.x, SDK, Crystal Reports, CMC, CCM, Designer(UDT, IDT), Deski, Webi, Web Intelligence Rich Client, BI Launch Pad, Info View, Report Conversion Tool, Translation Manager, Crystal Xcelsius 2008/4.5, Q', '', '', '', 'USA', 0, 0, 'Contacted', 0, '', '', '', '', null, null, 0, '' ), ( 664, 'Candidate- Passive', 'Other', 'Permanent Resident of Canada', null, '~ Platforms      	- Novell Netware, Windows 2008 Server, C#, Citrix, UNIX, Linux & Java ~ Databases     	- Oracle, MySql, Sql Server, Informix & Sybase ~ Tools            	- PHP, .NET, Business Object, Crystal Reports, Oracle Discoverer & WEB ADI ~ CMS & ', '', '', '', 'Canada', 0, 0, 'Contacted', 0.00, '', '', '', '', null, null, 0, '' ), ( 667, 'Candidate- Passive', 'None', '', null, '', '', '', '', 'Canadian Citizen', 0, 0, 'Contacted', 0, '', '', '', '', null, null, 0, '' ), ( 669, 'Employee', 'TN', 'Mexican', null, '', '', '', '', 'Mexico', 0, 0, 'Contacted', 73.00, '', '', '', '', null, null, 0, '' ), ( 674, 'Candidate- Passive', 'US Citizen', '', null, '', '', '', '', 'US', 0, 0, 'Contacted', 0.00, '', '', '', '', null, null, 0.00, '' ), ( 675, 'Candidate- Passive', 'H1', 'Indian', null, '', '', '', '', 'US', 0, 0, 'Contacted', 0.00, '', '', '', '', null, null, 0, '' ), ( 676, 'Candidate- Passive', 'H1', 'Indian', null, 'SOFTWARE SKILLS Programming Languages  SQL and COBOL  GUI Tools  Appworx Operating system  UNIX, Linux, Windows, MVS Z/OS and MS-DOS.  Data Base Management  Oracle 10g, 11g, IDMS,DB2 and Concepts of RDBMS. Data warehousing /Business Intelligence     ', '', '', 'SOFTWARE SKILLS\r\nProgramming Languages  SQL and COBOL \r\nGUI Tools  Appworx\r\nOperating system  UNIX, Linux, Windows, MVS Z/OS and MS-DOS. \r\nData Base Management  Oracle 10g, 11g, IDMS,DB2 and Concepts of RDBMS.\r\nData warehousing /Business Intelligence \r\n          Advanced DW Concepts, ETL and DataModelling\r\n          ETL Tools Informatica.\r\n          Reporting Tools  OBIEE 10x, 11x and Mainframe Focus.\r\n         Scheduling Tools - DAC, CA7 and Control-M', 'USA', 0, 0, 'Contacted', 0.00, '', '', '', '', null, null, 0, '' ), ( 679, 'Candidate- Passive', 'Green Card EAD', 'Indian', null, 'Skills:  	 ERP :  Oracle Application/E-Business suite:  Release 12.1.3, 11.5.10, 11.5.8  Payables,                        Payments, General Ledger, Cash Management, Order Management,                          Warehouse  Management System, Inventory, WIP,', '', '', 'Skills:\r\n\r\n	 ERP :  Oracle Application/E-Business suite:  Release 12.1.3, 11.5.10, 11.5.8  Payables,   \r\n                    Payments, General Ledger, Cash Management, Order Management,     \r\n                    Warehouse  Management System, Inventory, WIP, Flow Manufacturing. \r\n\r\n        Oracle CRM: Spares Management\r\n\r\n	Design Tools:  Oracle SQL Developer, SQL Navigator, Toad, Oracle Reports, Oracle \r\n                           Forms, Oracle BI Publisher.', 'USA', 0, 0, 'Contacted', 0.00, '', '', '', '', null, null, 0, '' ), ( 682, 'Candidate- Passive', 'TN', 'Mexican', null, '', '', '', '', 'Mexico', 0, 0, 'Contacted', 0.00, '', '', '', '', null, null, 0, '' ), ( 685, 'Candidate - Active', 'TN', 'Mexican', null, 'Servicenow', '', '', '', 'Mexico', 0, 0, 'Contacted', 60.00, '', '', '', '', null, null, 0, '' ), ( 688, 'Candidate- Passive', 'TN', 'Canadian Citizen', null, 'Servicenow', '', '', '', 'Canada', 0, 0, 'Contacted', 0.00, '', '', '', '', null, null, 0, '' ), ( 729, 'Customer', 'None', '', null, '', '', '', '', '', 0, 0, 'Contacted', 0, '', '', '', '', null, null, 0, '' ), ( 730, 'Candidate - Active', 'None', '', null, '', '', '', '', '', 0, 90000, 'Contacted', 88.00, '', '', '', '', null, null, 0, '' ), ( 733, 'Employee', 'TN', 'Mexican', null, '', '', '', '', 'Mexico', 0, 0, 'Contacted', 0.00, '', '', '', '', null, null, 0, '' ), ( 734, 'Candidate - Active', 'None', '', null, '', '', '', '', '', 0, 95000, 'Contacted', 88.00, '', '', '', '', null, null, 0, '' ), ( 742, 'Customer', 'TN', 'Mexican', null, 'Service now developer / administrator', '', '', '', '', 0, 0, 'Contacted', 0.00, '', '', '', '', null, null, 0, '' ), ( 745, 'Candidate - Active', 'TN', 'Mexican', null, 'Service now developer / administrator', '', '', 'Service now developer / administrator', '', 0, 0, 'Contacted', 0.00, '', '', '', '', null, null, 0, '' ), ( 748, 'Other', 'US Citizen', 'Pakistan', null, 'Maximo', '', '', '', '', 0, 0, 'Contacted', 0.00, '', '', '', '', null, null, 0, '' ), ( 751, 'Employee', 'Other', 'Mexican', null, 'Oracle pl/sql', '', '', '', 'Mexico', 0, 0, 'Contacted', 0.00, '', '', '', '', null, null, 0, '' ), ( 754, 'Candidate - Active', 'US Citizen', 'Indian', null, 'Service-Now Architect', '', '', 'Certifications:\r\nService-Now Certified System Administrator\r\nITIL V3 Certified\r\n-----------------------\r\nService-Now Administrator\r\nRemedy Administrator\r\nSql Server', 'USA', 0, 0, 'Contacted', 0.00, '', '', '', '', null, null, 0, '' ), ( 757, 'Candidate - Active', 'H1', 'Indian', null, 'Servicenow Architect', '', '', ' ITIL V2 foundation certified (EXIN  EX0-100)\r\n ITIL V3 foundation certified\r\n HP Service Manager 9.x\r\n IBM Tivoli Monitoring V6.1 Implementation (000-890)\r\n HP OV NNM 7.X Essentials - I (HPO-632)\r\n HP OV Operations for Windows (7.x) (HPO-727)\r\n ServiceNow System Administrator', 'USA', 0, 0, 'Contacted', 0.00, '', '', '', '', null, null, 0, '' ), ( 767, 'Employee', 'TN', 'Mexican', '2013-12-02', 'Business Analyst, Banking, Finance', '', '', '', 'Mexico', 0, 0, 'Contacted', 0.00, '', '', '', '', null, null, 0.00, '' ), ( 772, 'Candidate- Passive', 'TN', 'Mexican', null, 'Service now administrator', '', '', '', 'Mexico', 0, 0, 'Contacted', 0.00, '', '', '', '', null, null, 0.00, '' ), ( 775, 'Candidate - Active', 'TN', 'Mexican', null, 'Servicenow Developer', '', '', '', 'Mexico', 0, 0, 'Contacted', 0.00, '', '', '', '', null, null, 0, '' ), ( 780, 'Candidate - Active', 'TN', 'Mexican', null, 'ASP .net', '', '', '', 'Mexico', 0, 0, 'Contacted', 0.00, '', '', '', '', null, null, 0.00, '' ), ( 783, 'Candidate - Active', 'TN', 'Mexican', null, 'SalesForce,Siebel', '', '', '', 'Mexico', 0, 0, 'Contacted', 0.00, '', '', '', '', null, null, 0.00, '' ), ( 786, 'Candidate - Active', 'TN', 'Mexican', null, 'ASP .net', '', '', '', 'Mexico', 0, 0, 'Contacted', 0.00, '', '', '', '', null, null, 0.00, '' ), ( 789, 'Candidate - Active', 'TN', 'Mexican', null, 'AIX,UNIX,Linux', '', '', '', 'Mexico', 0, 0, 'Contacted', 0.00, '', '', '', '', null, null, 0.00, '' ), ( 792, 'Candidate - Active', 'TN', 'Mexican', null, '', '', '', '', 'Mexico', 0, 0, 'Contacted', 0.00, '', '', '', '', null, null, 0.00, '' ), ( 795, 'Customer', '', '', null, '', '', '', '', '', 0, 0, '', 0.00, '', '', '', '', null, null, 0.00, '' );
/*!40000 ALTER TABLE `vtiger_contactscf` ENABLE KEYS */;
UNLOCK TABLES;

--
-- Table structure for table vtiger_contactsubdetails
--

DROP TABLE IF EXISTS vtiger_contactsubdetails;
SET @saved_cs_client = @@character_set_client;
SET character_set_client = utf8;
CREATE TABLE `vtiger_contactsubdetails` (
  `contactsubscriptionid` int(19) NOT NULL DEFAULT '0',
  `homephone` varchar(50) DEFAULT NULL,
  `otherphone` varchar(50) DEFAULT NULL,
  `assistant` varchar(30) DEFAULT NULL,
  `assistantphone` varchar(50) DEFAULT NULL,
  `birthday` date DEFAULT NULL,
  `laststayintouchrequest` int(30) DEFAULT '0',
  `laststayintouchsavedate` int(19) DEFAULT '0',
  `leadsource` varchar(200) DEFAULT NULL,
  PRIMARY KEY (`contactsubscriptionid`),
  CONSTRAINT `fk_1_vtiger_contactsubdetails` FOREIGN KEY (`contactsubscriptionid`) REFERENCES `vtiger_contactdetails` (`contactid`) ON DELETE CASCADE
) ENGINE=InnoDB DEFAULT CHARSET=utf8;
SET character_set_client = @saved_cs_client;

--
-- Dumping data for table vtiger_contactsubdetails
--

LOCK TABLES `vtiger_contactsubdetails` WRITE;
/*!40000 ALTER TABLE `vtiger_contactsubdetails` DISABLE KEYS */;
INSERT INTO vtiger_contactsubdetails ( CONTACTSUBSCRIPTIONID, HOMEPHONE, OTHERPHONE, ASSISTANT, ASSISTANTPHONE, BIRTHDAY, LASTSTAYINTOUCHREQUEST, LASTSTAYINTOUCHSAVEDATE, LEADSOURCE ) VALUES ( 5, '', '', '', '', null, 0, 0, '--None--' ), ( 13, '', '', '', '', null, 0, 0, 'Networking' ), ( 19, '', '', '', '', null, 0, 0, 'Networking' ), ( 23, '', '', '', '', null, 0, 0, 'Networking' ), ( 30, '', '', '', '', null, 0, 0, '--None--' ), ( 31, '', '', '', '', null, 0, 0, 'Networking' ), ( 34, '', '', '', '', null, 0, 0, 'Networking' ), ( 37, '', '', '', '', null, 0, 0, 'Networking' ), ( 41, '', '', '', '', null, 0, 0, '--None--' ), ( 44, '+331 575 7686', '', '', '', null, 0, 0, '--None--' ), ( 66, '+5215518335503', '', '', '', null, 0, 0, '--None--' ), ( 69, '+52 (81) 88 80 70 37', '', '', '', null, 0, 0, '--None--' ), ( 72, '', '', '', '', null, 0, 0, 'Networking' ), ( 75, '', '', '', '', null, 0, 0, '--None--' ), ( 78, '', '', '', '', null, 0, 0, '--None--' ), ( 81, '+1-914-310-5728', '+1-914-310-5728', '', '', null, 0, 0, 'Monster' ), ( 84, '8175049351', '8175049351', '', '', null, 0, 0, 'Public Relations' ), ( 87, '408-637-8454', '408-637-8454', '', '', null, 0, 0, '--None--' ), ( 90, '201 815 6018', '201 815 6018', '', '', null, 0, 0, 'Monster' ), ( 93, '516-428-5598', '516-428-5598', '', '', null, 0, 0, 'Other' ), ( 116, '', '', '', '', null, 0, 0, 'Networking' ), ( 117, '', '', '', '', null, 0, 0, '--None--' ), ( 119, '513-560-4123', '513-560-4123', '', '', null, 0, 0, 'Networking' ), ( 122, '2039814531', '2039814531', '', '', null, 0, 0, 'Monster' ), ( 125, '(860) 838 2531', '(860) 838 2531', '', '', null, 0, 0, 'Monster' ), ( 129, '+525555794886', '', '', '', null, 0, 0, '--None--' ), ( 131, '+526461560704', '', '', '', null, 0, 0, 'Computrabajo' ), ( 138, '', '', '', '', null, 0, 0, 'Networking' ), ( 142, '', '+52 55 56080564', '', '', '1979-02-25', 0, 0, '--None--' ), ( 143, '+52555311-0122', '', '', '', '1967-02-08', 0, 0, '--None--' ), ( 153, '+17325013032', '+17325013032', '', '2033085465', null, 0, 0, 'Networking' ), ( 172, '', '', '', '', null, 0, 0, '' ), ( 175, '+525556774483', '', '', '', null, 0, 0, 'Linked In' ), ( 177, '', '', '', '', null, 0, 0, '--None--' ), ( 180, '+5281 81 04 11 20', '', '', '', null, 0, 0, 'Linked In' ), ( 184, '', '+52 81 8335 1749', '', '', null, 0, 0, 'Networking' ), ( 185, '+52 (81) 1431 0207', '', '', '', null, 0, 0, 'Linked In' ), ( 186, '', '', '', '', null, 0, 0, 'Computrabajo' ), ( 187, '', '', '', '', null, 0, 0, '--None--' ), ( 191, '', '', '', '', null, 0, 0, '--None--' ), ( 192, '', '+52(81)8048 4050 ext 4504', '', '', null, 0, 0, 'Linked In' ), ( 193, '', '', '', '', null, 0, 0, 'Networking' ), ( 194, '', '', '', '', null, 0, 0, 'Others' ), ( 195, '', '', '', '', null, 0, 0, 'Linked In' ), ( 203, '', '', '', '', null, 0, 0, '' ), ( 204, '', '', '', '', null, 0, 0, '' ), ( 206, '', '', '', '', null, 0, 0, '' ), ( 207, '', '', '', '', null, 0, 0, '' ), ( 209, '', '', '', '', null, 0, 0, '' ), ( 211, '', '', '', '', null, 0, 0, '' ), ( 212, '', '', '', '', null, 0, 0, '' ), ( 213, '', '', '', '', null, 0, 0, '' ), ( 215, '', '', '', '', null, 0, 0, '' ), ( 216, '', '', '', '', null, 0, 0, '' ), ( 218, '', '', '', '', null, 0, 0, '' ), ( 220, '', '', '', '', null, 0, 0, '' ), ( 222, '', '', '', '', null, 0, 0, '' ), ( 224, '', '', '', '', null, 0, 0, '' ), ( 225, '', '', '', '', null, 0, 0, '' ), ( 227, '', '', '', '', null, 0, 0, '' ), ( 229, '', '', '', '', null, 0, 0, '' ), ( 231, '', '', '', '', null, 0, 0, '' ), ( 232, '', '', '', '', null, 0, 0, '' ), ( 234, '', '', '', '', null, 0, 0, '' ), ( 235, '', '', '', '', null, 0, 0, '' ), ( 237, '', '', '', '', null, 0, 0, '' ), ( 239, '', '', '', '', null, 0, 0, '' ), ( 240, '', '', '', '', null, 0, 0, '' ), ( 242, '', '', '', '', null, 0, 0, '' ), ( 243, '', '', '', '', null, 0, 0, '' ), ( 245, '', '', '', '', null, 0, 0, '' ), ( 247, '', '', '', '', null, 0, 0, '' ), ( 249, '', '', '', '', null, 0, 0, '' ), ( 251, '', '', '', '', null, 0, 0, '' ), ( 253, '', '', '', '', null, 0, 0, '' ), ( 254, '', '', '', '', null, 0, 0, '' ), ( 256, '', '', '', '', null, 0, 0, '' ), ( 257, '', '', '', '', null, 0, 0, '' ), ( 259, '', '', '', '', null, 0, 0, '' ), ( 260, '', '', '', '', null, 0, 0, '' ), ( 262, '', '', '', '', null, 0, 0, '' ), ( 264, '', '', '', '', null, 0, 0, '' ), ( 266, '', '', '', '', null, 0, 0, '' ), ( 268, '', '', '', '', null, 0, 0, '' ), ( 270, '', '', '', '', null, 0, 0, '' ), ( 271, '', '', '', '', null, 0, 0, '' ), ( 273, '', '', '', '', null, 0, 0, '' ), ( 275, '', '', '', '', null, 0, 0, '' ), ( 277, '', '', '', '', null, 0, 0, '' ), ( 279, '', '', '', '', null, 0, 0, '' ), ( 280, '', '', '', '', null, 0, 0, '' ), ( 281, '', '', '', '', null, 0, 0, '' ), ( 282, '', '', '', '', null, 0, 0, '' ), ( 283, '', '', '', '', null, 0, 0, '' ), ( 284, '', '', '', '', null, 0, 0, '' ), ( 286, '', '', '', '', null, 0, 0, '' ), ( 288, '', '', '', '', null, 0, 0, '' ), ( 289, '', '', '', '', null, 0, 0, '' ), ( 291, '', '', '', '', null, 0, 0, '' ), ( 292, '', '', '', '', null, 0, 0, '' ), ( 293, '', '', '', '', null, 0, 0, '' ), ( 294, '', '', '', '', null, 0, 0, '' ), ( 295, '', '', '', '', null, 0, 0, '' ), ( 297, '', '', '', '', null, 0, 0, '' ), ( 299, '', '', '', '', null, 0, 0, '' ), ( 301, '', '', '', '', null, 0, 0, '' ), ( 302, '', '', '', '', null, 0, 0, '' ), ( 304, '', '', '', '', null, 0, 0, '' ), ( 306, '', '', '', '', null, 0, 0, '' ), ( 308, '', '', '', '', null, 0, 0, '' ), ( 310, '', '', '', '', null, 0, 0, '' ), ( 311, '', '', '', '', null, 0, 0, '' ), ( 313, '', '', '', '', null, 0, 0, '' ), ( 314, '', '', '', '', null, 0, 0, '' ), ( 315, '', '', '', '', null, 0, 0, '' ), ( 317, '', '', '', '', null, 0, 0, '' ), ( 318, '', '', '', '', null, 0, 0, '' ), ( 320, '', '', '', '', null, 0, 0, '' ), ( 321, '', '', '', '', null, 0, 0, '' ), ( 322, '', '', '', '', null, 0, 0, '' ), ( 323, '', '', '', '', null, 0, 0, '' ), ( 325, '', '', '', '', null, 0, 0, '' ), ( 326, '', '', '', '', null, 0, 0, '' ), ( 328, '', '', '', '', null, 0, 0, '' ), ( 330, '', '', '', '', null, 0, 0, '' ), ( 331, '', '', '', '', null, 0, 0, '' ), ( 333, '', '', '', '', null, 0, 0, '' ), ( 334, '', '', '', '', null, 0, 0, '' ), ( 336, '', '', '', '', null, 0, 0, '' ), ( 337, '', '', '', '', null, 0, 0, '' ), ( 339, '', '', '', '', null, 0, 0, '' ), ( 340, '', '', '', '', null, 0, 0, '' ), ( 342, '', '', '', '', null, 0, 0, '' ), ( 343, '', '', '', '', null, 0, 0, 'Facebook' ), ( 348, '', '', '', '', null, 0, 0, 'Networking' ), ( 352, '', '', '', '', null, 0, 0, 'Networking' ), ( 355, '', '', '', '', null, 0, 0, '--None--' ), ( 358, '', '898-462-3321', '', '', null, 0, 0, '--None--' ), ( 361, '', '', '', '', null, 0, 0, '--None--' ), ( 364, '', '', '', '', null, 0, 0, '--None--' ), ( 367, '', '', '', '', null, 0, 0, '--None--' ), ( 370, '', '', '', '', null, 0, 0, '--None--' ), ( 374, '', '', '', '', null, 0, 0, '--None--' ), ( 377, '', '', '', '', null, 0, 0, '--None--' ), ( 380, '', '', '', '', null, 0, 0, '--None--' ), ( 383, '', '', '', '', null, 0, 0, '--None--' ), ( 386, '', '', '', '', null, 0, 0, '--None--' ), ( 389, '', '', '', '', null, 0, 0, '--None--' ), ( 392, '', '', '', '', null, 0, 0, '--None--' ), ( 395, '', '+52442 2169748', '', '', '1983-05-21', 0, 0, 'Networking' ), ( 396, '+528119363744', '', '', '', null, 0, 0, 'Others' ), ( 401, '', '', '', '', null, 0, 0, 'Networking' ), ( 404, '', '', '', '', '1980-12-16', 0, 0, '--None--' ), ( 407, '', '', '', '', null, 0, 0, '--None--' ), ( 410, '', '', '', '', null, 0, 0, '--None--' ), ( 413, '', '', '', '', null, 0, 0, '--None--' ), ( 416, '', '', '', '', null, 0, 0, '--None--' ), ( 419, '', '', '', '', null, 0, 0, '--None--' ), ( 422, '877 340 6867', '877 340 6867', '', '', null, 0, 0, 'Networking' ), ( 423, '', '408-341-5706', '', '', null, 0, 0, 'Networking' ), ( 424, '', '', '', '', null, 0, 0, 'OCC' ), ( 428, '', '', '', '', null, 0, 0, 'Networking' ), ( 429, '', '', '', '', null, 0, 0, 'TechFetch' ), ( 432, '', '', '', '', null, 0, 0, 'TechFetch' ), ( 435, '', '', '', '', null, 0, 0, 'TechFetch' ), ( 438, '6508922624', '6508922624', '', '', null, 0, 0, 'Monster' ), ( 441, '+52 (55) 57371410', '', '', '', null, 0, 0, '--None--' ), ( 444, '', '+1203-209-6586', '', '', null, 0, 0, '--None--' ), ( 453, '+1-408-637-1835', '', '', '', null, 0, 0, 'TechFetch' ), ( 474, '', 'Skype id enrique.izaguirre.v', '', '', null, 0, 0, '--None--' ), ( 475, '', 'Skype id: ipeter.caste', '', '', null, 0, 0, '--None--' ), ( 476, '', '', '', '', null, 0, 0, '--None--' ), ( 482, '', '', '', '', null, 0, 0, '--None--' ), ( 490, '', '', '', '', null, 0, 0, 'Linked In' ), ( 493, '+52 (444) 2543655', '', '', '', null, 0, 0, '--None--' ), ( 495, '', '', '', '', null, 0, 0, '--None--' ), ( 497, '', '', '', '', null, 0, 0, '--None--' ), ( 498, '', '', '', '', null, 0, 0, '--None--' ), ( 501, '', '', '', '', null, 0, 0, '--None--' ), ( 505, '', '', '', '', null, 0, 0, '--None--' ), ( 508, '', '', '', '', null, 0, 0, 'TechFetch' ), ( 511, '', '', '', '', null, 0, 0, 'TechFetch' ), ( 514, '', '', '', '', null, 0, 0, 'TechFetch' ), ( 517, '', '', '', '', null, 0, 0, 'TechFetch' ), ( 521, '', '', '', '', null, 0, 0, 'TechFetch' ), ( 524, '', '', '', '', null, 0, 0, 'Computrabajo' ), ( 527, '', '', '', '', null, 0, 0, 'Partner' ), ( 530, '', '', '', '', null, 0, 0, 'Networking' ), ( 533, '', '', '', '', null, 0, 0, 'Linked In' ), ( 536, '', '', '', '', null, 0, 0, 'Linked In' ), ( 539, '', '', '', '', null, 0, 0, 'Networking' ), ( 542, '', '', '', '', null, 0, 0, 'Linked In' ), ( 545, '', '', '', '', null, 0, 0, 'Linked In' ), ( 548, '819-815-1697', '', '', '', null, 0, 0, 'Networking' ), ( 551, '', '', '', '', null, 0, 0, 'Networking' ), ( 554, '', '', '', '', null, 0, 0, 'Monster' ), ( 557, '', '', '', '', null, 0, 0, '--None--' ), ( 560, '', '', '', '', null, 0, 0, '--None--' ), ( 561, '', '', '', '', null, 0, 0, '--None--' ), ( 563, '', '', '', '', null, 0, 0, '--None--' ), ( 565, '', '', '', '', null, 0, 0, 'Linked In' ), ( 568, '', '', '', '', null, 0, 0, 'Linked In' ), ( 572, '', '', '', '', null, 0, 0, 'Linked In' ), ( 575, '', '', '', '', null, 0, 0, '--None--' ), ( 579, '', '', '', '', '1976-01-14', 0, 0, '--None--' ), ( 581, '', '', '', '', null, 0, 0, 'Linked In' ), ( 588, '', '', '', '', null, 0, 0, '--None--' ), ( 589, '', '', '', '', null, 0, 0, '--None--' ), ( 592, '', '', '', '', null, 0, 0, '--None--' ), ( 597, '', '', '', '', null, 0, 0, 'TechFetch' ), ( 604, '', '', '', '', null, 0, 0, 'TechFetch' ), ( 607, '', '', '', '', null, 0, 0, 'Monster' ), ( 610, '', '', '', '', null, 0, 0, 'Networking' ), ( 613, '', '', '', '', null, 0, 0, 'Networking' ), ( 616, '', '', '', '', null, 0, 0, 'TechFetch' ), ( 619, '', '', '', '', null, 0, 0, 'TechFetch' ), ( 622, '', '', '', '', null, 0, 0, 'Linked In' ), ( 625, '', '', '', '', null, 0, 0, 'TechFetch' ), ( 628, '', '', '', '', null, 0, 0, '--None--' ), ( 632, '', '', '', '', null, 0, 0, 'Networking' ), ( 635, '', '', '', '', null, 0, 0, 'Monster' ), ( 638, '', '', '', '', null, 0, 0, '--None--' ), ( 643, '', '', '', '', null, 0, 0, '--None--' ), ( 644, '', '', '', '', null, 0, 0, 'Linked In' ), ( 645, '', '', '', '', null, 0, 0, 'Linked In' ), ( 648, '', '', '', '', null, 0, 0, 'Linked In' ), ( 649, '', '', '', '', null, 0, 0, 'Linked In' ), ( 652, '', '', '', '', null, 0, 0, 'Networking' ), ( 655, '', '', '', '', null, 0, 0, 'Linked In' ), ( 658, '', '', '', '', null, 0, 0, '--None--' ), ( 661, '', '', '', '', null, 0, 0, 'TechFetch' ), ( 664, '', '', '', '', null, 0, 0, 'Linked In' ), ( 667, '', '', '', '', null, 0, 0, '--None--' ), ( 669, '52 55 52124570', '', '', '', null, 0, 0, 'Linked In' ), ( 674, '347 452 9830', '', '', '', null, 0, 0, '--None--' ), ( 675, '', '', '', '', null, 0, 0, '--None--' ), ( 676, '', '', '', '', null, 0, 0, 'Networking' ), ( 679, '', '', '', '', null, 0, 0, 'Networking' ), ( 682, '', '', '', '', null, 0, 0, 'Networking' ), ( 685, '', '', '', '', null, 0, 0, 'Networking' ), ( 688, '', '', '', '', null, 0, 0, 'Networking' ), ( 729, '', '', '', '', null, 0, 0, '--None--' ), ( 730, '+12037017103', '', '', '', null, 0, 0, 'Networking' ), ( 733, '', '', '', '', null, 0, 0, 'Linked In' ), ( 734, '+12037017227', '', '', '', null, 0, 0, '--None--' ), ( 742, '', '', '', '', null, 0, 0, 'Linked In' ), ( 745, '', '', '', '', null, 0, 0, 'Linked In' ), ( 748, '', '', '', '', null, 0, 0, 'Linked In' ), ( 751, '', '', '', '', null, 0, 0, 'Computrabajo' ), ( 754, '', '', '', '', null, 0, 0, 'Linked In' ), ( 757, '', '', '', '', null, 0, 0, 'Linked In' ), ( 767, '', '', '', '', null, 0, 0, 'Linked In' ), ( 772, '', '', '', '', null, 0, 0, 'Linked In' ), ( 775, '', '', '', '', null, 0, 0, 'Linked In' ), ( 780, '52 (55)55790338', '', '', '', null, 0, 0, 'Linked In' ), ( 783, '', '', '', '', null, 0, 0, 'Linked In' ), ( 786, '', '', '', '', null, 0, 0, 'Linked In' ), ( 789, '', '', '', '', null, 0, 0, 'Linked In' ), ( 792, '+525556589587', '', '', '', null, 0, 0, 'Linked In' ), ( 795, '', '', '', '', null, 0, 0, '' );
/*!40000 ALTER TABLE `vtiger_contactsubdetails` ENABLE KEYS */;
UNLOCK TABLES;

--
-- Table structure for table vtiger_contacttype
--

DROP TABLE IF EXISTS vtiger_contacttype;
SET @saved_cs_client = @@character_set_client;
SET character_set_client = utf8;
CREATE TABLE `vtiger_contacttype` (
  `contacttypeid` int(19) NOT NULL AUTO_INCREMENT,
  `contacttype` varchar(200) NOT NULL,
  `sortorderid` int(19) NOT NULL DEFAULT '0',
  `presence` int(1) NOT NULL DEFAULT '1',
  PRIMARY KEY (`contacttypeid`),
  UNIQUE KEY `contacttype_contacttype_idx` (`contacttype`)
) ENGINE=InnoDB DEFAULT CHARSET=utf8;
SET character_set_client = @saved_cs_client;

--
-- Dumping data for table vtiger_contacttype
--

LOCK TABLES `vtiger_contacttype` WRITE;
/*!40000 ALTER TABLE `vtiger_contacttype` DISABLE KEYS */;

/*!40000 ALTER TABLE `vtiger_contacttype` ENABLE KEYS */;
UNLOCK TABLES;

--
-- Table structure for table vtiger_contpotentialrel
--

DROP TABLE IF EXISTS vtiger_contpotentialrel;
SET @saved_cs_client = @@character_set_client;
SET character_set_client = utf8;
CREATE TABLE `vtiger_contpotentialrel` (
  `contactid` int(19) NOT NULL DEFAULT '0',
  `potentialid` int(19) NOT NULL DEFAULT '0',
  PRIMARY KEY (`contactid`,`potentialid`),
  KEY `contpotentialrel_potentialid_idx` (`potentialid`),
  KEY `contpotentialrel_contactid_idx` (`contactid`),
  CONSTRAINT `fk_2_vtiger_contpotentialrel` FOREIGN KEY (`potentialid`) REFERENCES `vtiger_potential` (`potentialid`) ON DELETE CASCADE
) ENGINE=InnoDB DEFAULT CHARSET=utf8;
SET character_set_client = @saved_cs_client;

--
-- Dumping data for table vtiger_contpotentialrel
--

LOCK TABLES `vtiger_contpotentialrel` WRITE;
/*!40000 ALTER TABLE `vtiger_contpotentialrel` DISABLE KEYS */;
INSERT INTO vtiger_contpotentialrel ( CONTACTID, POTENTIALID ) VALUES ( 13, 14 ), ( 19, 14 ), ( 142, 140 ), ( 143, 140 ), ( 396, 140 ), ( 180, 141 ), ( 185, 141 ), ( 187, 141 ), ( 192, 141 ), ( 194, 141 ), ( 195, 141 ), ( 177, 176 ), ( 474, 468 ), ( 475, 473 ), ( 476, 473 ), ( 628, 603 );
/*!40000 ALTER TABLE `vtiger_contpotentialrel` ENABLE KEYS */;
UNLOCK TABLES;

--
-- Table structure for table vtiger_contract_priority
--

DROP TABLE IF EXISTS vtiger_contract_priority;
SET @saved_cs_client = @@character_set_client;
SET character_set_client = utf8;
CREATE TABLE `vtiger_contract_priority` (
  `contract_priorityid` int(11) NOT NULL AUTO_INCREMENT,
  `contract_priority` varchar(200) NOT NULL,
  `presence` int(1) NOT NULL DEFAULT '1',
  `picklist_valueid` int(11) NOT NULL DEFAULT '0',
  PRIMARY KEY (`contract_priorityid`)
) ENGINE=InnoDB AUTO_INCREMENT=4 DEFAULT CHARSET=utf8;
SET character_set_client = @saved_cs_client;

--
-- Dumping data for table vtiger_contract_priority
--

LOCK TABLES `vtiger_contract_priority` WRITE;
/*!40000 ALTER TABLE `vtiger_contract_priority` DISABLE KEYS */;
INSERT INTO vtiger_contract_priority ( CONTRACT_PRIORITYID, CONTRACT_PRIORITY, PRESENCE, PICKLIST_VALUEID ) VALUES ( 1, 'Low', 1, 220 ), ( 2, 'Normal', 1, 221 ), ( 3, 'High', 1, 222 );
/*!40000 ALTER TABLE `vtiger_contract_priority` ENABLE KEYS */;
UNLOCK TABLES;

--
-- Table structure for table vtiger_contract_priority_seq
--

DROP TABLE IF EXISTS vtiger_contract_priority_seq;
SET @saved_cs_client = @@character_set_client;
SET character_set_client = utf8;
CREATE TABLE `vtiger_contract_priority_seq` (
  `id` int(11) NOT NULL
) ENGINE=MyISAM DEFAULT CHARSET=utf8;
SET character_set_client = @saved_cs_client;

--
-- Dumping data for table vtiger_contract_priority_seq
--

LOCK TABLES `vtiger_contract_priority_seq` WRITE;
/*!40000 ALTER TABLE `vtiger_contract_priority_seq` DISABLE KEYS */;
INSERT INTO vtiger_contract_priority_seq ( ID ) VALUES ( 3 );
/*!40000 ALTER TABLE `vtiger_contract_priority_seq` ENABLE KEYS */;
UNLOCK TABLES;

--
-- Table structure for table vtiger_contract_status
--

DROP TABLE IF EXISTS vtiger_contract_status;
SET @saved_cs_client = @@character_set_client;
SET character_set_client = utf8;
CREATE TABLE `vtiger_contract_status` (
  `contract_statusid` int(11) NOT NULL AUTO_INCREMENT,
  `contract_status` varchar(200) NOT NULL,
  `presence` int(1) NOT NULL DEFAULT '1',
  `picklist_valueid` int(11) NOT NULL DEFAULT '0',
  PRIMARY KEY (`contract_statusid`)
) ENGINE=InnoDB AUTO_INCREMENT=7 DEFAULT CHARSET=utf8;
SET character_set_client = @saved_cs_client;

--
-- Dumping data for table vtiger_contract_status
--

LOCK TABLES `vtiger_contract_status` WRITE;
/*!40000 ALTER TABLE `vtiger_contract_status` DISABLE KEYS */;
INSERT INTO vtiger_contract_status ( CONTRACT_STATUSID, CONTRACT_STATUS, PRESENCE, PICKLIST_VALUEID ) VALUES ( 1, 'Undefined', 1, 214 ), ( 2, 'In Planning', 1, 215 ), ( 3, 'In Progress', 1, 216 ), ( 4, 'On Hold', 1, 217 ), ( 5, 'Complete', 0, 218 ), ( 6, 'Archived', 1, 219 );
/*!40000 ALTER TABLE `vtiger_contract_status` ENABLE KEYS */;
UNLOCK TABLES;

--
-- Table structure for table vtiger_contract_status_seq
--

DROP TABLE IF EXISTS vtiger_contract_status_seq;
SET @saved_cs_client = @@character_set_client;
SET character_set_client = utf8;
CREATE TABLE `vtiger_contract_status_seq` (
  `id` int(11) NOT NULL
) ENGINE=MyISAM DEFAULT CHARSET=utf8;
SET character_set_client = @saved_cs_client;

--
-- Dumping data for table vtiger_contract_status_seq
--

LOCK TABLES `vtiger_contract_status_seq` WRITE;
/*!40000 ALTER TABLE `vtiger_contract_status_seq` DISABLE KEYS */;
INSERT INTO vtiger_contract_status_seq ( ID ) VALUES ( 6 );
/*!40000 ALTER TABLE `vtiger_contract_status_seq` ENABLE KEYS */;
UNLOCK TABLES;

--
-- Table structure for table vtiger_contract_type
--

DROP TABLE IF EXISTS vtiger_contract_type;
SET @saved_cs_client = @@character_set_client;
SET character_set_client = utf8;
CREATE TABLE `vtiger_contract_type` (
  `contract_typeid` int(11) NOT NULL AUTO_INCREMENT,
  `contract_type` varchar(200) NOT NULL,
  `presence` int(1) NOT NULL DEFAULT '1',
  `picklist_valueid` int(11) NOT NULL DEFAULT '0',
  PRIMARY KEY (`contract_typeid`)
) ENGINE=InnoDB AUTO_INCREMENT=4 DEFAULT CHARSET=utf8;
SET character_set_client = @saved_cs_client;

--
-- Dumping data for table vtiger_contract_type
--

LOCK TABLES `vtiger_contract_type` WRITE;
/*!40000 ALTER TABLE `vtiger_contract_type` DISABLE KEYS */;
INSERT INTO vtiger_contract_type ( CONTRACT_TYPEID, CONTRACT_TYPE, PRESENCE, PICKLIST_VALUEID ) VALUES ( 1, 'Support', 1, 223 ), ( 2, 'Services', 1, 224 ), ( 3, 'Administrative', 1, 225 );
/*!40000 ALTER TABLE `vtiger_contract_type` ENABLE KEYS */;
UNLOCK TABLES;

--
-- Table structure for table vtiger_contract_type_seq
--

DROP TABLE IF EXISTS vtiger_contract_type_seq;
SET @saved_cs_client = @@character_set_client;
SET character_set_client = utf8;
CREATE TABLE `vtiger_contract_type_seq` (
  `id` int(11) NOT NULL
) ENGINE=MyISAM DEFAULT CHARSET=utf8;
SET character_set_client = @saved_cs_client;

--
-- Dumping data for table vtiger_contract_type_seq
--

LOCK TABLES `vtiger_contract_type_seq` WRITE;
/*!40000 ALTER TABLE `vtiger_contract_type_seq` DISABLE KEYS */;
INSERT INTO vtiger_contract_type_seq ( ID ) VALUES ( 3 );
/*!40000 ALTER TABLE `vtiger_contract_type_seq` ENABLE KEYS */;
UNLOCK TABLES;

--
-- Table structure for table vtiger_convertleadmapping
--

DROP TABLE IF EXISTS vtiger_convertleadmapping;
SET @saved_cs_client = @@character_set_client;
SET character_set_client = utf8;
CREATE TABLE `vtiger_convertleadmapping` (
  `cfmid` int(19) NOT NULL AUTO_INCREMENT,
  `leadfid` int(19) NOT NULL,
  `accountfid` int(19) DEFAULT NULL,
  `contactfid` int(19) DEFAULT NULL,
  `potentialfid` int(19) DEFAULT NULL,
  `editable` int(19) DEFAULT '1',
  PRIMARY KEY (`cfmid`)
) ENGINE=InnoDB AUTO_INCREMENT=32 DEFAULT CHARSET=utf8;
SET character_set_client = @saved_cs_client;

--
-- Dumping data for table vtiger_convertleadmapping
--

LOCK TABLES `vtiger_convertleadmapping` WRITE;
/*!40000 ALTER TABLE `vtiger_convertleadmapping` DISABLE KEYS */;
INSERT INTO vtiger_convertleadmapping ( CFMID, LEADFID, ACCOUNTFID, CONTACTFID, POTENTIALFID, EDITABLE ) VALUES ( 1, 43, 1, 0, 110, 0 ), ( 2, 49, 14, 0, 0, 1 ), ( 3, 40, 3, 69, 0, 0 ), ( 4, 0, 0, 0, 0, 0 ), ( 5, 44, 5, 77, 0, 1 ), ( 6, 52, 13, 0, 0, 1 ), ( 7, 46, 9, 80, 0, 0 ), ( 8, 48, 4, 0, 0, 1 ), ( 9, 61, 26, 98, 0, 1 ), ( 10, 60, 30, 0, 0, 1 ), ( 11, 62, 32, 104, 0, 1 ), ( 12, 63, 28, 100, 0, 1 ), ( 13, 59, 24, 96, 0, 1 ), ( 14, 64, 34, 106, 0, 1 ), ( 15, 61, 27, 0, 0, 1 ), ( 16, 60, 31, 0, 0, 1 ), ( 17, 62, 33, 0, 0, 1 ), ( 18, 63, 29, 0, 0, 1 ), ( 19, 59, 25, 0, 0, 1 ), ( 20, 64, 35, 0, 0, 1 ), ( 21, 65, 36, 109, 125, 1 ), ( 22, 37, 0, 66, 0, 1 ), ( 23, 38, 0, 67, 0, 0 ), ( 24, 41, 0, 70, 0, 0 ), ( 25, 42, 0, 71, 0, 1 ), ( 26, 45, 0, 76, 0, 1 ), ( 27, 55, 0, 83, 0, 1 ), ( 28, 47, 0, 74, 117, 1 ), ( 29, 50, 0, 0, 0, 1 ), ( 30, 53, 10, 0, 0, 1 ), ( 31, 51, 17, 0, 0, 1 );
/*!40000 ALTER TABLE `vtiger_convertleadmapping` ENABLE KEYS */;
UNLOCK TABLES;

--
-- Table structure for table vtiger_crmentity
--

DROP TABLE IF EXISTS vtiger_crmentity;
SET @saved_cs_client = @@character_set_client;
SET character_set_client = utf8;
CREATE TABLE `vtiger_crmentity` (
  `crmid` int(19) NOT NULL,
  `smcreatorid` int(19) NOT NULL DEFAULT '0',
  `smownerid` int(19) NOT NULL DEFAULT '0',
  `modifiedby` int(19) NOT NULL DEFAULT '0',
  `setype` varchar(30) NOT NULL,
  `description` text,
  `createdtime` datetime NOT NULL,
  `modifiedtime` datetime NOT NULL,
  `viewedtime` datetime DEFAULT NULL,
  `status` varchar(50) DEFAULT NULL,
  `version` int(19) NOT NULL DEFAULT '0',
  `presence` int(1) DEFAULT '1',
  `deleted` int(1) NOT NULL DEFAULT '0',
  PRIMARY KEY (`crmid`),
  KEY `crmentity_smcreatorid_idx` (`smcreatorid`),
  KEY `crmentity_modifiedby_idx` (`modifiedby`),
  KEY `crmentity_deleted_idx` (`deleted`),
  KEY `crm_ownerid_del_setype_idx` (`smownerid`,`deleted`,`setype`)
) ENGINE=InnoDB DEFAULT CHARSET=utf8;
SET character_set_client = @saved_cs_client;

--
-- Dumping data for table vtiger_crmentity
--

LOCK TABLES `vtiger_crmentity` WRITE;
/*!40000 ALTER TABLE `vtiger_crmentity` DISABLE KEYS */;
INSERT INTO vtiger_crmentity ( CRMID, SMCREATORID, SMOWNERID, MODIFIEDBY, SETYPE, DESCRIPTION, CREATEDTIME, MODIFIEDTIME, VIEWEDTIME, STATUS, VERSION, PRESENCE, DELETED ) VALUES ( 2, 1, 1, 0, 'Users Attachment', '', '2012-08-30 21:49:47', '2012-08-30 21:49:47', null, '', 0, 1, 0 ), ( 3, 5, 5, 5, 'Emails', '<p>\n	tesi testi testi</p>\nIvan Galvez<br />\r\nivan.galvez@sintesys.us<br />\r\nwww.sintesys.us<br />\r\nM 203.400.9916', '2012-08-30 22:20:05', '2012-12-19 01:23:52', null, '', 0, 1, 1 ), ( 4, 5, 5, 5, 'Emails', '<p>\n	testing vtiger email</p>\n', '2012-08-30 22:53:54', '2012-08-30 22:53:54', null, '', 0, 1, 0 ), ( 5, 5, 5, 5, 'Contacts', '', '2012-08-30 22:56:08', '2012-11-06 18:40:32', '2012-08-31 02:53:50', '', 0, 1, 1 ), ( 6, 5, 5, 5, 'Calendar', 'This is the test meeting', '2012-08-30 22:57:39', '2012-11-13 17:10:26', null, '', 0, 1, 1 ), ( 7, 5, 5, 5, 'Leads', '', '2012-08-31 02:55:01', '2012-11-06 18:33:33', '2012-08-31 02:55:03', '', 0, 1, 1 ), ( 8, 5, 5, 5, 'Campaigns', '', '2012-08-31 02:57:35', '2012-08-31 02:58:19', '2012-08-31 02:57:36', '', 0, 1, 0 ), ( 9, 5, 5, 5, 'Project', '', '2012-10-22 22:43:50', '2012-10-22 22:43:50', '2012-10-22 22:43:51', '', 0, 1, 0 ), ( 10, 5, 5, 5, 'ServiceContracts', '', '2012-10-22 22:45:00', '2012-10-22 22:45:00', '2012-10-22 22:45:01', '', 0, 1, 0 ), ( 11, 5, 5, 5, 'Potentials', '', '2012-10-22 22:46:16', '2012-10-22 22:46:16', '2012-11-05 19:07:44', '', 0, 1, 1 ), ( 12, 5, 5, 5, 'Accounts', '', '2012-11-06 18:40:19', '2012-11-06 18:40:19', '2012-11-06 18:40:20', '', 0, 1, 0 ), ( 13, 5, 5, 5, 'Contacts', '', '2012-11-06 18:42:33', '2013-03-07 22:30:35', '2013-11-27 15:26:06', '', 0, 1, 0 ), ( 14, 5, 7, 5, 'Potentials', '', '2012-11-06 18:44:15', '2013-05-15 17:32:45', '2013-02-26 17:28:30', '', 0, 1, 0 ), ( 15, 5, 5, 5, 'Accounts', '', '2012-11-06 19:39:52', '2012-11-06 19:39:52', '2013-04-02 22:00:44', '', 0, 1, 0 ), ( 16, 5, 5, 5, 'Accounts', '', '2012-11-06 19:40:10', '2012-11-06 19:40:10', '2012-11-06 19:40:11', '', 0, 1, 0 ), ( 17, 5, 5, 5, 'Accounts', '', '2012-11-06 19:40:51', '2012-11-06 19:40:51', '2012-11-06 19:40:55', '', 0, 1, 0 ), ( 18, 5, 5, 5, 'Accounts', '', '2012-11-06 19:41:35', '2012-11-06 19:41:35', '2012-11-06 19:41:36', '', 0, 1, 0 ), ( 19, 5, 5, 5, 'Contacts', '', '2012-11-06 19:56:02', '2012-11-06 19:58:18', '2012-11-13 15:13:33', '', 0, 1, 0 ), ( 20, 5, 5, 5, 'Documents', '', '2012-11-06 19:58:18', '2012-11-06 19:58:18', '2012-11-06 20:12:03', '', 0, 1, 0 ), ( 21, 5, 5, 0, 'Documents Attachment', '', '2012-11-06 19:58:18', '2012-11-06 19:58:18', null, '', 0, 1, 0 ), ( 22, 5, 5, 5, 'Accounts', '', '2012-11-06 20:01:40', '2012-11-06 20:01:40', '2012-11-06 20:01:44', '', 0, 1, 0 ), ( 23, 5, 5, 5, 'Contacts', '', '2012-11-06 20:05:52', '2012-11-06 20:06:07', '2012-11-06 20:05:53', '', 0, 1, 0 ), ( 24, 5, 14, 5, 'Potentials', 'Juan is waiting for an interview. The interview will happen right after ThanksGiving, on the week of the 26th of November', '2012-11-06 20:09:38', '2013-07-29 20:45:30', '2013-07-29 20:44:44', '', 0, 1, 0 ), ( 25, 5, 5, 5, 'ModComments', '', '2012-11-06 20:10:02', '2012-11-06 20:10:02', null, '', 0, 1, 0 ), ( 26, 5, 5, 5, 'ModComments', '', '2012-11-06 20:10:19', '2012-11-06 20:10:19', null, '', 0, 1, 0 ), ( 27, 5, 5, 5, 'Potentials', 'Need java developer with Hibernate, Spring and Struts. It is a requirement that is a US Citizen.', '2012-11-06 20:16:25', '2013-04-23 18:09:12', '2013-04-23 18:09:04', '', 0, 1, 0 ), ( 28, 5, 5, 5, 'ModComments', '', '2012-11-06 20:18:17', '2012-11-06 20:18:17', null, '', 0, 1, 0 ), ( 29, 5, 5, 5, 'Accounts', '', '2012-11-06 20:33:57', '2012-11-06 20:33:57', '2012-11-06 20:33:58', '', 0, 1, 0 ), ( 30, 5, 5, 5, 'Contacts', '', '2012-11-06 20:35:22', '2012-11-06 20:35:44', '2012-11-06 20:35:23', '', 0, 1, 0 ), ( 31, 5, 5, 5, 'Contacts', 'Interview with Deepa:\r\n\r\nCurrently in Whipro, Capital One project.\r\nExperience in Upgrade project Peoplesoft HRMS (Technical Role)\r\nAlso performing functional role\r\nExperience with on-site/off shore\r\nOverall 7 years of experience with Peoplesoft\r\n60% technical 40% functional\r\n\r\n+ Go getter - Try to solve problems even if she doesn\'t know how\r\n+ Punctual - Stick to the times\r\n+ Social person - Easy to work with and start a conversation with\r\n- Difficult to say NO\r\n- Want to do something extra from work \r\n- Struggle to make decisions - Asks for advice....\r\n\r\nReally want to grow in a lead role. She has performed leadership roles, but would like to establish more as a leader of 3 to 5 people.\r\n\r\nSpecifically looking for Los Angeles.', '2012-11-06 23:29:18', '2012-11-06 23:36:43', '2012-11-13 15:39:52', '', 0, 1, 0 ), ( 32, 5, 5, 5, 'Documents', '', '2012-11-06 23:34:58', '2012-11-06 23:34:58', null, '', 0, 1, 0 ), ( 33, 5, 5, 0, 'Documents Attachment', '', '2012-11-06 23:34:58', '2012-11-06 23:34:58', null, '', 0, 1, 0 ), ( 34, 7, 7, 7, 'Contacts', '', '2012-11-08 21:40:50', '2012-11-09 15:27:32', '2013-02-26 17:28:46', '', 0, 1, 0 ), ( 35, 7, 7, 7, 'Documents', '', '2012-11-08 21:46:05', '2012-11-08 21:46:05', null, '', 0, 1, 0 ), ( 36, 7, 7, 0, 'Documents Attachment', '', '2012-11-08 21:46:05', '2012-11-08 21:46:05', null, '', 0, 1, 0 ), ( 37, 7, 7, 7, 'Contacts', '', '2012-11-09 15:23:18', '2013-02-25 21:10:11', '2013-02-25 20:55:20', '', 0, 1, 0 ), ( 38, 7, 7, 7, 'Documents', '', '2012-11-09 15:24:47', '2012-11-09 15:24:47', null, '', 0, 1, 0 ), ( 39, 7, 7, 0, 'Documents Attachment', '', '2012-11-09 15:24:47', '2012-11-09 15:24:47', null, '', 0, 1, 0 ), ( 40, 5, 5, 5, 'ModComments', '', '2012-11-09 17:06:23', '2012-11-09 17:06:23', null, '', 0, 1, 0 ), ( 41, 7, 7, 7, 'Contacts', '', '2012-11-09 19:28:36', '2012-11-09 21:19:00', '2012-11-09 21:16:22', '', 0, 1, 0 ), ( 42, 7, 7, 5, 'Documents', '', '2012-11-09 19:29:35', '2012-11-13 19:08:22', null, '', 0, 1, 0 ), ( 43, 7, 7, 0, 'Documents Attachment', '', '2012-11-09 19:29:36', '2012-11-09 19:29:36', null, '', 0, 1, 0 ), ( 44, 7, 7, 5, 'Contacts', '', '2012-11-13 14:26:37', '2013-11-27 15:50:03', '2012-11-13 14:26:40', '', 0, 1, 0 ), ( 45, 7, 7, 7, 'Documents', '', '2012-11-13 14:27:38', '2012-11-13 14:27:38', null, '', 0, 1, 0 ), ( 46, 7, 7, 0, 'Documents Attachment', '', '2012-11-13 14:27:38', '2012-11-13 14:27:38', null, '', 0, 1, 0 ), ( 47, 5, 5, 5, 'Project', '', '2012-11-13 16:55:37', '2012-11-13 16:55:48', '2012-11-13 16:55:49', '', 0, 1, 0 ), ( 48, 5, 5, 5, 'ProjectTask', '', '2012-11-13 17:02:40', '2012-11-13 17:25:04', '2012-11-13 17:02:43', '', 0, 1, 1 ), ( 49, 5, 5, 5, 'ProjectTask', '', '2012-11-13 17:03:18', '2012-11-13 17:25:04', '2012-11-13 17:03:19', '', 0, 1, 1 ), ( 50, 5, 5, 5, 'ProjectTask', '', '2012-11-13 17:04:12', '2012-11-13 17:25:04', '2012-11-13 17:04:13', '', 0, 1, 1 ), ( 51, 5, 7, 5, 'ProjectTask', '', '2012-11-13 17:04:49', '2012-11-13 17:25:04', null, '', 0, 1, 1 ), ( 52, 5, 7, 5, 'ProjectTask', '', '2012-11-13 17:05:25', '2012-11-13 17:25:04', null, '', 0, 1, 1 ), ( 53, 5, 7, 5, 'ProjectTask', '', '2012-11-13 17:06:04', '2012-11-13 17:25:04', null, '', 0, 1, 1 ), ( 54, 5, 7, 5, 'ProjectTask', '', '2012-11-13 17:06:48', '2012-11-13 17:25:04', null, '', 0, 1, 1 ), ( 55, 5, 5, 5, 'Calendar', 'resume has been shared....', '2012-11-13 17:08:59', '2012-11-13 17:22:03', null, '', 0, 1, 0 ), ( 56, 5, 5, 5, 'Calendar', '', '2012-11-13 17:09:31', '2012-11-13 17:09:31', null, '', 0, 1, 0 ), ( 57, 5, 5, 5, 'Calendar', 'I already sent the resume again... need to follow up', '2012-11-13 17:09:58', '2012-11-13 19:12:09', null, '', 0, 1, 0 ), ( 58, 5, 7, 7, 'Calendar', '', '2012-11-13 17:11:01', '2012-11-15 22:19:23', null, '', 0, 1, 0 ), ( 59, 5, 7, 7, 'Calendar', 'They are looking for us to get paid membership.', '2012-11-13 17:11:33', '2012-11-14 15:02:00', null, '', 0, 1, 0 ), ( 60, 5, 7, 7, 'Calendar', '', '2012-11-13 17:11:58', '2012-11-13 17:49:48', null, '', 0, 1, 0 ), ( 61, 5, 5, 5, 'Calendar', '', '2012-11-13 17:12:28', '2012-11-13 17:12:28', null, '', 0, 1, 0 ), ( 62, 5, 7, 7, 'Calendar', 'This testing position is on Hold.', '2012-11-13 17:12:44', '2012-11-15 22:22:54', null, '', 0, 1, 0 ), ( 63, 5, 5, 5, 'Calendar', '', '2012-11-13 17:13:05', '2012-11-13 17:13:05', null, '', 0, 1, 0 ), ( 64, 5, 5, 5, 'Calendar', '', '2012-11-13 17:13:27', '2012-11-13 17:13:27', null, '', 0, 1, 0 ), ( 65, 5, 7, 7, 'Calendar', 'Sent to Mr. Ivan through e-mail.', '2012-11-13 17:13:46', '2012-11-14 15:05:01', null, '', 0, 1, 0 ), ( 66, 7, 7, 5, 'Contacts', '', '2012-11-13 17:42:36', '2013-04-19 12:51:18', '2012-11-13 17:42:37', '', 0, 1, 0 ), ( 67, 7, 7, 7, 'Documents', '', '2012-11-13 17:43:32', '2012-11-13 17:43:32', null, '', 0, 1, 0 ), ( 68, 7, 7, 0, 'Documents Attachment', '', '2012-11-13 17:43:32', '2012-11-13 17:43:32', null, '', 0, 1, 0 ), ( 69, 7, 7, 7, 'Contacts', '', '2012-11-13 17:46:18', '2012-11-13 17:48:31', '2012-11-13 17:46:20', '', 0, 1, 0 ), ( 70, 7, 7, 7, 'Documents', '', '2012-11-13 17:48:31', '2012-11-13 17:48:31', null, '', 0, 1, 0 ), ( 71, 7, 7, 0, 'Documents Attachment', '', '2012-11-13 17:48:31', '2012-11-13 17:48:31', null, '', 0, 1, 0 ), ( 72, 5, 5, 5, 'Contacts', '', '2012-11-13 18:46:44', '2012-11-13 18:47:55', '2012-12-10 16:02:12', '', 0, 1, 0 ), ( 73, 5, 5, 5, 'Documents', '', '2012-11-13 18:47:53', '2012-11-13 18:47:53', null, '', 0, 1, 0 ), ( 74, 5, 5, 0, 'Documents Attachment', '', '2012-11-13 18:47:55', '2012-11-13 18:47:55', null, '', 0, 1, 0 ), ( 75, 5, 5, 7, 'Contacts', '', '2012-11-13 18:54:44', '2012-11-29 18:22:49', '2014-03-19 23:32:50', '', 0, 1, 0 ), ( 76, 5, 5, 5, 'Documents', '', '2012-11-13 18:55:28', '2012-11-13 18:55:28', '2013-02-20 19:32:53', '', 0, 1, 0 ), ( 77, 5, 5, 0, 'Documents Attachment', '', '2012-11-13 18:55:28', '2012-11-13 18:55:28', null, '', 0, 1, 0 ), ( 78, 5, 5, 5, 'Contacts', '', '2012-11-14 22:26:44', '2012-11-14 22:28:53', '2012-11-14 22:26:45', '', 0, 1, 0 ), ( 79, 5, 5, 5, 'Documents', '', '2012-11-14 22:28:52', '2012-11-14 22:28:52', null, '', 0, 1, 0 ), ( 80, 5, 5, 0, 'Documents Attachment', '', '2012-11-14 22:28:52', '2012-11-14 22:28:52', null, '', 0, 1, 0 ), ( 81, 7, 7, 7, 'Contacts', '', '2012-11-19 21:55:19', '2012-11-19 21:56:02', '2013-02-07 22:13:27', '', 0, 1, 0 ), ( 82, 7, 7, 7, 'Documents', '', '2012-11-19 21:56:02', '2012-11-19 21:56:02', null, '', 0, 1, 0 ), ( 83, 7, 7, 0, 'Documents Attachment', '', '2012-11-19 21:56:02', '2012-11-19 21:56:02', null, '', 0, 1, 0 ), ( 84, 7, 7, 7, 'Contacts', '', '2012-11-29 16:11:16', '2012-11-29 16:13:28', '2013-02-07 22:13:33', '', 0, 1, 0 ), ( 85, 7, 7, 7, 'Documents', '', '2012-11-29 16:13:28', '2012-11-29 16:13:28', null, '', 0, 1, 0 ), ( 86, 7, 7, 0, 'Documents Attachment', '', '2012-11-29 16:13:28', '2012-11-29 16:13:28', null, '', 0, 1, 0 ), ( 87, 7, 7, 7, 'Contacts', '', '2012-11-29 17:00:51', '2012-11-29 17:01:52', '2012-11-29 17:00:53', '', 0, 1, 0 ), ( 88, 7, 7, 7, 'Documents', '', '2012-11-29 17:01:52', '2012-11-29 17:01:52', null, '', 0, 1, 0 ), ( 89, 7, 7, 0, 'Documents Attachment', '', '2012-11-29 17:01:52', '2012-11-29 17:01:52', null, '', 0, 1, 0 ), ( 90, 7, 7, 7, 'Contacts', '', '2012-12-03 20:22:14', '2012-12-03 20:23:06', '2012-12-03 20:22:17', '', 0, 1, 0 ), ( 91, 7, 7, 7, 'Documents', '', '2012-12-03 20:23:06', '2012-12-03 20:23:06', null, '', 0, 1, 0 ), ( 92, 7, 7, 0, 'Documents Attachment', '', '2012-12-03 20:23:06', '2012-12-03 20:23:06', null, '', 0, 1, 0 ), ( 93, 7, 7, 7, 'Contacts', '', '2012-12-04 19:31:37', '2012-12-04 19:32:41', '2013-02-07 22:13:37', '', 0, 1, 0 ), ( 94, 7, 7, 7, 'Documents', '', '2012-12-04 19:32:41', '2012-12-04 19:32:41', null, '', 0, 1, 0 ), ( 95, 7, 7, 0, 'Documents Attachment', '', '2012-12-04 19:32:41', '2012-12-04 19:32:41', null, '', 0, 1, 0 ), ( 96, 5, 8, 5, 'Potentials', '3 Full Time Positions\r\nSanta Ana California, USA\r\nSalary: Depend on Experience and Availability\r\n\r\nDescription: 	\r\n\r\nSalesforce.com developer\r\n\r\n \r\nTitle: Salesforce.com Developer\r\nClients Industry Sector: Hi-Tech Distributor\r\n\r\n \r\nPurpose\r\n\r\n \r\n\r\nDevelop and transform the current business process on Salesforce.com platform and provide integration to the existing backend systems.\r\n\r\n \r\nObjectives\r\n\r\n \r\n\r\n    Understand functional requirements and should be able to develop technical design using standard patterns and be able to communicate the same effectively to the team members.\r\n    Should have very good technical problem solving skills.\r\n    Analyse and identify gaps in functional/business requirement and should be able to effectively communicate with both Business and Functional analysts on the same.\r\n    Should be able to assess the impacts on technical design because of the changes in functional requirements.\r\n    Should be able to perform independent code reviews and execute unit tests on modules developed by self and other junior team members on the project.\r\n\r\n \r\n\r\nSkills\r\n\r\n \r\n\r\nJob Related Skills:\r\n\r\n \r\n\r\n    Advanced programming with Visual Force, APEX APIs, APEX Triggers and APEX Web services is required and Workflow automation.\r\n    Salesforce.com batch and event-driven integration experience with Data Loader required.\r\n    Perform SFDCs Configuration, Standard UI configuration, Custom field design, implementation and assigning the field level securities to the different roles and Profiles\r\n    Salesforce.com Configuration, Change Management, Migration, and Deployment experience required.  Knowledge of usage of tools to enhance productivity.\r\n    SalesForce.com with Eclipse IDE for development. Understanding and hands on of Sales cloud / service cloud implementation with end to end SFDC product understanding, configuration and migration\r\n    Custom-built solutions, including the API and SOAP, mass batch data loading, near real-time\r\n    Creation of Reports, Dashboards, Force.com IDE, Eclipse\r\n    Set up sandbox and development environment\r\n    Perform Release management & Deployment engineering for different applications\r\n    Any SFDC certification is desirable.\r\n\r\n \r\nJob Experience:\r\n\r\n \r\n\r\n    Experience in design and development of modules and functionalities in SFDC\r\n    Minimum 4+ years of overall development experience\r\n    Atleast 3 years in Salesforce.com\r\n    Experience in CRM would be an added advantage\r\n\r\n \r\n\r\nEducation: Bachelors Degree in Programming, Engineering, or related scientific field\r\nKey Skills: 	Apex Language, Apex Classes, Apex Triggers, SOQL, SOSL, Visual Force (Pages, Components & Controllers),\r\nApex Web Services, AJAX, Dashboards, Reports, Custom Objects.', '2012-12-18 19:50:25', '2013-02-19 17:25:23', null, '', 0, 1, 0 ), ( 97, 5, 9, 5, 'Potentials', '', '2012-12-18 20:17:33', '2012-12-18 20:42:16', null, '', 0, 1, 1 ), ( 98, 5, 11, 5, 'Potentials', 'Location  : Stamford, Connecticut\nSalary: 110K\nDuration : Long term\nSkill : Java, J2EE, Struts, Spring, Hibernate\nWork Status : Must be US Citizen / Green Card holder\n \nRequirement details :\n \nMust have 3 to 10 years of post academic, real time/hands-on Java / J2EE experience\nWorked on MVC, Spring, Struts, Hibernate etc.\nWeb Services experience a plus\nStrong databases knowledge with PL/SQL\nDocuments and demonstrates solutions by developing documentation, flowcharts, layouts, diagrams, charts, code comments and clear code.\nPrepares and installs solutions by determining and designing system specifications, standards, and programming.\nImproves operations by conducting systems analysis; recommending changes in policies and procedures.\nUpdates job knowledge by studying state-of-the-art development tools, programming techniques, and computing equipment; participating in educational opportunities; reading professional publications; maintaining personal networks; participating in professional organizations.\nProtects operations by keeping information confidential.\nProvides information by collecting, analyzing, and summarizing development and service issues.\nAccomplishes engineering and organization mission by completing related results as needed.\nDevelops software solutions by studying information needs; conferring with users; studying systems flow, data usage, and work processes; investigating problem areas; following the software development lifecycle.\nPresents the customer with proactive proposals for improvement.\n\nNeed java developer with Hibernate, Spring and Struts. It is a requirement that is a US Citizen.', '2012-12-18 22:33:16', '2013-02-20 17:04:43', null, '', 0, 1, 1 ), ( 99, 5, 5, 5, 'Potentials', 'dddeeessscccrrr', '2012-12-18 23:48:36', '2012-12-19 18:04:35', '2012-12-19 17:28:09', '', 0, 1, 1 ), ( 100, 5, 5, 5, 'Emails', '<p>\r\n	kkkkkkk</p>', '2012-12-19 01:23:17', '2012-12-19 01:23:52', null, '', 0, 1, 1 ), ( 101, 5, 9, 5, 'Potentials', '', '2012-12-19 17:29:12', '2012-12-19 18:04:35', null, '', 0, 1, 1 ), ( 102, 5, 8, 5, 'Potentials', 'Location: Jersey City, NJ\r\nSalary: 70K\r\nDuration: Permanent/Full time\r\n\r\nDescription: 	\r\n\r\nRelationship manager for Reference data applications supporting front office, middle office and back office clients.\r\n\r\nResponsible for the health of the application and making sure that all the upstream and downstream systems are serviced on time.\r\n\r\nOwn production support issues and ensure timely action to resolve such issues\r\n\r\nLead an motivate the team of onsite and offshore resources\r\n\r\nShould be able to handle time sensitive issues\r\n\r\nShould be able to communicate very effectively (written and verbal)\r\n\r\n \r\nKey Skills: 	Leadership, Very good communication, Prior experience working with Wall street firms on such time sensitive applications.', '2012-12-20 17:18:21', '2013-02-19 17:26:01', null, '', 0, 1, 0 ), ( 103, 7, 7, 7, 'Accounts', '', '2013-01-07 23:36:07', '2013-01-07 23:36:07', '2013-01-07 23:36:09', '', 0, 1, 0 ), ( 104, 7, 7, 5, 'Potentials', '', '2013-01-07 23:36:26', '2013-01-09 18:36:46', '2013-01-15 14:37:17', '', 0, 1, 0 ), ( 105, 5, 5, 5, 'Accounts', '', '2013-01-08 03:23:54', '2013-01-08 03:23:54', '2013-01-08 03:23:56', '', 0, 1, 0 ), ( 106, 5, 5, 5, 'Potentials', '', '2013-01-08 03:24:40', '2013-02-26 14:26:05', '2013-02-26 14:25:31', '', 0, 1, 0 ), ( 107, 5, 5, 5, 'Potentials', '', '2013-01-08 13:45:45', '2013-02-19 17:27:55', '2013-02-19 17:27:28', '', 0, 1, 0 ), ( 108, 5, 7, 5, 'Accounts', '', '2013-01-08 15:31:54', '2013-01-08 15:31:54', null, '', 0, 1, 0 ), ( 109, 5, 5, 5, 'Potentials', '', '2013-01-08 15:32:44', '2013-02-22 15:13:05', '2013-02-22 15:12:43', '', 0, 1, 0 ), ( 110, 10, 10, 10, 'Accounts', '', '2013-01-15 10:17:39', '2013-01-15 10:17:39', '2013-01-15 10:17:40', '', 0, 1, 0 ), ( 111, 10, 10, 5, 'Potentials', '', '2013-01-15 10:30:24', '2013-04-16 21:25:26', '2013-01-15 10:30:26', '', 0, 1, 0 ), ( 112, 10, 10, 10, 'ModComments', '', '2013-01-15 10:48:36', '2013-01-15 10:48:36', null, '', 0, 1, 0 ), ( 113, 5, 5, 5, 'Accounts', '', '2013-01-15 14:36:39', '2013-01-15 14:36:39', '2013-01-15 14:36:43', '', 0, 1, 0 ), ( 114, 5, 5, 5, 'Potentials', '', '2013-01-15 14:37:45', '2013-02-22 21:51:49', '2013-02-22 21:50:52', '', 0, 1, 0 ), ( 115, 5, 5, 5, 'Accounts', '', '2013-01-15 14:46:13', '2013-01-15 14:46:13', '2013-01-15 14:46:18', '', 0, 1, 0 ), ( 116, 5, 5, 5, 'Contacts', '', '2013-01-16 20:33:45', '2013-01-16 20:33:45', '2013-07-31 20:37:29', '', 0, 1, 0 ), ( 117, 5, 5, 5, 'Contacts', '', '2013-01-21 17:05:50', '2013-01-21 17:05:50', '2013-01-21 17:05:57', '', 0, 1, 0 ), ( 118, 5, 5, 5, 'ModComments', '', '2013-01-21 17:06:27', '2013-01-21 17:06:27', null, '', 0, 1, 0 ), ( 119, 7, 7, 7, 'Contacts', '', '2013-01-28 19:45:29', '2013-01-28 19:51:59', '2014-01-15 16:35:25', '', 0, 1, 0 ), ( 120, 7, 7, 7, 'Documents', '', '2013-01-28 19:46:42', '2013-01-28 19:46:42', null, '', 0, 1, 0 ), ( 121, 7, 7, 0, 'Documents Attachment', '', '2013-01-28 19:46:42', '2013-01-28 19:46:42', null, '', 0, 1, 0 ), ( 122, 7, 7, 7, 'Contacts', '', '2013-01-28 19:50:28', '2013-01-28 19:51:21', '2013-01-28 19:50:30', '', 0, 1, 0 ), ( 123, 7, 7, 7, 'Documents', '', '2013-01-28 19:51:21', '2013-01-28 19:51:21', null, '', 0, 1, 0 ), ( 124, 7, 7, 0, 'Documents Attachment', '', '2013-01-28 19:51:21', '2013-01-28 19:51:21', null, '', 0, 1, 0 ), ( 125, 7, 7, 7, 'Contacts', '', '2013-01-28 19:55:31', '2013-01-28 19:56:14', '2013-01-28 19:55:33', '', 0, 1, 0 ), ( 126, 7, 7, 7, 'Documents', '', '2013-01-28 19:56:14', '2013-01-28 19:56:14', null, '', 0, 1, 0 ), ( 127, 7, 7, 0, 'Documents Attachment', '', '2013-01-28 19:56:14', '2013-01-28 19:56:14', null, '', 0, 1, 0 ), ( 128, 10, 10, 5, 'Potentials', 'Softtek needs 4 FTEs 4 Informatica. \r\nVery probable a subcontracting agreement.\r\nUrgent', '2013-01-29 15:00:44', '2013-02-19 17:29:44', '2013-01-29 15:00:48', '', 0, 1, 0 ), ( 129, 5, 5, 5, 'Contacts', 'Fecha: 	22 de enero de 2013	\r\n	Referencia: 	eaZ6VEeb	\r\n \r\n	Estudios: 	Lic. en Relaciones Comerciales	\r\n	Experiencia: 	5-10 aos	\r\n	Expectativa salarial:	12,000.00	\r\n	Situacin laboral: 	Con trabajo permanente	\r\n	Disponibilidad: 	Inmediata	\r\n	Tipo de empleo: 	Tiempo Completo, Desde Casa	\r\n	Nivel de Ingls:	Intermedio	\r\n	Edad: 	29	\r\n	Residente en: 	D. Federal - Benito Jurez	\r\n	Busca empleo en:	Extranjero, D. Federal, E. de Mxico, Guanajuato, Hidalgo, Jalisco, Michoacn, Morelos, Nayarit, Nuevo Len, Puebla, Quertaro, S. Luis Potos, Tlaxcala, Veracruz - Extranjero	\r\n	Permiso de conducir:	S	\r\n	Vehculo propio:	S	\r\n	Estado civil:	Casado	\r\n	Permiso de trabajo:	S, tengo la nacionalidad	\r\n	Nacionalidad:	Mexicana	\r\n	Nombre:	Edgar alfonso Reyes Prez	\r\n	Telfono:	55794886	\r\n	Correo electrnico: 		\r\n	Pgina web personal:		\r\n			\r\n\r\n\r\n        Experiencia Profesional\r\n\r\n         \r\n\r\n        (Marzo 08  Actual) Instituto del fondo  Nacional de la Vivienda para los Trabajadores (INFONAVIT) / Consultor Jr.\r\n\r\n         \r\n\r\n        Actividades:\r\n\r\n                  Desarrollo de  un manual operativo ProceSAR- Infonavit que permite conocer los diversos procesos e informacin que se intercambia entre los institutos.\r\n\r\n                  Seguimiento de  8  proyectos que conforman el Portafolio de la Gerencia de Administracin del Patrimonio Social y de Servicio.\r\n\r\n                  Desarrollo de un indicador de excelencia en el servicio para el socio estratgico ProceSAR, que permite evaluar la calidad y tiempo en la entrega de la informacin entre las instituciones.\r\n\r\n                  Administracin de la capacitacin de la OP conformada por 3 mdulos de 6 a 8 cursos por modulo.\r\n\r\n                  Gestin de las Observaciones de Auditora de la Subdireccin General de Tecnologas, se atendieron en promedio 80 observaciones anualmente cerrndose al 100%\r\n\r\n                  Administrador del portafolio de proyectos tctico y estratgico en el Project Server 2007, 42 proyectos conformaron el portafolio durante mi administracin.\r\n\r\n                  Responsable de definir la gestin del cambio para el proyecto de automatizacin  y mejora de la OP\r\n\r\n                  Administracin de cuartos de colaboracin (SAP)\r\n\r\n                  Administracin de Bitcora Institucional, Micro sitio de la OP, del sistema de Control Documental de la OP y del Repositorio de Informacin de la OP\r\n\r\n                  Gestin de tablero de control de proyectos institucionales\r\n\r\n                  Administracin del funcionamiento de Project Server (atencin de fallas de la herramienta y soporte a nuevos usuarios)\r\n\r\n                  Extraccin, anlisis y reporteo de datos del Project Server de la Oficina de Administracin de Proyectos de cada uno de los 42 proyectos.\r\n\r\n                  Revisin de 8 cursos de capacitacin presentados ante el PMI para ser Internal REP.\r\n\r\n                  Administrador del portafolio Tctico de Proyectos de la Subdireccin General de Tecnologas, conformado por 18 proyectos.\r\n\r\n         \r\n\r\n        Logros:\r\n\r\n                  Llevar a Infonavit a ser la primera empresa mexicana con el certificado de Internal REP emitido por el PMI\r\n\r\n                  Proveer a la alta direccin de informacin oportuna y confiable para la toma de decisiones\r\n\r\n                  Reduccin de tiempo en la atencin a usuarios de capacitacin de OP.\r\n\r\n                  Alineacin del Repositorio de Informacin con los lineamientos institucionales\r\n\r\n                  Cumplimiento mensual de metas Institucionales\r\n\r\n         \r\n\r\n        (Nov 06  Nov 07) CEMEX Mxico / Asesor de Desarrollo\r\n\r\n         \r\n\r\n        Actividades:\r\n\r\n                  Manejo de personal (6 personas)\r\n\r\n                  Gestin, Administracin y ejecucin de planes de mejora en las reas de cobranza, crdito, ventas, administracin, compras y almacn.\r\n\r\n                  Gestin de mtricas de avance en las reas de cobranza, crdito, ventas, administracin, compras y almacn.\r\n\r\n                  Implementacin de sistemas de informacin en las reas de cobranza, crdito, ventas, administracin, compras y almacn.\r\n\r\n                  Implementacin de Metodologas (5s) en punto de venta para las diferentes reas del mismo.\r\n\r\n                  Administracin de mercadotecnia y publicidad en puntos de venta.\r\n\r\n                  Capacitacin de usuarios (Mejor las compras, Mejorar liquidez, Inventariar Existencias, Integrar nuevos productos, ciclo de vida de productos, procesos)\r\n\r\n                  Desarrollo de herramientas de publicidad, produccin, etc. (reportes, carteles, mtricas, etc.)\r\n\r\n                  Seguimiento y control de planes de mejora y acciones emprendidas en 6 punto de venta\r\n\r\n         \r\n\r\n        Logros:\r\n\r\n                  Reduccin de tiempo en la atencin a usuarios\r\n\r\n                  Facilidad en la toma de decisiones con la implementacin de mtricas\r\n\r\n                  Estandarizar actividades en procesos\r\n\r\n                  Incremento en ventas\r\n\r\n                  Reduccin de Cartera Vencida\r\n\r\n                  Mejora en las condiciones laborales por la implementacin de metodologas de orden y limpieza\r\n\r\n         \r\n\r\n         (Nov 05  Nov 06) Intelligent Systems and Software / Analista de Proceso\r\n\r\n         (Jun 05  Sep 05) AFFINIA Distribucin Mxico / Analista de Marca\r\n\r\n        (Jun 04  Jun 05) Grupo Financiero HSBC Mxico / Analista Financiero\r\n\r\n        (2003) Colegio Nacional de Licenciados en relaciones comerciales / Coordinador de Proyecto\r\n\r\n         \r\n\r\n         \r\n\r\n        Formacin Acadmica\r\n\r\n         \r\n\r\n        (Junio 2011) Project Management Professional Certificacin  #1416045  Avalado por el PMI\r\n\r\n        (Enero 09 - ago 10) Centro de Harmon Hall Atizapn / Ingls Avanzado\r\n\r\n        (Jun 01 - Jun 04) Licenciatura en Relaciones Comerciales / IPN-ESCA Sto. Tomas (Titulado)\r\n\r\n         \r\n\r\n        Otros\r\n\r\n         \r\n\r\n                  Curso Orange Belt de Microsoft Project 2010\r\n\r\n                  Curso de Direccin de Proyectos\r\n\r\n                  Curso de Administracin del Portafolio de Proyectos\r\n\r\n                  Curso de Administracin de Programas de Proyectos\r\n\r\n                  Fundamentos de Anlisis de Negocios\r\n\r\n                  Business Process Modeling\r\n\r\n                  Certificacin de Competencia Laboral CONOCER\r\n\r\n                  Certificacin de Competencia Laboral CONOCER\r\n\r\n                  1er Convencin Nacional de Asesores de Desarrollo\r\n\r\n                  Taller de Finanzas\r\n\r\n                  Taller Mejore su Servicio al Cliente\r\n         \r\n        Paquetera: SPSS, Works, Office, Lotus, Microsoft Visio, Microsoft Project Server 2007, Project 2007-2010, Paquetera Bancaria, SharePoint Services, Remedy', '2013-02-08 19:57:28', '2013-02-08 19:57:28', '2013-04-16 18:00:45', '', 0, 1, 0 ), ( 130, 5, 5, 5, 'ModComments', '', '2013-02-08 19:58:08', '2013-02-08 19:58:08', null, '', 0, 1, 0 ), ( 131, 5, 5, 5, 'Contacts', '', '2013-02-18 19:50:43', '2013-02-18 19:50:43', '2013-09-26 21:36:26', '', 0, 1, 0 ), ( 132, 5, 5, 5, 'ModComments', '', '2013-02-19 14:43:23', '2013-02-19 14:43:23', null, '', 0, 1, 0 ), ( 133, 5, 5, 5, 'ModComments', '', '2013-02-19 17:23:18', '2013-02-19 17:23:18', null, '', 0, 1, 0 ), ( 134, 5, 5, 5, 'ModComments', '', '2013-02-19 17:27:16', '2013-02-19 17:27:16', null, '', 0, 1, 0 ), ( 135, 5, 5, 5, 'ModComments', '', '2013-02-19 17:27:47', '2013-02-19 17:27:47', null, '', 0, 1, 0 ), ( 136, 5, 5, 5, 'ModComments', '', '2013-02-19 17:28:29', '2013-02-19 17:28:29', null, '', 0, 1, 0 ), ( 137, 5, 5, 5, 'ModComments', '', '2013-02-19 17:29:14', '2013-02-19 17:29:14', null, '', 0, 1, 0 ), ( 138, 5, 5, 5, 'Contacts', 'Team leader working for Hildebrando in .Net Technologies.\n\n.Net Profesional.', '2013-02-19 17:35:42', '2013-02-19 19:22:27', '2013-02-19 17:35:43', '', 0, 1, 0 ), ( 139, 5, 5, 5, 'ModComments', '', '2013-02-19 19:23:35', '2013-02-19 19:23:35', null, '', 0, 1, 0 ), ( 140, 5, 8, 5, 'Potentials', 'Need to start sending resumes, Eduardo Campos and Sussette are working on this position. The job description is as follows:\r\n\r\nKEY SKILLS: FICO module along with of Mexico country-specific and statutory requirements (taxes, government reporting, chart of accounts, etc.)\r\n\r\n*    Experienced in all areas of FI/CO module (General Ledger, AP, AR, Fixed Asset, CCA, OM, CO-PC, CO-PA, Activity panning, costing run and month end closing, etc.)\r\n\r\n*    Strong SAP  FI/CO skills, involving Configuration, Customizing and setting up the enterprise structure and finance related data\r\n\r\n*    Knowledge of integration points with other modules (SD, MM, PP, etc.) and FI integration with any other SAP-Applications, Bank interfacing and data exchange\r\n\r\n*    Knowledge of Mexico country-specific and statutory requirements (taxes, government reporting, chart of accounts, etc.)\r\n\r\n*    Must be experienced at requirements gathering and translation of the requirements to design and solutions and implementation and ability to analyze, support and make recommendations for improvements on the FI/CO processes\r\n\r\n*    Very good knowledge of spoken and written English', '2013-02-19 19:25:45', '2013-04-16 21:22:53', '2013-02-20 16:20:18', '', 0, 1, 0 ), ( 141, 5, 5, 5, 'Potentials', 'Key Skills:    PP module along with knowledge VC and APO Demand Planning\r\n\r\n    Must be very hands-on experienced working with the SAP PP module (Production planning, MRP, manufacturing BOM, routings, work centers, Planned Orders, Sales and Operational planning, MPS, Production receipts)\r\n    Strong SAP  PP skills  involving Configuration, Customizing and setting up the enterprise structure and manufacturing related data\r\n    Must be experienced in Multi-level BOM, Serialization, Engineering Change Management, Revision Control, Run sheet  M/C set up, Logistics processes\r\n    Knowledge of Variant configuration and APO Demand planning\r\n    Ability to integrate manufacturing processes with QM, MM and SD modules\r\n    Must be experienced at requirements gathering and translation of the requirements to design and solutions and implementation and ability to analyze, support and make recommendations for improvements on the manufacturing processes\r\n    Very good knowledge of spoken and written English\r\n    Preferred  Local Spanish Speaking', '2013-02-19 19:27:20', '2013-04-16 21:23:10', '2013-11-26 20:18:54', '', 0, 1, 0 ), ( 142, 5, 5, 5, 'Contacts', 'He wants to go back ton Monterrey and is asking for 55,000 after taxes. he has extensive experience in FI but doesnt know as much of CO. I already requested him to send his resume so we can FW to the customer.\n \n280 USD Diarios... Despus de impuestos en un esquema de Honorarios Asimilables.\n \nDisponiblidad a partir de Abril 15.', '2013-02-19 19:30:16', '2013-02-20 19:32:30', '2013-10-30 19:28:02', '', 0, 1, 0 ), ( 143, 5, 5, 5, 'Contacts', 'High experience in FI and CO. Has participated in 4 implementation and at least 8 Rollouts.\n \nAvailable in Mexico City and will be traveling to Monterrey.\n\nHe will deliver a proposal for an all inclusive cost going to Monterrey.', '2013-02-19 19:49:40', '2013-02-20 19:30:57', '2013-10-30 19:28:26', '', 0, 1, 0 ), ( 144, 5, 8, 5, 'Potentials', 'Location  : Stamford, Connecticut\r\nSalary: 110K\r\nDuration : Long term\r\nSkill : Java, J2EE, Struts, Spring, Hibernate\r\nWork Status : Must be US Citizen / Green Card holder\r\n \r\nRequirement details :\r\n \r\nMust have 3 to 10 years of post academic, real time/hands-on Java / J2EE experience\r\nWorked on MVC, Spring, Struts, Hibernate etc.\r\nWeb Services experience a plus\r\nStrong databases knowledge with PL/SQL\r\nDocuments and demonstrates solutions by developing documentation, flowcharts, layouts, diagrams, charts, code comments and clear code.\r\nPrepares and installs solutions by determining and designing system specifications, standards, and programming.\r\nImproves operations by conducting systems analysis; recommending changes in policies and procedures.\r\nUpdates job knowledge by studying state-of-the-art development tools, programming techniques, and computing equipment; participating in educational opportunities; reading professional publications; maintaining personal networks; participating in professional organizations.\r\nProtects operations by keeping information confidential.\r\nProvides information by collecting, analyzing, and summarizing development and service issues.\r\nAccomplishes engineering and organization mission by completing related results as needed.\r\nDevelops software solutions by studying information needs; conferring with users; studying systems flow, data usage, and work processes; investigating problem areas; following the software development lifecycle.\r\nPresents the customer with proactive proposals for improvement.\r\n\r\nNeed java developer with Hibernate, Spring and Struts. It is a requirement that is a US Citizen.', '2013-02-19 23:03:28', '2013-02-20 17:12:48', null, '', 0, 1, 1 ), ( 145, 5, 5, 5, 'Accounts', '', '2013-02-20 14:44:56', '2013-02-20 14:44:56', '2013-02-20 14:45:13', '', 0, 1, 0 ), ( 146, 5, 8, 5, 'Potentials', '5 positions for developers and architects for java J2ee.\n \nWe have urgent requirements for Tech Lead, Junior Developers and Architect.\n \nJob Description:\n \nPlease see the requirements below. Location: Frisco, TX or Mclean, VA. Preferred, Jamesburg, NJ\n \n Fulltime (GC, Citizens or EAD) or Contractors; \n \nSalary: DOE (Upto $100k+benefits); \n \nNo of Positions: 5 (Backend Developer, Tech Lead and Architect)\n \n \n \nJD for the Tech Lead                   \n 	7-9 years of experience in Java \n	Hands on experience in programming JBoss Seam or PrimeFaces, EJB3.0, Servlets, JSP,JSF and Spring\n	Deployment experience using ANT scripts \n	Hands on experience with CSS\n	Strong knowledge and ability to work with backend code (Stored Procedures, Triggers, SQL) in Oracle or Sybase\n	Experience in creating design artifacts of open source solutions using J2EE frameworks\n	Ability to work with a team of offsite developer and strong communicator\n	Hands on development experience \n\n \n \nJD for Junior developers          \n	1-3 years of experience in web application development,\n	Should have hands on to code on Core Java and any one framework (Struts, EJB or JSF) \n	Should have hands on knowledge to written complex backend SQL\n	Should have knowledge of SDLC that involves Analysis, Coding, Design, Maintenance and Unit testing of software applications\n\n \n \nJD for the Architect                     \n	12+ years of experience in web application development\n	Should have ability to code, when needed\n	Hands on experience on PrimeFaces and JEE architecture \n	Have worked has an Architect on at least 2 projects \n	Strong architecture background in n-tier and load balance environment \n	Work closely with Client Architect team and review board \n	Experience to design application Disaster Recovery requirement \n \nPlease do share some profiles asap.\n\nRegards,', '2013-02-20 14:47:37', '2013-03-20 14:01:19', null, '', 0, 1, 0 ), ( 147, 5, 5, 5, 'ModComments', '', '2013-02-20 14:56:37', '2013-02-20 14:56:37', null, '', 0, 1, 0 ), ( 148, 5, 5, 5, 'ModComments', '', '2013-02-20 14:57:55', '2013-02-20 14:57:55', null, '', 0, 1, 0 ), ( 149, 5, 8, 5, 'Potentials', 'Location:Jamesburg, NJ or any Mayor City in the North East\r\n \r\nThe basic role description to be published\r\n> \r\n> *         Should have around 8 years of BI, Data management and Analytics experience\r\n> \r\n> *         Experience in BI Presales, BI/Analytic Consulting and BI Project Execution in client facing roles\r\n> \r\n> *         Knowledge of key market trends and product capabilities in the Data Integration, Data Management and BI space\r\n> \r\n> *         Hands on experience with two or more BI/Analytics/ETL/OLAP/MDM platform technologies from Oracle, IBM, Microsoft, MicroStrategy\r\n> \r\n> *         Good understanding of Data warehouse fundamentals - Dimensional modeling, ETL, Reporting stacks, Appliances, Master Data Management, Big Data\r\n> \r\n> *         Domain knowledge  (good to have) - Healthcare, Financial Services, Travel & Transportation, Manufacturing/Retail\r\n> \r\n> *         Understanding of analytic stacks and industry models\r\n> \r\n> *         Exposure of having worked with offshore teams (required)\r\n> \r\n> The job will entail:-\r\n> \r\n> *          Solution Architecting, Estimation, High Level Architecture definitions around BI/Data Management\r\n> \r\n> *         Customer presentations / Evangelizing BI / Prospecting/ Converting opportunities\r\n> \r\n> *         Travel (daily), once in a while 4 to 6 weeks engagement (limited to maximum 3 or 4 times in a year)\r\n> \r\n> *         Consulting engagement:- kick-start, and lead and drive (if required, also  own) short bursts of BI engagement\r\n> \r\n> The key attributes to look at:-\r\n> *         Communication - Critical\r\n> *         Cognitive skills and intelligence\r\n> *         Willingness to travel extensively across US and Americas\r\n> *         Prowess with PowerPoint\r\n> *         Understands DW concepts well (Data Modeling - ASM - Project Management)\r\n> *         Has hands on exposure to ETL, Data Modeling and Reporting', '2013-02-20 15:13:23', '2013-05-29 15:07:38', null, '', 0, 1, 0 ), ( 150, 5, 5, 5, 'ModComments', '', '2013-02-20 15:15:25', '2013-02-20 15:15:25', null, '', 0, 1, 0 ), ( 151, 5, 3, 7, 'Potentials', 'Location: Houston, TX\r\n\r\nGeneral Project Manager, desired PMP. 10+ years of experience.\r\n\r\nBusiness Intelligence Tool Knowledge.\r\n\r\nUp to 110K USD Annual plus benefits.', '2013-02-20 15:20:44', '2013-04-29 21:49:44', null, '', 0, 1, 0 ), ( 152, 5, 5, 5, 'ModComments', '', '2013-02-20 15:21:37', '2013-02-20 15:21:37', null, '', 0, 1, 0 ), ( 153, 7, 7, 7, 'Contacts', '', '2013-02-20 15:24:32', '2013-05-21 12:12:13', '2013-05-21 12:12:03', '', 0, 1, 0 ), ( 154, 7, 7, 7, 'Documents', '', '2013-02-20 15:27:04', '2013-02-20 15:27:04', null, '', 0, 1, 0 ), ( 155, 7, 7, 0, 'Documents Attachment', '', '2013-02-20 15:27:04', '2013-02-20 15:27:04', null, '', 0, 1, 0 ), ( 156, 5, 8, 5, 'Potentials', 'Position with Fannie Mae in Washington DC. \r\n\r\n\r\n1.       Sr. BI Technical Architect (Strategy/Process) for BI application and data architectural design standardization\r\n\r\nTools: Micro Strategy, Ab Initio and Data Stage.', '2013-02-20 15:32:34', '2013-03-20 14:02:47', null, '', 0, 1, 0 ), ( 157, 5, 5, 5, 'ModComments', '', '2013-02-20 15:32:51', '2013-02-20 15:32:51', null, '', 0, 1, 0 ), ( 158, 7, 7, 7, 'Accounts', '', '2013-02-20 16:04:42', '2013-02-20 16:04:42', '2013-03-19 19:38:36', '', 0, 1, 0 ), ( 159, 7, 7, 5, 'Potentials', 'we have new requirement for oracle I AM Tester requirement with our client ICBC. For british Columbia  VC.\r\n\r\nThe requirement is only for testing of Oracle IAM, need resume of IAM tester.\r\n\r\n1.Resumes of Oracle IAM tester. In Absence of Oracle, a good IAM tester would be helpful , though Oracle is preferred\r\n2.Slide deck - 3-5 slides) - Capability on Testing of Oracle IAM. This should showcase our capability / expertise in Testing of Oracle IAM and IAM as a bigger picture.', '2013-02-20 16:07:47', '2013-03-20 14:03:21', '2013-02-20 16:07:53', '', 0, 1, 0 ), ( 160, 7, 7, 7, 'ModComments', '', '2013-02-20 16:09:33', '2013-02-20 16:09:33', null, '', 0, 1, 0 ), ( 161, 7, 7, 5, 'Potentials', 'Number : Two positions  \r\nDuration : 1 year from March 15 till Dec 31\r\nLocation : Toronto Canada\r\nPosition : Full time or Contract to Hire\r\n \r\n1.	SAS Admin \r\n \r\n	Total 7+ years of experience on SAS 9.2 & 9.3\r\na.	SAS Web components  Report Studio, OLAP Cube, BI Dashboard & JBoss content \r\nb.	Server Components  SAS DI Server, OLAP, SPDS, Enterprise guide/miner, Forecast server & Management console etc.\r\n	Administration of SAS Repository Content such as users, groups, roles and access logins\r\n	Administration of access permission to SAS services (SAS Servers), data and information objects via Access Control Templates \r\n	Administration of SAS Metadata repository, including repository backup and restore, purges and log maintenance\r\n	Information objects include, but are not limited to, SAS Information Maps, SAS OLAP cube explorations, SAS Web Report Studio reports, SAS Stored Processes etc.\r\n	Service objects include, but are not limited to, SAS server definitions such as Workspace Server, Data Step and Java Batch Server, Schedule Servers, OLAP Servers, Stored Process Servers, Web services and publishing services.\r\n	Detailed documentation of SAS System administration change history (change logging), including SAS system configuration changes as well as security related changes', '2013-02-20 16:13:54', '2013-04-16 21:21:03', '2013-02-20 16:13:56', '', 0, 1, 0 ), ( 162, 7, 7, 7, 'ModComments', '', '2013-02-20 16:14:39', '2013-02-20 16:14:39', null, '', 0, 1, 0 ), ( 163, 5, 5, 5, 'Accounts', '', '2013-02-20 16:23:27', '2013-02-20 16:23:27', '2013-02-20 16:23:28', '', 0, 1, 0 ), ( 164, 5, 8, 5, 'Potentials', 'Job Title:	Software Engineer- .Net\r\nEducation	Any Graduate or Post-Grad. BE/BTech/MCA is preferable\r\nExperience	3-6 years\r\nJob Location	United States- assignation depending on skills\r\n\r\nJob Description\r\nDesign, coding\r\nTest cases\r\nTest Method\r\nDeployment Process of web applications\r\n\r\nMust to have Skills\r\nTechnology / Platform:	Visual Studio .NET 2005, 2008, 2010\r\nDBMS-Data Base:	SQL Server \r\nLanguage Programming:	C#.NET (Framework 3.0,4.0 ASP.Net) with OOP\r\nTools:\r\n(Desirable)	Silverlight, Sharepoint, Powershell, Cloud Computing,\r\n AJAX, XML, CSS\r\nOperative Systems:	Windows XP, Windows 7\r\nMethodologies:\r\n(Desirable)	Agile, Scrum\r\nOther (Desirable):	WCF, WPF, Web Services, Windows Phone (WP7)\r\nAbilities and aptitudes:	*May he have worked on large/complex applications (user-based exceeding millions).\r\n* Strong Knowledge of SQL Server and writing SQL queries\r\n* May have worked on large / complex applications (user base exceeding millions).\r\n* Should have worked on an application end-to-end (Design, coding, and deployment)\r\nMain activities to perform (3 minimum): 	. \r\n\r\n\r\nMust to have Skills\r\nFluent English- 80%\r\nClear Title\r\nValid Passport\r\nAvailability to relocate to US for at least one year.\r\n First 6-8 weeks the employee will be at GDL offices on training.', '2013-02-20 16:27:47', '2013-04-16 21:26:19', null, '', 0, 1, 1 ), ( 165, 5, 5, 5, 'Documents', '', '2013-02-20 19:30:57', '2013-02-20 19:30:57', null, '', 0, 1, 0 ), ( 166, 5, 5, 0, 'Documents Attachment', '', '2013-02-20 19:30:57', '2013-02-20 19:30:57', null, '', 0, 1, 0 ), ( 167, 5, 5, 5, 'Documents', '', '2013-02-20 19:32:30', '2013-02-20 19:32:30', null, '', 0, 1, 0 ), ( 168, 5, 5, 0, 'Documents Attachment', '', '2013-02-20 19:32:30', '2013-02-20 19:32:30', null, '', 0, 1, 0 ), ( 169, 5, 5, 5, 'ModComments', '', '2013-02-21 23:37:37', '2013-02-21 23:37:37', null, '', 0, 1, 0 ), ( 170, 5, 5, 5, 'ModComments', '', '2013-02-22 14:39:09', '2013-02-22 14:39:09', null, '', 0, 1, 0 ), ( 171, 5, 5, 5, 'Accounts', '', '2013-02-22 14:44:42', '2013-02-22 14:44:42', '2013-02-26 14:41:54', '', 0, 1, 0 ), ( 172, 5, 5, 5, 'Contacts', '', '2013-02-22 14:46:03', '2013-02-22 14:46:03', '2013-03-08 20:39:49', '', 0, 1, 0 ), ( 173, 5, 7, 5, 'Potentials', 'Job Title: Sr. SAP PS Consultant\r\nDuration: 1 year\r\nLocation: Calgary, Canada\r\nRate: 100/hr + Exp (Prefer someone close)\r\n\r\nJob Description:\r\n	Experience in all project phases (blueprint, design, realization, testing, implementation, support) for the SAP Project System module.\r\n	Strong Experience of PS functions like settlements, project creation, budgeting, investment management, etc\r\n	Serve as a liaison between business divisions and application development. This also includes documenting and articulating tactical and strategic requirements to management, business stakeholders and developers for the purpose of developing solutions for the business units involved. \r\n	Understand underlying customizations and business processes within the PS module in order to adequately support, enhance and provide solutions to the business\"\r\n	Experience of SAP PPM.\r\n	Experience with integration to other related modules such as PM, FI CO, AP, AM etc\r\n	Strong communication skills', '2013-02-22 14:48:26', '2013-04-16 21:26:49', '2013-02-26 17:27:23', '', 0, 1, 0 ), ( 174, 5, 5, 5, 'ModComments', '', '2013-02-22 15:13:20', '2013-02-22 15:13:20', null, '', 0, 1, 0 ), ( 175, 5, 5, 5, 'Contacts', 'Experiencie internacional con plantas globales. \n\nExperto en implementaciones y roll outs de PP.\n\nManufactura discreta y sencilla.\n\nCertificado en MM\n\n$$ Economic expectations - 500 USD/day.\n\n==================================', '2013-02-22 19:12:42', '2013-02-22 19:26:47', '2013-02-25 14:47:12', '', 0, 1, 0 ), ( 176, 5, 5, 5, 'Potentials', '1.	Six Sigma Black Belts or Master Black Belts\r\n2.	Located in Miami, FL\r\n3.	Desirable: Experience with Media\r\n4.	Great communication skills\r\n5.	For a long term assignment', '2013-02-22 21:58:04', '2013-03-20 14:05:44', '2013-03-20 14:05:33', '', 0, 1, 0 ), ( 177, 5, 5, 5, 'Contacts', 'Michael James Delaney\r\n8907 Old Pine Rd		   						 Phone: 561-483-0373\r\n       Boca Raton, FL 33433           		             mikana@comcast.net\r\n\r\n\r\nA customer focused professional with an extensive background in business operations and project management. Seasoned process improvement expert with a successful track record in process optimization, revenue growth and cost reduction. Trusted team leader who partners with business stakeholders to address deficiencies and exceed client expectations. \r\n\r\n                                                  AREAS OF EXPERTISE\r\n\r\n	Customer Service \r\n	Vendor relations\r\n	Team building\r\n	Staff training		Process Management \r\n	Process Mapping\r\n	Project Planning \r\n	Executive presentations  		Cost Benefit Analysis\r\n	Root cause Analysis\r\n	Gap Analysis\r\n	Advanced MS Excel, Word and PowerPoint, Visio, MS Project\r\n\r\nEXPERIENCE AND ACCOMPLISHMENTS\r\n\r\nCERTIFIED SIX SIGMA BLACK BELT (1/2005 - 7/2012)\r\nADT SECURITY SERVICES, Corporate Headquarters, 1501 Yamato Rd, Boca Raton, Florida\r\n\r\n	Standardized the customer cancellation process between ADT call centers and the newly acquired Broadview call center by adopting Best Practices between the two business models. Influenced cultural change to achieve tighter controls around customer adherence to contract terms and retention offers. Project completed in 4 months with revenues to top $400k p/ year\r\n	Reduced paperwork processing errors from Branch Offices by 60% utilizing strong data collection and analysis in order to arrive at root causes. Customized LMS web training for Field Agents and Central Order Groups resulted in improved contract booking accuracy and meeting Service Levels\r\n	Created a first of its kind sales discount report adopted by Compliance & Audit as the standard by which to monitor and control Delegation of Authority levels in the field. Visibility to data details and trend analysis reduced overall discount behavior by over $2.6 million within first 18 months \r\n	Deployed a new process to monitor and recuperate any missed service revenue associated with work performed but never billed. New auditing triggers for billers, customized reporting for management, and SOPs for Project Managers recuperated over $410k in missed opportunities\r\n	Streamlined a customer program used by large retail chains to replace faulty equipment via mail by introducing pre-paid FedEx return labels inside re-usable shipping cartons to the delight of busy retail associates who need only to plug-in new units and stage defective units for pick up. New process decreased cycle times of customer returns from 28 days to 7 days\r\n	Led survey deployment to over 500 Commercial Technicians to gather Voice of the Customer achieving a 44% response rate. RMA survey analysis and presentation to leadership allowed team to focus on specific improvement efforts based on critical to quality requirements resulting in a more effective and simplified process that increases Field productivity \r\n	Designed a new billing process to systematically invoice customers who fail to comply with the timely return of replaced mail-in equipment. For the first time since inception, the widely used customer mail-in program gained process automation and a method to recover $500k in costs\r\n	Reversed a negative trend on the P&L where freight expenses consistently exceeded freight revenues by identifying outdated internal accounting rules. First year savings $1.4M \r\n\r\n\r\n\r\nTEAM MANAGER, CUSTOMER RESPONSE CENTER (12/1997  1/2005)\r\nSENSORMATIC ELECTRONICS, Corporate Headquarters, 1155 Broken Sound Parkway, Boca Raton, Florida\r\n\r\n	Managed daily operations of busy National Customer Contact Center consisting of inbound and outbound Customer Service Reps, Sales Support and Technical Support staff\r\n	Increased agent productivity via one-on-one coaching sessions using active listening skills focused on motivation, goal setting, positive reinforcement and team building\r\n	Designed Quality Assurance programs specifically aimed at aligning unique customer needs and requirements to departmental metrics resulting in higher customer satisfaction scores \r\n	Cut Average Abandoned rate in half by optimizing work schedules around inbound call volumes and creating a dedicated team to handle non phone work such as webmail and email\r\n	Doubled first call resolution rates for customers reporting False Alarms by optimizing the process of trouble-shooting system issues over the phone prior to dispatching onsite service\r\n	Increased overall Quality Assurance scores by an average of 15 points per agent by creating and maintaining an online library of SOPs, workflows and training guides on a SharePoint site \r\n	Reduced call transfers to Sales Reps and Field Installers by over 30% piloting a program aimed at communicating special customer requests via text, email and voice mail  \r\n	Created Best Practices for call center agents and field dispatchers to avoid the unnecessary roll of a service truck for customers under maintenance agreements. First year savings exceeded $360k in labor costs with additional benefits from improved remote diagnostics and trouble-shooting \r\n	Interviewed, hired and trained all inbound call agents responsible for providing first line of support to large national accounts such as Wal-Mart, Federated Stores and Home Depot\r\n	Improved employee retention by utilizing strong peer relationships, leading by example and  providing agents the opportunity to shadow technicians in the field when servicing accounts \r\n	Respected team leader who values teamwork, integrity and accountability\r\n\r\n\r\n\r\nEDUCATION AND INTERESTS\r\n\r\n	Six Sigma Black Belt Certification 2007, Tyco International\r\n	Associate Degree, Chabot College, Hayward, California\r\n	Bachelor Degree Equivalent, Universidade Catolica, Rio de Janeiro, Brazil\r\n	Escola Americana do Rio de Janeiro, Brazil \r\n	Tennis Captain, Mens Doubles League, Team Saturnia of Boca Raton, FL\r\n	Tyco Golf League member since 2004\r\n	Tourism, international travel, guitar, piano, cooking, art, cinema, sports\r\n\r\n\r\nhttp://www.linkedin.com/pub/michael-delaney/13/29/833\r\n\r\n\r\nForeign languages: Portuguese, Spanish, French', '2013-02-22 22:01:05', '2013-02-22 22:03:25', '2013-02-22 22:02:13', '', 0, 1, 0 ), ( 178, 5, 5, 5, 'Documents', '', '2013-02-22 22:03:25', '2013-02-22 22:03:25', null, '', 0, 1, 0 ), ( 179, 5, 5, 0, 'Documents Attachment', '', '2013-02-22 22:03:25', '2013-02-22 22:03:25', null, '', 0, 1, 0 ), ( 180, 5, 5, 5, 'Contacts', 'main skill in SAP PP\r\nWorked in 3 full implementations\r\nHe rates himself in 7-8 in terms of configurations\r\n- Available ASAP\r\n- Great english\r\n- Agreed on 300/day with Honorarios', '2013-02-25 23:22:01', '2013-02-26 15:55:33', '2013-04-16 18:06:14', '', 0, 1, 0 ), ( 181, 5, 5, 5, 'Documents', '', '2013-02-26 15:55:33', '2013-02-26 15:55:33', null, '', 0, 1, 0 ), ( 182, 5, 5, 0, 'Documents Attachment', '', '2013-02-26 15:55:33', '2013-02-26 15:55:33', null, '', 0, 1, 0 ), ( 183, 5, 5, 5, 'ModComments', '', '2013-02-26 15:59:23', '2013-02-26 15:59:23', null, '', 0, 1, 0 ), ( 184, 5, 5, 5, 'Contacts', 'Jair De Jess Antonio Bez Hernndez    \r\nOffice : +52 81 8335 1749, +52 81 1772 6404       Cel : +521  8110 500649\r\nEmail : jbaez@infolean.com.mx\r\n\r\nSummary	17 years of experience in Information Technology, with 14 years as a versatile SAP consultant (from 3.1H to 6.0), working either as an ABAP developer for FI,CO,SD,MM,PP,HR,IM,PS,QM,PM (from 1999, certified in 2004 and 2007), Basis support (since 2001), FICO (since 2005, certified in FI-2007 and CO-2011), or SD (since 2008). Ive worked in other IT areas such as Quality Assurance and Security, Resource Planning and as development team leader. Im a problem solver used to deal with stress and time pressure situations. With excellent Analysis and technical skills, my understanding of ABAP, Basis and functional areas allows me to be more independent of other teams and so achieve planned goals with high performance.\r\nEducation	1990  1995	Bachelors Degree in Computer Science  \r\nUniversidad Autnoma de Nuevo Len \r\nProfessional Experience	\r\nFrom Jan-2011     \r\n\r\nMega Alimentos\r\no	Worked in several projects performing FICO,SD and ABAP activities, like Bank Statement customizing for Multicash Project, Product Availability enhancements, Bank Reconciliation and AR Reports, DC Invoice automation (EasyFact project), Consignment and Invoice Discounts Project (SD customizing), LIS redesign, etc. along with daily operation support for all modules.\r\n\r\nPyosa\r\no	Worked in the Electronic Invoice Project performing ABAP and SD activities, Project reports, development of ABAP interfaces to BI for AR, AP, Stocks, Purchases, expenses, Invoicing and Exchange rates. Provided daily operation support for all modules.\r\n\r\nWrigley Panama (Jul-2011 to Sep-2011)\r\no	I was responsible for FICO Training, Data Loading, BIT and Golive Support for Central, South America and Caribbean Hub Project, implementing 2 new companies controlling 32 countries.\r\n\r\nWrigley Mexico\r\no	Worked in a number of small projects like User Delta Project, Credit memo optimization, User Roles Cleaning, EDI Interfaces, Integra Project, Fixed Assets and IM training, Payment Interfaces as well as providing Functional and Technical support for upgrades, slot changes and daily operation for SD,FICO and MM.\r\n\r\nMasterfoods Mxico\r\no	Worked in a number of small projects in FICO,SD/MM (AuC Cleaning, Project Balance Integration, Fixed Assets Simulation, Audit observations, Hyperion extract Analysis , providing functional and technical support in daily operation and upgrades. \r\n\r\nMars Caribbean and Central America\r\no	Worked in a number of projects in FICO,SD and ABAP, like creation/correction of legal smartforms for Guatemala and Costa Rica. FICO Training in Puerto Rico and expert support on FICO,SD operational issues and requirements\r\nOther activities\r\no	Planning, Coordination of functional and ABAP consultants, Customer relations, RFQs, \r\nFrom Jun-2009 to Jan-2011        \r\nWrigley Mexico\r\no	From Jun-2009 to Feb-2010 I was responsible for SD customizing and coordination of FICO Customizing during Sweet Spot Implementation Project (Full cycle), to separate a division from a company into a new company code. Also responsible for Data Loading, Roles and Interface Definition and Technical Specs.\r\no	From March-2010 to Aug-2010 I was responsible for Interface definition for Rock and CAM Projects.\r\no	From May-2010 to Jan-2011 I was responsible for  SD and FICO Customizing for Lucas World Implementation (New company full cycle), data loading, roles and interface definitions.\r\n\r\nFrom May-2008 to Jun-2009      \r\nMARS \r\no	I was part of the GSM team, giving Supply Chain Outbound support (SD/MM) for Mexico, Peru, Columbia, Venezuela, Puerto Rico and CEIPA, as well as part-time support to all European and Asian sites as part of FTS, performing SD customizing, bug fixes, access control, archiving and evaluating new requirements together with the regional and global teams along with my involvement in Trinity project implementing new companies in Costa Rica, Panama and Dominican Republic. During my assignment, I raised the SLA indicators of my team from 55.13% to a historical 100% in some periods and not falling under the target of 90%. Also given support to the Finance Support Team in planning for other projects. \r\n\r\nPyosa\r\n\r\no	Fast track implementation of a new company code with FI, SD and MM functionality in one and a half weeks, including developments for data migration for Material master, batch master and stocks. This work was performed by a team of two (myself included) and occasional advice from other two colleagues.\r\n\r\nFrom Aug-2007 to Mar 2008     \r\nBritish American Tobacco Mexico (SAP Migration from 4.5B to Enterprise)\r\no	During this time and as part of the regional project EAS, I was responsible for the customizing of the fixed asset module  (being the first implementation whose go-live didnt have any critical issues) and part of the GL module.\r\no	I was responsible for validation of all developments made by the RICEF team for the AA and GL modules, also advising and validating some programs for the CO, SD and WM teams.\r\no	As ABAP I designed and developed conversion programs for fixed assets master data, internal orders, locations, fiscal indexes, among other master data using both ABAP programs and LSMW scripts.\r\nFrom Jun-2007 to Aug 2007     \r\nProductos URMAN S.A. de C.V. (SAP ECC)\r\no	As FI I supported the implementation of GL and A/P modules. \r\no	As ABAP I was responsible for creating the forms and initial loading programs such as material, account and vendor master, IM/WM stocks among others.\r\no	As Basis I was responsible for creating all the roles in the system\r\nFrom Mar-2007 to Apr 2007     \r\nComercializadora Gonac S.A. de C.V.  (SAP ECC)\r\no	As FI I provided functional Support and implemented Electronic payments via citidirect and a Product Costing Cube. \r\no	As ABAP I developed programs to load demand planning, generate electronic payments, function modules for populating executive information for product costing for a webpage and fixed problems in several existing programs (Balance Sheet, Depreciation, Internal Orders, etc.).\r\nFrom Mar-2005 to Feb 2007    \r\nEffem Mexico / Masterfoods Mexico (SAP Enterprise and 4.0)\r\no	Since March/2006 I was part of the GSM team, giving support to all FI functional modules (FI, CO, PA, TR, AM, IM, etc.) for Mexico, Peru, Columbia, Venezuela, Puerto Rico, EU, Dominican Republic and CEIPA, as well as part-time support to all European and Asian sites, evaluating new requirements that might need a development and discussing them with the regional and global teams.\r\no	From March/2005 to February/2006 I was part of the rollout implementation team for Atlas project in Lucas, responsible for all financial interfaces and conversions, both, in the new system (LSMWs in SAP4.7) and the old system (SAP 4.0 ABAP developments), as well as fixed assets and investment management validation. This project consisted on implementing the company on top of an existing and totally productive company, sharing the same company code in a shared regional instance and was the first to be completed on time.\r\no	From March/2005 to February/2006 I was responsible for all ABAP developments (new requirements and support) in the previous SAP system (SAP 4.0) for Lucas, as well as supporting FI modules as functional and Basis Support (Security, printers and transports).\r\n\r\nJan-2005  Mar-2005\r\nSigma Foods / SACHS Automotive (SAP 3.1F and 4.0)\r\n\r\no	During this time I worked in several ABAP requirements (FI, SD, MM) for these companies, including legal vendor/customer reports, Physical changes module, Service level reports, transportation module and deliveries enhancements.\r\n\r\nJun-2004  Dec-2004   \r\nEffem Mexico (SAP 4.0)\r\no	During this time I developed interfaces between SAP and the FPPS system, and supported and fixed programs from SD, FI and MM. \r\no	Also worked as Master Data, covering Material, Vendor, BOM and Purchase Price management, along with Basis support.\r\n\r\nJan-2004  Apr-2004   \r\nJanssen Cilag de Mexico (SAP Enterprise implementation)\r\no	I was part of the Implementation team for project Solar (led by IBM), covering Mexico, Brazil, Argentina and Venezuela, and responsible of designing and developing Material, Batch, Vendor and Customer Master Conversions, PO and Initial stock uploading, Batch determination enhancement, as well as a small coverage for Basis Support (role management and transport support) during stress tests and special consultancy to developers in SD, FI, CO and PP modules. \r\n\r\nJan-1996  Dec-2003   \r\nBritish American Tobacco / Cigarrera La Moderna (SAP 4.5B Implementation/support))\r\n	Role and Responsibilities:\r\no	From Oct/2003 to Dec/2003, I worked on the analysis of the RICE utilization and Data Cleaning project for FI, CO, MM, SD, PA, PP, RH, PM and Basis modules, as well as developing RFCs for the tracking project.\r\no	From Dec/2001 to Jun/2003 I worked as Basis administrator and  ABAP consultant. During this period I redesigned and implemented a license management procedure that saved the company more than USD250,000 on license fees. Apart from giving expert ABAP and Basis consultancy to many projects such as V3, Intelligia Payroll, travel expenses, MES, transportation, Akkade, Micro marketing, salary budget, etc. I was responsible for quality assurance and IT security, and as Regional IT security coordinator, responsible for performing BAT Central America IT audit held in Costa Rica.\r\no	From Feb/2000 to Dec/2001 I was leader of the development team implementing 2nd and 3rd wave of SAP in the company, comprising the following modules: PA, PC, PP, PM, RH and WF, dropping issues down to less than a half of those on the 1st wave. Also lead the ABAP team for the archiving project and because of optimization processes and helping in accomplishing the department goals, I was awarded with the IT Team player Award in 2000 and 2001.\r\no	From Jun/1999 to Jan/2000 I was part of the implementation team for project Integra, implementing SAP4.5B and responsible for the communication infrastructure between SAP and the legacy systems, as well as designing and testing Fixed assets conversions from SIAF.\r\no	From Jan/1996 to May/1999 I worked as analyst and developer for the IT Financial area, increasing user satisfaction levels and decreasing required maintenance of non-sap systems (Cobol, foxpro, centura, gupta, Nos/ve, etc.). One of the main projects was the implementation of SIAF, an integrated fixed assets system that replaced several older systems and was prelude to SAP implementation.\r\n	\r\n	\r\nSpecial Training and Abilities	\r\n	Certified as CO consultant (2011)\r\n	Certified twice as ABAP Consultant  (2004 and 2007)\r\n	Certified as FI consultant (2007)\r\n	Business Management (running a consultancy for more than 5 years)\r\n	ABAP Academy (BC400,BC405,BC410,BC420,BC430,BC460,ADK)\r\n	Basis Academy (TADM10,TADM12,TADM51,ADM940 with partner)\r\n	FI Academy (FICO training with an SAP partner, CO eAcademy)\r\n	SAP BAIO Solution Consultant (A1BASTTOVERVIEW, A1BASTTPOSIMPL)\r\n	SAP Business One Consultant Academy (2008)\r\n	SQL Plus, PL/SQL (ORACLE) \r\n	Programming Languages: SQL, PL/SQL, ABAP, Oracle, C, Pascal, Centura, RPG, Cobol, Prolog\r\n	SAP BRTools\r\n	Operating systems: HP-UX, Solaris, AS/400, Windows and DOS\r\n	Quality and Leadership Seminar\r\n	Effective Communication Seminar\r\n	IT Audits\r\n	English. Understand some Portuguese', '2013-02-27 20:48:24', '2013-02-27 20:50:12', '2013-05-08 14:19:30', '', 0, 1, 0 ), ( 185, 5, 5, 5, 'Contacts', '', '2013-02-27 20:56:28', '2013-02-27 20:56:28', '2013-02-28 14:28:49', '', 0, 1, 0 ), ( 186, 5, 5, 5, 'Contacts', 'SAP PP - A very problematic person... do not hire', '2013-03-01 23:42:30', '2013-10-31 15:19:26', '2013-10-31 15:18:15', '', 0, 1, 0 ), ( 187, 5, 5, 5, 'Contacts', '', '2013-03-05 18:25:44', '2013-03-05 18:27:22', '2013-04-16 18:05:49', '', 0, 1, 0 ), ( 188, 5, 5, 5, 'Documents', '', '2013-03-05 18:27:21', '2013-03-05 18:27:21', '2013-10-30 19:24:38', '', 0, 1, 0 ), ( 189, 5, 5, 0, 'Documents Attachment', '', '2013-03-05 18:27:21', '2013-03-05 18:27:21', null, '', 0, 1, 0 ), ( 190, 5, 5, 5, 'ModComments', '', '2013-03-05 18:29:19', '2013-03-05 18:29:19', null, '', 0, 1, 0 ), ( 191, 5, 5, 5, 'Contacts', 'Fuerte en FI, poco de CO.\r\n\r\nCertificado en FI... No tiene suficiente conocimiento en FI y CO para la entrevista. Slo un proyecto de impmlementacin.', '2013-03-06 19:17:57', '2013-03-06 19:17:57', '2013-03-06 19:17:59', '', 0, 1, 0 ), ( 192, 5, 5, 5, 'Contacts', 'main experience with PP and MM. Has managed Variant Configuration and Master Data. No knowledge on APO.\r\n\r\nExpecting 50,000 after Taxes.\r\n\r\nLooking forward to receive resume specific to SAP.', '2013-03-06 22:07:15', '2013-03-07 18:03:08', '2013-04-16 18:06:52', '', 0, 1, 0 ), ( 193, 5, 5, 5, 'Contacts', '', '2013-03-06 22:30:50', '2013-03-06 22:30:50', '2013-03-08 18:22:17', '', 0, 1, 0 ), ( 194, 5, 5, 5, 'Contacts', 'He has worked with most of the modules in PP, he even has some knowledge of APO. His rate is 480 per day in Monterrey through StaffConsultores.', '2013-03-06 23:26:53', '2013-03-07 18:06:00', '2013-04-05 18:08:58', '', 0, 1, 0 ), ( 195, 5, 5, 5, 'Contacts', 'Yazmin is proficient in APO and PP. She has worked in 1 full implementation and mostly support. She has a good english and great attitude and is willing to relocate to Monterrey. She expects 45K netos.', '2013-03-07 18:01:50', '2013-03-07 18:02:26', '2013-04-05 17:57:56', '', 0, 1, 0 ), ( 196, 5, 5, 5, 'Documents', '', '2013-03-07 18:02:26', '2013-03-07 18:02:26', null, '', 0, 1, 0 ), ( 197, 5, 5, 0, 'Documents Attachment', '', '2013-03-07 18:02:26', '2013-03-07 18:02:26', null, '', 0, 1, 0 ), ( 198, 5, 5, 5, 'Documents', '', '2013-03-07 18:03:08', '2013-03-07 18:03:08', null, '', 0, 1, 0 ), ( 199, 5, 5, 0, 'Documents Attachment', '', '2013-03-07 18:03:08', '2013-03-07 18:03:08', null, '', 0, 1, 0 ), ( 200, 5, 5, 5, 'Documents', '', '2013-03-07 18:06:00', '2013-03-07 18:06:00', null, '', 0, 1, 0 ), ( 201, 5, 5, 0, 'Documents Attachment', '', '2013-03-07 18:06:00', '2013-03-07 18:06:00', null, '', 0, 1, 0 ), ( 202, 5, 5, 5, 'Accounts', '', '2013-03-07 22:49:29', '2013-03-07 22:49:29', null, '', 0, 1, 0 ), ( 203, 5, 5, 5, 'Contacts', '', '2013-03-07 22:49:29', '2013-03-07 22:49:29', null, '', 0, 1, 0 ), ( 204, 5, 5, 5, 'Contacts', '', '2013-03-07 22:49:29', '2013-03-07 22:49:29', null, '', 0, 1, 0 ), ( 205, 5, 5, 5, 'Accounts', '', '2013-03-07 22:49:29', '2013-03-07 22:49:29', null, '', 0, 1, 0 ), ( 206, 5, 5, 5, 'Contacts', '', '2013-03-07 22:49:29', '2013-03-07 22:49:29', null, '', 0, 1, 0 ), ( 207, 5, 5, 5, 'Contacts', '', '2013-03-07 22:49:29', '2013-03-07 22:49:29', null, '', 0, 1, 0 ), ( 208, 5, 5, 5, 'Accounts', '', '2013-03-07 22:49:29', '2013-03-07 22:49:29', null, '', 0, 1, 0 ), ( 209, 5, 5, 5, 'Contacts', '', '2013-03-07 22:49:29', '2013-03-07 22:49:29', null, '', 0, 1, 0 ), ( 210, 5, 5, 5, 'Accounts', '', '2013-03-07 22:49:29', '2013-03-07 22:49:29', null, '', 0, 1, 0 ), ( 211, 5, 5, 5, 'Contacts', '', '2013-03-07 22:49:29', '2013-03-07 22:49:29', null, '', 0, 1, 0 ), ( 212, 5, 5, 5, 'Contacts', '', '2013-03-07 22:49:29', '2013-03-07 22:49:29', null, '', 0, 1, 0 ), ( 213, 5, 5, 5, 'Contacts', '', '2013-03-07 22:49:29', '2013-03-07 22:49:29', null, '', 0, 1, 0 ), ( 214, 5, 5, 5, 'Accounts', '', '2013-03-07 22:49:29', '2013-03-07 22:49:29', null, '', 0, 1, 0 ), ( 215, 5, 5, 5, 'Contacts', '', '2013-03-07 22:49:29', '2013-03-07 22:49:29', null, '', 0, 1, 0 ), ( 216, 5, 5, 5, 'Contacts', '', '2013-03-07 22:49:29', '2013-03-07 22:49:29', null, '', 0, 1, 0 ), ( 217, 5, 5, 5, 'Accounts', '', '2013-03-07 22:49:29', '2013-03-07 22:49:29', null, '', 0, 1, 0 ), ( 218, 5, 5, 5, 'Contacts', '', '2013-03-07 22:49:29', '2013-03-07 22:49:29', null, '', 0, 1, 0 ), ( 219, 5, 5, 5, 'Accounts', '', '2013-03-07 22:49:29', '2013-03-07 22:49:29', null, '', 0, 1, 0 ), ( 220, 5, 5, 5, 'Contacts', '', '2013-03-07 22:49:29', '2013-03-07 22:49:29', null, '', 0, 1, 0 ), ( 221, 5, 5, 5, 'Accounts', '', '2013-03-07 22:49:29', '2013-03-07 22:49:29', null, '', 0, 1, 0 ), ( 222, 5, 5, 5, 'Contacts', '', '2013-03-07 22:49:29', '2013-03-07 22:49:29', null, '', 0, 1, 0 ), ( 223, 5, 5, 5, 'Accounts', '', '2013-03-07 22:49:29', '2013-03-07 22:49:29', null, '', 0, 1, 0 ), ( 224, 5, 5, 5, 'Contacts', '', '2013-03-07 22:49:29', '2013-03-07 22:49:29', null, '', 0, 1, 0 ), ( 225, 5, 5, 5, 'Contacts', '', '2013-03-07 22:49:29', '2013-03-07 22:49:29', null, '', 0, 1, 0 ), ( 226, 5, 5, 5, 'Accounts', '', '2013-03-07 22:49:29', '2013-03-07 22:49:29', null, '', 0, 1, 0 ), ( 227, 5, 5, 5, 'Contacts', '', '2013-03-07 22:49:29', '2013-03-07 22:49:29', null, '', 0, 1, 0 ), ( 228, 5, 5, 5, 'Accounts', '', '2013-03-07 22:49:29', '2013-03-07 22:49:29', null, '', 0, 1, 0 ), ( 229, 5, 5, 5, 'Contacts', '', '2013-03-07 22:49:29', '2013-03-07 22:49:29', null, '', 0, 1, 0 ), ( 230, 5, 5, 5, 'Accounts', '', '2013-03-07 22:49:30', '2013-03-07 22:49:30', null, '', 0, 1, 0 ), ( 231, 5, 5, 5, 'Contacts', '', '2013-03-07 22:49:30', '2013-03-07 22:49:30', null, '', 0, 1, 0 ), ( 232, 5, 5, 5, 'Contacts', '', '2013-03-07 22:49:30', '2013-03-07 22:49:30', null, '', 0, 1, 0 ), ( 233, 5, 5, 5, 'Accounts', '', '2013-03-07 22:49:30', '2013-03-07 22:49:30', null, '', 0, 1, 0 ), ( 234, 5, 5, 5, 'Contacts', '', '2013-03-07 22:49:30', '2013-03-07 22:49:30', null, '', 0, 1, 0 ), ( 235, 5, 5, 5, 'Contacts', '', '2013-03-07 22:49:30', '2013-03-07 22:49:30', null, '', 0, 1, 0 ), ( 236, 5, 5, 5, 'Accounts', '', '2013-03-07 22:49:30', '2013-03-07 22:49:30', null, '', 0, 1, 0 ), ( 237, 5, 5, 5, 'Contacts', '', '2013-03-07 22:49:30', '2013-03-07 22:49:30', null, '', 0, 1, 0 ), ( 238, 5, 5, 5, 'Accounts', '', '2013-03-07 22:49:30', '2013-03-07 22:49:30', null, '', 0, 1, 0 ), ( 239, 5, 5, 5, 'Contacts', '', '2013-03-07 22:49:30', '2013-03-07 22:49:30', null, '', 0, 1, 0 ), ( 240, 5, 5, 5, 'Contacts', '', '2013-03-07 22:49:30', '2013-03-07 22:49:30', null, '', 0, 1, 0 ), ( 241, 5, 5, 5, 'Accounts', '', '2013-03-07 22:49:30', '2013-03-07 22:49:30', null, '', 0, 1, 0 ), ( 242, 5, 5, 5, 'Contacts', '', '2013-03-07 22:49:30', '2013-03-07 22:49:30', null, '', 0, 1, 0 ), ( 243, 5, 5, 5, 'Contacts', '', '2013-03-07 22:49:30', '2013-03-07 22:49:30', null, '', 0, 1, 0 ), ( 244, 5, 5, 5, 'Accounts', '', '2013-03-07 22:49:30', '2013-03-07 22:49:30', null, '', 0, 1, 0 ), ( 245, 5, 5, 5, 'Contacts', '', '2013-03-07 22:49:30', '2013-03-07 22:49:30', null, '', 0, 1, 0 ), ( 246, 5, 5, 5, 'Accounts', '', '2013-03-07 22:49:30', '2013-03-07 22:49:30', null, '', 0, 1, 0 ), ( 247, 5, 5, 5, 'Contacts', '', '2013-03-07 22:49:30', '2013-03-07 22:49:30', null, '', 0, 1, 0 ), ( 248, 5, 5, 5, 'Accounts', '', '2013-03-07 22:49:30', '2013-03-07 22:49:30', null, '', 0, 1, 0 ), ( 249, 5, 5, 5, 'Contacts', '', '2013-03-07 22:49:30', '2013-03-07 22:49:30', null, '', 0, 1, 0 ), ( 250, 5, 5, 5, 'Accounts', '', '2013-03-07 22:49:30', '2013-03-07 22:49:30', null, '', 0, 1, 0 ), ( 251, 5, 5, 5, 'Contacts', '', '2013-03-07 22:49:30', '2013-03-07 22:49:30', null, '', 0, 1, 0 ), ( 252, 5, 5, 5, 'Accounts', '', '2013-03-07 22:49:30', '2013-03-07 22:49:30', null, '', 0, 1, 0 ), ( 253, 5, 5, 5, 'Contacts', '', '2013-03-07 22:49:30', '2013-03-07 22:49:30', null, '', 0, 1, 0 ), ( 254, 5, 5, 5, 'Contacts', '', '2013-03-07 22:49:30', '2013-03-07 22:49:30', null, '', 0, 1, 0 ), ( 255, 5, 5, 5, 'Accounts', '', '2013-03-07 22:49:30', '2013-03-07 22:49:30', null, '', 0, 1, 0 ), ( 256, 5, 5, 5, 'Contacts', '', '2013-03-07 22:49:30', '2013-03-07 22:49:30', null, '', 0, 1, 0 ), ( 257, 5, 5, 5, 'Contacts', '', '2013-03-07 22:49:30', '2013-03-07 22:49:30', null, '', 0, 1, 0 ), ( 258, 5, 5, 5, 'Accounts', '', '2013-03-07 22:49:30', '2013-03-07 22:49:30', null, '', 0, 1, 0 ), ( 259, 5, 5, 5, 'Contacts', '', '2013-03-07 22:49:30', '2013-03-07 22:49:30', null, '', 0, 1, 0 ), ( 260, 5, 5, 5, 'Contacts', '', '2013-03-07 22:49:30', '2013-03-07 22:49:30', null, '', 0, 1, 0 ), ( 261, 5, 5, 5, 'Accounts', '', '2013-03-07 22:49:30', '2013-03-07 22:49:30', null, '', 0, 1, 0 ), ( 262, 5, 5, 5, 'Contacts', '', '2013-03-07 22:49:30', '2013-03-07 22:49:30', null, '', 0, 1, 0 ), ( 263, 5, 5, 5, 'Accounts', '', '2013-03-07 22:49:30', '2013-03-07 22:49:30', null, '', 0, 1, 0 ), ( 264, 5, 5, 5, 'Contacts', '', '2013-03-07 22:49:31', '2013-03-07 22:49:31', null, '', 0, 1, 0 ), ( 265, 5, 5, 5, 'Accounts', '', '2013-03-07 22:49:31', '2013-03-07 22:49:31', null, '', 0, 1, 0 ), ( 266, 5, 5, 5, 'Contacts', '', '2013-03-07 22:49:31', '2013-03-07 22:49:31', null, '', 0, 1, 0 ), ( 267, 5, 5, 5, 'Accounts', '', '2013-03-07 22:49:31', '2013-03-07 22:49:31', null, '', 0, 1, 0 ), ( 268, 5, 5, 5, 'Contacts', '', '2013-03-07 22:49:31', '2013-03-07 22:49:31', null, '', 0, 1, 0 ), ( 269, 5, 5, 5, 'Accounts', '', '2013-03-07 22:49:31', '2013-03-07 22:49:31', null, '', 0, 1, 0 ), ( 270, 5, 5, 5, 'Contacts', '', '2013-03-07 22:49:31', '2013-03-07 22:49:31', null, '', 0, 1, 0 ), ( 271, 5, 5, 5, 'Contacts', '', '2013-03-07 22:49:31', '2013-03-07 22:49:31', null, '', 0, 1, 0 ), ( 272, 5, 5, 5, 'Accounts', '', '2013-03-07 22:49:31', '2013-03-07 22:49:31', null, '', 0, 1, 0 ), ( 273, 5, 5, 5, 'Contacts', '', '2013-03-07 22:49:31', '2013-03-07 22:49:31', null, '', 0, 1, 0 ), ( 274, 5, 5, 5, 'Accounts', '', '2013-03-07 22:49:31', '2013-03-07 22:49:31', null, '', 0, 1, 0 ), ( 275, 5, 5, 5, 'Contacts', '', '2013-03-07 22:49:31', '2013-03-07 22:49:31', null, '', 0, 1, 0 ), ( 276, 5, 5, 5, 'Accounts', '', '2013-03-07 22:49:31', '2013-03-07 22:49:31', null, '', 0, 1, 0 ), ( 277, 5, 5, 5, 'Contacts', '', '2013-03-07 22:49:31', '2013-03-07 22:49:31', null, '', 0, 1, 0 ), ( 278, 5, 5, 5, 'Accounts', '', '2013-03-07 22:49:31', '2013-03-07 22:49:31', null, '', 0, 1, 0 ), ( 279, 5, 5, 5, 'Contacts', '', '2013-03-07 22:49:31', '2013-03-07 22:49:31', null, '', 0, 1, 0 ), ( 280, 5, 5, 5, 'Contacts', '', '2013-03-07 22:49:31', '2013-03-07 22:49:31', null, '', 0, 1, 0 ), ( 281, 5, 5, 5, 'Contacts', '', '2013-03-07 22:49:31', '2013-03-07 22:49:31', null, '', 0, 1, 0 ), ( 282, 5, 5, 5, 'Contacts', '', '2013-03-07 22:49:31', '2013-03-07 22:49:31', null, '', 0, 1, 0 ), ( 283, 5, 5, 5, 'Contacts', '', '2013-03-07 22:49:31', '2013-03-07 22:49:31', null, '', 0, 1, 0 ), ( 284, 5, 5, 5, 'Contacts', '', '2013-03-07 22:49:31', '2013-03-07 22:49:31', null, '', 0, 1, 0 ), ( 285, 5, 5, 5, 'Accounts', '', '2013-03-07 22:49:31', '2013-03-07 22:49:31', null, '', 0, 1, 0 ), ( 286, 5, 5, 5, 'Contacts', '', '2013-03-07 22:49:31', '2013-03-07 22:49:31', null, '', 0, 1, 0 ), ( 287, 5, 5, 5, 'Accounts', '', '2013-03-07 22:49:31', '2013-03-07 22:49:31', null, '', 0, 1, 0 ), ( 288, 5, 5, 5, 'Contacts', '', '2013-03-07 22:49:31', '2013-03-07 22:49:31', null, '', 0, 1, 0 ), ( 289, 5, 5, 5, 'Contacts', '', '2013-03-07 22:49:31', '2013-03-07 22:49:31', null, '', 0, 1, 0 ), ( 290, 5, 5, 5, 'Accounts', '', '2013-03-07 22:49:31', '2013-03-07 22:49:31', null, '', 0, 1, 0 ), ( 291, 5, 5, 5, 'Contacts', '', '2013-03-07 22:49:31', '2013-03-07 22:49:31', null, '', 0, 1, 0 ), ( 292, 5, 5, 5, 'Contacts', '', '2013-03-07 22:49:31', '2013-03-07 22:49:31', null, '', 0, 1, 0 ), ( 293, 5, 5, 5, 'Contacts', '', '2013-03-07 22:49:31', '2013-03-07 22:49:31', null, '', 0, 1, 0 ), ( 294, 5, 5, 5, 'Contacts', '', '2013-03-07 22:49:31', '2013-03-07 22:49:31', null, '', 0, 1, 0 ), ( 295, 5, 5, 5, 'Contacts', '', '2013-03-07 22:49:31', '2013-03-07 22:49:31', null, '', 0, 1, 0 ), ( 296, 5, 5, 5, 'Accounts', '', '2013-03-07 22:49:31', '2013-03-07 22:49:31', null, '', 0, 1, 0 ), ( 297, 5, 5, 5, 'Contacts', '', '2013-03-07 22:49:31', '2013-03-07 22:49:31', null, '', 0, 1, 0 ), ( 298, 5, 5, 5, 'Accounts', '', '2013-03-07 22:49:32', '2013-03-07 22:49:32', null, '', 0, 1, 0 ), ( 299, 5, 5, 5, 'Contacts', '', '2013-03-07 22:49:32', '2013-03-07 22:49:32', null, '', 0, 1, 0 ), ( 300, 5, 5, 5, 'Accounts', '', '2013-03-07 22:49:32', '2013-03-07 22:49:32', null, '', 0, 1, 0 ), ( 301, 5, 5, 5, 'Contacts', '', '2013-03-07 22:49:32', '2013-03-07 22:49:32', null, '', 0, 1, 0 ), ( 302, 5, 5, 5, 'Contacts', '', '2013-03-07 22:49:32', '2013-03-07 22:49:32', null, '', 0, 1, 0 ), ( 303, 5, 5, 5, 'Accounts', '', '2013-03-07 22:49:32', '2013-03-07 22:49:32', null, '', 0, 1, 0 ), ( 304, 5, 5, 5, 'Contacts', '', '2013-03-07 22:49:32', '2013-03-07 22:49:32', null, '', 0, 1, 0 ), ( 305, 5, 5, 5, 'Accounts', '', '2013-03-07 22:49:32', '2013-03-07 22:49:32', null, '', 0, 1, 0 ), ( 306, 5, 5, 5, 'Contacts', '', '2013-03-07 22:49:32', '2013-04-19 17:39:26', '2013-04-19 17:39:17', '', 0, 1, 0 ), ( 307, 5, 5, 5, 'Accounts', '', '2013-03-07 22:49:32', '2013-03-07 22:49:32', null, '', 0, 1, 0 ), ( 308, 5, 5, 5, 'Contacts', '', '2013-03-07 22:49:32', '2013-03-07 22:49:32', null, '', 0, 1, 0 ), ( 309, 5, 5, 5, 'Accounts', '', '2013-03-07 22:49:32', '2013-03-07 22:49:32', null, '', 0, 1, 0 ), ( 310, 5, 5, 5, 'Contacts', '', '2013-03-07 22:49:32', '2013-03-07 22:49:32', null, '', 0, 1, 0 ), ( 311, 5, 5, 5, 'Contacts', '', '2013-03-07 22:49:32', '2013-03-07 22:49:32', null, '', 0, 1, 0 ), ( 312, 5, 5, 5, 'Accounts', '', '2013-03-07 22:49:32', '2013-03-07 22:49:32', null, '', 0, 1, 0 ), ( 313, 5, 5, 5, 'Contacts', '', '2013-03-07 22:49:32', '2013-03-07 22:49:32', null, '', 0, 1, 0 ), ( 314, 5, 5, 5, 'Contacts', '', '2013-03-07 22:49:32', '2013-03-07 22:49:32', null, '', 0, 1, 0 ), ( 315, 5, 5, 5, 'Contacts', '', '2013-03-07 22:49:32', '2013-03-07 22:49:32', null, '', 0, 1, 0 ), ( 316, 5, 5, 5, 'Accounts', '', '2013-03-07 22:49:32', '2013-03-07 22:49:32', null, '', 0, 1, 0 ), ( 317, 5, 5, 5, 'Contacts', '', '2013-03-07 22:49:32', '2013-03-07 22:49:32', null, '', 0, 1, 0 ), ( 318, 5, 5, 5, 'Contacts', '', '2013-03-07 22:49:32', '2013-03-07 22:49:32', null, '', 0, 1, 0 ), ( 319, 5, 5, 5, 'Accounts', '', '2013-03-07 22:49:32', '2013-03-07 22:49:32', null, '', 0, 1, 0 ), ( 320, 5, 5, 5, 'Contacts', '', '2013-03-07 22:49:32', '2013-03-07 22:49:32', null, '', 0, 1, 0 ), ( 321, 5, 5, 5, 'Contacts', '', '2013-03-07 22:49:32', '2013-03-07 22:49:32', null, '', 0, 1, 0 ), ( 322, 5, 5, 5, 'Contacts', '', '2013-03-07 22:49:32', '2013-03-07 22:49:32', null, '', 0, 1, 0 ), ( 323, 5, 5, 5, 'Contacts', '', '2013-03-07 22:49:32', '2013-03-07 22:49:32', null, '', 0, 1, 0 ), ( 324, 5, 5, 5, 'Accounts', '', '2013-03-07 22:49:32', '2013-03-07 22:49:32', null, '', 0, 1, 0 ), ( 325, 5, 5, 5, 'Contacts', '', '2013-03-07 22:49:32', '2013-03-07 22:49:32', null, '', 0, 1, 0 ), ( 326, 5, 5, 5, 'Contacts', '', '2013-03-07 22:49:32', '2013-03-07 22:49:32', null, '', 0, 1, 0 ), ( 327, 5, 5, 5, 'Accounts', '', '2013-03-07 22:49:32', '2013-03-07 22:49:32', null, '', 0, 1, 0 ), ( 328, 5, 5, 5, 'Contacts', '', '2013-03-07 22:49:33', '2013-03-07 22:49:33', null, '', 0, 1, 0 ), ( 329, 5, 5, 5, 'Accounts', '', '2013-03-07 22:49:33', '2013-03-07 22:49:33', null, '', 0, 1, 0 ), ( 330, 5, 5, 5, 'Contacts', '', '2013-03-07 22:49:33', '2013-03-07 22:49:33', null, '', 0, 1, 0 ), ( 331, 5, 5, 5, 'Contacts', '', '2013-03-07 22:49:33', '2013-03-07 22:49:33', null, '', 0, 1, 0 ), ( 332, 5, 5, 5, 'Accounts', '', '2013-03-07 22:49:33', '2013-03-07 22:49:33', null, '', 0, 1, 0 ), ( 333, 5, 5, 5, 'Contacts', '', '2013-03-07 22:49:33', '2013-03-07 22:49:33', null, '', 0, 1, 0 ), ( 334, 5, 5, 5, 'Contacts', '', '2013-03-07 22:49:33', '2013-03-07 22:49:33', null, '', 0, 1, 0 ), ( 335, 5, 5, 5, 'Accounts', '', '2013-03-07 22:49:33', '2013-03-07 22:49:33', null, '', 0, 1, 0 ), ( 336, 5, 5, 5, 'Contacts', '', '2013-03-07 22:49:33', '2013-03-07 22:49:33', null, '', 0, 1, 0 ), ( 337, 5, 5, 5, 'Contacts', '', '2013-03-07 22:49:33', '2013-03-07 22:49:33', null, '', 0, 1, 0 ), ( 338, 5, 5, 5, 'Accounts', '', '2013-03-07 22:49:33', '2013-03-07 22:49:33', null, '', 0, 1, 0 ), ( 339, 5, 5, 5, 'Contacts', '', '2013-03-07 22:49:33', '2013-03-07 22:49:33', null, '', 0, 1, 0 ), ( 340, 5, 5, 5, 'Contacts', '', '2013-03-07 22:49:33', '2013-03-07 22:49:33', null, '', 0, 1, 0 ), ( 341, 5, 5, 5, 'Accounts', '', '2013-03-07 22:49:33', '2013-03-07 22:49:33', null, '', 0, 1, 0 ), ( 342, 5, 5, 5, 'Contacts', '', '2013-03-07 22:49:33', '2013-03-07 22:49:33', null, '', 0, 1, 0 ), ( 343, 7, 7, 7, 'Contacts', 'She has been selected for the Recruitment Team as Trainee.', '2013-03-08 18:32:52', '2013-03-08 18:39:42', '2013-03-08 18:32:54', '', 0, 1, 0 ), ( 344, 7, 7, 7, 'Documents', '', '2013-03-08 18:39:42', '2013-03-08 18:39:42', null, '', 0, 1, 0 ), ( 345, 7, 7, 0, 'Documents Attachment', '', '2013-03-08 18:39:42', '2013-03-08 18:39:42', null, '', 0, 1, 0 ), ( 346, 7, 7, 5, 'Potentials', 'The following requisition has been assigned:\r\n TITLE:	 Solution Architect\r\n STATUS:	 Open\r\n JOB CODE:	 7519\r\n LOCATION:	 New York City, NY, United States\r\n # of Openings:	 1\r\n\r\n\r\nRequisition Details:\r\nThe Solution Architect is expected to look for possible opportunities in conjunction with sales , meet MSO representatives along with L&Ts Regional Salereps, present the capabilities in line with their expectation and continue interactions in various levels till L&T is able to engage with the prospects. Based on the need, Solution Architect may also get involved in delivery role based on the circumstances.     \r\nMain Duties\r\n         Looking for opportunities in various MSOs in the areas of development, testing, support etc.\r\n         Helping Sales to strategize business development approach.\r\n         Making technical pitch during meetings with MSO representatives\r\n         Conceptualize possible solutions / offering for MSOs \r\n         Pursue various opportunities and coordinate RFP response\r\n         Can act as Program Manager for any of the MSO engagement if required', '2013-03-08 18:43:00', '2013-04-01 16:13:21', '2013-03-08 18:43:28', '', 0, 1, 0 ), ( 347, 7, 7, 7, 'ModComments', '', '2013-03-08 18:43:55', '2013-03-08 18:43:55', null, '', 0, 1, 0 ), ( 348, 7, 7, 7, 'Contacts', '', '2013-03-11 21:39:14', '2013-03-11 21:45:29', '2013-03-11 21:45:03', '', 0, 1, 0 ), ( 349, 7, 7, 7, 'Documents', '', '2013-03-11 21:42:23', '2013-03-11 21:42:23', null, '', 0, 1, 0 ), ( 350, 7, 7, 0, 'Documents Attachment', '', '2013-03-11 21:42:23', '2013-03-11 21:42:23', null, '', 0, 1, 0 ), ( 351, 7, 7, 7, 'ModComments', '', '2013-03-11 21:46:50', '2013-03-11 21:46:50', null, '', 0, 1, 0 ), ( 352, 7, 7, 7, 'Contacts', '', '2013-03-12 16:54:40', '2013-03-12 17:21:26', '2013-03-12 17:21:09', '', 0, 1, 0 ), ( 353, 7, 7, 7, 'Documents', '', '2013-03-12 16:56:28', '2013-03-12 16:56:28', null, '', 0, 1, 0 ), ( 354, 7, 7, 0, 'Documents Attachment', '', '2013-03-12 16:56:28', '2013-03-12 16:56:28', null, '', 0, 1, 0 ), ( 355, 7, 7, 7, 'Contacts', '', '2013-03-12 17:01:18', '2013-03-12 17:47:49', '2013-03-12 17:47:37', '', 0, 1, 0 ), ( 356, 7, 7, 7, 'Documents', '', '2013-03-12 17:02:37', '2013-03-12 17:02:37', null, '', 0, 1, 0 ), ( 357, 7, 7, 0, 'Documents Attachment', '', '2013-03-12 17:02:37', '2013-03-12 17:02:37', null, '', 0, 1, 0 ), ( 358, 7, 7, 7, 'Contacts', '', '2013-03-12 17:19:31', '2013-03-12 17:20:33', '2013-07-17 14:00:30', '', 0, 1, 0 ), ( 359, 7, 7, 7, 'Documents', '', '2013-03-12 17:20:33', '2013-03-12 17:20:33', null, '', 0, 1, 0 ), ( 360, 7, 7, 0, 'Documents Attachment', '', '2013-03-12 17:20:33', '2013-03-12 17:20:33', null, '', 0, 1, 0 ), ( 361, 7, 7, 7, 'Contacts', '', '2013-03-12 17:54:42', '2013-03-12 18:51:43', '2013-03-12 18:51:19', '', 0, 1, 0 ), ( 362, 7, 7, 7, 'Documents', '', '2013-03-12 17:55:23', '2013-03-12 17:55:23', null, '', 0, 1, 0 ), ( 363, 7, 7, 0, 'Documents Attachment', '', '2013-03-12 17:55:23', '2013-03-12 17:55:23', null, '', 0, 1, 0 ), ( 364, 7, 7, 7, 'Contacts', '', '2013-03-12 18:01:21', '2013-03-12 18:51:02', '2013-03-12 18:50:33', '', 0, 1, 0 ), ( 365, 7, 7, 7, 'Documents', '', '2013-03-12 18:02:09', '2013-03-12 18:02:09', null, '', 0, 1, 0 ), ( 366, 7, 7, 0, 'Documents Attachment', '', '2013-03-12 18:02:09', '2013-03-12 18:02:09', null, '', 0, 1, 0 ), ( 367, 7, 7, 7, 'Contacts', '', '2013-03-12 18:06:43', '2013-03-12 18:07:49', '2013-03-12 18:06:45', '', 0, 1, 0 ), ( 368, 7, 7, 7, 'Documents', '', '2013-03-12 18:07:49', '2013-03-12 18:07:49', null, '', 0, 1, 0 ), ( 369, 7, 7, 0, 'Documents Attachment', '', '2013-03-12 18:07:49', '2013-03-12 18:07:49', null, '', 0, 1, 0 ), ( 370, 7, 7, 7, 'Contacts', '', '2013-03-12 18:10:35', '2013-03-12 18:12:05', '2013-03-12 18:52:13', '', 0, 1, 0 ), ( 371, 7, 7, 7, 'Documents', '', '2013-03-12 18:11:04', '2013-03-12 18:11:04', null, '', 0, 1, 0 ), ( 372, 7, 7, 7, 'Documents', '', '2013-03-12 18:11:20', '2013-03-12 18:11:20', null, '', 0, 1, 0 ), ( 373, 7, 7, 0, 'Documents Attachment', '', '2013-03-12 18:11:20', '2013-03-12 18:11:20', null, '', 0, 1, 0 ), ( 374, 7, 7, 7, 'Contacts', '', '2013-03-12 18:14:36', '2013-03-12 18:53:53', '2013-03-12 18:53:06', '', 0, 1, 0 ), ( 375, 7, 7, 7, 'Documents', '', '2013-03-12 18:15:17', '2013-03-12 18:15:17', null, '', 0, 1, 0 ), ( 376, 7, 7, 0, 'Documents Attachment', '', '2013-03-12 18:15:17', '2013-03-12 18:15:17', null, '', 0, 1, 0 ), ( 377, 7, 7, 7, 'Contacts', '', '2013-03-12 18:18:52', '2013-03-12 18:19:42', '2013-03-12 18:19:29', '', 0, 1, 0 ), ( 378, 7, 7, 7, 'Documents', '', '2013-03-12 18:19:22', '2013-03-12 18:19:22', null, '', 0, 1, 0 ), ( 379, 7, 7, 0, 'Documents Attachment', '', '2013-03-12 18:19:22', '2013-03-12 18:19:22', null, '', 0, 1, 0 ), ( 380, 7, 7, 7, 'Contacts', '', '2013-03-12 18:22:47', '2013-03-12 19:06:07', '2013-03-12 19:03:12', '', 0, 1, 0 ), ( 381, 7, 7, 7, 'Documents', '', '2013-03-12 18:23:20', '2013-03-12 18:23:20', null, '', 0, 1, 0 ), ( 382, 7, 7, 0, 'Documents Attachment', '', '2013-03-12 18:23:21', '2013-03-12 18:23:21', null, '', 0, 1, 0 ), ( 383, 7, 7, 7, 'Contacts', '', '2013-03-12 18:55:50', '2013-03-12 19:03:02', '2013-03-12 19:02:18', '', 0, 1, 0 ), ( 384, 7, 7, 7, 'Documents', '', '2013-03-12 18:56:19', '2013-03-12 18:56:19', null, '', 0, 1, 0 ), ( 385, 7, 7, 0, 'Documents Attachment', '', '2013-03-12 18:56:19', '2013-03-12 18:56:19', null, '', 0, 1, 0 ), ( 386, 7, 7, 7, 'Contacts', '', '2013-03-12 18:58:37', '2013-03-12 19:02:04', '2013-03-12 19:01:17', '', 0, 1, 0 ), ( 387, 7, 7, 7, 'Documents', '', '2013-03-12 18:59:02', '2013-03-12 18:59:02', null, '', 0, 1, 0 ), ( 388, 7, 7, 0, 'Documents Attachment', '', '2013-03-12 18:59:02', '2013-03-12 18:59:02', null, '', 0, 1, 0 ), ( 389, 7, 7, 7, 'Contacts', '', '2013-03-12 19:00:34', '2013-03-12 19:01:09', '2013-03-12 19:00:36', '', 0, 1, 0 ), ( 390, 7, 7, 7, 'Documents', '', '2013-03-12 19:01:08', '2013-03-12 19:01:08', null, '', 0, 1, 0 ), ( 391, 7, 7, 0, 'Documents Attachment', '', '2013-03-12 19:01:09', '2013-03-12 19:01:09', null, '', 0, 1, 0 ), ( 392, 7, 7, 7, 'Contacts', '', '2013-03-12 19:07:34', '2013-03-12 19:08:07', '2013-03-12 19:07:35', '', 0, 1, 0 ), ( 393, 7, 7, 7, 'Documents', '', '2013-03-12 19:08:07', '2013-03-12 19:08:07', null, '', 0, 1, 0 ), ( 394, 7, 7, 0, 'Documents Attachment', '', '2013-03-12 19:08:07', '2013-03-12 19:08:07', null, '', 0, 1, 0 ), ( 395, 7, 7, 5, 'Contacts', '', '2013-03-12 19:09:24', '2013-12-11 18:14:32', '2014-03-21 21:16:56', '', 0, 1, 0 ), ( 396, 5, 5, 5, 'Contacts', 'Gabriel has extensive experience in FI and CO available immediately. Skype: T82990582. He will be through Eduardos Payroll. We agreed on a rate of 115K Pesos/month, Fixed.', '2013-03-12 19:09:55', '2013-03-12 20:17:58', '2013-05-08 21:28:30', '', 0, 1, 0 ), ( 397, 7, 7, 7, 'Documents', '', '2013-03-12 19:10:01', '2013-03-12 19:10:01', null, '', 0, 1, 0 ), ( 398, 7, 7, 0, 'Documents Attachment', '', '2013-03-12 19:10:01', '2013-03-12 19:10:01', null, '', 0, 1, 0 ), ( 399, 5, 5, 5, 'Documents', '', '2013-03-12 19:11:06', '2013-03-12 19:11:06', null, '', 0, 1, 0 ), ( 400, 5, 5, 0, 'Documents Attachment', '', '2013-03-12 19:11:06', '2013-03-12 19:11:06', null, '', 0, 1, 0 ), ( 401, 7, 7, 7, 'Contacts', '', '2013-03-12 19:11:08', '2013-07-03 14:06:54', '2013-07-03 14:06:05', '', 0, 1, 0 ), ( 402, 7, 7, 7, 'Documents', '', '2013-03-12 19:11:44', '2013-03-12 19:11:44', null, '', 0, 1, 0 ), ( 403, 7, 7, 0, 'Documents Attachment', '', '2013-03-12 19:11:44', '2013-03-12 19:11:44', null, '', 0, 1, 0 ), ( 404, 7, 7, 5, 'Contacts', '', '2013-03-12 19:13:21', '2014-01-08 19:09:07', '2013-03-12 19:13:23', '', 0, 1, 0 ), ( 405, 7, 7, 7, 'Documents', '', '2013-03-12 19:14:02', '2013-03-12 19:14:02', null, '', 0, 1, 0 ), ( 406, 7, 7, 0, 'Documents Attachment', '', '2013-03-12 19:14:05', '2013-03-12 19:14:05', null, '', 0, 1, 0 ), ( 407, 7, 7, 7, 'Contacts', '', '2013-03-12 19:18:33', '2013-03-12 19:19:05', '2013-03-12 19:18:34', '', 0, 1, 0 ), ( 408, 7, 7, 7, 'Documents', '', '2013-03-12 19:19:05', '2013-03-12 19:19:05', null, '', 0, 1, 0 ), ( 409, 7, 7, 0, 'Documents Attachment', '', '2013-03-12 19:19:05', '2013-03-12 19:19:05', null, '', 0, 1, 0 ), ( 410, 7, 7, 7, 'Contacts', '', '2013-03-12 19:25:19', '2013-03-12 19:25:51', '2013-03-12 19:25:20', '', 0, 1, 0 ), ( 411, 7, 7, 7, 'Documents', '', '2013-03-12 19:25:51', '2013-03-12 19:25:51', null, '', 0, 1, 0 ), ( 412, 7, 7, 0, 'Documents Attachment', '', '2013-03-12 19:25:51', '2013-03-12 19:25:51', null, '', 0, 1, 0 ), ( 413, 7, 7, 7, 'Contacts', '', '2013-03-12 21:16:05', '2013-03-12 21:16:53', '2013-03-12 21:16:07', '', 0, 1, 0 ), ( 414, 7, 7, 7, 'Documents', '', '2013-03-12 21:16:53', '2013-03-12 21:16:53', null, '', 0, 1, 0 ), ( 415, 7, 7, 0, 'Documents Attachment', '', '2013-03-12 21:16:53', '2013-03-12 21:16:53', null, '', 0, 1, 0 ), ( 416, 7, 7, 7, 'Contacts', '', '2013-03-12 21:20:21', '2013-03-12 21:21:13', '2013-03-12 21:20:23', '', 0, 1, 0 ), ( 417, 7, 7, 7, 'Documents', '', '2013-03-12 21:21:13', '2013-03-12 21:21:13', null, '', 0, 1, 0 ), ( 418, 7, 7, 0, 'Documents Attachment', '', '2013-03-12 21:21:13', '2013-03-12 21:21:13', null, '', 0, 1, 0 ), ( 419, 7, 7, 7, 'Contacts', '', '2013-03-12 21:26:12', '2013-03-12 21:26:43', '2013-03-12 21:26:13', '', 0, 1, 0 ), ( 420, 7, 7, 7, 'Documents', '', '2013-03-12 21:26:43', '2013-03-12 21:26:43', null, '', 0, 1, 0 ), ( 421, 7, 7, 0, 'Documents Attachment', '', '2013-03-12 21:26:43', '2013-03-12 21:26:43', null, '', 0, 1, 0 ), ( 422, 7, 7, 5, 'Contacts', '', '2013-03-15 18:19:23', '2013-04-05 19:29:43', '2013-05-21 12:12:23', '', 0, 1, 0 ), ( 423, 5, 5, 5, 'Contacts', '', '2013-03-18 17:14:32', '2013-04-02 22:01:07', '2013-04-02 22:00:57', '', 0, 1, 0 ), ( 424, 5, 5, 5, 'Contacts', 'Has worked on development and 1 full implementation. He has 7 years of IT experience and 1 of ServiceNow. he was one of the original team members of the Patni team. He is currently making 25K Gross with patni.', '2013-03-18 21:24:08', '2013-11-27 15:47:26', '2013-12-11 18:07:56', '', 0, 1, 0 ), ( 425, 5, 5, 5, 'Documents', '', '2013-03-18 21:25:09', '2013-03-18 21:25:09', null, '', 0, 1, 0 ), ( 426, 5, 5, 0, 'Documents Attachment', '', '2013-03-18 21:25:09', '2013-03-18 21:25:09', null, '', 0, 1, 0 ), ( 427, 7, 8, 5, 'Potentials', 'TITLE:	 ServiceNow Admin\r\n STATUS:	 Open\r\n JOB CODE:	 7610\r\n LOCATION:	 Denver, CO, United States\r\n # of Openings:	 1\r\n\r\n\r\nRequisition Details:\r\na) Implementation experience in Service-Now tool\r\nb) Experience in Installation and Configuration of different modules of Service-Now - with emphasis on CMDB, Change Management, Problem Management and discovery modules\r\nc) Skills on Integration between Multiple modules, creation of CMDB, design of workflows\r\nd) Migration of Data from third party systems\r\ne) Testing & Bug-fixing\r\nf) Expertise of mapping of ITIL processes to the tools\r\ng) Knowledge of third party reporting system\r\nh) Excellent interpersonal & team building skills', '2013-03-20 14:09:05', '2013-05-29 15:07:39', '2013-03-20 14:09:06', '', 0, 1, 0 ), ( 428, 5, 5, 5, 'Contacts', '', '2013-03-20 20:50:51', '2013-03-20 20:50:51', '2013-03-20 20:50:52', '', 0, 1, 0 ), ( 429, 7, 7, 7, 'Contacts', 'This candidate is in regards to the SAS Admin position and he is solely interested in Corp-to-Corp opportunities at present.', '2013-03-25 14:43:53', '2013-03-25 14:44:49', '2013-03-25 14:43:55', '', 0, 1, 0 ), ( 430, 7, 7, 7, 'Documents', '', '2013-03-25 14:44:48', '2013-03-25 14:44:48', null, '', 0, 1, 0 ), ( 431, 7, 7, 0, 'Documents Attachment', '', '2013-03-25 14:44:48', '2013-03-25 14:44:48', null, '', 0, 1, 0 ), ( 432, 7, 7, 7, 'Contacts', 'This candidate is a SAS programmer and data analysis.', '2013-03-25 14:52:20', '2013-03-25 14:52:57', '2013-03-25 14:52:21', '', 0, 1, 0 ), ( 433, 7, 7, 7, 'Documents', '', '2013-03-25 14:52:56', '2013-03-25 14:52:56', null, '', 0, 1, 0 ), ( 434, 7, 7, 0, 'Documents Attachment', '', '2013-03-25 14:52:56', '2013-03-25 14:52:56', null, '', 0, 1, 0 ), ( 435, 7, 7, 7, 'Contacts', 'This candidate is a SAS certified professional with 5years experience in analyzing and coordinating clinical trial data, generating reports, tables, listings and graphs using SAS in accordance with the Statistical Analysis Plan (SAP), Standard Operating Procedures (SOPs) and departmental guidelines.', '2013-03-25 15:21:27', '2013-03-25 15:22:10', '2013-03-25 15:21:29', '', 0, 1, 0 ), ( 436, 7, 7, 7, 'Documents', '', '2013-03-25 15:22:10', '2013-03-25 15:22:10', null, '', 0, 1, 0 ), ( 437, 7, 7, 0, 'Documents Attachment', '', '2013-03-25 15:22:10', '2013-03-25 15:22:10', null, '', 0, 1, 0 ), ( 438, 7, 7, 7, 'Contacts', '', '2013-03-25 19:00:57', '2013-03-25 19:01:46', '2013-03-25 19:00:59', '', 0, 1, 0 ), ( 439, 7, 7, 7, 'Documents', '', '2013-03-25 19:01:46', '2013-03-25 19:01:46', null, '', 0, 1, 0 ), ( 440, 7, 7, 0, 'Documents Attachment', '', '2013-03-25 19:01:46', '2013-03-25 19:01:46', null, '', 0, 1, 0 ), ( 441, 5, 5, 7, 'Contacts', 'Senior OIM with 7 years of exerience. He is currently earning 46,000 Gross / 35,000 Net.', '2013-03-27 15:54:01', '2013-06-03 16:19:08', '2013-06-03 16:18:55', '', 0, 1, 0 ), ( 442, 5, 5, 5, 'Documents', '', '2013-03-27 15:55:12', '2013-03-27 15:55:12', null, '', 0, 1, 0 ), ( 443, 5, 5, 0, 'Documents Attachment', '', '2013-03-27 15:55:12', '2013-03-27 15:55:12', null, '', 0, 1, 0 ), ( 444, 5, 5, 5, 'Contacts', '', '2013-04-05 16:44:29', '2013-04-05 16:45:00', '2013-04-05 19:28:11', '', 0, 1, 0 ), ( 445, 5, 7, 5, 'Potentials', '', '2013-04-16 21:24:54', '2013-04-16 21:24:54', null, '', 0, 1, 0 ), ( 446, 5, 8, 5, 'Potentials', 'He needs someone with VoIP programming experience, not networking/administration of it.\r\n \r\nlocation: remote, however commutable to Glastonbury is a plus.\r\n \r\nI have reviewed Alex Slocums resume and background. He has strong experience in the network protocol and PBX areas of VoIP but not on the application development side of integrating software libraries or providing VoIP into an IVR application with speech modules, which is where current needs are. \r\n \r\n At this time Alex does not meet the skill set needs. Please continue to forward other candidate resumes as they become available\r\n \r\n--------------------------------------------------------------------------------------------------------------------------------------------------------------------------------------------------------------------------------\r\nJob Description: Senior Software Developer/Architect VoIP\r\n \r\nSenior Software Engineer  - Online Banking\r\nThe Interactive Voice Response (IVR) Development team in the Open Solutions division of Fiserv is looking to add a senior level VoIP Developer/Architect to its existing team to assist in the development of a VoIP component for its next generation IVR application.\r\n \r\nThis exciting phase of development will include new VoIP functionality, removing dependency on digital and analog hardware, updated call flow design, MVVM support and updated SOA framework.\r\n \r\nCandidates will be expected to assist in the design and development stages as well as coding to ensure a high quality, scalable and innovative application. Experience as a lead developer or architect on IVR application development projects which have implemented VoIP is required.\r\n \r\nThe project utilizes the latest technologies available in developing solutions for OSI/Fiserv clients of banks and credit unions. Contract engagement is expected to last 9-12 months\r\n \r\nDuties Include:\r\n   : Provide senior-level systems design, development, programming, consultation and support for next generation IVR application using C# ,  .NET 4.0, MVC, MVVM, Entity Framework,  Microsoft SQL and other technologies.\r\n   : Conduct design and code reviews across project work\r\n   : Serve as a technical expert in the evaluation and testing of the capabilities, characteristics and requirements of existing and emerging information systems technologies\r\n   : Make recommendations as to feasibility of implementation; provide technical leadership and assistance to colleagues, users and staff.\r\n   : Design, develop and implement unit and scenario testing for existing code base and for new functionality under development.\r\n   : Participate in paired programming to work with other developers on new application code.\r\n   : Mentor team members in adopting technologies and tools that you are already familiar with, but which may be new to them.\r\n \r\nQualifications\r\n   : B.S. Computer Science\r\n   : 7+ years experience developing with .NET and C#\r\n   : Extensive experience with .NET 4.0, C# and technologies such as WCF, WPF\r\n   : Extensive experience with MVC and MVVM framework and architecting multi-layer applications\r\n   : 5-7 years Integrated Voice Response (IVR) experience\r\n   : 5-7 years integrating VoIP into IVR systems\r\n   : 5-7 years of Text-to-Speech development and integration\r\n   : 5-7 years Voice Response Units (VRU)\r\n   : Ability to quickly learn new technology and apply knowledge to solve technical and business problems\r\n   : Strong problem solving skills\r\n   : Deep knowledge of software engineering and computer science fundamentals\r\n   : Experience with SOA, Web Services and large distributed systems\r\n   : Solid experience with Agile development, in particular Scrum\r\n   : End to end experience across the entire software development lifecycle\r\n   : Track record of shipping production ready software\r\n   : Demonstrated ability to work independently with minimal supervision, as well as part of a project team in a cooperative effort', '2013-04-16 21:46:47', '2013-05-29 15:07:34', '2013-04-25 22:02:18', '', 0, 1, 0 ), ( 447, 5, 5, 5, 'Accounts', '', '2013-04-16 21:48:59', '2013-04-16 21:48:59', '2013-04-16 21:49:00', '', 0, 1, 0 ), ( 448, 5, 8, 5, 'Potentials', 'One or two resources with Oracle WMS and Oracle manufacturing for Monterrey NL or CD Juarez.', '2013-04-16 21:49:58', '2013-05-15 17:34:47', '2013-04-25 22:29:37', '', 0, 1, 0 ), ( 449, 5, 5, 5, 'ModComments', '', '2013-04-16 21:50:36', '2013-04-16 21:50:36', null, '', 0, 1, 0 ), ( 450, 5, 8, 7, 'Potentials', 'This requirement is for LNT.\r\n\r\nJob Title               : Oracle Identity Manager \r\nLocation               : Dallas, TX, United States\r\nDuration              : 6 Months\r\nRate                       : Market/Open\r\nDescription:	\r\n5+ Years Oracle IdM experience, Specifically in Oracle Identify Manager and Access Manger\r\n\r\nGood exposure  to Java  / J2EE\r\n\r\nExperience with Oracle Business R12 Integration with Oracle IdM', '2013-04-16 21:52:15', '2013-06-26 14:30:36', '2013-04-25 22:28:34', '', 0, 1, 0 ), ( 451, 5, 5, 5, 'ModComments', '', '2013-04-16 21:54:12', '2013-04-16 21:54:12', null, '', 0, 1, 0 ), ( 452, 5, 8, 5, 'Potentials', 'Project for 6 months.\r\n\r\n5+ Years Oracle IdM experience, Specifically in Oracle Identify Manager and Access Manger\r\nGood exposure to Java / J2EE\r\nExperience with Oracle Business R12 Integration with Oracle IdM', '2013-04-16 21:54:45', '2013-05-20 16:08:36', '2013-04-25 22:28:46', '', 0, 1, 0 ), ( 453, 7, 7, 7, 'Contacts', '	Visa type: L2 ead valid till oct 2014 and it is extendable\r\n	Location: Sunnyvale, CA\r\n	Expected salary : 120 k/per annum\r\n	Exp in SAP implementation: 10 + yrs\r\n	Delivery exp: not much but knows how to do it.\r\n	Sales exp: very strong\r\n	PMP certified: certified project manager\r\n	Both onshore and offshore exp since 2003\r\n	Strong in requirement analysis, document preparation and client sales\r\n	Currently jobless will join as soon as possible\r\n	Contact no: 408 637 1835', '2013-04-17 16:56:45', '2013-04-17 16:57:42', '2014-04-07 21:02:02', '', 0, 1, 0 ), ( 454, 7, 7, 7, 'Documents', '', '2013-04-17 16:57:42', '2013-04-17 16:57:42', null, '', 0, 1, 0 ), ( 455, 7, 7, 0, 'Documents Attachment', '', '2013-04-17 16:57:42', '2013-04-17 16:57:42', null, '', 0, 1, 0 ), ( 456, 5, 5, 5, 'ModComments', '', '2013-04-23 18:09:51', '2013-04-23 18:09:51', null, '', 0, 1, 0 ), ( 457, 5, 5, 5, 'ModComments', '', '2013-04-23 18:10:53', '2013-04-23 18:10:53', null, '', 0, 1, 0 ), ( 458, 5, 5, 5, 'ModComments', '', '2013-04-23 18:11:55', '2013-04-23 18:11:55', null, '', 0, 1, 0 ), ( 459, 5, 8, 5, 'Potentials', 'MahindraSatyam is building a CEO for Big Data and Ajay has asked us to fulfill some resumes to him.\n\nJD:\n\nCloudera, Hadoop or any other big data technologies.', '2013-04-23 18:18:03', '2014-02-04 16:16:35', '2013-04-25 22:30:27', '', 0, 1, 0 ), ( 460, 5, 8, 7, 'Potentials', '1.	Senior ETL Architect (Datastage)\r\n\r\n	In depth knowledge in Infosphere information server 8.5/8.7/9.1.\r\n	Understand the requirements and identify the GAPs if any\r\n	Prepare/Collect Standards, Checklist and Guideline as per Client/MSAT requirement\r\n	Prepare in Design documents as per requirements\r\n	Mentor the team in all Technical aspects\r\n	Organize right environment for the project, if needed\r\n	Prepare re-usable components\r\n	Prepare/Collect best practices across SDLC and implement the same in project\r\n	Continuous contribution towards application\r\n	Contribute new ideas/solutions to increase performance with less cost\r\n	Single point of contact for all communication from Client and Offshore and team in all technical activities and deliverables\r\n	Should have End to End working experience of an EDW project.\r\n	Should have performed architect role atleast 1 EDW projects\r\n	8+ years of experience in datastage\r\n\r\n2.	Senior Datastage Developer\r\n\r\n	Good working experience in datastage 8.7/9.1\r\n	Strong in DWH Concepts\r\n	Strong in RDBMS concepts and UNIX scripting\r\n	 Excellent analytical and communication skills\r\n	Understand the requirements and identify the GAPs, if any\r\n	Analyse and review the requirements, prepare the Design documents\r\n	Develop/ Enhance/Review the code as per design\r\n	Conduct unit testing, integration testing, performance testing and support for functional testing (UAT)\r\n	Document all the test results, defects, issues. Maintain the log.\r\n	Follow the standards and guidelines prepared for project\r\n	Sharing, flexible, initiative and creative attitude\r\n	Technical monitoring\r\n	Follows 100% compliances\r\n	4+  years of experience in Data stage\r\n\r\n\r\n\r\n\r\n\r\n\r\n3.	Datastage Developer\r\n\r\n	Good working experience in datastage 8.7/9.1\r\n	Prepare the Design documents  as per requirements\r\n	Develop/ Enhance the code as per design\r\n	2-3 years of experience in Data stage\r\n	Strong in DWH Concepts\r\n	Strong in RDBMS concepts and UNIX scripting\r\n	 Excellent analytical and communication skills', '2013-04-23 18:20:01', '2013-06-26 13:21:10', '2013-04-25 22:03:54', '', 0, 1, 0 ), ( 461, 5, 5, 5, 'ModComments', '', '2013-04-23 18:21:48', '2013-04-23 18:21:48', null, '', 0, 1, 0 ), ( 462, 5, 8, 7, 'Potentials', 'Please find below the Job Description for roles  Project Manager, Solution Architect and Business Analyst. Request you to share solid profiles for local hiring. 3 requirement, for client SAP AG  Vancouver.\r\n \r\nRate and salary range is Open\r\n \r\nProfiles:\r\n \r\nPM Role:\r\n \r\n         Manage one or more work packages within the Project\r\n         Proactively and diligently Develop the project plan, Manage the project stakeholders, the project team, the project risk, the project schedule, the project budget, the project conflicts\r\n         Align with the necessary Stakeholder within SAP IT and LoB, and assures that the defined deliverables are created and agreed - as outlined in the IT and Q-Gate process, and as aligned with the overall Project PM\r\n         Reports the project status, escalates issues and risks proactively and timely \r\n         Actively manages and tracks the Client satisfaction\r\n         Coordinates project staffing in cooperation with management\r\n         Strong quality focus and results driven \r\n         Excellent communication skills\r\n         Proven record of successful project deliveries\r\n \r\n \r\nBA Role:\r\n \r\n         Detailed design of corporate function processes (e.g. Partner Management Lifecycle processes)\r\n         Work with LoB business leads to clarify and define requirement through the Design phase\r\n         Translate requirements into IT Use Cases and Functional Specifications\r\n         Develop test scenarios for in scope requirements\r\n         Competent at following SDLC processes\r\n         Expert at process design and realization\r\n         Excellent communication skills\r\n         Strong Customer Focus\r\n         Proven record of successful large project deliveries\r\nSol Architect/Tech Lead  Role:\r\n \r\n	Excellent SAP CRM technology experience\r\n	Excellent understanding of business processes and function in SAPs solutions\r\n         Able to understand business blueprints and functional requirements to create solution specifications for complex processes.\r\n         Provide Technical specifications for functional requirements\r\n         Provide architecture and implementation guidance to Developers\r\n         Actively Drive development activities,  unit testing and code reviews\r\n         Strong quality focus and results driven \r\n         Proven record of successful large project deliveries\r\n         Knowledge of Web Services and an asset\r\n         Knowledge of Loyalty Management & MDF an asset\r\n \r\nThanks & Regards', '2013-04-23 18:23:10', '2013-06-26 13:21:50', '2013-04-25 22:29:10', '', 0, 1, 0 ), ( 463, 5, 5, 5, 'ModComments', '', '2013-04-23 18:24:07', '2013-04-23 18:24:07', null, '', 0, 1, 0 ), ( 464, 5, 8, 5, 'Potentials', 'Key Words: SAS \"Developer\" With BI Studio, Stored Processes and HTML\n\nShould have 7+ experience in below SAS technologies and  total 9+ years of experience in DW. \n         Experience in Telecom Domain is an added advantage.\n         Should have built/worked on Credit Risk Scoring model.\n         Should have experience in SAS Enterprise Guide, SAS E-Miner, SAS  BI Studio, Stored Process\n         Unix\nWeb Skills for DMF\n         Jquery and JqueryUI\n         AJAX\n         JSON\n         HTML5', '2013-04-23 18:26:38', '2013-06-03 16:09:45', '2013-04-25 22:28:09', '', 0, 1, 0 ), ( 465, 5, 8, 7, 'Potentials', '4+ years in implementation and/or support of HFM it is desirable if we have found someone with implementation experience.\r\n\r\nLocation: Cincinnati, OH.', '2013-04-25 16:34:09', '2013-06-17 10:55:14', '2013-04-25 22:02:49', '', 0, 1, 0 ), ( 466, 5, 8, 7, 'Potentials', '5+ years of experience with SAS FM for GE Aviation. Location, CINCI OH.', '2013-04-25 16:35:23', '2013-06-26 13:10:03', '2013-04-25 22:03:02', '', 0, 1, 0 ), ( 467, 5, 8, 5, 'Potentials', 'Please find below the job description for Spotfire Admin\r\n\r\n	Experience with installing Spotfire Server and Web Player\r\n	Know how to apply patches\r\n	Know how to migrate reports from one enviroment to another\r\n	Knowledge about spotfire integration with different security methods - LDAP, Kerberos, SSO etc\r\n	Should be able to add users, create groups and security model- proposing how folders would be structured for various reports\r\n	Knowledge on Scheduled Updates and Keep Alive service\r\n	Good understanding of different visualizations and their features', '2013-04-25 16:36:52', '2013-07-22 14:25:33', '2013-04-25 22:30:38', '', 0, 1, 0 ), ( 468, 5, 8, 7, 'Potentials', 'Prior to submitting a resume, please have requirement reviewed by the job-seeker; please also fill out the attached vendor candidate submission form for each profile submission.\r\n\r\nTitle: Software Engineer (Windows Driver Development)\r\nStatus: Very Urgent\r\nIndustry: Consumer Electronics\r\nLevels: Jr / Intermediate / Senior\r\nNo of positions: 8+\r\nLocations (deployment option): Santa Clara, CA; Portland, OR; Redmond, WA\r\nBuy rate: US$ Market\r\nFor developer roles:\r\nWDM (Windows Driver Model) and WDF (Windows Driver Foundation). [WDF is a set of Microsoft tools that aid in the creation of device drivers for Windows 2000 and later versions of Windows].\r\n   Prior experience debugging of Windows kernel mode is a must, as is the understanding Windows internals. \r\n	OS internal experience (any) Win 2000/XP / 7 / 8, WinNT etc.\r\n    Other skills (any) :\r\nKernel Mode Driver Framework (KMDF) \r\nStrong fundamentals in Windows 7/8 Kernel DDK', '2013-04-25 16:48:52', '2013-06-26 13:10:38', '2013-04-25 22:03:24', '', 0, 1, 0 ), ( 469, 5, 5, 5, 'ModComments', '', '2013-05-01 21:48:09', '2013-05-01 21:48:09', null, '', 0, 1, 0 ), ( 470, 16, 16, 16, 'ModComments', '', '2013-05-06 15:55:55', '2013-05-06 15:55:55', null, '', 0, 1, 0 ), ( 471, 7, 8, 5, 'Potentials', 'Job Description:\r\n\r\nAt a minimum please consider the following before selecting any resume\r\n\r\n1.	Data stage experience  need not be hands on but has to be current.\r\n2.	Cognos  need not be hands on but has to be current.\r\n3.	Project management\r\n4.	Solution / architecting experience in a lead role\r\n5.	Team managed atleast 30 to 70 people\r\n6.	Onsite offshore experience\r\n7.	PMP certified (nice to have)\r\n8.	Willingness to move to Houston', '2013-05-06 16:13:35', '2013-05-29 15:10:17', '2013-05-06 16:13:37', '', 0, 1, 0 ), ( 472, 5, 5, 5, 'ModComments', '', '2013-05-07 15:52:03', '2013-05-07 15:52:03', null, '', 0, 1, 0 ), ( 473, 5, 8, 5, 'Potentials', 'Sr Abinitio developer with Spanish speaking skill.\nAround 5 years of Abinitio experience with understanding of Metadata and Operation Console.\nShould be able to work independently based on Functional requirements.\nSpanish Speaking is a must to have.\nExperience in BRE (Business Rules Environment) and Continuous Flows is a plus but not mandate.', '2013-05-07 19:48:33', '2013-05-29 21:00:10', '2013-05-13 20:22:32', '', 0, 1, 0 ), ( 474, 16, 16, 5, 'Contacts', 'NAME: Enrique Izaguirre-Valds\r\n \r\nADDRESS: Cumbre #3223 Col. Cumbres 2do sector Monterrey, NL, 64610, Mexico                                               \r\nPHONE:Cell Phone: +52(81) 1316-0155  \r\n e-mail:  enrique.izaguirre@gmail.com  \r\n \r\nPROFILE:Very well-qualified senior software engineer and project leader with many programming and scientific skills, and a sincere passion for resolving complex problems and challenges through technical innovation. IT Professional with 20+ years of experience and probed expert hands-on ability in all phases of software development cycle. Results driven and energetic leader. Teaching experience, good science knowledge.\r\n \r\nSUMMARY:More than twenty years of experience in the electronics and Information Technology fields. Energetic and results oriented professional with  experience in project leadership, administration, logistics, project design, development and testing. Strong on kernel and drivers development, on Windows and Linux. Storage Area Network (SAN), strong on cellular telephony systems RF, GSM, WCDMA, 3GPP, technical support, manufacturing systems, administration systems, Object Oriented design, analysis and programming, C, C++, C#, Java technologies and Android.\r\nAlso, experience in all type of IT equipment, like RF systems, mobile phones, SAN equipment, measurement equipment like oscilloscopes, and other electronic meters, etc.\r\nGood knowledge of Chemistry, thermodynamics, science and programming applied to science.\r\n \r\nProgramming languages and platforms\r\nC, C++, C#, Perl, Java, Python, Visual Basic, Embedded technologies, Access, Unix,  Linux, SQL, HTML, OpenGL, all kind of assemblers, TCP/IP, UDP, UMTS, 3GPP. Experience on MAC, Cocoa, and Xcode. Experience on Apache Tomcat and network administration. Good on Mathematics, Science, data structures and algorithms knowledge. Experience on Windows and Linux drivers development. Some experience on Cloud development.\r\n \r\nEXPERIENCE SUMMARY :\r\n \r\nDATECOMPANY/POSITION\r\n \r\nNov/2010  Apr/2013Dextra Technologies  (Senior Software Engineer) Android, Modem AT commands.\r\n \r\nOct/2009  Oct/2010Sasken ( Lead Engineer )\r\nEmbedded systems, Linux drivers, Bash, Widgets, Android.\r\n \r\nJan/2008  Jun/2009Aerotek (Consultor in Ericsson, RTP, NC)\r\nCustomer Support, Embedded Software Development, cell phones.\r\n \r\nApr/2005- Dec/2007Softtek Integration Systems (Consultor in EMC in RTP, NC).\r\nOn site Project Leader, Lab administrator and drivers developer.\r\n \r\nFeb/2003  Mar/2005       CENTEC   (Delphi Packard Electric)\r\n                                         Designing a system to get the manufacturing metrics, to obtain daily reports.\r\n                                          IT Coordinator.\r\n \r\nMay/2002  Jan/2003OWN BUSINESS (Consultory)\r\nTelecommunciations consultor.\r\n \r\nFeb./1997  Abr/2002EMPRESA TECNOLOGICA ERICSSON, S.A. DE C.V.\r\n1997  2000Software Designer  working on cellular telephony.\r\n2001  2002Teleservices Systems Manager.\r\n \r\n1989  1997OWN BUSINESS (Systems development, Sales, etc.)\r\n \r\n1988 - 1989INFORMATICA Y TELECOMUNICACIONES S.A.\r\n1988  1989Sales and Technical Support Engineer.\r\n \r\n1985  1988BANPAIS S.N.C.\r\n1985  1987Service and Teleprocessing Engineer\r\n1988Electronics Laboratory Engineer.\r\n \r\nDETAILED PROFESSIONAL EXPERIENCE\r\n \r\nDEXTRA2010 - 2013\r\n Software Engineer.  Embedded systems development. Working on Linux, bash, C, C++.\r\nLinux drivers. CMake, Eclipse.\r\n Working on Modem\'s AT-commands, programming and configuring for Android\'s RIL.\r\n Working in Toronto, Canada on Android development (SIM card) and Integration on the RIL; C and C++; Eclipse.\r\n Working in Monterrey and Dallas on embedded Linux and Android on Texas Instruments devices (OMAP platform). Configuring, cross-compiling, flashing, debugging, testing, etc. Working on customer issues and web development on HTML, CSS, JavaScript (AJAX). Linux drivers on C/C++, WebGL and OpenGL, debugging using GDB.\r\n Instructor on multi-threading, complex algorithms using advanced C and C++. Helping on technical interviews.\r\n Working on an Android  Arduino communication project on C++, Java and Linux.\r\n Working on a Cloud project on Android. Using Java.\r\n \r\nSASKEN 2009  2010\r\n Lead Engineer.  Embedded systems development. Working on Linux, bash, C, C++, Java, Android, Eclipse, wireshark, Git, Virtual Box, etc.\r\n Widgets development, Linux drivers. One of the Widgets has to include an Apache Tomcat server.\r\n \r\nAEROTEK    (ERICSSON contractor, RTP, NC)2008  2009\r\n Software Developer for mobile phones, PC cards, embedded real time systems, RF, working mostly in C language and Perl; Eclipse platform. Wireshark. Tester.\r\n Working on GSM, WCDMA, EGPRS, EDGE, 2nd and 3rd generation systems. Modem\'s AT-commands, programming and configuring.\r\n Working on solving customer incidents, software development in C language, ARM processor system on chip, USB drivers, embedded software development and hardware.\r\n Working in Clearcase doing software systems integration and software package deliveries.\r\n \r\nSOFTTEK INTEGRATION SYSTEMS INC.   (EMC contractor, RTP, NC)2005  2007\r\n Project Leader of an offshore team: the team started with 7 developers, and I made it grow up to of 16 developers, working on checking bugs, developing new features, integration testing, training new team members, etc.\r\n As Project Leader I was in charge of setting up new teams, from interviewing candidates, setting up project plans, road maps, work breakdown structures, setting up metrics, status reports, and giving support to the team members.\r\n Kernel development, Drivers for Windows: NT, WDM, WDF; developed on C / C++; Eclipse platform.\r\n Training for all the EMC storage systems, SAN, layered drivers, etc.\r\n In charge of the SnapClones driver\'s software development team.\r\n In charge of the laboratory equipment on  CLARiiON Drivers: ADMSnap, SANCopy, Clones, Mirror View. The lab has more than 35 servers, and I was in charge of hardware installation, software, OSs like several versions of Linux, like RedHat, Suse, etc. Unix, like HP-UX, Solaris, etc., several versions of Windows. I was doing all the network administration, updates, troubleshooting, etc. I installed and configured VMWare with several versions of OSs.\r\n \r\nCENTEC   (Delphi Packard Electric)2003  2005\r\n In charge of design and implementation of a system to get the manufacturing metrics in the plant, using Access, Visual Basic and SQL. This system was very useful, since it has saved a lot of time and work.\r\n IT Coordinator, in charge of giving maintenance and service to all the computer and communication systems in the plant.  Installing hardware, operating systems, managing the network, including Cisco routers, blade servers, administering critical information on the network, etc. Programming and software development. RF systems, manufacturing systems. Label printers programming. Pocket PCs and scanners programming, using embedded technologies.\r\n \r\nEMPRESA TECNOLOGICA ERICSSON S.A. DE C.V.1997  2002\r\n Software Engineer and tester, team leader, and software manager. Working on cellular telephony.\r\n Development of different projects in Mexico, Canada and Australia, on C/C++ and Plex.\r\n \r\nEDUCATION\r\n1980  1985Bachelor in Electronic Systems Engineering.\r\nInstituto Tecnolgico y de Estudios Superiores de Monterrey (ITESM)\r\nLANGUAGES\r\nBilingual: English/Spanish\r\nBasic French', '2013-05-08 16:41:30', '2013-12-13 20:13:25', '2013-05-20 14:46:15', '', 0, 1, 0 ), ( 475, 16, 16, 7, 'Contacts', 'Pedro Castellanos\r\n \r\nPersonal Information\r\nAge: 40\r\nMarried\r\nBirth date: November 12, 1972\r\nResidency: Guadalajara, Jalisco, Mxico\r\nGuadalajara Jalisco\r\nPhone:  (33) 3612-6394\r\nMob. 044-33-1699-0369\r\ne-mail: ipeter.castellanos@gmail.com\r\n \r\nSummary\r\nPedro is a self-motivated employee that likes to take ownership on delivering change through innovation. Able to lead under pressure and to adapt quickly to new technological paradigms in the BI/DWH realm.\r\n18 years of overall IT experience:\r\no 3 years as Technical Project Management.\r\no 2 years as Independent BI/ETL Consultant.\r\no 10 years of Banking experience.\r\no 2+ years Support Tech Lead for Finance EDW@Intel\r\n \r\nEducation\r\nDegree\r\n1991  1995\r\n \r\nITESM Campus Estado de Mxico\r\nIndustrial and Systems Engineering\r\nMaster Degree\r\n2000  2003\r\n \r\nITESM Campus Ciudad de Mxico\r\nMaster in IT Management\r\n\r\nLanguages: Spanish (native) - Fluent English (second)\r\nExperience\r\nSr. BI/ETL Application Developer\r\n \r\n01/2011  to date\r\nGDL Site\r\n \r\n12/2011  03/2012\r\nPenang Malaysia Site\r\n \r\nINTEL  Guadalajara Jalisco\r\nOperations L3 Support Lead and ETL;/BI Developer for Global Intel Finance EDW Platform (7x24)\r\n \r\nTeradata EDW ETL Developer\r\nL3 ETL Dev/Support, Code Deb., SP optimization, DW design, Dev of new functionality, ETL Development.\r\nSAP Business Objects XI 3.x & 4.x\r\nUniverse Design / Report Development / Replat projects from Microstrategy\r\nSAP BW/NBP\r\nL3 Support & Maintenance / Process Chain Optimization & Development/ BEX Cubes-Queries / Replat Projects.\r\nAb Initio\r\nL3 Support & Maitenance / Replat. Projects\r\nProject Manager\r\n2005 - 2010\r\nBANAMEX-CITIBANK  Mxico City\r\nPM for Treasury Projects. Project Cycle from proposal to closing.\r\nTech Lead / BI Architect for Treasury BI Dashboards (DB2 -> AI Initio -> Oracle -> Business Objects WEBI -> Excelsius).\r\nFreelance IT Consultant\r\n09/2004  08/2005\r\nProject: Weakly and Daily sales indicators for The Coca Cola Export Company\r\nOracle 8i, Discoverer / Tech Lead / PL.SQL Development / Data Mart Designer and BI Development (Front End).\r\nFreelance IT Consultant\r\n09/2004 - 02/2005\r\nDACOMSA, a DESC Group Company\r\nOracle 11i ERP Support\r\nDesign and Build of a Business Intelligence System (Oracle ERP  Datastage  MS SQL AS OLAP Cubes  BI Portal over Sharepoint)\r\nIT and Logistics\r\n06/2003 - 08/2004\r\nDesign and Development of Transactional Logistics and Sales System\r\nCAORDIAN, SA de CV  A Logistic and Distribution company\r\nProject Manager\r\n05/02  11/03\r\nDESC Group www.desc.com.mx\r\n- Oracle 11i ERP Implementation\r\nCIO\r\n01/00  04/02\r\nPromoted to DESC\r\nComercializadora Moresa (a DESC Group Company)\r\n \r\n- IT Function\r\n- Datawarehouse and BI deployment (DB2, SQL AS, OLAP CUBES)\r\n- eBusiness enablement\r\n- ERP Replat\r\n- Desc IT Innovation Award.\r\nInformation Officer VP\r\n09/96  12/00\r\n \r\nGFBBVA Bancomer\r\n- Financial Information consolidation, analysis and distribution\r\n- MIS Manager\r\n- Data warehouse Designer (Hyperion)\r\nProject Manager\r\n08/95  08/96\r\nConsultora y Asesora en Sistemas\r\nATM and Cash Management Projects\r\nCourses and Training\r\nName\r\nDuration\r\nPlace/Company\r\nDates\r\nABAP Fundamentals\r\n3 hrs\r\nIntel  Element K\r\n12/2012\r\nAb Initio GDE Basics\r\n24 hrs\r\nOregon - Intel\r\n03/2011\r\nTeradata@Intel\r\n24 hrs\r\nOregon  Intel\r\n03/2011\r\nSAP BO 88/89/90 WebIntelligence 3.x Reporting\r\n40 hrs\r\nWeb seminar held in Folsom\r\n04/2011\r\nSAP BO Designer 3.1\r\n18 hrs\r\nSanta Clara, CA  Intel\r\n05/2011\r\nBW305 BW  Enterprise Reporting  Part I\r\n40 hrs\r\nGuadalajara  SAP Mxico\r\n08/2011\r\nBW310 BW  Enterprise Data Warehouse\r\n40 hrs\r\nGuadalajara  SAP Mxico\r\n08/2011\r\nEnterprise Architecture Modeling with Provision\r\n24 hrs\r\nGuadalajara, Intel\r\n09/2011\r\nBW330 BW  Modeling & Implementation\r\n40 hrs\r\nGuadalajara  SAP Mxico\r\n10/2011\r\nBW350 BW  Data Acquisition\r\n40 hrs\r\nGuadalajara  SAP Mxico\r\n10/2011\r\nBI Technical Skills\r\n\r\nDatabases / DWH\r\n- Oracle 9i (PL/SQL)\r\n- Microsoft SQL\r\n- IBM - DB2\r\n- Teradata\r\n- SAP BW 7.0 Netweaver\r\nBI\r\n- Microsoft Analysis Services\r\n- COGNOS\r\n- Microstrategy\r\n- Essbase Hyperion\r\n- SAP Business Objects\r\nERP\r\n- SSA  BPCS\r\n- SAP ECC\r\n- Oracle 11i eBusiness Suite\r\nETL\r\n- Data Stage\r\n- MS SSIS\r\n- AB Initio 3.X\r\n- Teradata EDW / Stored Procedures and Utilities\r\n\r\nProject Experience\r\nPeriod\r\nCompany\r\nProject Name\r\nProject Goal\r\nRole\r\n1995  1996\r\nBancomer hired by CAS\r\nATM network upgrade\r\nUpgrade the ATM system logic for using a kind of webservice transactions with CICS servers.\r\n- BR with client\r\n- Recluit and Build core Team (3)\r\n- PM activies\r\n \r\n1999\r\n(6 months)\r\nBancomer\r\nHyperion implementation\r\nMigrate current DWH  BI infrastructure to Hyperion\r\n- Product selector\r\n- SME and Key User\r\n- Solution Architect\r\n2001\r\n(1 year)\r\nCOMOSA\r\nERP reimplementation\r\nFix all the ERP fouls with a version upgrade. ERP: BPCS/AS400\r\n- Project Manager and Sponsor\r\n- Build in house with current IT Staff (3)\r\n2002\r\n(6 months)\r\nCOMOSA\r\n- Sales Virtual Office\r\n- Call Center CRM\r\nCreate a B2E solution: VPN + Sales BI solution + Sales Intranet\r\nCreate a CRM solution for the Call Center\r\n- Solution Architect\r\n- Project Manager and Sponsor\r\n- Build in house with current IT Staff (6)\r\n2004\r\n(12 months)\r\nDESC Group\r\nERP Implementation\r\n3 ERP merges into Oracle eBusiness Suite 11i\r\n- Project Manager in charge of AR, Orders, eBusiness, BI, Data Migration, Shipping and WH Modules (9)\r\n2005\r\n(6 months)\r\nThe Coca-Cola Co.\r\nhired by CASPSI\r\nSales Indicators\r\nBuild a BI solution based on Oracle as DB, PL/SQL as ETL and Oracle Discoverer as Front End.\r\n- Project Manager (5)\r\n- Solution Architect and Designer\r\n- Querys and processes designer\r\n- Builder in Discoverer\r\n2008\r\n(18 months)\r\nBanamex\r\nTLM Implementation\r\nImplementation of Global reconciliation System\r\n- Project Manager\r\n- IT Architect\r\n \r\n2009 to 2011\r\n(12 months)\r\nBanamex\r\nTreasury BI Solution\r\nCreate an End to End BI Solution based on AB Initio as ETL, Oracle DB as DWH and BO XI as Front End\r\n- Solution Architect and Designer\r\n- SME\r\n- Technical PM (8)\r\n- Data Migration and Test Data Builder\r\n2012\r\nIntel\r\nMCAP Report Migration\r\nMigrate Financial Reports from BOBJ 3.x and Microstrategy to BOBJ 4.0\r\n- Tech Lead and Developer\r\n\r\n \r\n\r\nMain Skills\r\n- Team Builder\r\n- Results Driven\r\n- Strong PM experience\r\n- Strong communication skills\r\n- Strong Financial profile\r\n- Business Oriented (Revenue or Cost reduction)\r\n- Project Management / Citibank certified\r\n- Tech Lead / Solutions Architect\r\n- Systems Integrator\r\n \r\n\r\nAwards and Recognitions\r\n-  \r\n- FIS Super SRA 2011 Award @ Intel\r\n- IT Innovation 2012 Award @ Intel\r\n- IT DRA 1Q 2013 (Department Recognition Award) @ Intel\r\nIng. Pedro A. Castellanos Velasco3-3ipeter.castellanos@gmail.com02/05/2013', '2013-05-09 15:46:04', '2013-06-04 22:30:56', '2013-05-09 15:49:56', '', 0, 1, 0 ), ( 476, 16, 16, 5, 'Contacts', 'JOS CORONA ALCNTARA\r\nMEXICO DF\r\nPhones: 01 (55) 2614-69-59, email: jcoroalc@gmail.com\r\nCell Phone : 044 (55) 1063-97-27, USA : 001 52 (55) 2614-69-59\r\n \r\nEDUCATION:\r\n\r\nINSTITUTO TECNOLGICO AUTNOMO DE MXICO (ITAM)\r\nMBA in Finance\r\nGraduated\r\n \r\nUNIVERSIDAD LA SALLE, A.C.\r\nCybernetic Engineering\r\nGraduated\r\n \r\nWORKING BACKGROUND (last three jobs).\r\n \r\nBANCO NACIONAL DE MXICO (BANAMEX - Citigrup)\r\nPosition: System Developer Sr.\r\nCURRENT\r\n Defining and negotiating user requirements.\r\n Change management.\r\n Designing the technical solution. ER Diagram, Graphs, interfaces.\r\n Heading and evaluate the development team.\r\n Ensuring the compliance of IT processes.\r\n Negociate contracts with providers.\r\n Managing the QA process and getting users approves.\r\n Elaborating project plans.\r\n Development skills on Java, JSP, Powerbuilder, VB6, ABINITIO, META4, ASP, ORACLE, PL/SQL, SQL+, Sql Server.\r\n Coordinating about 15 people average.\r\n \r\nELEMENTOS EN INFORMTICA Y\r\nTECNOLOGA AVANZADA\r\nPosition: Project Leader.\r\nMAY 2002 to OCT 2002\r\n Lead a WEB application development\r\n Coordinating a 15 people team\r\n Design and develope the ER BD Diagram\r\n Coding Stored Procedures y ASP pages\r\n Elaborate the manual, techinical and operational manuals.\r\n \r\nGE DDEMESIS S.A. DE C.V.\r\nPosition: Office Manager in Torreon, Coahuila.\r\nFEB 1997 to APR 2002\r\n Heading software projects for banking and metallurgy and payroll and human resources and food industry and electronic industry.\r\n Coordinating 20 people team.\r\n Analysis, Design and software development.\r\n Technical skills on VB, Powerbuilder, JAVA, HTML, PLSQL, SQL\r\n Involve on CMM3, e ISO9000 certification\r\n Elaborate economic proposals to clients.\r\n \r\nLANGUAGES\r\n \r\n Native spanish.\r\n English 90% (TOEIC 720 points).\r\n \r\nHIGHLIGHT ACCOMPLISHMENTS:\r\n \r\nBANAMEX  CITIGROUP\r\n \r\nQRM (QUANTITATIVE RISK MANAGEMENT)  A regulation Project for compliance rules with FED and financial assets portfolio management. I was in charge of 10 people, the project generates revenues for 15 millions per year..\r\n \r\nImproving the reconciliation process generating savings for 250,000 dollars per year by ABINITIO implementation. Taking a course at Boston and then leading the software development process.\r\n \r\nDDEMESIS REGIONAL OFFICE\r\nI was in charge of 20 people generating revenues per 400,000 dollars per year in 2002.\r\n \r\nCMM NIVEL 3 E ISO 9000 CERTIFICATION\r\n \r\nI was accountable for four of the projects which were involved in the audit process to get the certification.\r\n \r\nGENERAL KNOWLADGE.\r\n \r\nJAVA (J2EE)\r\nVisual Basic\r\nPOWERBUILDER\r\nC++\r\nSQL SERVER\r\nOFFICE\r\nMETA4\r\nUML\r\nSTRUTS\r\nASP\r\nSYBASE\r\nACCESS\r\nORACLE\r\nProject\r\nQRM\r\nCMM\r\nJSP\r\nASPX\r\nDATAARCHITECT\r\nC#\r\nPL/SQL\r\nERWIN\r\nAbInitio\r\nISO9000\r\nApache Tomcat\r\nIIS, COM+\r\nDataWindow\r\nUnix\r\nSQL+\r\nDiseo de base de datos\r\nTalend\r\nCasos de Uso\r\n \r\nAbInitio: GDE 3.0, Paameters, UNIX Shells, Input File, Input table, DML, Reformat, Rollup, Sort, Join Components, Gather, Output Table, Run Program.\r\n \r\nFinance Corporate: Valuation, net present value, WACC, financial reports analyst, options, bonds and stock valuation.\r\n \r\nJava: Struts, JSP, Servlets, J2EE.\r\n \r\nPowerbuilder: Datawindow, Window, Transaction object, Menu, Visual and Non Visual Objects\r\n \r\nORACLE: PL/SQL, Stored Procedures\r\n \r\nADITIONAL INFORMATION:   http://mx.linkedin.com/in/jcoroalc\r\nPgina 1 de 2\r\n \r\nCurrculum Vitae', '2013-05-09 16:04:03', '2013-05-29 21:10:10', '2013-05-20 14:49:44', '', 0, 1, 0 ), ( 477, 5, 5, 5, 'ModComments', '', '2013-05-09 20:30:28', '2013-05-09 20:30:28', null, '', 0, 1, 0 ), ( 478, 7, 7, 7, 'ModComments', '', '2013-05-13 14:56:00', '2013-05-13 14:56:00', null, '', 0, 1, 0 ), ( 479, 5, 5, 5, 'ModComments', '', '2013-05-13 17:37:38', '2013-05-13 17:37:38', null, '', 0, 1, 0 ), ( 480, 5, 5, 5, 'ModComments', '', '2013-05-13 20:19:04', '2013-05-13 20:19:04', null, '', 0, 1, 0 ), ( 481, 5, 5, 5, 'Potentials', 'LNT Is an engineering firm that is looking for an account management and business development candidate in Mexico City.\n\nJob desription:\n\n* Follow up with existing clients\n* Grow business with existing customers\n* Present proposals to clients\n\nRequirements:\n* Experience in Consumer Packaged Goods is a MUST (Bienes de Consumo)\n* Very good written and verbal english\n* Spanish as a native language with great writing skills\n* Mechanical or Chemical engineering background\n* 10 to 15 years in sales\n* Desired, knowledge of portuguese', '2013-05-14 15:39:07', '2013-06-26 14:28:26', '2013-06-26 14:28:18', '', 0, 1, 0 ), ( 482, 5, 5, 5, 'Contacts', '', '2013-05-14 16:38:37', '2013-05-14 16:38:37', '2013-05-14 16:38:39', '', 0, 1, 0 ), ( 483, 5, 8, 5, 'Potentials', 'Talend is a BI tool for ETLs', '2013-05-14 22:00:28', '2013-07-17 15:48:11', '2013-05-14 22:02:08', '', 0, 1, 0 ), ( 484, 5, 5, 5, 'Accounts', '', '2013-05-15 16:59:04', '2013-05-15 16:59:04', '2013-05-15 16:59:07', '', 0, 1, 0 ), ( 485, 5, 5, 5, 'Potentials', 'Sintesys is starting to build a Service Now practice for on-site as well as NearShore work.\r\n\r\nWe are looking for individuals with different levels of experience with ServiceNow, from 1 to 5 years of experience looking for diverse opportunities in Mexico, Canada and US.\r\n\r\nIndividuals in Mexico will have the opportunity to work remotely or from our office in Mexico City.\r\n\r\nRequirements:\r\n\r\n* Experience in ServiceNow development or Amin (min 1 year)\r\n* Excellent English Skills\r\n* Proactive and enthusiastic\r\n* Self driven. Capable of working without supervision\r\n* Who enjoys work and loves to have fun at work while being productive.\r\n\r\nWe offer:\r\n* Competitive salary in the market\r\n* Opportunity in different parts of the world\r\n* Opportunity for growth\r\n* Training and development', '2013-05-15 17:29:39', '2014-02-04 16:16:35', '2013-07-19 16:57:36', '', 0, 1, 0 ), ( 486, 5, 5, 5, 'ModComments', '', '2013-05-15 17:49:26', '2013-05-15 17:49:26', null, '', 0, 1, 0 ), ( 487, 7, 8, 5, 'Potentials', 'Functional Tester---\r\n \r\nShould have 6+ YOE in below you already submitted one resume here, need another one\r\n \r\n         Extensive knowledge on Insurance domain.\r\n         Experience in \r\n1.       Mercury automation testing tools such as QTP 9.0\r\n2.       Project management tool Quality Center \r\n3.       evaluation of Project estimations.\r\n4.       Validation of Oracle packages.\r\n5.       Various phases of Software Development Life Cycle.\r\n6.       Preparing Project Metrics ,Test Metrics and Reports for projects.\r\n7.       Preparing Design documents based on Software Functional Specifications and Business Requirement Document.\r\n8.       Functional, GUI, System, Integration and Regression testing activities.\r\n         Should be responsible for:\r\n1.       Verification and validation of applications. \r\n2.       system requirements analysis and design activities..\r\n3.       preparation and documentation of design process and procedures. \r\n4.       daily meetings with development team to resolve defects.\r\n5.       Review and analysis meetings and update the estimates.\r\n6.       workshops to manage and track the defects identified.\r\n7.       preparation of daily/weekly/monthly status reports.\r\n8.       preparation of Knowledge base documents, exit reports and best practice methods\r\n9.       preparation of test scenarios for System and functional requirements by analyzing and extracting test requirements from the project documents\r\n10.    building and maintaining Traceability Matrix to help management to track the coverage.\r\n11.    Experience in applying defect management process in terms of logging and updating defects in Quality Centre.\r\n12.    Publishing daily statistics to Test management.\r\n13.    Supporting the Technical team during various phases like Analysis & Design, Implementation and Closeout.\r\n \r\n \r\nSecurity Testing---\r\n \r\n         6+ years of total experience in the IT industry\r\n         Should have 6+ years of experience in Security Requirements review, Security Testing and Penetration testing\r\n         Should have Conducted Information Security assessments for BFSI, IT/ITES, Telecom and Manufacturing clients as Team Lead and Consultant\r\n         In depth knowledge of Application Security best practices, Security Policies, Processes, Standards, Security testing and Mitigation techniques for Web applications\r\n         Should have faced external security audit on behalf of client as part of ISO audit annual review\r\n         Should have conducted Web Application Security Awareness Training for Application Developers and Management\r\n         Knowledge in Implementation of Vulnerability Management program which includes tracking of vulnerabilities to closure, monthly / quarterly vulnerability status report \r\n         Basic Understanding of compliance and groups - PCI, OWASP, ISO, OSSTM, WASC, SOX, etc.\r\n         Excellent hands on experience in all end to end activities in security testing\r\n         Should know to conduct Web and mobile application security testing, network penetration testing, vulnerability assessment and firewall rulebase analysis for one of largest corporate bank in India\r\n         Expertise with application and vulnerability testing tools including Burp, Paros, Qualys, Nessus, Nmap, etc.\r\n         GCIH and CISA certified', '2013-05-16 20:36:57', '2013-06-03 16:23:20', null, '', 0, 1, 0 ), ( 488, 7, 7, 7, 'ModComments', '', '2013-05-16 20:38:26', '2013-05-16 20:38:26', null, '', 0, 1, 0 ), ( 489, 7, 8, 7, 'Potentials', 'Customer: British Columbia Ferries Inc.\r\n\r\n1) Siebel - Technical Lead \r\n\r\nOnsite  Victoria, BC  Canada\r\n\r\nShould be able to design Siebel solutions\r\n\r\nPrimary Skills\r\n4.     Siebel 8 Technical development experience.\r\n(Configuration, scripting, workflow, EAI)\r\n5.     Should be able to design modules on Siebel loyalty. \r\n6.     At least one Siebel Loyalty implementation experience\r\nSecondary Skills\r\nUnderstanding of Siebel UCM would be an added advantage.\r\n\r\n\r\n2) Siebel EAI - Integration Specialist \r\n\r\n4.     Technical Siebel 8 development experience in Siebel EAI\r\n5.     Knowledge of Webservices (inbound, outbound), batch interfaces, Workflows, IO/IC, Data maps etc.\r\n6.     Basic Knowledge on configuration & scripting is also required.\r\n\r\nAny other Siebel integration experience (e.g COM, MQ, JMS) is an added advantage.', '2013-05-16 20:54:18', '2013-06-26 13:16:26', null, '', 0, 1, 0 ), ( 490, 5, 16, 7, 'Contacts', 'Edgar Sanchez Aldrete\r\n\r\nSummary:\r\n\r\n	Efficient management of projects and global business vision.\r\n	Great experience directing people at international level.\r\n	Extensive knowledge of BI/Data Warehouse. Using TDWI design and analysis techniques therefore deploying successful projects with large companies that demand performance and information volume. Delivering integral solutions using: ETL, Data Mining, Data Quality, OLAP, Web, and Dash Boards Tools.\r\n	Over 8 years working with several BI tools from ETL to OLAP.\r\n\r\nCONTACT INFORMATION:\r\n\r\nAddress: Av. Gral. Mariano Escobedo 331-2, Col. Polanco. \r\n         Del. Miguel Hidalgo, Mexico, D.F. C.P. 11570.\r\nMobile: +52 (55) 1820 0745.\r\nE-mail: sanchezaldrete@yahoo.com\r\n\r\n\r\nWORK EXPERIENCE\r\n\r\nUST Global  Mexico City			              month/year month/year \r\nRole: Sr. BI Solutions Architect and Tech Lead		 02/2013  Current\r\n\r\n\r\nResponsibilities:\r\n	BI solutions/projects design and implementations at international level for different companys clients.\r\n	Re-architecture of different customers projects.\r\n	Analysis of customers needs and translating them into Data Warehouse designs and implementations. \r\n	Closely collaborate with tools and systems administrators in order to optimize and tune all the components of the processes, e.g. queries, store procedures, shell scritps, perl scripts, DataStage jobs, etc.\r\n	Design and development of ETL processes with different technologies such as SAP BW/BI, DataStage, Data Services, Informatica, etc.\r\n	Generate different OLAP reports by using SAP Business Objects. \r\n	Define and implement entire data processes across different technologies to take advantage of the distinct technologies features/benefits.\r\n	Lead a technical team on site to meet our clients expectations and needs.\r\n\r\n\r\nIntel   Guadalajara, City				month/year month/year \r\nRole: BI-ETL Architect and Developer		 05/2011  02/2013\r\n\r\n\r\nResponsibilities:\r\n	Participate in several re-architecture projects for different solutions, mainly BI.\r\n	Use Teradata as DWH-DBMS to allocate the Data Warehouse, develop ETL processes and optimize Teradata Code and tables to save some nodes.\r\n	Analysis of customers needs and translating them into Data Warehouse designs and implementations. \r\n	Closely collaborate with DBA team to optimize and tune queries, store procedures, etc.\r\n	Development of ETL processes in AB Initio and SAP BW/BI.\r\n	Generate different OLAP reports by using SAP Business Objects. \r\n	Schedule and plan loads/jobs through Autosys.\r\n	Creation of scripts to launch loads since different environments like UNIX.\r\n	Lead offshore sustaining teams to meet SLAs.\r\n\r\n\r\nfreescale semiconductor  Guadalajara, City	month/year month/year \r\nRole: Business Intelligence Developer & Sustainer 11/2007  04/2011\r\n\r\n\r\nResponsibilities:\r\n	Management of Data Acquisition processes, related to the advanced intelligent manufacturing. In a continuous search for a better yield performance.\r\n	Data Warehouse application developer and sustainer, using Unix Shell Scripts, Perl, Teradata.\r\n	Development of ETL (DataStage) processes to feed the Data Warehouse. \r\n	Continuous improvement of the ETL processes and data quality.\r\n	Query optimization/tuning. \r\n	Design and implementation of Data Warehouse solutions.\r\n	Leading and mentoring our support team in India.\r\n\r\n\r\nUNYCORP  Mexico, City			month/year month/year \r\nRole: Business Intelligence Consultant		02/2006  10/2007\r\n\r\n\r\nResponsibilities:\r\n	Trained our customers in Data Warehouse, and how to use the tools that we delivered in Mexico. Offering the necessary knowledge to take the right way to build excellence projects that answer all requirements of a specific company, in consequence to reach the maximum performance to business.\r\n	Developed or directed teams to develop Business Intelligence quality projects, covering the most important information requirements to support the process of decision making. Identifying the key primary indicators and presenting the information as the company require. \r\n	Technical support of: ETL (DataStage, Informatica and Data Integrator), Business Objects Enterprise (Complete Suite), Crystal Reports and Crystal Xcelsius.\r\n\r\n\r\nEl Palacio de Hierro  Mexico, City		month/year month/year \r\nRole:  Business Intelligence Senior Analyst	02/2005  01/2006\r\n\r\n\r\nResponsibilities:\r\n	Developed, managed and improved Data Warehouse projects, basically supporting to financial area with it Data Mart, these project obtained the project of the year award (inside of the company), delivering critical information related to the stores, the companies of the group.\r\n	Generated improvement proposal of some existing systems, and new systems to cover an opportunity area.\r\n	Managed and applied reengineering to the systems of advertisement, logistic, optical center, and perfume warehouses.  \r\n\r\n\r\nIntegral solutions .net  Mexico, City		month/year month/year \r\nRole: Owner					01/2004  02/2005				\r\n\r\n	Responsibilities:\r\n	Analyzed, designed, tested and implemented systems.\r\n	Developed administrative applications, sites and other kind of systems.\r\n	Sold computers, devices, printers, etc.\r\n	Managed web sites with hosting.\r\n	Maintaining.\r\n	Coordinated system installations with Swatch Stores in Mexico.\r\n	Directed a developer team.\r\n\r\n\r\nADVTECH  Mexico, City  			month/year month/year \r\nRole:  System Manager				07/1999  01/2004\r\n\r\n\r\n	Responsibilities:\r\n	Managed and evaluated hardware and software projects.\r\n	Developed applications using clipper, visual Fox Pro, Visual Basic.\r\n	Managed the company net and computing resources.\r\n	Trained users in our developments.\r\n	Migrated systems.\r\n	Supervised and measured the teams productivity.\r\n	Assured projects quality.\r\n\r\n\r\n\r\n\r\n\r\nEDUCATION \r\n\r\nCareer: Computing Science 			UPIICSA -IPN 			2002\r\n\r\nProfessional Training and Certifications:\r\n\r\nCertification/Training				Institution			Year\r\nBusiness Objects WebIntelligence			UNYCORP			2006\r\nBusiness Objects Universe Design			UNYCORP			2006\r\nBusiness Objects Data Integrator			UNYCORP			2006\r\nBalance Scorecards and Dash boards		UNYCORP			2006\r\nDataStage 7.5.2					UNYCORP			2006\r\nDataStage Advanced				UNYCORP			2006\r\nData Warehouse Methodology			UNYCORP			2006\r\nIBM WebSphere IIS DataStage (EE v8)		IBM Chicago, USA		2007\r\nPerl	 					Stonehenge Portland, USA	2008	\r\nPM and Agile					 Freescale PM Office		2009	\r\nLean Fundamentals				Freescale Lean Office		2010	\r\nTeradata Advance (v12&13)			Coffing Data Warehousing		2010\r\n\r\n\r\n\r\nClassif.	Skill 		Years			Self Rating 		Last Used\r\nof Experience		on a scale of 1-5	Month /Year\r\n\r\nPGL                    ASP			8 			5			06/2008\r\nPGL                    ASPX			1 			4			02/2007\r\nPGL                    PHP			2			5			12/2006\r\nPGL                    HTML			8			5			06/2008\r\nPGL                   Java Script	8			5			07/2008\r\nPGL                   Visual Basic	4			5			01/2006\r\nPGL                   Visual Delphi	3			5			02/2005\r\nPGL                   Visual Fox Pro	9			5			05/2009\r\nPGL                   C			2			3			09/2007\r\nPGL                   Korn Shell              8                                        4                                         Current\r\nPGL                   Perl                        5                                         4                                        Current\r\nDB                     Oracle			6			4			Current\r\nDB                     Red Brick		2			5			02/2007\r\nDB                     SQL			9			5			11/2010\r\nDB                     Teradata			5			5			Current\r\nDB                     DB2			1			4			10/2007\r\nDB                     Informix			2			5			09/2007\r\nDB                     Access			7			5			07/2008\r\nOS                     Windows all          11			5			08/2008\r\nOS                     UNIX			8			4			Current\r\nOS                     AIX			2			3			09/2007\r\nOS                     Linux			8			4			Current	\r\nOS                     MacOS			1			2			01/2005\r\n                          DataStage              8			5			Current\r\n                          Informatica             1			3			09/2007\r\n                          Data Integrator       6			5			11/2010		\r\n                          Business Objects   8			5			Current\r\n                          Crystal Reports      4			5			12/2008\r\n                          Crystal Xcelsius     3			4			09/2007\r\n\r\n\r\n\r\n\r\nMAIN ACHIEVEMENTS/AWARDS \r\n\r\n	Costumers ISO Certification: The ERP I developed with ADVTECH helped Customer Company achieved an ISO certification.\r\n	Reliable Data Source: The Financial Data Mart I created was acknowledged as one of the most reliable data sources of Palacio de Hierro.\r\n	Right First Time: The Data Warehouse project I developed for Schering Plough received the right first time award for giving visibility to all the processes in that company and help them find opportunity areas. Since the first time we released it.\r\n	Financial Data Mart for meeting Basel Agreements: I participated in the development of financial Data Mart for Scotiabank Mexico to be able to accomplish Basel Agreements.\r\n	tdwi best practices award 2009: The Data Warehouse (called Diamond) where Ive been actively contributing has been acknowledged as the project that has been implemented with the best practices of Data Warehouse according to the data warehousing institute. \r\n	Super SRA at Intel: Recognition given to me due to a standardized analysis procedure I develop to identify all Down Stream Applications Impacted by any change to any project and even better, this allows us to exactly point out where to change the DSAs to be in sync and avoid data losses. This procedure has been adopted by the IT areas of the company at International level. \r\n	Saved 5 Teradata Nodes (over 15 mi USD): as a result of an optimization project that covered several ETL processes of the EDW.\r\n	Found out and solved a depreciation issue (World wide): that saved millions due to the depreciation was ending before the real date.\r\n	Re-architecture of several Subject Areas (Processes): that reduced the sustaining/maintenance tasks up to 90% and simplified the processes.', '2013-05-17 01:35:51', '2013-07-03 14:07:08', '2013-07-02 13:44:41', '', 0, 1, 0 ), ( 491, 5, 5, 5, 'Documents', '', '2013-05-17 01:36:25', '2013-05-17 01:36:25', null, '', 0, 1, 0 ), ( 492, 5, 5, 0, 'Documents Attachment', '', '2013-05-17 01:36:25', '2013-05-17 01:36:25', null, '', 0, 1, 0 ), ( 493, 5, 5, 7, 'Contacts', 'Francisco Emilio Becerril Lopez\r\nEmail: pacobull@hotmail.com Mobile: +52 (444) 3059596\r\nSkype: francisco.becerril.lopez Home: +52 (444) 2543655\r\nCOMPUTER SYSTEM DEGREE\r\n 13+ years of progressive Computer operations experience in Sites with mixed computing environment including Windows, Oracle, UNIX, SQL and Siebel Servers.\r\n 3 years providing Latin America region support to HP Applications for end users (portal webs and sales tools)\r\n 10 years providing Global Support (in regions like EMEA, AP and AMS) to different assets\r\n 10+ years as Siebel Expert ,using modules like PRM, CRM, MRM , Loyalty (configuration, development, implementation, integration, monitoring, support)\r\n Excellent communication and diagnostic skills consistently solve problems and rarely escalate issues.\r\n ITIL process improved including process, documentation and metrics (Incident, Problem and Change Management)\r\n Basic knowledge in Six Sigma (Basic concepts  certification in progress)\r\n PMP Certification (in progress)\r\n Sales Force Certification (In-progress)\r\nPROFESSIONAL EXPERIENCE\r\nSiebel Senior Consultant May 2012  until today\r\nCapgemini - Cap\r\nSiebel CRM  Financial Services assigned in Dominican Republic\r\nRoles and Activities:\r\n Support the entire Production environment for internal and external users.\r\n Install and manage Siebel servers and its components.\r\n Setup, upgrade, patch and support Siebel v8 in all environments.\r\n Deploy SRF and Repositories between environments.\r\n Analyze Siebel Tools configurations.\r\n Finding and resolving queries concerning Siebel architecture.\r\n Migration of management application between environments.\r\n Track, help and enhance use of procedures and processes applicable to the management of Siebel environments.\r\n Collaborating with appropriate resources for maintaining environments and resolving problems including knowledge base creation.\r\n Planned and maintained the IT architecture standards for CRM/Siebel.\r\n Worked with external and internal vendor and customer management to maintain technology standards and to define system design requirements\r\n Siebel EIM and EAI to load data, execute batch jobs, clean up tables, integration with other applications, Web Services and Middleware\r\n RCA for complex issues\r\n Call Center module implementation and development including testing and support.\r\n OBIEE Administrator (configuration, admin, security)\r\n Define SLA for external and internal users.\r\n ITIL bases for Incident, Problem and Change Management.\r\n Integration with different channels like MQ, COM, JMS, etc\r\nAG CRM Siebel Problem Mgmt Lead August 2011  May 2012\r\nInternational Business Machines - IBM\r\nBT/CIO  Innovation and Development\r\nRoles and Activities:\r\n Maintain the AG CRM Production and Test Problem list, keeping it current with newly encountered issues, and latest status.\r\n Monitor CRMINFO job results for any new failures, and document them in the production and test problem list wiki.\r\n Conduct the weekly problem review meeting, documenting meeting minutes and status.\r\n Track identified follow-up items from weekly problem review meeting, assigning tasks, and ensuring the follow-up items are closed in a timely manner.\r\n Work with support teams as necessary to close problems or follow-up items.\r\n Track that problems are being closed according to the IBM Problem Mgmt guideline documentation.\r\n Create RCAs, as necessary, according to the IBM problem mgmt guidelines.\r\n Review RCAs results with Application Focal Point and Business Representatives.\r\n Track RCA action items for closure.\r\n Track the failed changes in the AG CRM Change database, and ensure the completeness of data in the Failed Changes view.\r\n Maintain the monthly AG CRM Siebel problem and failed changes count spreadsheets.\r\n Explore possibilities for improvements for automation in the problem mgmt tracking area.\r\n Document the problem mgmt tracking process.\r\n Perform Account team focal duties for the weeks assigned\r\n Verifying and Monitoring CRMINFO job results\r\n Taking lead responsibility for any issues or problems that arise\r\n Off shift on call support to any issues or problems that arise\r\n Involve in Sales Force Implementation (Analysis & Design)\r\n Sunset to Siebel applications and migration to Sales Force modules\r\nWW Siebel Specialist May 2010  July 2011\r\nHoneywell International\r\nHRS Human Resource Services  Global Support\r\nRoles and Activities:\r\n Provide ongoing business management to deliver continuous improvement strategies in the Siebel environment. End to end business ownership of the HRS Siebel environment.\r\n Ability to manage multiple projects simultaneously and develop strong working partnerships with the HRIT and HRS Leadership\r\n Ability to understand and deliver customer and stakeholder requirements\r\n Obsessive attention to detail and will ensure best-practice design, deployment, maintenance and optimization of the Siebel assets that are critical to our business\r\n Lead the design and blueprint activity for new deployments (Funding, scoping, BRD creation, deployment etc) and Project/Program management for all new service design\r\n Ensure additions to the systems and applications within the Siebel environment meet the requirements of the business request/process.\r\n Plan and budget for AOP growth and maintenance needs\r\n Tier 3 support and serve as the point of escalation for services implemented\r\n Manage the knowledge database\r\nSupport & Design Engineer / WW Support Leader January 2007  April 2010\r\nHewlett Packard - HP\r\nGlobal Support Operations - Tier 3 & 4/SDM in Siebel PRM/CRM/MRM Applications.\r\nRoles and Activities:\r\n Assist the requirements of the users offering the pursuit and solution to the problems of the Applications Web, like de Internal Portal Conecta@HP or Partner PRO Portal\r\n Help to user from LAR region and US & Canada\r\n Activities like Technical Lead under PRM Sub domain (PRM, Partner PRO, Conecta@HP, Global Partner Portal)\r\n Activities like Technical Lead under the PIQ Sub domain (Compensations & Revenue Applications)\r\n Member of the Transition process from India and Mexico DF to Guadalajara for Global applications.\r\nAchievements:\r\nDevelopment interfaces between Siebel platform and WEB portals (use vignette = portlets)\r\nSiebel Systems Upgrade 8.0 and Migration process from Legacy to DCC Environments\r\nSiebel Systems Development, Design and Implementation use of Siebel Client, Siebel Tools, Siebel Analytics, Workflows and EIM.\r\nSiebel Systems Scripts Migration (batch process) to New Scheduler Environment\r\nSiebel Scripting in low level to performance some Siebel activities using Siebel Tools (smart scripting)\r\nImprove ITIL process under Siebel platform for HP.\r\nDeployment batch process for Siebel applications and Business Objects applications (Siebel Analytics interfaces)\r\nManage Siebel Analytics and blue printing.\r\nSiebel Loyalty implementation focused in Programs, Partners and Promotions related with Partner Portal and Enterprise Marketing.\r\nResponsible for all the integrations (EIA and EIMA) between Siebel and other systems using different communications channels like MQ, TELCO and EDI\r\nSupport Engineer September 2006  January 2007\r\nSofftek | Consulting Company offering services to Hewlett-Packard Company\r\nRoles and Activities:\r\n Production processing, Scripts Monitoring, Troubleshoot of production failures and perform job recovery. Weekly Meetings with Project Managers, Developments, Business and Tier 1 & 2. Resolution of problems transferred from Tier 1 & 2 and Communication with Customers.\r\n Track and analyze call resolution (may involve trend analysis and identifying potential process improvements.) Mentor Tier 1 & 2, Provided Technical documentation and Provide Trainings for new team members.\r\n Testing Activities on Staging and Integration Environments before all Moves to Production (MTPs).\r\n Release of patches, updates and upgrades on Production Environment.\r\n Escalation Management activities inside and outside HP Organization Teams as Oracle, Windows, UNIX.\r\n Utilization of OVSD and HPSC on a daily basis for incident Management, Work Orders, Request for Changes Process.\r\n Generation of Monthly Metrics to the REGSLNK using OVO, Oracle and BAC Monitoring Software.\r\nSupport Engineer March 2006  September 2006\r\nBrainUp Systems | Consulting Company offering services to Hewlett-Packard Company\r\nRoles and Activities:\r\n Implementation of Siebel 7.7 for Latin America users\r\n Migration of the web portal Conecta@HP to Partner Pro Portal for all Americas Users\r\n Worked with Indian Team to improve new releases under Siebel Platform\r\n Migration of the new call center to Costa Rica (design, training and implementation).\r\n Responsible for the Siebel support in HP Americas for new releases and improvements\r\n Authored Service Level Agreement for internal customers for Siebel access administration.\r\n Diagnosed and resolved Siebel software connectivity issues.\r\n Provided Deep Level support after hours support for Help Desk.\r\nIT Support December 2000  March 2006\r\nGMS | Consulting Company offering services to Hewlett-Packard Company\r\nRoles and Activities:\r\nReceived by email and phone all request from the LAR users.\r\nProvided first and second level support to Conecta@HP Portal (Portal web for all Latin America users)\r\nProblem-solved issues with PC clients and Server hardware/software.\r\nPROFESSIONAL TRAINING\r\nUAEM 1995  2000\r\nComputers System Degree\r\nUAEM 1998\r\nSecurity, Networking and Telecommunications\r\nUAEM 1999\r\nUnix Basics and Advanced (HPUX/9000)\r\nUNAM 2000\r\nWeb Tools (HTML, ASP, JSP, Java Beans)\r\nUNAM 2002\r\nDatabase under Scope (Development, design and implementation)\r\nHP Educational Labs - Cupertino California 2003\r\nOracle Basics 8\r\nHP Educational Labs - Cupertino California 2003\r\nSiebel Basics 7.5/ Release 7.7\r\nHP Internal 2004\r\nITIL Elementary.\r\nHP Internal 2006\r\nSupply Chain Basics and Configurations\r\nOracle Corporation  Atlanta Georgia and Denver Colorado 2007\r\nSiebel Essentials and Siebel New Features 8.0 (certification courses)\r\nHP Internal 2008\r\nITIL Certification\r\nSiebel Update Releases 8.1\r\nHP Internal 2009\r\nTECHNOLOGIES\r\nORACLE SQL WEBLOGIC TIDAL HPUX/9000 SITESCOPE INFORMIX LINUX SAP R3 Basics SAP BW Basics TCP/IP Win2000/2003 Siebel 7.5/7.7/8.0 Basics and Complex Mercury Quality Center Essbase Cognos\r\nBusiness Objects Informatica TOAD OVSD BLT Remedy Broad vision Vignette (Web Design)\r\nLANGUAGUES\r\nEnglish Spanish\r\nCAMBRIDGE CULTURAL CENTER & BERLITZ\r\nAdvanced Communication\r\nREFEERENCES\r\nRafael Villa Flores rafael.villa@hp.com\r\nJudith Kaplan judith.kaplan@hp.com\r\nEdward Cabeza edward.cabeza@hp.com\r\nTodd Owens Todd.Owens2@Honeywell.com\r\nSally Parato Sally.Parato@Honeywell.com\r\nAnne Cameron anne.cameron@ibm.com\r\nGeorge Hardison george.hardison@ibm.com', '2013-05-20 14:53:31', '2013-07-18 13:55:32', '2013-06-03 16:27:36', '', 0, 1, 0 ), ( 494, 5, 5, 5, 'ModComments', '', '2013-05-20 15:01:33', '2013-05-20 15:01:33', null, '', 0, 1, 0 ), ( 495, 5, 5, 5, 'Contacts', 'Eduardo Garca Ulloa\r\n	Address: Rinconada del Olmo #2596, Col. Jardines del Valle, Zip Code 45138, Zapopan, Jalisco, Mexico\r\n	Phone: 1813-3697, Cel Phone: 044 33 1600-0928\r\n\r\nlalogarull@yahoo.com.mx\r\n\r\n	PROFILE:\r\n	10 years of experience in all phases of management and Development of RDBMS (Teradata) and ETL processes with tools as BTEQs, Fastloads, Multiloads, Stored Procedures & Shells, using Genio as ETL tool for to automate of processes and Erwin for create Data and Logic Models as an Operator, DBA and Dataware House Consultant.\r\n	9 Years working with BI tools as Hi-Perion, Microstrategy and OBI (Oracle Bussiness Intelligent) generating views, tables or information cubes for create reports and dashboards.\r\n\r\n	PROFESSIONAL EXPERIENCE:\r\nIntel  Finance area	Tlaquepaque, Jalisco, Mexico	BI Application Developer	From: 02/11	To: 01/13\r\n	Support for all the Finance areas in Intel\r\n	Modification of Stored Procedures in Teradata 13.0\r\n	Processes Modification in AB Initio as ETL Tool\r\n	Execution and fixes in Microstrategy Reports & Business Objects\r\n	Support & development in application MCAP in SQL Server\r\n	Extraction of information from SAP to Teradata\r\n	Creation of Macros in Excel\r\nFunctional Experience:	Level 3 Support for Finance Areas, Development in SQL Server & Teradata, Analysis of processes and chains executions\r\nTools:	SAP, Unix, Teradata, SQL, Microstrategy, SQL Server, iXP, BOBJ, Remedy, PLIT, VB Macros\r\n\r\nEveris  BBVA Bancomer	Mexico City, Mexico	OPE Senior Consultant	From: 12/10	To: 01/11\r\n	Microstrategy 9.02 installation server\r\n	Physical & Logical Data Model of Audit Datamart for BBVA Bancomer\r\nFunctional Experience:	Project Management, Data modeling and development\r\nTools:	Erwin, Unix, Teradata, SQL, Microstrategy\r\n\r\nTechnolab  Bimbo	Mexico City, Mexico	Solution Consultant	From: 03/10	To: 03/10\r\n	Modification of Script Payroll\r\n	Modification of the processes in Genio ETL Tool\r\nFunctional Experience:	Analisis of the tables\r\nTools:	Unix, Teradata, Genio, SQL\r\n\r\nTechnolab  Televisa	Mexico City, Mexico	Solution Consultant	From: 01/10	To: 02/10\r\n	Mapping of the ETL Productors Dashboards of Televisa\r\n	Creation of the processes in Oracle Warehouse Builder ETL Tool\r\n	Creation of the Stored Procedures for the load of the tables of the ETL\r\nFunctional Experience:	Creation of ETL in Oracle\r\nTools:	Unix, Oracle Warehouse Builder, Oracle Developer, OBIEE\r\n\r\nTechnolab  Bimbo	Mexico City, Mexico	Solution Consultant	From: 12/09	To: 01/10\r\n	Mapping of the ETL Personal Indicators of Bimbo\r\n	Creation of the processes in Genio ETL Tool\r\n	Creation of the bteq\'s for the load of the tables of the ETL\r\nFunctional Experience:	Definition and creation of temporal tables\r\nTools:	Unix, Teradata, Genio, ESS Base, OBIEE\r\n\r\nVangent  IMSS	Mexico City, Mexico	SQL Developer	From: 10/09	To: 11/09\r\n	Creation of Stored Procedure in ORACLE PL\r\n	Use of Oracle Application Express\r\n	Use of SQL Developer and Unix\r\n	Creation of the reporter called System of Analytical Reports\r\n	Creation of Manual of the System of Analytical Reports for final users\r\nFunctional Experience:	Creation of the System of Analytical Reports in application Oracle Express Aplication for Costumer IMSS\r\nTools:	Oracle 10g, SQL Developer, Oracle Application Express, Unix\r\n\r\nTeradata  Bimbo	Mexico City, Mexico	Dataware House Consultant	From: 07/09 	To: 09/09\r\n	Creation of the MAXIMO and FLOTA ETL for ASIA Region.\r\n	Creation of the SIA ETL for ASIA Region.\r\n	Mapping of the Personal Subject Area for Venezuela.\r\n	Generation of cube of information COSTO DE SERVIR for Chile. Integration a team of 3 Dataware House Consultants\r\nFunctional Experience:	Extraction of information to server Oracle 10g and server Sybase, creation of fastloads, bteqs and views, use of tool Erwin for mapping, use of tool Genio for automate processes and work with the BI team to generate reports with Oracle OBI.\r\nTools:	Oracle 10g, Teradata, Sybase, Unix, Windows 2000/NT, Erwin, Genio, Oracle OBI, MS Word.\r\n\r\nTeradata  Porto Seguro	Mexico City, Mexico	Dataware House Consultant	From: 10/07	To: 10/07\r\n	Creation of Fastloads for load information to the Staging Area of the Dataware House of the insuring Company Porto Seguro of Brazil. Integrating a team of 2 Dataware House Consultants\r\nFunctional Experience:	Definition of temporal tables\r\nTools:	Unix, Teradata\r\n\r\nTeradata  Aeromexico	Mexico City, Mexico	DBA	From: 04/04	To: 06/09\r\n	Creation of the ETL of Aeromexico.\r\n	Creation of definition of tables, views and macros.\r\n	Operation of the processes of ETL.\r\n	Creation of users and administration of the Data Base.\r\n	Creation of the Larousse ETL.\r\n	Creation of the SEGMENT FLIGHTS ETL \r\n	Modeling and mapping of ETL.\r\n	Generation of reports with Excel Macros and Oracle OBI. Coordinated a team of 2 Dataware House Consultants\r\nFunctional Experience:		Load of information into Teradata tables of Aeromexico, creation of fastloads, bteqs, multiloads, awks and shells, use of tool Erwin for mapping, use of Unix Shells and cronetabs for automate processes and work with the BI team to generate reports with Oracle OBI.\r\nTools:	Teradata, Unix, Oracle OBI, MS Excel, MS Word, Erwin\r\n\r\nTeradata  Bimbo	Mexico City, Mexico	Dataware House Operator	From: 07/03	To: 07/05\r\n	Monitoring of ETL processes.\r\n	Operation of the processes of ETL.\r\n	Creation of users and administration of the Data Base.\r\n	Execution of processes with ETL Genio tool.\r\n	Generation of cube of information PRODUCTO for Mexico.\r\n	Analysis of the data base for regions OLA, BRASIL and CENTROAMERICA.\r\n	Generation of manual user for Operation.\r\n	Mapping of ETL for regions OLA, BRASIL and CENTROAMERICA.\r\n	Creation of users and administration of the Data Base.\r\nFunctional Experience:	Extraction of information to server Oracle 9g and server Sybase, creation of fastloads, bteqs and views, use of tool Erwin for mapping, use of tool Genio for automate processes and work with the BI team to generate reports with Hi-Perion, use of monitor tools of Teradata, filling of execution binnacles.\r\nTools:	Oracle 9g, Teradata, Sybase, Unix, Windows 2000/NT, Erwin, Genio, Hi-Perion, MS Word.\r\n\r\n	EDUCATION:\r\nEscuela Superior de Ingeniera Mecnica y Elctrica ESIME Culhuacn	Mexico City, Mexico	1996- 2002\r\nTitle of Computer Engineer		\r\n\r\n	PROFESIONAL DEVELOPMENT:\r\nBW350  SAP	Intel, Mexico	Oct 2011\r\nBW330  SAP	Intel, Mexico	Oct 2011\r\nBW310  SAP	Intel, Mexico	Aug 2011\r\nBW305  SAP	Intel, Mexico	Aug 2011\r\nAB Initio - Graphical Development Environment	Intel, Hillsboro, USA	Mar 2011\r\nTeradata SQL Specialist WBT V2R6  Certification	Teradata, Mexico	Oct 2008\r\nTeradata Basics WBT V2R6  Certification	Teradata, Mexico 	Jul 2008\r\nOracle BI Suite 10g R3: Build Repositories	IHR Sibils, Mexico	Jun 2008\r\nOracle BI Suite 10g R3: Create Reports and Dashboards	IHR Sibils, Mexico	Jun 2008\r\nOracle BI Suite 10g R3: Analytics Overview	IHR Sibils, Mexico	Jun 2008\r\nTeradata Basics WBT V2R5	NCR, Mexico	Dec 2006\r\nTeradata SQL Advance WBT	NCR, Mexico	Nov 2006\r\nTeradata SQL Introduction WBT	NCR, Mexico	Oct 2006\r\nIntroduction to Oracle 9g: SQL	NCR, Mexico	Aug 2005\r\n		\r\n		\r\n\r\n	LANGUAGES:\r\nSpanish native, English 85%\r\n\r\n	TECHNICAL/MANAGERIAL SKILLS:\r\nPrimary Profile:	Consultant and Analyst in Databases and RDBMS like TERADATA, ORACLE, SYBASE and SQL.\r\nSecondary Profile:	Solutions, Support and creation of requirements to costumers\r\nHardware:	Windows 7 and older versions, Unix, and Linux\r\nOperating Systems:	Windows 7 and older versions, Unix, and Linux\r\nProgramming Languages:	SQL (10 years), Excel Macros Visual Basic (7 years), C, HTML, Oracle\r\nDatabases:	Oracle, Sybase, Teradata, SQL\r\nApp. Servers:	Hi-Perion, Oracle OBIEE, ESS Base, Microstrategy, Business Objects\r\nOther:	Teradata Performance Monitor, Teratada WinDDi, Teradata SQL Assitant, SQL+, SQL Advantage, Genio Designer and Genio Scheduler of Hummingbird, Oracle Warehouse Builder, UltraEdit, Core FTP, Cygwin, SQL Developer, Oracle Application Express, AB Initio, iX Pro, SAP', '2013-05-20 15:02:57', '2013-05-29 21:10:09', '2013-05-20 15:03:35', '', 0, 1, 0 ), ( 496, 5, 5, 5, 'ModComments', '', '2013-05-20 15:03:18', '2013-05-20 15:03:18', null, '', 0, 1, 0 ), ( 497, 16, 16, 5, 'Contacts', 'FRANCISCO  GARCIA  GONZALEZ \r\nBosques de Chapultepec 201 \r\nGarza Garca, N. L.   66250,  Mxico \r\n \r\n fgarciag53@gmail.com      Tel.:  +52 (81)  8378-1617. \r\n \r\n \r\n \r\n \r\n \r\nSummary \r\n \r\nOver 25 years of experience.   \r\nCurrently working as Independent Business Consultant, mainly involved in business development tasks. \r\n \r\nLast employee position as Managing Director of a polymer manufacturing business.  \r\nDiverse  background:  Process  and  production,    Sales  engineer  -  Technology,  Expansion  and \r\nrationalization  projects,  Mergers  and  acquisitions,  Finance,  Planning  and  development,  Technology \r\ncontracts  and  administration,  Grass-roots  projects,  Product management,  Technical  service,  Product \r\ndevelopment, Marketing and sales in domestic and international markets.  \r\n \r\nQualified Business Operator - Manager.  Achiever of shareholders goals and directives.  \r\nExperience with segmented board of directors and tri-national integration of shareholders. \r\nSuccessful  management  of  the  following  areas:  Operations    Production-  Manufacture,  Sales  and \r\nmarketing, Finance, Projects, Plants and buss. unit start-up, Market seeding and promotion, Technical \r\nand technology, Accounting, tax, legal, government, environmental, safety and labor & personnel. Cost, \r\npersonnel and expenses  reduction; Assets  rationalization, Divestment and disposal of assets; Sale or \r\nforeclosing of facilities. \r\n \r\n \r\n \r\n \r\n \r\nEducation \r\n  Master of Engineering, Chemical Engineering.       Jun 1975- May 1976 \r\n  Honors: Marshall of the Graduate Division. \r\n \r\nINSTITUTO TECNOLGICO Y DE ESTUDIOS SUPERIORES DE MONTERREY (ITESM) \r\n  Chemical and Administration Engineering.             July 1970  May 1975 \r\n \r\n \r\n \r\n \r\nProfessional Updates \r\nAlong 25 years, Diverse courses and seminars, such as:   Business Management; Business Strategy; \r\nPlanning;   Finance; Mergers & Acquisitions;   Investment Projects; Hedging;   Venture Analysis;   Risk \r\nAnalysis;   Management Skills; Management Styles;   Leadership & Motivation;   Negotiations, \r\nInterpersonal Relationships;   Costs and Operations Controls;   Product Development; Sales & \r\nMarketing;   Sensibilization; etc.\r\n\r\nProfessional Record \r\n \r\n \r\n2002- Date      INDEPENDENT  BUSINESS  CONSULTANT            \r\nMonterrey, N. L., Mexico       Jul. 2002  Date \r\n \r\n-  Colombin Bel              Jul.  Dec 2002. \r\n-  Mat. Primas Wilton     Dec. 2002  May 2003. \r\n-  Ayamsa  Polioles      Feb  Apr 2003. \r\n-  Cartolito       Oct. 2003   Nov. 2007 \r\n-  Login Corporation       Mar 2004 - Date \r\n-  Carmex                  Aug 2006 - Date \r\n \r\n \r\n \r\n \r\n1999- 2002   MANAGING DIRECTOR.          COLOMBIN BEL, S.A. DE C. V.        \r\n Jul. 1999  Jun. 2002       Alpek Group, Alfa.   Monterrey, N. L., Mxico  \r\n               \r\nAlpek Group, the Petrochemical Businesses Grouping of Alfa. \r\n \r\nPolyurethane Flexible Foam  is  a  key  component  of mattresses,  furniture  and general  cushioning.  \r\nOperation facilities: Two plants (Tlalnepantla and Monterrey) with the same processes of pouring by \r\nchemical reaction. Annual revenues: 45  to 50 million USD. Volume of 14,000 mTon. with no direct \r\nexports.  Main  customers:  50,  of  a  monthly  active  base  of  300  accounts;  Domestic  total:  500 \r\naccounts. Total personnel: 650 in 99; 370 by 2002. \r\n \r\nMain Accomplishments and Responsibilities: \r\n  Designed and executed  the stand alone administrative  infrastructure of  the company, after de-\r\nmerging  from Selther-Simmons,  -mattress manufacturing business- with no negative effect on \r\nrevenues and sales volume. Finished nine months after taking over, Colombin Bel had again its \r\nown  administrative  process  as  an  independent  business  unit.  (Invoicing, Sales, Shipping  and \r\nDelivery, Collections, Procurement and Logistics, Payments, Cash  flow management, Finance, \r\nPayroll,  Management  Information  Systems,  Budgeting,  Cost  Controls,  Labor  Unions  and \r\nPersonnel,  etc.)  .  Colombin  Bel  was  bought  in  1994  and  merged  immediately  with  Selther-\r\nSimmons. \r\n  Finished the certification of the Monterrey Plant under the QS-9000 system. \r\n  Re-definition  of  the  overall  organization  structure  and  placed  the  three  executive  positions \r\nreporting  to  the  managing  director:  Sales  and  Marketing;  Operations;  and  Administration  & \r\nFinance and Human Resources. The new organization and the implementation of change in the \r\ninternal culture began during the seventh month. \r\n  During  the  first  nine  months:  Round-up  product  lines  and  production  facilities  by  relocation \r\nand/or  acquisition  of  equipment.  This  project  increased  production  capacity  by  5%  and  was \r\ntranslated  into 4% higher sales  revenues, mostly coming  from high  rotation and high margins \r\nproducts. \r\n  Before  one  year,  implemented  the monthly,  quarterly,  semi-annual  and  annual  reporting,  incl. \r\nbudgeting,  forecasting,  marketing  and  planning  based  on  real  and  downstream  data.  The \r\nsystem was used for internal control, corporate reporting and board meetings. \r\n  Also, during the first year, a reduction of 7% in the main  raw material price was achieved and \r\ntwo additional suppliers incorporated by re-structuring the existing contracts. Thereafter, the \r\nmain raw materials where constantly aligned in regard to availability, quality and pricing. \r\n  Design and  Implementation of computer process control and process sequence controls which \r\nyielded  the  first year a 3.5% savings  in  the variable cost. The design and  implementation  took \r\none year and  included measurement and control of streams which previously where made by \r\nhand by the master foamer.\r\n\r\n\r\n Conducted  the manufacturing and market positioning of 3 new product  lines who gave  the  first \r\nyear  a  sales  revenue  increase  of  4%. One  of  the  product  lines made  the  company  the  first \r\ndomestic  producer  and  offering  imports  substitution;  the  second,  as  the  only  supplier  of  self \r\nadhesive modular and performance products and the third one, as the lowest cost producer of \r\nthe lowest priced commodity foam to counter-balance products substituting and displacing it. \r\n  The first fiscal year, Jan-Dec 2000, the company obtained the historic record of revenues, sales \r\nvolume and EBITDA. \r\n  From November 2000 to September 2001, conducted and realized the promotion of the sale of \r\nthe company to 5 prospects developed by own means. \r\n  By  the second  fiscal year,  in Oct. 2001,  the company paid 7 million USD  in dividends,  for  the \r\nfirst time in history. \r\n  Closed,  liquidated  and  sold  the  assets  of  two  secondary  production  finishing  facilities, \r\nCuautitln, Edo. de Mxico and Saltillo, Coahuila. \r\n  By the beginning of the third year, the company personnel had been reduced 43%; that is from \r\n650 to 370, keeping the same levels of production, sales and service. \r\n  From Oct. 2001  to June 2002, supported  the activities of sale of  the company  lead by a hired \r\nbusiness broker/consultant. This last effort included an additional 7 prospects. \r\n1990-1999         COMMERCIAL Vice President                    INDELPRO, S. A. DE C. V  .     \r\nJan.1990  Jun. 1999          Alpek Group, Alfa.     Monterrey,  Mxico      \r\n           \r\nIndelpro:  The first private producer of Polypropylene in Mxico and the first grass-roots petrochemical \r\nplant built in the Alfa Group. Started on September 1989 with the JV and technology agreement \r\nsignature.  Initially the shareholders structure was 75% Alfa and  25% Himont (partnership between \r\nHercules Inc.-USA- & Montell -Italy-.); actually  51-49%. \r\nMain Accomplishments and Responsibilities: \r\n Responsible of: Margin (Spread), Sales Volume, Tech Service, Attention to Customers, Marketing \r\nand pricing policies, Products Menu and Innovation; Inventory levels and types; Collection policy \r\nand parameters, Logistics and products delivery. \r\n Co-Administrator of the technology and JV agreements. \r\n Design, hiring and training of the commercial organization; sales force, technical service, logistics \r\nand distribution, order processing and administrative support. \r\n  Implementation of the pre-marketing program and building of the order processing and delivery \r\nsystem. \r\n Product Management, Product Development, Inventory levels and rationalization. \r\n Main raw material sourcing: Negotiation and supply of monomer,  68-72 million USD/yr.  \r\nAdministration of contracts, credit and payments, to/ from suppliers.  \r\n Direct chartering of ships, for monomer and product exports. \r\n  In 1995: Achievement of the all-time record of annual margin (spread) and sales volume. \r\n Without conflict of interest with the transnational and technology shareholder: Export records marks \r\nin volume and places. Central and South America, USA, Europe, Middle and Far East. \r\n Building and maintenance of good relationships, through respect, friendship and trust of with key \r\ncustomers, suppliers, institutions and some government agencies. \r\n By 1997: Selling out of the company production capacity, 160.000 ton/yr. At that time, the \r\nproduction capacity was 33%higher than the design and contracted capacity. \r\n Recognition of the company as market leader (PP) in Mexico. \r\n\r\n\r\n\r\n1985  1989  Independent Consulting and Assessment Services. \r\n  Areas of:  Sales, Marketing, International Trade, Projects, Operations and Production. \r\nCompanies:   Cemex, S. A.; Crisgono Herrera C.; Cydsa S.A.; International Management \r\nServices (Houston); Serv. De Agua y Drenaje de Monterrey; Asoc. Nacional de \r\nFabricantes de Cerveza; Sec. De Fomento Industrial y Comercial del Edo. De N. L.; \r\nInternational Bank of Commerce (Laredo Tx),  \r\n \r\n \r\n1983 - 1985  Mexican Institute of Foreign Trade   (IMCE, Fed. Government) \r\n  - North-East Regional Delegate  \r\n  States: N.L., Tamaulipas, Coahuila and S.L.P. \r\n \r\n \r\n1981 - 1983  Grupo Protexa, S.A. Mty. N.L.  \r\n  Oil works, piping and drilling Division. \r\n  - International Partnership and Trade Manager. \r\n  - Planning and Development Manager. \r\n \r\n \r\n1976 - 1981  Grupo Industrial Alfa, S.A. Mty. N.L. \r\n  - Finance & Investment Manager, Petrochemical Division. \r\n  - HYL Process and Technology Engineer; Steel Division, Technology \r\n \r\n \r\n \r\n \r\nTeaching \r\nJan - Dec. 77    UDEM, Monterrey N.L.,  Chemical Engineering Department. \r\nAug 73 - Jun 75   Prep. Labastida (UDEM), Mty N.L., Chemistry and Physics. \r\nAug - Dec 73    ITESM, Monterrey N.L., Chemical Engineering Dept., Lab. \r\n \r\n \r\n \r\nOther Personal Data \r\nBirth date and Place:   February 02, 1953;  Tampico, Tam. Mexico. \r\nLanguages:   Spanish (Native), English (Professional and Academic).     Notions of Italian and Portuguese. \r\nStyle and Values:  Effectiveness, Reliability, Results Oriented, Cost-Benefit, Integrity, Plainness, Easiness.', '2013-05-20 15:05:11', '2013-07-17 15:41:49', '2013-05-20 15:05:13', '', 0, 1, 0 ), ( 498, 5, 5, 5, 'Contacts', 'RESUME\r\n\r\nActuary with a Masters degree in Financial Management with over  two years of experience  as project leader and more than a year and a half of experience working in projects using SAS technology. \r\nSAS Certified: SAS Certified Base Programmer for SAS 9, SAS Certified Advance Programmer for SAS 9 and SAS Certified Predictive Modeler using SAS Enterprise Miner 5 and 6.\r\n\r\nEducation\r\n\r\n\r\nCertified \r\n	Instituto Tecnolgico Autnomo de Mxico.\r\nData mining technics  2010\r\nGraduate School (Master) \r\n	Instituto Tecnolgico de Estudios Superiores de Monterrey \r\nFinancial Management 2007  2009\r\nUndergraduate\r\nSchool \r\n	Universidad Nacional Autnoma de Mxico \r\nActuarial Sciences 2003  2006\r\n\r\nPROFESSIONAL RESUME\r\n\r\n\r\nAbilities \r\n\r\nProfile \r\n(strength areas)		Data mining.\r\n	Statistical analysis.\r\n	Process automation. \r\n	Business Intelligence.\r\nProfessional Experience\r\n\r\nSAS Institute\r\n\r\n\r\n\r\n7 - 2009	Position: Analytical Consultant.\r\n2009  Current\r\n\r\nFunctions: \r\nSupervised and unsupervised modeling using Data Mining, Statistical Analysis, Social Network Analysis,  Quality Analysis Data, Programming Scripts, Reporting. \r\n\r\nProjects:\r\n\r\nSocial Network Analysis for fraud detection (2  2013).\r\nObjective: Define different fraud triggers and scenarios to detect tax evasion.\r\nConfiguration of the SAS SNA Server Store Processes and scenarios. \r\nGovernment Institution.\r\nResponsibilities: ETL. Set up of scenarios using SAS Management Console. SAS code writing for community definition, centrality measures, alerts and scenario definitions. Results delivery with the client. Prepare and teach a Workshop with business users in order to show them how to use and configure the SAS SNA Server Solution.  \r\n\r\n\r\nMigration of Enterprise Miner projects (1  2013).\r\nObjective: Migration of the production projects from SAS Enterprise Miner 5.2 to SAS Enterprise Miner 6.3. during  the platform migration from SAS 9.1.3 to SAS 9.2. Bank.\r\nResponsibilities: Migration supervision, validation and documentation.\r\n\r\n\r\nAttrition models for Insurance (6  2012).\r\nObjective: Generation of attrition models for different insurance areas. Bank.\r\nResponsibilities: Data extraction, ABT definition and generation, Modeling using EM, Testing and documentation.\r\n\r\n\r\nSocial Network Analysis (6  2012).\r\nObjective: POC Support the pre-sales team in technical and business definitions in order to generate and present the results of applying SNA to clients in a mobile phone company. Telco, Manila, Philippines.\r\nResponsibilities: SAS code generation for the community definition, the centrality measures and the role definition. Profiling communities. Results delivery with the client.\r\n\r\nATM Fraud (2  2012)\r\nObjective: Generate models and define logic rules that allow to lower the fraud levels in ATMs. Banc.\r\nResponsibilities: Data quality. Code witting. ABT Design and generation. Modeling. Process implementation and documentation.\r\n\r\nCredit Card Fraud (10  2011).\r\nObjective: Support SAS US and SAS Canada during a Fraud Framework POC. Bank US.\r\nResponsibilities: Help with different duties during the POC for credit card fraud with the Fraud Framework; code writing, model development, scoring.\r\n\r\n\r\nMigration of Enterprise Miner projects (9  2011).\r\nObjective: Migration of the production projects from SAS Enterprise Miner 5.2 to SAS Enterprise Miner 6.2. during  the platform migration from SAS 9.1.3 to SAS 9.2. Bank.\r\nResponsibilities: Migration supervision, validation and documentation.\r\n\r\n\r\nSocial Network Analysis (3 - 2011). \r\nObjective: Analysis of social networks through the call logs of cell phone users to determine their role (relevance in the network according to their interaction with other users.) Telco, Chile.\r\nResponsibilities: Code generation for the ETL. Definition of the parameters needed for analysis. Role definition. Profitability measures. Process documentation.\r\n\r\nMigration of DI flows (9 - 2010). \r\nObjective: Migration of the approved codes by the client from the development server to the production server. Government Institution.\r\nResponsibilities: Code adaptation for correct execution in the production environment. Design, Implementation and Testing Documentation for the release of the product.\r\n\r\nSocial Network Analysis (7 - 2010). \r\nObjective: Analysis of social networks through the call logs of cell phone users to determine their role (relevance in the network according to their interaction with other users.) Telco, Guatemala.\r\nResponsibilities: Code generation for the ETL. Definition of the parameters needed for analysis. Role definition. Profitability measures.\r\n\r\nSocial Network Analysis (5 - 2010). \r\nObjective: POC related to Analysis of social networks through the call logs of cell phone users to determine their role (relevance in the network according to their interaction with other users.) Telco, Chile.\r\nResponsibilities: Code generation for the ETL. Definition of the parameters needed for analysis. Role definition. Profitability measures.\r\n\r\nData mining. (7 - 2009). \r\nObjective: Development of a comprehensive solution to identify risky cargo for a government institution.\r\nResponsibilities: Supporting the ABT table generation that serves as input for the mining models. Risk detection model generation, validation and documentation.\r\n\r\nInstructor in SAS Courses 	SAS Programming 1: Essentials  \r\n(Mexico City, Mexico. 8 - 2010)\r\n\r\nSAS Programming 2: Data Manipulation Techniques  \r\n(Mexico City, Mexico. 8 - 2010)\r\n\r\nWorkshop: uses for the Proc OPTGRAPH for network analysis \r\n(Santiago, Chile. 6 - 2011)\r\n	\r\nSAS Programming 1: Essentials\r\n(Mexico City, Mexico. 8  2011)\r\n\r\nSAS Enterprise Guide 1: Querying and Reporting.\r\n(Kingston, Jamaica. 9 -2011)\r\n\r\nSAS Enterprise Guide: ANOVA, Regression and Logistic Regression (Kingston, Jamaica. 9 -2011)\r\n\r\nWorkshop: How to use and configure SAS SNA Server.\r\n(Mexico City, Mexico 3  2013)\r\n \r\nHSBC, Mexico\r\n\r\n\r\n\r\n\r\n	Position: Collections Project Leader \r\n2006  2009\r\n\r\nFunctions: \r\nDesign, generation and distribution of the collections MIS. \r\nProbabilistic models to increase collection efficiency. \r\nMonthly Calculation for the collectors bonuses.\r\n\r\n\r\nPROFESSIONAL TRAINING AND CERTIFICATIONS	\r\nSAS Institute	SAS Certifications\r\n\r\n	SAS Certified Base Programmer for SAS9\r\n	SAS Certified Advance Programmer for SAS9\r\n	SAS Certified Predictive Modeler Using SAS Enterprise Miner 5\r\n	SAS Certified Predictive Modeler Using SAS Enterprise Miner 6\r\n\r\n\r\nSAS Training\r\n\r\n	Query and reporting using SAS Enterprise Guide\r\n	SAS programming 1: Essentials\r\n	SAS Macro Language 1: Essentials\r\n	Applied Analytics Using SAS Enterprise Miner \r\n	Data Mining Techniques: Theory and Practice  \r\n	Creating and Exploiting OLAP Using the SAS OLAP Studio\r\n	Solvency II\r\n	Regular Price Optimization\r\n	Fraud Framework Boot camp\r\n\r\nOthers		Data bases administration.\r\n	Predictive dialers administration and reporting (Aspect Software, Boston MA).\r\nTECHNICAL ABILITIES\r\n		\r\nProgramming languages	Years of experience\r\nSQL	3\r\nSAS Programming	3\r\nSAS Macro Language	3\r\nUnix (Shell)	1\r\nC/C++	2\r\nMatlab	2\r\n\r\n\r\nSolutions	Years of experience\r\nSAS Delivery Portal	1\r\nSAS Web Report Studio	1\r\nSAS Web OLAP Viewer	1\r\nSAS Data Integration	1\r\nSAS OLAP Cube Studio	1\r\nSAS Enterprise Guide	4\r\nSAS Add-In for MS-Office	3\r\nUnix	2\r\n\r\nLANGUAGES\r\n\r\nLanguage	Reading	Writing	Speaking\r\nSpanish	100%	100%	100%\r\nEnglish	90%	80%	90%', '2013-05-20 15:14:58', '2013-06-03 16:29:07', '2013-06-03 16:28:59', '', 0, 1, 0 ), ( 499, 5, 5, 5, 'Documents', '', '2013-05-20 15:15:43', '2013-05-20 15:15:43', null, '', 0, 1, 0 ), ( 500, 5, 5, 0, 'Documents Attachment', '', '2013-05-20 15:15:43', '2013-05-20 15:15:43', null, '', 0, 1, 0 ), ( 501, 5, 5, 5, 'Contacts', 'ABSTRACT\r\n\r\nSAS expert, with experience in development, deployment and management of SAS solutions.\r\n\r\n\r\n\r\nEDUCATION\r\n\r\nUndergraduate 		Autonomous Technological Institute of Mexico (ITAM)\r\nSchool			Telematics Engineering 2004-2009\r\n\r\n\r\nPROFFESIONAL RESUME\r\n\r\n\r\nSkills\r\nProfile 		SAS Advanced programming.\r\n	Data Base Management.\r\n	Knowledge in OS (Windows and UNIX).\r\n	Analytical strength.\r\n	Teamwork.\r\n	Pressure management.\r\n\r\nProfessional Experience\r\n\r\nSAS Institute\r\n	\r\nDate: September 2012 Current\r\nPosition: Solutions Advanced Consultant  (Offshore SSO SAS US)\r\nTasks:\r\n1.	Develop ETL (NCT)\r\n2.	QA for ETL Data Mart (NCT)\r\n3.	QA for Reports Fraud Framework UI (NCT)\r\n4.	Develop DQ process (NCF)\r\n\r\nDate: July 2011  September 2012\r\nPosition: Solutions Advanced Consultant \r\nTasks:\r\n5.	Develop SAS Marketing Automation projects.\r\n6.	Develop SAS Anti-Money Laundering projects.\r\n7.	Review Proposal projects and Assements.\r\n8.	Teaching SAS courses.\r\n9.	Training SAS consultants.\r\n\r\nDate: January 2011  June 2011\r\nPosition: Solutions Consultant\r\nTasks:\r\n1.	Develop SAS Marketing Automation projects.\r\n2.	Develop SAS BI projects (Stored Process, OLAP Cube, Web Report Studio, BI Dashboards).\r\n\r\n\r\n\r\n\r\n\r\nDate: May 2010  January 2011 \r\nPosition: Platform Consultant\r\nTasks:\r\n1.	Develop ETLs and Stored Process.\r\n2.	Develop SAS Marketing Automation solutions projects.\r\n3.	Deployment of SAS Solutions\r\n\r\n\r\n\r\nDate: July 2009  May 2010\r\nPosition: Technical Support Consultant\r\nTasks:\r\n1.	Customer support in SAS solutions.\r\n2.	SAS Users assistance for SAS administration.\r\n3.	Deploy SAS solutions.\r\n\r\nAutonomous Technological Institute of Mexico (ITAM)	Date: January 2007  June 2009\r\nPosition:  Scholarship holder  \r\nTasks: \r\n1.	Domain Administrator.\r\n2.	Web application development.\r\n3.	Maintenance and improvements to the Universitys IVR.\r\n4.	Deployment for students email\r\n\r\n	\r\n	\r\nCERTIFICATIONS AND PROFESSIONAL TRAINNING\r\nSAS Institute\r\nCertifications\r\n\r\n\r\n\r\n\r\n\r\n\r\n\r\n		SAS Certified Base Programmer for SAS 9\r\n	SAS Certified Advanced Programming for SAS 9\r\n	SAS Certified BI Content Developer for SAS 9\r\n	SAS Certified Platform Administrator for SAS 9\r\n	SAS Certified Data Integration Developer for SAS 9\r\n	SAS Customer Intelligence Certification Program for US Sales and Pre-Sales Personnel\r\n	SAS High Performance Analytics Certification Program for Canadian and Latin American Sales and Pre-Sales PersonnelSAS \r\n	Information Management Certification Program for Canadian and Latin American Sales and Pre-Sales Personnel\r\n	\r\n	\r\n	\r\n\r\n\r\nTECHNICAL SKILLS		\r\nLanguages	Years of experience	Basic	Medium	Advanced\r\nC#		2	 	X	 \r\nJava	3		X	\r\nC/C++	4	 	X	 \r\nSQL	5			X\r\nSAS Progamming	4	 	 	X \r\nSAS Macro Language	3			X\r\nUnix (Shell)	2	X		\r\n				\r\n\r\n\r\n	Years of experience	Basic	Medium	Advanced\r\nMS Office	8		X	\r\nWindows Server		4		X	\r\nVisual Studio 2005	4			X\r\nMicrosoft SQL	2		X	\r\nMicrosoft Exchange Server	2			X\r\nSAS Management Console	3			X\r\nSAS Base	3			X\r\nSAS Enterprise Guide	3			X\r\nSAS Enterprise Miner	1	X		\r\nSAS Information Map Studio	3			X\r\nSAS OLAP Cube	3			X\r\nSAS Web Report Studio	2			X\r\nSAS BI Dashboards	2			X\r\nSAS Web Report Studio	2			X\r\nSAS Customer Intelligence	2			X\r\nSAS Data Integration	2			X\r\n\r\n\r\n\r\n\r\n\r\n\r\nLanguage	Reading	Writing	Speaking\r\nSpanish	100%	       100%	100%\r\nEnglish	80%	       80%	80%\r\nFrench	100%	       100%	100%', '2013-05-20 15:17:27', '2013-06-03 16:28:50', '2013-06-03 16:28:31', '', 0, 1, 0 ), ( 502, 5, 5, 5, 'Documents', '', '2013-05-20 15:19:01', '2013-05-20 15:19:01', null, '', 0, 1, 0 ), ( 503, 5, 5, 0, 'Documents Attachment', '', '2013-05-20 15:19:01', '2013-05-20 15:19:01', null, '', 0, 1, 0 ), ( 504, 5, 5, 5, 'Potentials', 'All candidates will be required to take a Java programming test***\n\nPlease do not submit anyone to this role that has ever been rejected or interviewed/rejected from any back end Java related role at Starwood. Please VERIFY with your candidate before submitting.\n\n6 months FIRM\nStamford, CT\nRate: $75/hr MAX\n4 openings\n\nWorks closely with technical managers/leads, business analysts and team members to understand business requirements, and work on design and development of quality solutions.  These solutions must be aligned with business, IT strategies and comply with overall architecture standards. \nResponsible for design, documentation, implementation and support of application software.  Makes recommendations towards the development solutions.  Has extensive existing experience in systems analysis & design methodologies.\nMust be a fast learner and ready to work in a fast paced, dynamic environment. Independent solution thinker and self-motivation is a must. Should be a team player.\n\nDesign and develop systems / applications using Java, J2EE, current and future Starwood platform standards, EJBs, XML, SOAP, JDBC, JMS, MQ Technologies. Will convert Functional Requirements Documents to System Requirements Documents. Participate in all phases of software development lifecycle. Assists the IT Business Relationship Manager to prioritize run/maintenance incidents and problems. Reviews project requests with Development lead, PMO Lead, Security & Application/Infrastructure Architecture teams.             \n\n7+ years of experience                                                                  \n                                                                                                \nEnsure Test Suite\'s are an integral part of the software development life cycle. Ensure automation and best practicies are embedded as part of component releases.                                                                                         \n                                                                                                \nBachelor\'s Degree and equivalent work experience', '2013-05-20 16:10:06', '2013-05-29 15:37:06', '2013-05-29 17:57:42', '', 0, 1, 0 ), ( 505, 7, 7, 5, 'Contacts', '', '2013-05-20 18:33:12', '2013-05-22 14:44:19', '2013-05-21 13:19:00', '', 0, 1, 0 ), ( 506, 7, 7, 7, 'Documents', '', '2013-05-20 18:34:37', '2013-05-20 18:34:37', null, '', 0, 1, 0 ), ( 507, 7, 7, 0, 'Documents Attachment', '', '2013-05-20 18:34:37', '2013-05-20 18:34:37', null, '', 0, 1, 0 ), ( 508, 7, 7, 5, 'Contacts', '', '2013-05-21 11:01:31', '2013-05-29 15:16:50', '2013-05-21 11:01:33', '', 0, 1, 0 ), ( 509, 7, 7, 7, 'Documents', '', '2013-05-21 11:02:27', '2013-05-21 11:02:27', null, '', 0, 1, 0 ), ( 510, 7, 7, 0, 'Documents Attachment', '', '2013-05-21 11:02:27', '2013-05-21 11:02:27', null, '', 0, 1, 0 ), ( 511, 7, 7, 5, 'Contacts', '', '2013-05-21 11:04:10', '2013-06-03 16:31:33', '2013-07-10 20:35:04', '', 0, 1, 0 ), ( 512, 7, 7, 7, 'Documents', '', '2013-05-21 11:05:14', '2013-05-21 11:05:14', null, '', 0, 1, 0 ), ( 513, 7, 7, 0, 'Documents Attachment', '', '2013-05-21 11:05:14', '2013-05-21 11:05:14', null, '', 0, 1, 0 ), ( 514, 7, 7, 5, 'Contacts', '', '2013-05-21 11:07:15', '2013-06-03 16:31:33', '2013-06-03 18:22:43', '', 0, 1, 0 ), ( 515, 7, 7, 7, 'Documents', '', '2013-05-21 11:08:38', '2013-05-21 11:08:38', null, '', 0, 1, 0 ), ( 516, 7, 7, 0, 'Documents Attachment', '', '2013-05-21 11:08:38', '2013-05-21 11:08:38', null, '', 0, 1, 0 ), ( 517, 7, 7, 5, 'Contacts', '', '2013-05-21 11:10:39', '2013-05-29 15:16:50', '2013-05-21 12:05:52', '', 0, 1, 0 ), ( 518, 7, 7, 7, 'Documents', '', '2013-05-21 11:11:15', '2013-05-21 11:11:15', null, '', 0, 1, 0 ), ( 519, 7, 7, 7, 'Documents', '', '2013-05-21 11:11:58', '2013-05-21 11:11:58', null, '', 0, 1, 0 ), ( 520, 7, 7, 0, 'Documents Attachment', '', '2013-05-21 11:11:58', '2013-05-21 11:11:58', null, '', 0, 1, 0 ), ( 521, 7, 7, 7, 'Contacts', '', '2013-05-21 11:15:35', '2013-07-03 14:07:49', '2013-07-10 19:11:46', '', 0, 1, 0 ), ( 522, 7, 7, 7, 'Documents', '', '2013-05-21 11:16:27', '2013-05-21 11:16:27', null, '', 0, 1, 0 ), ( 523, 7, 7, 0, 'Documents Attachment', '', '2013-05-21 11:16:27', '2013-05-21 11:16:27', null, '', 0, 1, 0 ), ( 524, 7, 7, 5, 'Contacts', '', '2013-05-21 11:19:17', '2013-05-29 15:16:50', '2013-05-21 12:06:45', '', 0, 1, 0 ), ( 525, 7, 7, 7, 'Documents', '', '2013-05-21 11:20:04', '2013-05-21 11:20:04', null, '', 0, 1, 0 ), ( 526, 7, 7, 0, 'Documents Attachment', '', '2013-05-21 11:20:04', '2013-05-21 11:20:04', null, '', 0, 1, 0 ), ( 527, 7, 7, 5, 'Contacts', '', '2013-05-21 11:22:13', '2013-06-03 16:32:07', '2013-05-21 12:07:43', '', 0, 1, 0 ), ( 528, 7, 7, 7, 'Documents', '', '2013-05-21 11:22:59', '2013-05-21 11:22:59', null, '', 0, 1, 0 ), ( 529, 7, 7, 0, 'Documents Attachment', '', '2013-05-21 11:22:59', '2013-05-21 11:22:59', null, '', 0, 1, 0 ), ( 530, 7, 7, 5, 'Contacts', '', '2013-05-21 11:24:47', '2013-11-27 15:50:03', '2013-07-03 14:07:52', '', 0, 1, 0 ), ( 531, 7, 7, 7, 'Documents', '', '2013-05-21 11:26:07', '2013-05-21 11:26:07', null, '', 0, 1, 0 ), ( 532, 7, 7, 0, 'Documents Attachment', '', '2013-05-21 11:26:07', '2013-05-21 11:26:07', null, '', 0, 1, 0 ), ( 533, 7, 7, 5, 'Contacts', '', '2013-05-21 11:32:34', '2013-05-29 15:16:50', '2013-05-21 12:08:09', '', 0, 1, 0 ), ( 534, 7, 7, 7, 'Documents', '', '2013-05-21 11:33:32', '2013-05-21 11:33:32', null, '', 0, 1, 0 ), ( 535, 7, 7, 0, 'Documents Attachment', '', '2013-05-21 11:33:32', '2013-05-21 11:33:32', null, '', 0, 1, 0 ), ( 536, 7, 7, 7, 'Contacts', '', '2013-05-21 11:37:29', '2013-05-21 12:12:00', '2013-05-21 12:11:36', '', 0, 1, 0 ), ( 537, 7, 7, 7, 'Documents', '', '2013-05-21 11:38:47', '2013-05-21 11:38:47', null, '', 0, 1, 0 ), ( 538, 7, 7, 0, 'Documents Attachment', '', '2013-05-21 11:38:47', '2013-05-21 11:38:47', null, '', 0, 1, 0 ), ( 539, 7, 7, 5, 'Contacts', '', '2013-05-21 11:41:18', '2013-11-27 15:47:45', '2013-08-23 22:17:41', '', 0, 1, 0 ), ( 540, 7, 7, 7, 'Documents', '', '2013-05-21 11:42:20', '2013-05-21 11:42:20', null, '', 0, 1, 0 ), ( 541, 7, 7, 0, 'Documents Attachment', '', '2013-05-21 11:42:20', '2013-05-21 11:42:20', null, '', 0, 1, 0 ), ( 542, 7, 7, 5, 'Contacts', '', '2013-05-21 11:44:17', '2013-06-03 16:37:51', '2013-05-21 12:12:39', '', 0, 1, 0 ), ( 543, 7, 7, 7, 'Documents', '', '2013-05-21 11:45:04', '2013-05-21 11:45:04', null, '', 0, 1, 0 ), ( 544, 7, 7, 0, 'Documents Attachment', '', '2013-05-21 11:45:04', '2013-05-21 11:45:04', null, '', 0, 1, 0 ), ( 545, 7, 7, 7, 'Contacts', '', '2013-05-21 11:47:23', '2013-05-21 12:11:19', '2013-05-21 12:12:46', '', 0, 1, 0 ), ( 546, 7, 7, 7, 'Documents', '', '2013-05-21 11:48:18', '2013-05-21 11:48:18', null, '', 0, 1, 0 ), ( 547, 7, 7, 0, 'Documents Attachment', '', '2013-05-21 11:48:18', '2013-05-21 11:48:18', null, '', 0, 1, 0 ), ( 548, 7, 7, 5, 'Contacts', '', '2013-05-21 11:51:38', '2013-05-24 14:42:36', '2013-05-21 12:12:59', '', 0, 1, 0 ), ( 549, 7, 7, 7, 'Documents', '', '2013-05-21 11:52:10', '2013-05-21 11:52:10', null, '', 0, 1, 0 ), ( 550, 7, 7, 0, 'Documents Attachment', '', '2013-05-21 11:52:10', '2013-05-21 11:52:10', null, '', 0, 1, 0 ), ( 551, 7, 7, 7, 'Contacts', '', '2013-05-21 11:54:02', '2013-05-21 12:13:46', '2013-05-21 12:18:20', '', 0, 1, 0 ), ( 552, 7, 7, 7, 'Documents', '', '2013-05-21 11:57:12', '2013-05-21 11:57:12', null, '', 0, 1, 0 ), ( 553, 7, 7, 0, 'Documents Attachment', '', '2013-05-21 11:57:12', '2013-05-21 11:57:12', null, '', 0, 1, 0 ), ( 554, 7, 7, 5, 'Contacts', '', '2013-05-21 12:01:38', '2013-05-29 15:16:50', '2013-08-06 20:50:36', '', 0, 1, 0 ), ( 555, 7, 7, 7, 'Documents', '', '2013-05-21 12:02:19', '2013-05-21 12:02:19', null, '', 0, 1, 0 ), ( 556, 7, 7, 0, 'Documents Attachment', '', '2013-05-21 12:02:19', '2013-05-21 12:02:19', null, '', 0, 1, 0 ), ( 557, 5, 5, 5, 'Contacts', 'HENRY A. KORSZUN\r\n304 Lexington Avenue, New Haven, CT 06513\r\n(203) 901-2839\r\nemail: henryk302@yahoo.com\r\n\r\nMANAGEMENT EXPERTISE\r\nComprehensive change and release management experience in the following areas:\r\ntracking and versioning artifacts, continuous integration (automation of builds and deployment functions), administering promotion paths from development through production environments; installing patches and upgrades for operating systems and context-specific applications;\r\n\r\nIncident and problem management (escalating and troubleshooting);\r\n\r\nIn-depth experience in conducting feasibility studies and requirements gathering;\r\n\r\n           Effective communication, promotion and marketing of new software solutions;\r\n\r\n\r\nAuthoring and promoting run book policies and procedures;\r\n\r\nResearch and development;\r\n\r\nBudgeting and hiring for the entire SDLC;\r\n \r\nSkillful management of several projects outsourced to India, Poland and Latin America;\r\n\r\nBroad experience and high comfort level using AGILE and XP methodologies, especially with respect to prototyping and proof-of-concept;\r\n\r\nManaged several legacy-to-WEB migrations.\r\n\r\nMANAGEMENT TOOLS\r\nProject Management Microsoft Project, Visio, Microsoft Office Suite, Lotus Notes.\r\nIncident & Problem Tracking, source control, revision & version control\r\nHP Quality Center, Serena TeamTrack, Bugzilla, JIRA, SVN, CVS, ClearCase, SharePoint and ClearQuest;\r\nAuthoring and contentInterwoven TeamSite and IBM WCM.\r\n\r\nJAVA DEVELOPER EXPERTISE\r\nExtensive expertise in both core JAVA and in developing J2EE multi-threaded 3-tier WEB solutions using legacy SQL databases (using JDBC and XML technologies), business objects, servlets and JSPs, and applets. Proficient in identifying optimization issues and resolving platform dependencies;\r\nSecurity digital certificates, privileges, roles-based security, etc;\r\nANT and MAVEN scripting;\r\nIDEs Eclipse, RAD, VISUAL CAF, NetBeans.\r\nFrameworks SPRING and STRUTS.\r\nAWT and SWING for advanced GUI development, including highly innovative touch-screen department store interactive imaging kiosks;\r\n\r\nOPERATING SYSTEMS, DATABASES, OTHER\r\nOS Windows (2000 and 2003), NT and XP, SunOS, Solaris, Linux, and VAX/VMS;\r\nUNIX shells C-Shell, Bash;\r\nRDBMS Oracle11g, SQLServer, MySQL, DB2, ACCESS, TOAD, JDBC connectivity;\r\nLanguages Visual Basic, C and FORTRAN.\r\nContent Authoring Adobe GoLive, Photoshop & Illustrator; DreamWeaver; and hand-coding of HTML (as needed).\r\n\r\nEDUCATION\r\nMBA.  New York University (1979).\r\nDouble major:  Finance and Management of Information Systems.\r\nBA. Trinity College (CT, 1975).  Junior year at Vassar College.\r\nDouble major: History and Russian language.  \r\n\r\nEMPLOYMENT HISTORY:\r\nUnited Health Group Hartford, CT. August 2012-present. Configuration and release manager responsible for tracking, documenting, building and deploying artifacts (database structures and reference data, UNIX shell scripts, JARs, EARs, properties and profiles) in the companys highly complex, homegrown broker payments and commission system. The role entails close supervision and coordination of the activities of developers, QA testers, systems analysts, vendors and business owners in a continuous integration setup with deployments, and possible rollbacks, to all pre-production and production environments.\r\n\r\nThe continuous integration framework uses SVN for storing basic code artifacts; Maven and AntHill Pro are used in the builds, triggering automatic Junit tests. Batch components (scripts and JARs), as well as Oracle reference data and structures, are deployed directly to their respective environments;  web components (EARs and WARs) are deployed to Websphere 7.   All deployments use a custom ITG workflow, following a promotion path in compliance with corporate governance, as follows:  DEVELOPMENT>QA>UAT>STAGE>PRODUCTION.  Warranty releases substitute BreakFix for STAGE.\r\n\r\nMy role entails close supervision and coordination of the activities of developers, QA and UAT testers, systems analysts, vendors and business owners in a continuous integration setup with deployments, and possible rollbacks, to all pre-production and production environments.\r\n\r\nAetna Insurance Hartford, CT. June 2011-May 2012. Senior JAVA engineer responsible for maintaining and enhancing several company web applications. SPRING framework projects included web service development, database development, and enhancing and developing customer-facing websites.  The projects used IBMs Rational suite (RAD for development, Clearcase for SCM,  ClearQuest for issue tracking, and RequisitePro for monitoring adherence to business requirements.\r\n\r\n\r\nThe Hartford Insurance Group Simsbury, CT. February 2011-June 2011.  Infrastructure architect/ technical lead on a project to migrate multiple marketing  JAVA  applications  (for the Property and Casualty line) to state-of-the art open source (Apache/Tomcat/Linux) delivery platforms. The applications were developed and maintained using The Hartfords proprietary MVC framework.  Also engineered the migration from CVS to SVN.\r\n\r\nAmbac Financial Group NY, NY. September 2010-February 2011. AGILE Project manager/development lead for a corporate treasury cash-management project.  Using the STRUTS framework and SOAP-based web services, the application predicts gaps in corporate liquidity and determines the impact on these gaps based on various what if scenarios. Introduced an open-source continuous integration framework using SVN, JENKINS and ANT; web application deployments to TOMCAT application server.\r\n\r\nCareFirst Blue Cross Blue Shield Owings Mills, MD. September 2007-September 2010. Managed the prototyping and development of  a 3-tier WEB-based application (JSPs and JavaScript, servlets, and SQLServer 2005), which automated the companys build (using ANT) and deploy (to WebSphere) processes.  In addition to intensive development, the position required regular interaction with vendors, contractors, internal change management and the business.  In an effort to expedite rollouts, the company adopted iterative AGILE methodologies, in strict compliance with corporate governance.  Also involved in the rollout of a corporate initiative to add portals/portlets to the company\'s WEB applications.  Hands-on involvement in the companys content management system (Interwoven).\r\n\r\nMerrill Lynch NY, NY. January 2007-September 2007.  Managed the development, maintenance and roll-out of reference databases with a focus on the architecture, building and development of business intelligence applications that tie into the databases, allowing the user community to search and retrieve customized reference and pricing data to gain an accurate view of the fixed income and equity trading landscape. This system was implemented as a classic 3-tier J2EE web-based application; my main development role was integrating the middle (servlet) and backend (SQLServer 2005) tiers.\r\n\r\nKnights of Columbus New Haven, CT.  2006. Lead architect  in a major initiative in the eBusiness divisions migration from Coldfusion to J2EE.  Administered promotion paths from development to staging through to production  environments, installing patches & upgrades for operating systems, middleware, and context-specific applications;  responsible for incident and problem management, authoring and promoting run book policies and procedures.\r\n\r\nParent Watch, Inc. and Arrowsight.com NY, NY. 2005.  Developed multi-threaded network software integrating voice, data, and streaming video for multi-media WEB-based applications.\r\n\r\nProcter & Gamble, Inc.  Worldwide. 1999-2004. Multiple projects using my patented proprietary software: see digitaldressing.com below.  Engineered and coded several highly complex, interactive multi-media image processing systems and  AWT and later SWING GUIs for e-commerce and kiosk consumer applications.  These projects involved working with P&Gs interactive group (the CoverGirl and Pantene product lines) in conjunction with Grey Advertising, on developing and implementing kiosk-based personal image makeover software targeted at the Latin American and Asian markets; the software was deployed in approximately 30 countries throughout Asia and Latin America.  Branded Color Consultation, it included features which allowed customers to sample hairdos, makeup, and clothes, using their own faces (as captured by JAVA TWAIN digital camera software) and body measurements; the software included databases for capturing customer personal data and preferences, thus creating marketing profiles.  Responsible for all aspects of engineering and coding these systems, from the macro down to the atomic levels.  For some press coverage see ABC news article; see also CIO and where-its-@ for further press coverage.\r\n\r\ndigitaldressing.com. New Haven, CT. 1994-1998.  Patented, engineered and implemented Digital Looking Glass. Originally written in C under SunOS, the software has been since ported to JAVA, using a multi-threaded 3-tier model.  Extensively tested under various platforms including Windows 3.X, Windows 95, Windows 98, UNIX, as a WEB applet, and as a standalone application.\r\n\r\nDigital Solutions, SA.  Warsaw, Poland. 1989-1994. Counseled local businesses and institutions on technology best-practices and processes.  Clients included banks, charter-type language schools, mortgage brokerages, and museums.\r\n\r\nAllied-Signal Corporation. Morristown, NJ. 1986-1988.\r\nCorporate Treasury Analyst.  Developed computer-based financial models for large, international projects.\r\n\r\nAbrahamsen & Company, Inc. Hoboken, NJ. 1982-1984.\r\nCo-founder and principal of financial research and consulting firm.\r\nSpecialized in computer-based analytical, financial, and legal database development and pioneered in its online delivery to the investment and legal communities. The company was acquired by the Capital Cities Corporation in 1984. Clients included most of Wall Streets leading investment banks: EF Hutton, Lehman Brothers, Becker Paribas, Solomon Brothers, Bear Sterns Goldman Sachs, First Boston, Merrill Lynch, Morgan Stanley, Lazard Freres; a number of major law firms; and several major Publications including The Wall Street Journal, The New York Times, and Institutional Investor.\r\n\r\nFirst Boston Corporation.  New York, NY. 19791982.\r\nCorporate Finance Associate.  Provided customized financial software Modeling services for corporations involved in raising capital, mergers and acquisitions, private placements, project finance, international finance, and fixed-income research.\r\n\r\nNational Securities and Research, Inc.  New York, NY. 1979\r\nAssistant Portfolio Manager.\r\n\r\nLane Bryant, Inc.  New York, NY. 1978.\r\nDeveloped computerized PERT/CPM system.\r\n\r\nFOREIGN LANGUAGES\r\nFluent in Polish; working knowledge of other Slavic languages.', '2013-05-21 14:06:01', '2013-11-27 15:50:03', '2013-07-22 14:26:30', '', 0, 1, 0 ), ( 558, 5, 5, 5, 'Documents', '', '2013-05-21 14:08:10', '2013-05-21 14:08:10', null, '', 0, 1, 0 ), ( 559, 5, 5, 0, 'Documents Attachment', '', '2013-05-21 14:08:10', '2013-05-21 14:08:10', null, '', 0, 1, 0 ), ( 560, 5, 5, 5, 'Contacts', '', '2013-05-22 15:02:48', '2013-05-22 15:02:48', '2013-05-22 15:02:49', '', 0, 1, 0 ), ( 561, 5, 5, 5, 'Contacts', '', '2013-05-22 18:38:32', '2013-05-22 18:39:50', '2013-05-22 18:39:51', '', 0, 1, 0 ), ( 562, 5, 5, 5, 'Accounts', '', '2013-05-22 18:39:14', '2013-05-22 18:39:14', '2013-05-22 18:39:15', '', 0, 1, 0 ), ( 563, 16, 16, 5, 'Contacts', 'YARIV KAPLAN\r\n3609 Shady Valley Drive  Austin, TX 78739  (512) 949-1831  yariv@internals.com\r\nEXPERTISE\r\n Network security, WAN acceleration, end-point security, data leak prevention, web filtering.\r\n Windows internals, x86 architecture, file systems, C/C++, C#.\r\n Network protocols and programming: ASP.NET, SSL, IPSec, TCP/IP, SNMP, Winsock.\r\nACHIEVEMENTS\r\n My work appears in the book: Exploiting Software: How to Break Code, was credited by Matt Pietrek, the author of the book: Windows Internals and featured in several academic research projects.\r\n Inventor:\r\no Method and System for Tracking Access to Application Data and Preventing Data\r\nExploitation by Malicious Programs\r\no Method and System for Policy-Based Protection of Application Data o Method for Implementing Ejection-Safe API Interception\r\no \"Suspend and Resume of Computer Operational States\"\r\n Received five excellence awards at various companies. EXPERIENCE\r\nJoya Systems LLC, Consulting Partner (2010-Present)\r\n Instructed a Windows 8 Driver Development course at various Intel sites covering WDF driver\r\ndevelopment and debugging.\r\n Windows, OSX and Linux system-level design, development and training. Various projects:\r\no File system interception and modification o On-the-fly file/block encryption\r\no Application policies/execution controls\r\no Anti-malware solutions\r\no Various storage drivers\r\no User/kernel mode API interception o Data leak prevention\r\no Anti-piracy security software\r\no Network acceleration and security o Whitelisting solutions\r\nBlue Coat Systems. Director, Engineering. (2005 - 2009)\r\n Assembled an engineering team with a unique skill set in Windows and OS X internals that led the execution of the companys client roadmap for Blue Coats WAN acceleration, VPN/SSL and web security client products - ProxyClient, ProxyRA, Mobiliti and WebProtect with a total deployment size exceeding 300k machines worldwide.\r\n Managed a tight development cycle that allowed successful execution of Blue Coats strategy to be first- in-market with a WAN acceleration client. Efforts led to the development of the first version of ProxyClient in 7 months and a release that was delivered earlier than any competing product.\r\n The client team under my leadership was the top achiever in a company-wide initiative to reduce resolution time for customer escalations.\r\n\r\n Contributed to a company-wide quality improvement initiative that redefined development processes across the organization and led to dramatic savings in code/documentation review cycles.\r\n Performed market research, competitive analysis and defined go-to-market strategy with product management, sales and marketing.\r\n Initiated and executed a program of management coaching with top performers to facilitate professional growth.\r\n Conceived and implemented core intellectual property components including a patent pending anti- malware engine capable of detecting and suppressing keyloggers and framegrabbers and an on-demand file system encryption engine.\r\nComverse Ltd. Technology Strategist, CTO Innovation Lab. (2005)\r\nResearched future mobile telecommunication technologies and implemented proof-of-concept applications to provide increased ARPU to cellular operators.\r\n Developed a caller ID personalization service for mobile users with animated avatars and voice signatures and a converged call completion service that provides call management and routing to fixed, mobile and Internet telephony users.\r\nGilat Satellite Networks Ltd. Senior System Architect. (2000  2004)\r\nResponsible for the design of software and networking technologies for Gilats consumer initiative.\r\n Lead networking architect of Gilats SkyBlaster and SkyEdge satellite modems and data centers. Received an outstanding achievement award for my contribution to the development of the SkyBlaster consumer modem, which was deployed in over 50,000 sites worldwide.\r\n Project lead for the Alpha program of Gilats SkyEdge satellite modem. Received an outstanding achievement award from the VP R&D for successfully completing the project ahead of schedule.\r\n Designed Gemini, an innovative XML-based system for automatic configuration, monitoring and control of SNMP-compliant network elements.\r\n Directed development of StarControl, a desktop application that allowed customers to diagnose and report problems in the satellite service to helpdesk personnel. Designed the user interface, software architecture and oversaw the development of the project with an external contractor.\r\n Designed an IP address allocation system optimized for use over a satellite link.\r\n Designed LicenseKey, a software licensing framework for Gilats networking environment.\r\nVoltaire Advanced Data Security Ltd. Team Lead. (1998  2000)\r\n Managed a team developing QuickBoot, a state-of-the-art power management technology for supporting hibernation (suspend-to-disk) under Windows 9x and NT. Technology was submitted for a patent application.\r\nInteract Multimedia Ltd. Software Developer. (1996 1997)\r\n Participated in the development of a multimedia authoring tool. Designed and implemented core system components such as the graphics engine and image/sound compression libraries. Optimized time-critical code sections and developed advanced graphics algorithms for performing color quantization in real-time.\r\nIsraeli Defense Forces. Software Developer. (1993 - 1996)\r\n Developed real-time systems for automatic antenna positioning and in-field communication. EDUCATION\r\n Completed two years at the Israeli Institute of Technology (Technion) with additional coursework at the Israeli Open University towards a B.Sc. degree in Computer Science with Minor in Business.', '2013-05-23 15:22:05', '2013-07-17 15:41:49', '2013-05-23 20:38:33', '', 0, 1, 0 ), ( 564, 5, 5, 5, 'ModComments', '', '2013-05-24 13:50:20', '2013-05-24 13:50:20', null, '', 0, 1, 0 ), ( 565, 7, 7, 7, 'Contacts', '', '2013-05-24 16:08:14', '2013-07-03 14:09:17', '2013-07-03 14:09:03', '', 0, 1, 0 ), ( 566, 7, 7, 7, 'Documents', '', '2013-05-24 16:09:28', '2013-05-24 16:09:28', null, '', 0, 1, 0 ), ( 567, 7, 7, 0, 'Documents Attachment', '', '2013-05-24 16:09:28', '2013-05-24 16:09:28', null, '', 0, 1, 0 ), ( 568, 7, 7, 7, 'Contacts', '', '2013-05-24 16:11:32', '2013-07-03 14:10:14', '2013-07-03 14:09:30', '', 0, 1, 0 ), ( 569, 7, 7, 7, 'Documents', '', '2013-05-24 16:12:12', '2013-05-24 16:12:12', null, '', 0, 1, 0 ), ( 570, 7, 7, 0, 'Documents Attachment', '', '2013-05-24 16:12:12', '2013-05-24 16:12:12', null, '', 0, 1, 0 ), ( 571, 5, 5, 5, 'ModComments', '', '2013-05-24 20:36:49', '2013-05-24 20:36:49', null, '', 0, 1, 0 ), ( 572, 7, 7, 5, 'Contacts', '', '2013-05-29 17:24:19', '2013-11-27 15:50:03', '2013-07-03 14:10:17', '', 0, 1, 0 ), ( 573, 7, 7, 7, 'Documents', '', '2013-05-29 17:25:35', '2013-05-29 17:25:35', null, '', 0, 1, 0 ), ( 574, 7, 7, 0, 'Documents Attachment', '', '2013-05-29 17:25:35', '2013-05-29 17:25:35', null, '', 0, 1, 0 ), ( 575, 16, 16, 5, 'Contacts', 'PAULA BUSTAMANTE\r\nEmail: paulabtev@gmail.com\r\nSkype: paulabtev07@skype.com\r\n \r\nPERSONAL PROFILE:  Systems Analyst with 13 years of experience in the areas of analysis, design, development, maintenance, testing and deployment of applications. I show excellent relationship with clients and colleagues in a team environment.\r\n \r\nI\'ve been working in companies on several fields: University, health, telecommunications, natural gas, manufacturing and logistics.\r\n \r\nI\'m excellent working in .NET environments and Web applications. I\'ve been working on that environment in telecommunications, manufacturing and logistics fields.\r\n \r\nAlso, Im very strong developing software in Siebel Tools 6, 8.1 and Oracle PL/SQL. Ive been working with Siebel 6 debugging and loading data with EIM (Enterprise Integration Manager) during 3 years and a half. Besides, I have experience in developing integration between Siebel 8.1 and Java and adapting some codes source and integration developing in Paraguay to Bolivia. Since the middle of last year, until now, I\'ve been working as a Siebel Consultant, I have to develop some new functionality in Siebel Tools 8.1 and also I give support and maintenance to some Siebel modules.\r\n \r\nIm responsible, hardworking and proactive; I easily adapt to different work environments and Im fluent in English and Spanish.\r\n \r\nSIEBEL DEVELOPMENT EXPERIENCE:\r\n \r\n Telecommunications field - UNE (EPM Telecommunication): I made debugging and data loading in Siebel 6 (migration activities with EIM  Enterprise Integration Manager) from June / 2004 to June / 2007.\r\nFrom July/2012 until now, Ive been developing new modules and maintenance in Siebel Tools 8.1. Im in charge of making updates between different environments: Development, Test and Production. Besides, I have to make some reports in order to resolve some data inconsistencies and also optimize and stabilize the different environments.\r\n \r\n Telecommunications field  TIGO Bolivia: I made an Integration development in Siebel 8.1 with other systems that TIGO had, in this case with Java. Also, I had to adapt some codes source and integration made in Paraguay to Bolivia systems from May to June / 2012.\r\n \r\n Gas field  EPM (Empresas Publicas de Medellin): I made debugging and data loading in Siebel 6 (migration activities with EIM  Enterprise Integration Manager) from June to December / 2008\r\n \r\n \r\nMICROSOFT CERTIFICATIONS:\r\n \r\nMicrosoft Certified Application Developer (MCAD) through the following certifications:\r\n \r\n2006\r\nDesigning and Implementing Databases with Microsoft SQL Server 2000 Enterprise Edition\r\n \r\n2006\r\nDeveloping XML Web Services and Server Components with Microsoft Visual C# .NET and the Microsoft .NET Framework\r\n \r\n2006\r\nDeveloping and Implementing Windows-based Applications with Microsoft Visual C# .NET and Microsoft Visual Studio .NET\r\n \r\n \r\n \r\nTECHNICAL SKILLS:\r\n \r\nOperating Systems:  Windows 7, Windows Vista, Windows XP, Windows NT, Windows 2000\r\nLanguages: Siebel 6 (CRM), Enterprise Integration Manager (EIM - Siebel 6, 8.1), Siebel Tools 8.1, Siebel 8.1 (Configuration, scripting, Workflow, EAI), Visual Basic 6, ASP, ASP.NET, C#, Oracle PL/SQL, Oracle Forms, Java, Informix 4GL, PHP, Javascript, CSS, XML Technology\r\nDatabases:  SQL Server, Oracle, Informix, MS Access, DB2 for IBM AS/400, MySQL\r\nProductivity software:  MS, Word, MS Office, MS Project\r\nMethodologies: RUP, UML\r\nReporting tools:  Crystal Reports, Reporting Services.\r\nOthers: Fenix (CRM), ETL, Web Service Integration, TIBCO, Dclink, Oracle Designer, Unixs shell, Microsoft Visual Sour Safe, Enterprise Architect, SQL Loader\r\n \r\n                Page 2\r\n \r\nWORK EXPERIENCE:\r\n \r\n \r\n2012 - NowSIEBEL CONSULTANT, INDRA COMPANY, Colombia\r\n \r\n Participating in Outsourcing for UNE (EPM Telecommunication) as a Siebel Consultant. I have to develop some new functionality in Siebel 8.1. Im in charge of making updates between different environments: Development, Test and Production. Besides, I have to make some reports in order to resolve some data inconsistencies, optimize and stabilize the environment in case of failure and also I give support and maintenance to Sales module in Siebel 8.1\r\n \r\n2011-2012  SYSTEMS ANALYST, INGENEO S.A.S, Colombia and Bolivia\r\n \r\n Participate in Outsourcing for UNE (EPM Telecommunication) developing billing reports in 4G Mobility Product using PL / SQL and Oracle Reporting Services\r\n Participate in Insourcing for TIGO in Bolivia for two months, working as a Siebel developer. I had to adapt some codes source and integration made in Paraguay to Bolivia systems and then I developed some integration between Siebel and Java.\r\n \r\n2009  2011SYSTEMS ANALYST, O  I PELDAR, Colombia\r\n \r\n Support and maintain applications to manufacture flat glass jars, as well as Logistics application and application that handle Master Production Plan. Develop new functions for these applications using ASP, Visual Studio .NET 2003 (ASP.NET, C#) and Visual Studio NET 2005 (ASP.NET, C#) with the SQL Server 2000 database\r\n Made modifications to the barcode scripts in a tool called Dclink\r\n \r\n2009SYSTEMS ANALYST, MVM Ingeniera de Software, Colombia\r\n \r\n Participate in Outsourcing for UNE (EPM Telecommunication) in development project to offer products such as Centrex IP and Empresa Segura.  Parametrization, creation and updating in Oracles PL/SQL and maintain the Oracle Forms 6 module called Constructors\r\n \r\n2004  2008DEVELOPMENT ENGINEER, Axede S. A., Colombia\r\n \r\n Telecommunication field: Participate in Outsourcing for UNE (EPM Telecommunication) migrate certain work  orders and damages modules from Oracle Forms (CRM - Fenix) to WAP and Web using Microsoft Visual Studio 2005 (ASP.NET and C#) with Oracle database.\r\n \r\nAlso, providing support to Siebel 6 (CRM) and Fenix (CRM) applications, which are applications that administer clients and telecommunication product requests, as well as correcting inconsistencies, debugging and loading data using Oracles PL/SQL and Enterprise Integration Manager (EIM - Siebel 6) in a timely manner.\r\n \r\n Gas field: Participate in Outsourcing for EPM (Empresas Publicas de Medellin) providing support to Siebel 6 (CRM) application in Gas product, as well as correcting inconsistencies, debugging and loading data using Oracles PL/SQL and in Siebel development environment in a timely manner.\r\n \r\n                            Page 3\r\n \r\n \r\n2000-2004 PROGRAMMER, University of Medellin, Colombia\r\n \r\n Develop and maintain the Statistics Bulletin Information System project, which contains the Universitys most important statistical information.  This project was published on Internet and Intranet using Visual Basic 6 with the Informix 4GL database, Oracle Designer and Web tools\r\n Analyse purchasing information system, using Visual Basic 6 with the Informix 4GL database and Oracle Designer\r\n Support and maintain to the application for extension courses, which permits student inscription and registration in these courses, using the Informix 4GL database and Oracle Designer\r\n Develop several modules of Investigation Information System, using JAVA, Informix 4GL database and Oracle Designer\r\n Support and maintain of Internet Pre  Registration and Registration Information System, using JAVA programming language, Informix 4GL database and Oracle Designer\r\n Provide support and maintain the Universitys Internet and Intranet Webpage, using the XML, HTML, PHP, ASP, JAVA, JRUN, Apache, Tomcat, MySQL and Visual Basic 6 programming tools.\r\n Select software that complied with medical, dental and psychological consulting needs, as well as provide support and maintenance to applications that were used before the University acquired recommended software\r\n Support and develop academic Webpage application using PHP, MySQL, ASP and Oracle Designer\r\n \r\n2000SYSTEMS ENGINEERING INTERN, Empresa de Desarrollo Urbano, Colombia\r\n \r\n Analyse and design company network\r\n Improve and maintain the computer equipment infrastructure\r\n Train and support user\r\n \r\n1999  2000STUDENT MONITOR, University of Medellin, Colombia\r\n Install software and maintain computer equipment\r\n Provide assistance and support to users\r\n \r\n1999  2000TEACHER, Future Kids, Colombia\r\n Teach computer courses for children and adults\r\n \r\n \r\nEDUCATION:\r\n \r\n2013  SEVERAL ADVANCED COURSES WHICH GIVES ME A C1 CERTIFICATION, Centro Colombo Americano. Medellin, Colombia\r\n \r\n2012   WINDOWS APPLICATION DEVELOPER IN C# .NET 2010, University of Medellin, Colombia\r\n \r\n2011  COURSE  VISUAL STUDIO 2008, Intelligent Training. Medellin, Colombia\r\n \r\n2007  2008 SPECIALIST IN SOFTWARE DEVELOPMENT, EAFIT University, Colombia\r\n \r\n2005  2006 DIPLOMA IN APPLIATION DEVELOPMENT TOOLS .NET, University of Medellin, Colombia\r\n \r\n1995  2000 SYSTEMS ENGINEER, University of Medellin, Colombia\r\n \r\n\r\n \r\nReferences Available Upon Request', '2013-05-29 17:29:20', '2013-06-03 16:35:22', '2013-05-29 17:32:24', '', 0, 1, 0 ), ( 576, 5, 5, 5, 'ModComments', '', '2013-05-29 23:27:03', '2013-05-29 23:27:03', null, '', 0, 1, 0 ), ( 577, 5, 8, 7, 'Potentials', 'Position: Oracle HRMS consultant\r\nLocation: British Columbia\r\n Job Description : \r\n         6+ years of experience in IT\r\n         At least 1 Oracle Payroll experience required\r\n         At least 1 year of strong Oracle Payroll development experience is minimum\r\n         Exposure to Canadian payroll or union payroll preferred\r\n         Techno functional experience preferred. \r\n         Should be multi-dimensional, not restricted to either only technical or only functional', '2013-05-30 21:10:48', '2013-06-26 13:17:58', null, '', 0, 1, 0 ), ( 578, 5, 5, 5, 'Emails', '<p>\r\n	Dear $contacts-firstname$,</p>\r\n<p>\r\n	First of all we wanted to thank you for the time and effort invested in being part of this hiring process with Sintesys. Unfortunately the position for which you were applying has been closed. We regret that we weren&#39;t able to enroll in a relationship for now, however we believe that you profile is suitable for other future opportunities and would like to stay in touch with you for the same.</p>\r\n<p>\r\n	Please let us know if you have any questions or concerns, we are sure we will be working together in the near future.</p>\r\n<p>\r\n	&nbsp;</p>\r\n<p>\r\n	Regards,</p>\r\n<p>\r\n	$users-user_name$</p>', '2013-05-31 20:31:42', '2013-05-31 20:31:42', null, '', 0, 1, 0 ), ( 579, 5, 5, 5, 'Contacts', '', '2013-05-31 20:42:12', '2013-05-31 20:42:12', '2013-05-31 20:42:14', '', 0, 1, 0 ), ( 580, 5, 5, 5, 'Emails', '<p>\r\n	Dear $contacts-firstname$,</p>\r\n<p>\r\n	First of all we wanted to thank you for the time and effort invested in being part of this hiring process with Sintesys. Unfortunately the position for which you were applying has been closed. We regret that we weren&#39;t able to enroll in a relationship for now, however we believe that you profile is suitable for other future opportunities and would like to stay in touch with you for the same.</p>\r\n<p>\r\n	Please let us know if you have any questions or concerns, we are sure we will be working together in the near future.</p>\r\n<p>\r\n	&nbsp;</p>\r\n<p>\r\n	Regards,</p>', '2013-05-31 20:43:56', '2013-05-31 20:44:11', null, '', 0, 1, 0 ), ( 581, 5, 5, 5, 'Contacts', 'Germn Vela\n100 de Gasp # 402\nMontral, Qubec\nH3E1E5	Telephone:  514-9964020 / email:  gvela39@hotmail.com\nSkype: german.vela\n\n\n	\n\nPROFILE\nElectronic engineer with a high interest in the area of consulting in CRM, BI, project management, project development and software technology in general. Experience in a variety of tools and techniques in system development life cycle, methodologies in many large-scale projects and project life cycles stages; all these supported by eight years of experience within IT and Siebel CRM. \nEffective team player, eager to solve any problems seeking the best possible solutions by making these into opportunities. Pro-active, hard-worker, efficient and reliable team mate.\n\n\n\n\n\n\n\n\nWORK EXPERIENCE\nSTEFANINI Informatica & Tecnologia, Bogota, Colombia                    September 2012  February 2013\nTechnical Leader				    \n\nKey Responsibilities:\n-	Report directly to the project manager of CRM (Tigo Paraguay) and the project manager (Stefanini).\n-	Lead the technical team for the Siebel data migration, development and integration with other platforms.\n-	Generate the schedule of activities according to resources, tasks and project risks.\n-	Control the execution of the activities planned in the schedule, according to the client\'s proposal.\n-	Keep the customer informed about the progress of the project, acting as a channel of communication between the team and the client.\n-	Development of interactions using EAI.\n-	Define standards for the database and EAI integration.\n-	Organize and create testing cases to integrate the elements developed as well verify the requirements in the design phase.\n-	Maintain project documentation in the phases of analysis, design, development, testing, production techniques, and making sure they meet the standards of Stefanini.\n\n\nINDRA, Medellin, Colombia	                                                       Jun 2012  September 2012\nSenior Siebel Technical Consultant			\n	\nKey Responsibilities:\n-	Stabilization of the development environment.\n-	Customizing the Siebel CRM 8.1 application according to the customer requirements (UNE Telecommunications).\n-	Design and implement interfaces.\n-	Creation of technical documentation for the application Siebel Power Communications 8.1, according to the standards defined by UNE telecommunications.\n	\n\nGlobal Solutions S.A, Bogota, Colombia				                      September 2011  Mayo 2012\nSiebel Business Analyst													\nMajor Responsibilities:\n-	Gather the necessary information to deploy the application Siebel Marketing 8.1. (Helm Bank, Bogota, Colombia)\n-	Develop functional information for Siebel Marketing Tool 8.1.\n-	Siebel Marketing 8.1 tool configuration according to customer needs. Analysis using FIT / GAP.\n-	Design and implement the tools for data extraction from Siebel Marketing to the bank\'s systems, using EIM.\n-	Requirement analysis to create reports with OBIEE 11.\n-	Creation of technical documentation for the application Siebel Marketing 8.1, according to the standards defined by Oracle Consulting Services.\n\n\n\nALTIVE CONSULTING PARTNER, Bogota, Colombia		              October 2009  October 2011\nSiebel EIM Integration Consultant				\n\nMajor Responsibilities:\n \nTIGO El Salvador - CRM Project\n	\n-	Requirement analysis requested by the customer.\n-	Deployment and maintenance of Siebel CRM 8.1.\n-	Design data migration into the CRM, using EIM architecture.\n-	Development of interactions using EAI.\n-	Documentation of new developments according to the methodology Altive.\n\nCOLPATRIA Bank - CRM Project\n\n-	Requirements analysis of Siebel CRM application using the Siebel Tools.\n-	Requirement analysis of the CRM data area.\n-	Give advise to the CRM team on issues related to the databases, SQL queries, stored procedures and ETL.\n-	Deployment and maintenance of the loading of ETL to CRM information with Informatica Power Center tool.\n-	Deployment and maintenance of batch processes into the CRM tool with EIM (Enterprise Integration Manager).\n-	Data migration from banking systems to the Siebel CRM.\n-	Data automation process using unix shell scripts and C++.\n-	Tuning queries to optimize working time.\n-	Lead the technical team with issues regarding backups, testing and documentation techniques, both in Informatica Power Center as well in Siebel CRM version 8.0.\n\n            ETB  Somos  Project\n\n-	Support Data Migration team on the development issues for Oracle PL / SQL and data model Siebel CRM version 8.0.\n-	Process development to extract information periodically from Siebel CRM to areas of Data Warehouse and Business Intelligence.\n-	Extracting information using Siebel EIM and EAI.\n-	EIM process automation using shell script on SunOS.\n\nData Business Unit\n\n-	Participation in the creation of the business unit as corporate product information.\n-	Participation in the development of schemes for extract, transform, load data mining and data quality processes.\n-	Gather information and consolidate best practices for the use of frameworks for the maintenance and database administration, migration processes and contingency options.\n-	Configuration Training Siebel 8.0, Siebel Tools and Siebel Analytics (Oracle Business Intelligence).\n\nTIGO, Bogota, Colombia				                                     December 2006  October 2009\nData Warehouse Developer				\n\nMajor Responsibilities:\n-	Analytical project participation for CRM (Siebel 7.0) using Siebel Analytics and Informatica Power Center.\n-	Information analysis of different platforms of the company applying knowledge on telecommunications.\n-	Generation and data modeling for different areas cubes customer service and billing, using ErWin, Oracle Discoverer and Excel.\n-	Design and process development for Business Intelligence ETL tool with WebSphere Data Stage (Project IBIS).\n-	Design, develop and maintenance of ETL flows from various transactional systems of  company (billers, CRM and mediator), to the data warehouse using Oracle Warehouse builder tool.\n-	Implementation, testing and documenting of programs for the Data Warehouse, mainly using PL / SQL for Oracle, MySQL, SQL Server, and Java.\n\n\nActivos S.A, Bogota, Colombia				                                    December 2004  December 2006\nSiebel Data Quality and Incidents Engineer			\n\nMajor Responsibilities:\n-	Optimize the incident resolution process within the Customer Management System (Siebel), interacting with other transactional systems company.\n-	Analysis and resolution of inconsistencies in the database of the company\'s transactional systems (Siebel CRM, RTB, and OVSA Infranet).\n-	Generating reports of inconsistencies in data using tools such as Microsoft Access and Excel.\n-	Generating reports using Oracle tools.\n\n\nEDUCATION/TRAINING\nESCUELA COLOMBIANA DE INGENIERIA, Bogota, Colombia                   January 1998  June 2004\nElectronic Engineer	\n\nCOLEGIO MINUTO DE DIOS, Bogota, Colombia                                          January 1995  June 1997\nBachiller Academico\n\n\n\nACCOMPLISHMENTS\n\n	Successfully managed a diverse range of projects from conception through implementation.\n	Effectively prioritized and organized work loads in a constantly changing environment to meet daily and weekly schedules.\n	Organized and implemented an efficient workflow system that resulted in significant cost savings.\n\n	\nReferences Available Upon Request', '2013-05-31 22:39:14', '2013-07-17 15:41:49', '2013-06-03 13:27:41', '', 0, 1, 0 ), ( 582, 5, 5, 5, 'Emails', '<p>\r\n	Dear $contacts-firstname$,</p>\r\n<p>\r\n	First of all we would like to thank you for the time and effort invested in the hiring process with Sintesys.</p>\r\n<p>\r\n	Unfortunately the position for which you were applying has been closed. We regret the fact that we weren&#39;t able to enroll in a relationship for now, however we believe that your profile might be suitable for future opportunities and would like to stay in touch with you.</p>\r\n<p>\r\n	Please let us know if you have any questions or concerns. We are sure we will be working together in the near future.</p>\r\n<p>\r\n	&nbsp;</p>\r\n<p>\r\n	Regards,</p>\r\n<p>\r\n	Sintesys Recruitment Team</p>', '2013-06-03 16:26:47', '2013-06-03 16:26:47', null, '', 0, 1, 0 ), ( 583, 5, 5, 5, 'Emails', '<p>\r\n	Dear $contacts-firstname$,</p>\r\n<p>\r\n	First of all we would like to thank you for the time and effort invested in the hiring process with Sintesys.</p>\r\n<p>\r\n	Unfortunately the position for which you were applying has been closed. We regret the fact that we weren&#39;t able to enroll in a relationship for now, however we believe that your profile might be suitable for future opportunities and would like to stay in touch with you.</p>\r\n<p>\r\n	Please let us know if you have any questions or concerns. We are sure we will be working together in the near future.</p>\r\n<p>\r\n	&nbsp;</p>\r\n<p>\r\n	Regards,</p>\r\n<p>\r\n	Sintesys Recruitment Team</p>', '2013-06-03 16:28:17', '2013-06-03 16:28:17', null, '', 0, 1, 0 ), ( 584, 5, 5, 5, 'Emails', '<p>\r\n	Dear $contacts-firstname$,</p>\r\n<p>\r\n	First of all we would like to thank you for the time and effort invested in the hiring process with Sintesys.</p>\r\n<p>\r\n	Unfortunately the position for which you were applying has been closed. We regret the fact that we weren&#39;t able to enroll in a relationship for now, however we believe that your profile might be suitable for future opportunities and would like to stay in touch with you.</p>\r\n<p>\r\n	Please let us know if you have any questions or concerns. We are sure we will be working together in the near future.</p>\r\n<p>\r\n	&nbsp;</p>\r\n<p>\r\n	Regards,</p>\r\n<p>\r\n	Sintesys Recruitment Team</p>', '2013-06-03 16:30:03', '2013-06-03 16:30:03', null, '', 0, 1, 0 ), ( 585, 5, 5, 5, 'Emails', '<p>\r\n	Dear $contacts-firstname$,</p>\r\n<p>\r\n	First of all we would like to thank you for the time and effort invested in the hiring process with Sintesys.</p>\r\n<p>\r\n	Unfortunately the position for which you were applying has been closed. We regret the fact that we weren&#39;t able to enroll in a relationship for now, however we believe that your profile might be suitable for future opportunities and would like to stay in touch with you.</p>\r\n<p>\r\n	Please let us know if you have any questions or concerns. We are sure we will be working together in the near future.</p>\r\n<p>\r\n	&nbsp;</p>\r\n<p>\r\n	Regards,</p>\r\n<p>\r\n	Sintesys Recruitment Team</p>', '2013-06-03 16:30:49', '2013-06-03 16:30:49', null, '', 0, 1, 0 ), ( 586, 5, 5, 5, 'Emails', '<p>\r\n	Dear $contacts-firstname$,</p>\r\n<p>\r\n	First of all we would like to thank you for the time and effort invested in the hiring process with Sintesys.</p>\r\n<p>\r\n	Unfortunately the position for which you were applying has been closed. We regret the fact that we weren&#39;t able to enroll in a relationship for now, however we believe that your profile might be suitable for future opportunities and would like to stay in touch with you.</p>\r\n<p>\r\n	Here is the feedback from the customer:</p>\r\n<p>\r\n	<strong><u>Overall Rating:</u></strong></p>\r\n<p>\r\n	EAI:2/5</p>\r\n<p>\r\n	eScript: 1/5</p>\r\n<p>\r\n	Workflow: 1/5</p>\r\n<p>\r\n	Please let us know if you have any questions or concerns. We are sure we will be working together in the near future.</p>\r\n<p>\r\n	&nbsp;</p>\r\n<p>\r\n	Regards,</p>\r\n<p>\r\n	Sintesys Recruitment Team</p>', '2013-06-03 16:35:06', '2013-06-03 16:35:06', null, '', 0, 1, 0 ), ( 587, 5, 5, 5, 'Emails', '<p>\r\n	Dear $contacts-firstname$,</p>\r\n<p>\r\n	First of all we would like to thank you for the time and effort invested in the hiring process with Sintesys.</p>\r\n<p>\r\n	Unfortunately the position for which you were applying has been closed. We regret the fact that we weren&#39;t able to enroll in a relationship for now, however we believe that your profile might be suitable for future opportunities and would like to stay in touch with you.</p>\r\n<p>\r\n	Please let us know if you have any questions or concerns. We are sure we will be working together in the near future.</p>\r\n<p>\r\n	&nbsp;</p>\r\n<p>\r\n	Regards,</p>\r\n<p>\r\n	Sintesys Recruitment Team</p>', '2013-06-03 16:38:06', '2013-06-03 16:38:06', null, '', 0, 1, 0 ), ( 588, 5, 5, 5, 'Contacts', '', '2013-06-03 17:02:45', '2013-06-03 17:02:45', '2013-06-03 17:03:52', '', 0, 1, 0 ), ( 589, 5, 5, 5, 'Contacts', '', '2013-06-03 17:03:09', '2013-06-03 17:03:09', '2013-06-03 17:04:09', '', 0, 1, 0 ), ( 590, 5, 5, 5, 'Emails', '<p>\r\n	Dear $contacts-firstname$,</p>\r\n<p>\r\n	First of all we would like to thank you for the time and effort invested in the hiring process with Sintesys.</p>\r\n<p>\r\n	Unfortunately the position for which you were applying has been closed. We regret the fact that we weren&#39;t able to enroll in a relationship for now, however we believe that your profile might be suitable for future opportunities and would like to stay in touch with you.</p>\r\n<p>\r\n	Please let us know if you have any questions or concerns. We are sure we will be working together in the near future.</p>\r\n<p>\r\n	&nbsp;</p>\r\n<p>\r\n	Regards,</p>\r\n<p>\r\n	Sintesys Recruitment Team</p>', '2013-06-03 17:04:49', '2013-06-03 17:04:49', null, '', 0, 1, 0 ), ( 591, 7, 7, 7, 'Potentials', '1)      Location  Shelton, CT\n2)      Number of positions  2 (One position is on Hyperion FDQM along with any Essbase and Hyperion Planning background, Second position is for Hyperion Planning, Essbase, Manage the support of the applications.)\n3)      Type of employment (Corp2Corp / Perm)-Prefer Perm. Open to C2H\n4)      Target rate / Salary - $60 rate/ annual salary $90K-$100K\n5)      Length of contract Long term\n6)      Years of experience in specific technology  5+\n7)      Main activities Technical lead, design and development\n8)      Around 3 basic questions that the candidate should be able to answer\nShould have strong hands on Hyperion FDQM for one role atleast 2 years of experience.\nFor the second role, should manage the support of Hyperion Planning applications both EPMA and classic. Should be strong on Essbase.', '2013-06-03 18:12:03', '2013-06-17 10:56:02', '2013-06-17 10:55:50', '', 0, 1, 0 ), ( 592, 7, 7, 7, 'Contacts', '', '2013-06-03 19:27:43', '2013-07-03 14:11:10', '2013-07-10 20:24:57', '', 0, 1, 0 ), ( 593, 7, 7, 7, 'Documents', '', '2013-06-03 19:28:44', '2013-06-03 19:28:44', null, '', 0, 1, 0 ), ( 594, 7, 7, 0, 'Documents Attachment', '', '2013-06-03 19:28:44', '2013-06-03 19:28:44', null, '', 0, 1, 0 ), ( 595, 5, 5, 5, 'Documents', '', '2013-06-04 13:32:55', '2013-06-04 13:32:55', null, '', 0, 1, 0 ), ( 596, 5, 5, 0, 'Documents Attachment', '', '2013-06-04 13:32:55', '2013-06-04 13:32:55', null, '', 0, 1, 0 ), ( 597, 7, 7, 7, 'Contacts', '', '2013-06-04 14:58:23', '2013-07-03 14:11:26', '2013-07-03 14:11:18', '', 0, 1, 0 ), ( 598, 7, 7, 7, 'Documents', '', '2013-06-04 14:59:33', '2013-06-04 14:59:33', null, '', 0, 1, 0 ), ( 599, 7, 7, 0, 'Documents Attachment', '', '2013-06-04 14:59:33', '2013-06-04 14:59:33', null, '', 0, 1, 0 ), ( 600, 7, 8, 5, 'Potentials', 'We are looking for Strong Technical PM with SAS background and good understanding of SAS Grid Architecture at Kettlersville, OH', '2013-06-07 13:21:30', '2013-07-17 15:27:30', null, '', 0, 1, 0 ), ( 601, 7, 8, 7, 'Potentials', 'We are looking for ODI/OBIEE Architect person in NY city. This is ASAP position.\n \nJD details:\n \n1.       Overall 7+ years of ODI ETL & OBIEE reporting/analytics experience\n2.       Analyze Functional & Technical ETL Specifications \n3.       Identify key/critical design elements and interfaces, provide ETL design approaches & identify transformation rules \n4.       Understand the source and target details (structures, mappings, etc)\n5.       Responsible for all aspects of data capture, transformation and loading using Oracle Data Integrator\n6.       Create/Enhance ETL jobs as needed to load external feeds into  warehouse tables/data mart tables.\n7.       Understand the overall workflow / approach related to the Analytics reports design and development\n8.       Write technical design specifications based on the functional requirements  / specifications\n9.       Design and develop OBIEE metadata/logical data models (RPD), Develop OBIEE Dashboards & BI Publisher Reports \n10.   Responsible for troubleshooting related to reports i.e. from the presentation layer to the data source / OLTP\n11.   Retail domain expertise will be added plus', '2013-06-07 13:22:54', '2013-07-26 14:26:12', null, '', 0, 1, 0 ), ( 602, 7, 8, 7, 'Potentials', 'Location : Houston, TX\nDuration : 6 months\nNo. of Positions : 2\n\nJob Description:\n\nThis position is responsible for the planning and execution of the activities related to Incident Management, Configuration Management, and Knowledge Management in Service Management System and onboarding L&R applications into ServiceNow platform. This position is also responsible strategic planning of service management roadmap and integrating new features and requests into Service Management System. The position will also have responsibilities specific to the Knowledge Management process design and development.\nSpecific responsibilities will include; Design and review new requirements and new features based on business needs. Review new versions of Service-Now platform and plan the correct release process. Create and/or review workflows for processes using Service-Now platform. Create and/or review data integrations between AIG SERVICE NOW platform (based on S-N platform) and other AIG systems. Conduct detailed analysis of AIG SERVICE NOW platform performance issues and setting to assure maximum output. Review and integrate data extractions from AIG SERVICE NOW platform (based on S-N platform) for reporting. Develop and implement new features as requested by business requirements. Lead the development efforts for new projects involving AIG SERVICE NOW platform. Analyzing the existing knowledge assets related to Global Process Improvement and knowledge holistically as a service and developing strategies to transition them to KM processes.\nResponsibilities will also include; Identify areas of gaps for the knowledge assets and develop plans to address them with the appropriate functional areas. Conduct detailed analysis and identification of operational processes and procedures that needs to be managed within KM. Planning and directing KM activities with the participation of appropriate Information Technology Subject Matter Experts. Responsible for investigating and gathering information on process and procedures from individuals. Lead the design, development and maintenance of centralize training documentation. Collaborate across IT Knowledge management and Iris Knowledge Management. Provide support for the Iris Knowledge Management initiative with joint initiatives, programs and missions. Contribute to the continuous improvement of all processes, templates, checklists and other artifacts necessary for the execution of the KM activities.\nQualifications\nA minimum of a bachelor\'s degree is preferred. A minimum of 7 years of IT experience is required. Experience in the application services area is required. A minimum of 2 years of IT project management and/or process development experience is required. Working knowledge of Service-Now platform development and administration are required.', '2013-06-07 13:31:23', '2013-07-26 21:45:07', null, '', 0, 1, 0 ), ( 603, 7, 8, 5, 'Potentials', '', '2013-06-07 13:36:30', '2013-06-26 14:29:34', null, '', 0, 1, 0 ), ( 604, 7, 7, 7, 'Contacts', '', '2013-06-07 13:38:49', '2013-07-03 14:11:38', '2013-07-11 16:32:08', '', 0, 1, 0 ), ( 605, 7, 7, 7, 'Documents', '', '2013-06-07 13:39:47', '2013-06-07 13:39:47', null, '', 0, 1, 0 ), ( 606, 7, 7, 0, 'Documents Attachment', '', '2013-06-07 13:39:47', '2013-06-07 13:39:47', null, '', 0, 1, 0 ), ( 607, 7, 7, 7, 'Contacts', '', '2013-06-07 13:42:15', '2013-06-07 13:43:17', '2013-06-07 13:42:56', '', 0, 1, 0 ), ( 608, 7, 7, 7, 'Documents', '', '2013-06-07 13:42:47', '2013-06-07 13:42:47', null, '', 0, 1, 0 ), ( 609, 7, 7, 0, 'Documents Attachment', '', '2013-06-07 13:42:47', '2013-06-07 13:42:47', null, '', 0, 1, 0 ), ( 610, 7, 7, 5, 'Contacts', '', '2013-06-07 13:46:14', '2013-07-17 15:41:49', '2013-07-03 14:11:41', '', 0, 1, 0 ), ( 611, 7, 7, 7, 'Documents', '', '2013-06-07 13:46:43', '2013-06-07 13:46:43', null, '', 0, 1, 0 ), ( 612, 7, 7, 0, 'Documents Attachment', '', '2013-06-07 13:46:43', '2013-06-07 13:46:43', null, '', 0, 1, 0 ), ( 613, 7, 7, 7, 'Contacts', '', '2013-06-07 13:50:56', '2013-07-03 14:12:11', '2013-07-03 14:11:51', '', 0, 1, 0 ), ( 614, 7, 7, 7, 'Documents', '', '2013-06-07 13:51:46', '2013-06-07 13:51:46', null, '', 0, 1, 0 ), ( 615, 7, 7, 0, 'Documents Attachment', '', '2013-06-07 13:51:46', '2013-06-07 13:51:46', null, '', 0, 1, 0 ), ( 616, 7, 7, 5, 'Contacts', '', '2013-06-07 13:57:03', '2013-07-22 14:31:21', '2013-07-03 14:12:14', '', 0, 1, 0 ), ( 617, 7, 7, 7, 'Documents', '', '2013-06-07 13:57:55', '2013-06-07 13:57:55', null, '', 0, 1, 0 ), ( 618, 7, 7, 0, 'Documents Attachment', '', '2013-06-07 13:57:55', '2013-06-07 13:57:55', null, '', 0, 1, 0 ), ( 619, 7, 7, 7, 'Contacts', '', '2013-06-07 14:02:24', '2013-07-03 14:12:46', '2013-08-27 15:23:34', '', 0, 1, 0 ), ( 620, 7, 7, 7, 'Documents', '', '2013-06-07 14:03:13', '2013-06-07 14:03:13', null, '', 0, 1, 0 ), ( 621, 7, 7, 0, 'Documents Attachment', '', '2013-06-07 14:03:13', '2013-06-07 14:03:13', null, '', 0, 1, 0 ), ( 622, 7, 7, 7, 'Contacts', '', '2013-06-12 20:03:35', '2013-07-03 14:13:07', '2013-07-03 14:12:49', '', 0, 1, 0 ), ( 623, 7, 7, 7, 'Documents', '', '2013-06-12 20:04:27', '2013-06-12 20:04:27', null, '', 0, 1, 0 ), ( 624, 7, 7, 0, 'Documents Attachment', '', '2013-06-12 20:04:27', '2013-06-12 20:04:27', null, '', 0, 1, 0 ), ( 625, 7, 7, 7, 'Contacts', '', '2013-06-12 20:45:34', '2013-07-03 14:13:20', '2013-08-27 15:23:37', '', 0, 1, 0 ), ( 626, 7, 7, 7, 'Documents', '', '2013-06-12 20:46:16', '2013-06-12 20:46:16', null, '', 0, 1, 0 ), ( 627, 7, 7, 0, 'Documents Attachment', '', '2013-06-12 20:46:16', '2013-06-12 20:46:16', null, '', 0, 1, 0 ), ( 628, 16, 16, 5, 'Contacts', 'Daniel Heaney\r\nDigital Artist & Software Developer\r\n\r\ndanielheaney@hotmail.com\r\nUS: (52) 811-071-5068 or Mex: (044) 811-071-5068\r\n@dheaneys on Twitter\r\n\r\nOn  the  lookout  for  jobs  requiring  creativity  and  experience  in  a  wide  range  of  fields,  hard  work  and  play,  and  a  spark  of\r\n\r\nEDUCATION\r\nAug 2005 - May 2010 UNIVERSIDAD DE MONTERREY\r\nDigital Design Engineer\r\nComputer Graphics, 3D Modelling and Animation, Video Editing and Special Effects, Virtual World\r\nDesign, Programming, Video and Image Post-production\r\n\r\nEXPERIENCE\r\nDigital Artist & Software Developer\r\nResponsibilities Mobile Apps: Development for iOS and Android platforms.\r\n3D Models & Visualizations: From architectural, to industrial/product design, and games.\r\nVideo postproduction: Motion graphics and some vfx work.\r\n\r\nMay 2010 - May 2012 RENDER SOLUTIONS\r\n3D Artist and Video Editing\r\nResponsibilities 3D modelling and rendering, and post-production for architectural visualizations and games.\r\nVideo editing, along with 2D and 3D motion graphics and special effects.\r\nProject lead on all Facebook/Flash/iPad/iPhone/web apps and interactive brochures.\r\n\r\nMar 2009 - May 2010 CGBOT\r\n3D Artist\r\nResponsibilities * Project Lead: Migrating key game assets from an Unreal Engine designed level, to a Unity based\r\niPhone app.\r\n\r\nSKILLS\r\nProgramming C#, JavaScript, AS3, C++, Html, CSS, Objective-C\r\nSoftware Adobe Design Suite, 3DS Max, Maya, Cinema 4D, ZBrush, Vue, Unity 3D, After Effects, Premiere, Final\r\nCut, Soundbooth, Logic Pro\r\nSocial Facebook, Twitter, Youtube, Vimeo\r\nOrganizational Microsoft Office, Windows Explorer\r\nArt 3D modelling, animation, motion graphics, musical composition\r\nOther skills Guitar!\r\n\r\nLANGUAGES\r\nMother tongue English\r\n\r\nListening Reading Writing Speaking\r\nSpanish Native Proficiency Native Proficiency Native Proficiency Native Proficiency', '2013-06-13 14:11:12', '2013-07-17 15:41:49', '2013-06-13 14:11:13', '', 0, 1, 0 ), ( 629, 7, 7, 7, 'Potentials', '         6+ years of total BI experience\n         4+ years of SAS experience \n         Minimum 1+ year of SAS Grid implementation experience  (this is must)\n         Migratory experience from SAS 9.2 to SAD GRID would be a perfect match, but not a must\n         Good communication and customer facing skills needed', '2013-06-18 13:31:56', '2013-08-23 21:41:07', '2013-08-23 21:40:52', '', 0, 1, 0 ), ( 630, 7, 7, 5, 'Potentials', '1)      Location  :Atlanta\r\n2)      Number of positions  : 6\r\n3)      Type of employment (Corp2Corp / Perm)  : Either of them is fine (including perm hire)\r\n4)      Target rate / Salary : Suggest the best rate possible. \r\n5)      Length of contract :  1 year\r\n6)      Years of experience in specific technology  3  4 years strong experience ( I heard lot of fake CVs and incorrect CVs in the market. This need to be genuine and very knowledgeable) \r\n7)      Main activities : Development, Testing, Integration,  Design\r\n8)      Around 3 basic questions that the candidate should be able to answer : Not sure about this. \r\n \r\nSoftware Engineer to come grow with us in a dynamic and challenging environment to join our team in our metro Atlanta office. He is willing travel within US for short assignments for implementation. \r\n \r\nResponsibilities\r\n \r\n         Develop, enhance, test and implement solutions for the financial services industry\r\n \r\nQualifications\r\n \r\n         Databases: SQL \r\n         Operating systems: Windows and Linux\r\n         Programming language: Core Java, Javascript\r\n         Web Technologies: HTML, XML, XSL, Servlets\r\n         Excellent communication skills\r\n         Excellent written and spoken English\r\n         Pro-active and Team Oriented approach\r\n         BS degree in Computer Science or related field\r\n         Travel required up to 100%\r\n \r\nExperience\r\n \r\n         3+ years experience with a Software Company or in a consulting role\r\n         Actimize experience is a PLUS', '2013-06-18 13:34:28', '2013-07-19 14:53:20', '2013-07-03 15:40:48', '', 0, 1, 0 ), ( 631, 7, 7, 7, 'Potentials', 'OTM Techno Functional\r\nFull Time\r\nGreenBay, WI\r\n\r\nRequest you to share profiles of suitable associates. Do let me know in case you need additional information.\r\nJob Description\r\n1. OTM v. 6.x. Strong Functional or Techno Functional resource capable of translating requirements into OTM configuration\r\n2. Hands on experience in Order Mgmt, Planning Parameters, Shipment Execution, Financial Settlement etc.\r\n3. Working knowledge on Integrating OTM with ERP or custom applications.\r\n4. Experience in requirement gathering, analysis and solution design\r\n5. Well versed with SCM, TM domain\r\n6. Well versed with Oracle AIM methodology\r\n7. Good communication and inter person skills\r\n8. Relevant Experience at least 4 to 5 years and 3-4 implementations', '2013-06-18 22:49:22', '2013-07-26 18:51:28', '2013-07-26 18:51:55', '', 0, 1, 0 ), ( 632, 7, 7, 5, 'Contacts', '', '2013-06-21 04:26:30', '2013-07-22 14:31:21', '2013-07-03 14:13:38', '', 0, 1, 0 ), ( 633, 7, 7, 7, 'Documents', '', '2013-06-21 04:27:04', '2013-06-21 04:27:04', null, '', 0, 1, 0 ), ( 634, 7, 7, 0, 'Documents Attachment', '', '2013-06-21 04:27:04', '2013-06-21 04:27:04', null, '', 0, 1, 0 ), ( 635, 7, 7, 5, 'Contacts', '', '2013-06-21 04:29:57', '2013-07-17 15:41:49', '2013-07-03 14:13:43', '', 0, 1, 0 ), ( 636, 7, 7, 7, 'Documents', '', '2013-06-21 04:31:05', '2013-06-21 04:31:05', null, '', 0, 1, 0 ), ( 637, 7, 7, 0, 'Documents Attachment', '', '2013-06-21 04:31:05', '2013-06-21 04:31:05', null, '', 0, 1, 0 ), ( 638, 7, 7, 7, 'Contacts', '', '2013-06-21 04:32:54', '2013-07-03 14:14:12', '2013-07-03 14:13:56', '', 0, 1, 0 ), ( 639, 7, 7, 7, 'Documents', '', '2013-06-21 04:33:34', '2013-06-21 04:33:34', null, '', 0, 1, 0 ), ( 640, 7, 7, 0, 'Documents Attachment', '', '2013-06-21 04:33:34', '2013-06-21 04:33:34', null, '', 0, 1, 0 ), ( 641, 7, 7, 7, 'Potentials', 'DW  Consultant\r\n\r\nJob Description:\r\n \r\nMajor Tasks, Responsibilities and Key Accountabilities\r\n\r\nResponsible for the analysis and development of logical and physical data models for a full-functioning data warehouse/data mart environment. Duties include but are not limited to: subject area interviews, metadata documentation, development of logical models, and translation of logical model to a physical data model, dimensional modeling skills. In this role you will be involved in development and implementation. The ideal candidate should have hands on experience in ETL development preferably BODS (SAP ETL tool).  \r\n Ensures that delivered products meet agreed upon user requirements and security requirements, and that EDW and organizational development and documentation standards are met. Responsible for analysis, design, and testing throughout the data warehouse implementation. Frequently interacts with the ETL and analytics requirements, arrange design reviews, and perform testing. Also have some experience in implementing DW on oracle databases.\r\n \r\nExperience required:\r\n\r\nMinimum 5 years of relevant work experience.\r\n \r\nProven data architecture skills, especially in relational and dimensional data modeling and physical database design of decision support systems.  Some exposure to data modeling tools such as ERWIN. \r\n \r\nExperience designing, implementing and managing metadata solutions. Meta data definition and repository experience a plus. \r\n  \r\nStrong problem-solving skills in complex, multi-vendor computing environments.\r\n \r\nSolid written and verbal communication skills, with the demonstrated ability to communicate complex technical topics to management and non-technical audiences.\r\n \r\nAbility and desire to work within a cross-functional team environment with people from multiple business units, vendors, countries and cultures.\r\n \r\nUnderstanding of data warehouse project management methodologies and tools such as ETL tools, reporting tools (Business Objects), BI tools.\r\n\r\nExposure to relational database technology such as Oracle, SQL Server and DB2 AS400 is needed. Proficient in SQL query tuning, and complex joins to ensure performance of star schema queries are optimal. \r\n \r\nRequired Qualifications\r\n7+ years Information Technology\r\n5+ years Data Warehousing\r\n2+ years Data Modeling\r\n5+ years SQL \r\n2+ years ETL \r\n5+ Years of relational DB technology', '2013-06-21 04:35:37', '2013-07-25 19:56:30', '2013-07-25 19:56:05', '', 0, 1, 0 ), ( 642, 7, 7, 7, 'Potentials', 'We are on the lookout for a Sr. RMS experienced resource at onsite (Santa Barbara, California)\r\n \r\nJob Description:\r\n         10+ years of IT experience with minimum 5+ years Functional experience in Implementation of Oracle Retail applications\r\n         Provide Functional Leadership in the areas of Oracle Retail RMS and other related modules \r\n         Experience of at least two Oracle Retail Implementations and also experience in Support Engagements\r\n         Assist client in the selection, implementation, upgrade and support of Oracle Retail solutions. \r\n         Defining innovative functional solutions to meet business process requirements in Oracle Retail and/or interfacing with other 3rd party systems\r\n         Responsible for planning, leading and actively participating in opportunities related to Oracle / RMS areas\r\n         Should be able to manage customer expectations and collaborate with various business stakeholders\r\n         Should have excellent business communication skills, presentation skills &  team management\r\n         Should have experience of working in Onsite/Offshore delivery model\r\n         Should have experience in Project Delivery & Presales activities\r\n         Should be able to work in account mining activities', '2013-06-26 14:46:06', '2013-08-23 21:17:11', '2013-08-23 21:16:53', '', 0, 1, 0 ), ( 643, 5, 5, 5, 'Contacts', '', '2013-07-01 16:04:21', '2013-07-01 16:41:56', '2013-07-29 14:52:17', '', 0, 1, 0 ), ( 644, 16, 16, 5, 'Contacts', 'Mario Edgar Quiroz Guzman\r\n \r\nAddress: Ajusco Norte Sector 172 casa 6 Infonavit Norte CTM Cuautitlan Izcalli Estado de Mexico.\r\nAge: 31 . Marital Status: Single\r\nNationality: Mexican.\r\n \r\nPhone Number: 26-11-20-68\r\nCellphone number: 04555-34083677\r\nE-mail: zacek3082@gmail.com\r\nObjective\r\nBeing a person in a constant professional development and to help the customer where I am working for, to achieve goals and objectives in an efficient and satisfactory way.\r\n \r\n \r\nEducation\r\n \r\nUNITEC Campus Atizapan\r\nDegree on Computer Systems (2000 / 2005)\r\nCertificated.\r\n \r\nWork Experience\r\n \r\nLATBC May 2011to the present\r\nInvolved in Integration projects in Siebel 7.5 and 8.1 with EAI and Business Services.\r\n \r\nProject\r\n \r\nLoyalty Program\r\nClient\r\nMAXCOM\r\nResponsibilities\r\n Develop of Workflows to communicating with the Enterprises middleware.\r\n Develop of inbound and outbound Web Services.\r\n Programming in E-Script.\r\n Siebel configuration.\r\n Analysis and design of the requirements for the new Enterprises middleware.\r\n Elaboration of documents and diagrams to support the analysis and design (use cases, activity, sequency).\r\nProject\r\nIntegration\r\nClient\r\nALSEA\r\nResponsibilities\r\n Analysis and updating of information in Siebel Loyalty 8.1 with EIM.\r\n Design and develop of Inbound web services for CRUD operations.\r\n Processes documentation.\r\n Migration of data between environments.\r\n \r\nASATEK March 2011- May 2011\r\nInvolved in different projects involved mainly with Siebel 8.0\r\n \r\nProject\r\n \r\nConfiguration\r\nClient\r\nCasas GEO.\r\nResponsibilities\r\n Programming Business Services with E-Script.\r\n Configuration in the UI of Siebel 8.0\r\n \r\nGrupo Forma September 2010- April 2011\r\nInvolved in the installation of Siebel in the company.\r\n \r\nProject\r\n \r\nVarious\r\nClient\r\nNA\r\nResponsibilities\r\n Installation of Siebel 8.0 for educational purposes.\r\n Elaboration of documents for the consultory.\r\n \r\n \r\nExt Ware Consulting August 2008- August 2010\r\nInvolved in different projects involved mainly with Siebel and databases (Oracle, SQL Server)\r\n \r\nProject\r\n \r\nInnova Data Migration\r\nClient\r\nSKY\r\nResponsibilities\r\n Analysis and scripts design on Windows platform, for data migration using Informix, SQL Server and Oracle as data sources.\r\n Elaboration of documents for the project.\r\n Handling of utilities for the migration (SQL*Loader, BCP, DBACCESS).\r\n \r\n \r\nProject\r\n \r\n \r\nArchiving\r\nClient\r\nSKY\r\nResponsibilities\r\n Analysis and stored procedures design for depuration and migration of data into backup tables.\r\n Elaboration of backup views on Siebel E-Comm 6.3\r\n \r\nProject\r\n \r\n \r\nSiebel 8.0.1 Life Science Implementation\r\nClient\r\nStendhal of Mexico\r\nResponsibilities\r\n Analysis and design of Inbound Web Services on Siebel.\r\n Design and development of applets and hierarchical multivalued list.\r\n Design of reports on Siebel using BI Publisher and Siebel Reports.\r\n Analysis and design of workflows for Web Services on Siebel.\r\n \r\n \r\nProject\r\nDesign of interfaces IJSFA\r\nClient\r\nGlaxo Smith Kline of Mexico SA de CV  \r\nResponsibilities\r\n Analysis, design and development of interfaces to extract and to migrate data.\r\n Scripts development in Oracle 10g R2 to extract and insert data.\r\n Process development in batches to send mails via stored procedures in Oracle.\r\n Task scheduling using batch files.\r\n Preparation of documentation in English.\r\n \r\nProject\r\nSiebels maintenance\r\nClient\r\nBAXTER\r\nResponsibilities\r\n Installation and configuration of Siebel Server 7.0.4.\r\n Installation of patches and upgrade for Siebel Server 7.0.4.\r\n \r\n \r\nProject\r\nQuest\r\nClient\r\nPEMEX\r\nResponsibilities\r\n Installation and implementation of Quest Foglight.\r\n \r\nProject\r\nInformix\r\nClient\r\nHSBC.\r\nResponsibilities\r\n Development and design of processs charts for the creation of atom tables\r\n Elaboration of reports in Informix 4gl Reports.\r\n Preparation of documentation for final users.\r\n \r\nYak Sports Book   CIE Las Americas April 2006  August 2008\r\nResponsibilities\r\nGiving technical support to the terminals and the network on site.\r\nDesign and development of an application in Visual Basic 6.0 implemented in different places in Mexico.\r\n \r\nData Team Consulting.  June 2005  March 2006\r\nResponsibilities\r\nMaintenance and technical support to the computers of the consultancy.\r\nInstallation and administration of Oracle Database.\r\nTraining to clients in Java language.\r\nOracle Portal administration.\r\n \r\n \r\nTechnical Skills\r\n \r\n XML (XSD, WSDL, XPATH)\r\n Informatica Power Center 8.6.0\r\n CISCO CNNA Networking.\r\n Technical Support\r\n Java  J2SE\r\n PHP 5\r\n 4GL Informix\r\n HTML\r\n Informatic Security\r\n PL SQL\r\n Office\r\n Quest Foglight 5.2.3\r\n Informix\r\n Microsoft SQL Server 2000, 2008\r\n Interbase 6.0\r\n Oracle (RDBMS 8i, 10g R2, 11g)\r\n Linux, Unix.\r\n Visual Basic 6.0.\r\n Oracle Siebel CRM 6.3, 7.0.4, 7.7, 8.0.\r\n \r\nCourses:\r\n \r\n SOA Analyst Workshop (Certificate of completion).\r\n SOA Architecture Workshop (Certificate of completion).\r\n Trained in Project Management (PMP Course)\r\n Java J2SE  (SSL-275-V052) (Constancy).\r\n Oracle Application Server 10g (Diploma).\r\n Seminary Base de datos orientado a los Negocios Electrnicos (Certificate)\r\n CRM (Diploma)\r\n ERP (Diploma)\r\n SQL Server 2000 Administration (Diploma)\r\n Leadership course.\r\n Quest Foglight 5.2.3 Administration\r\n Core Consultant Course (CCC) Siebel 7.7\r\n \r\nCertifications:\r\n CEA (Certified e-Business Associate) CRM\r\n \r\nLanguages\r\n \r\n English: Spoken 70%, Writing 70% and Reading 80%\r\n \r\n \r\nResume 3', '2013-07-02 14:04:07', '2013-07-17 15:41:49', '2013-07-02 14:04:08', '', 0, 1, 0 ), ( 645, 7, 7, 5, 'Contacts', '', '2013-07-03 10:37:42', '2013-07-17 15:41:49', '2013-07-03 14:14:23', '', 0, 1, 0 ), ( 646, 7, 7, 7, 'Documents', '', '2013-07-03 10:40:13', '2013-07-03 10:40:13', null, '', 0, 1, 0 ), ( 647, 7, 7, 0, 'Documents Attachment', '', '2013-07-03 10:40:13', '2013-07-03 10:40:13', null, '', 0, 1, 0 ), ( 648, 7, 7, 5, 'Contacts', '', '2013-07-03 10:42:00', '2013-07-17 15:41:49', '2013-07-03 14:14:51', '', 0, 1, 0 ), ( 649, 7, 7, 5, 'Contacts', '', '2013-07-03 10:45:24', '2013-07-22 14:31:21', '2013-07-16 14:25:43', '', 0, 1, 0 ), ( 650, 7, 7, 7, 'Documents', '', '2013-07-03 10:45:58', '2013-07-03 10:45:58', null, '', 0, 1, 0 ), ( 651, 7, 7, 0, 'Documents Attachment', '', '2013-07-03 10:45:58', '2013-07-03 10:45:58', null, '', 0, 1, 0 ), ( 652, 7, 7, 5, 'Contacts', '', '2013-07-03 10:49:30', '2013-07-17 15:41:49', '2013-07-03 14:15:33', '', 0, 1, 0 ), ( 653, 7, 7, 7, 'Documents', '', '2013-07-03 10:51:46', '2013-07-03 10:51:46', null, '', 0, 1, 0 ), ( 654, 7, 7, 0, 'Documents Attachment', '', '2013-07-03 10:51:46', '2013-07-03 10:51:46', null, '', 0, 1, 0 ), ( 655, 7, 7, 5, 'Contacts', '', '2013-07-03 10:54:46', '2013-11-27 15:50:03', '2013-07-03 10:56:56', '', 0, 1, 0 ), ( 656, 7, 7, 7, 'Documents', '', '2013-07-03 11:03:10', '2013-07-03 11:03:10', null, '', 0, 1, 0 ), ( 657, 7, 7, 0, 'Documents Attachment', '', '2013-07-03 11:03:10', '2013-07-03 11:03:10', null, '', 0, 1, 0 ), ( 658, 7, 7, 5, 'Contacts', '', '2013-07-03 11:27:55', '2013-11-27 15:50:03', '2013-07-03 11:27:56', '', 0, 1, 0 ), ( 659, 7, 7, 7, 'Documents', '', '2013-07-03 11:30:22', '2013-07-03 11:30:22', null, '', 0, 1, 0 ), ( 660, 7, 7, 0, 'Documents Attachment', '', '2013-07-03 11:30:22', '2013-07-03 11:30:22', null, '', 0, 1, 0 ), ( 661, 7, 7, 5, 'Contacts', '', '2013-07-03 11:42:19', '2013-07-22 14:31:21', '2013-07-03 11:42:20', '', 0, 1, 0 ), ( 662, 7, 7, 7, 'Documents', '', '2013-07-03 11:43:41', '2013-07-03 11:43:41', null, '', 0, 1, 0 ), ( 663, 7, 7, 0, 'Documents Attachment', '', '2013-07-03 11:43:41', '2013-07-03 11:43:41', null, '', 0, 1, 0 ), ( 664, 7, 7, 5, 'Contacts', '', '2013-07-03 11:52:16', '2013-11-27 15:50:03', '2013-07-03 11:52:17', '', 0, 1, 0 ), ( 665, 7, 7, 7, 'Documents', '', '2013-07-03 11:53:17', '2013-07-03 11:53:17', null, '', 0, 1, 0 ), ( 666, 7, 7, 0, 'Documents Attachment', '', '2013-07-03 11:53:17', '2013-07-03 11:53:17', null, '', 0, 1, 0 ), ( 667, 5, 5, 5, 'Contacts', 'Md. Moshfiq Khan\r\n44 Saddlebrook Landing, NE, Calgary, Canada T3J0K4\r\nPhone: 1 403 613 1395, e-mail: moshfiqkhan@gmail.com\r\n\r\n\r\nSUMMARY OF QUALIFICATIONS\r\n	A bachelor degree in computer science from St. Francis Xavier University, NS, Canada.\r\n	More than 2 years of experience as a ServiceNow form developer, administrator and 4 years of experience as a .net developer. \r\n	4 years of experience as a Server Admin including BlackBerry Enterprise Server, Windows Servers, Exchange Server and SharePoint Server.\r\nWORK EXPERIENCE \r\n	February 2012: WorleyParsons\r\no	Title: System Admin, Application Service (ServiceNow)\r\no	Tools and technology used:\r\n	ServiceNow administrator and form developer. Manage and administer ServiceNow applications, modules and users. Create custom forms, catalogues, client scripts and workflows in ServiceNow.\r\n	Ongoing application support and develop for in-house .Net applications. \r\n\r\n	June 2008 to January 2012: TELUS, Calgary Data Center.\r\no	Title: Technology Specialist\r\no	Tools and technology used:\r\n	Write and update existing applications and provide ongoing support for websites and existing .net applications. Manage applications in IIS server and provide support for hosted web Sites.\r\n\r\n	July 2007 to March 2008: Tangail Auto, Bangladesh. \r\no	Title: Application Developer. \r\no	Tools and technology used:\r\n	This was a contract position where I worked in a group to design a Database and implement a retailer Software for that Company using .NET. Used C#, and Toad software. June 2006 to July 2007: Research In Motion Limited, Halifax, NS, Canada.\r\n\r\n	June 2006 to July 2007: Research In Motion Limited, Halifax, NS, Canada.\r\no	Title: Initial Response Team for BlackBerry Desktop, Handheld and Server Support.\r\no	Tools and technology used: \r\n	Microsoft SQL Server 2000/2005 and MSDE: Installation, Upgrade, Re-install and administrative task. Write and modify existing SQL query and stored procedure.\r\n	BlackBerry Server and Exchange Server: Installation, Upgrade and troubleshoot break fix issue, integration with Microsoft Exchange Server. I was promoted to Initial Response Team for BlackBerry Enterprise Server (Ms Exchange). \r\n\r\n	May 2005 to May 2006: EDS Canada, Port Hawkesbury NS, Canada.\r\no	Title: Technical Support Analyst System (Full Time)\r\no	Tools and technology used: \r\n	Oracle: Helped developers to install, uninstall and configure Oracle.\r\n	Used Citrix, Peregrine Service Center and Tivoli to push software and troubleshoot END point Issue.\r\n	Windows 2000/XP and Server 2000/2003: Manage Active directory users and computers, Break Fix issue with the workstations, network connectivity and users log on issue. Install and upgrade standard Business software, Create new user account and set up user in AD.\r\n	January 2005 to May 2005: Technology Support Group, Ns, Canada. \r\no	Title: Web Developer.\r\no	Tools and technology used: \r\n	Create and modify ASP based web reports for the Students and the faculty members using Visual Studio 2005 and Oracle database.\r\n	September 2003 to September 2004: Technology Support Group, Ns, Canada. \r\no	Title: Junior Systems Analyst (Full Time)\r\no	Tools and technology used: \r\n	SQL & PLSQL: Write new SQL query, Update and modify existing SQL query, create and modify views. Run reports on Banner (Oracle) database System. Write new reports using ASP, ASP .NET, VB Script, Perl Scripting, Java Script, XML and CSS. \r\n	Used Java to develop different web based reports.\r\n	Used Oracle 10, Visual Studio 2005 and Toad to create different Web-based Reports.\r\n\r\nCOMPUTER EXPERIENCE\r\n	Programming Languages: C, C++, Java, Visual Basic, ABAP, .NET\r\n	Database Applications: Oracle, MSSQL, Access Database, MySQL\r\n	Web Development: ASP, ASP .NET, VB Script, Java Script, CSS, Adobe Photoshop\r\n	Operating Systems: Windows XP, Windows Server 2000, 2003, UNIX\r\n	Other: Tivoli, Citrix, VMware, SharePoint, Active Directory, VPN, Remedy.\r\n\r\nEDUCATION\r\n	Graduation: May 1st 2005.\r\no	Bachelor of Computer Science, St. Francis Xavier University, Antigonish, Nova Scotia.\r\n	CERTIFICATES: \r\no	MCSA in Progress.\r\no	MCP (Microsoft Certified Professional)\r\n	                       \r\nLANGUAGE\r\n	Fluent in English and Bengali.\r\n\r\nPROJECT EXPERIENCE \r\n	Completed several projects at St. Francis Xavier University using Oracle Developer, Visual Studio 2005, SQL, Java and XML which includes The architectural features of Pentium 3 processor, The evaluation criteria and intelligence features of prolog programming language and Software security\r\nReference: Available upon request.', '2013-07-10 20:49:28', '2013-07-22 14:31:20', '2013-07-10 20:52:23', '', 0, 1, 0 ), ( 668, 5, 5, 5, 'ModComments', '', '2013-07-10 20:50:00', '2013-07-10 20:50:00', null, '', 0, 1, 0 ), ( 669, 7, 7, 5, 'Contacts', '', '2013-07-10 20:51:26', '2013-12-11 18:06:43', '2013-07-10 20:51:27', '', 0, 1, 0 ), ( 670, 7, 7, 7, 'Documents', '', '2013-07-10 20:52:41', '2013-07-10 20:52:41', null, '', 0, 1, 0 ), ( 671, 7, 7, 0, 'Documents Attachment', '', '2013-07-10 20:52:41', '2013-07-10 20:52:41', null, '', 0, 1, 0 ), ( 672, 5, 5, 5, 'Documents', '', '2013-07-10 20:55:59', '2013-07-10 20:55:59', null, '', 0, 1, 0 ), ( 673, 5, 5, 0, 'Documents Attachment', '', '2013-07-10 20:55:59', '2013-07-10 20:55:59', null, '', 0, 1, 0 ), ( 674, 16, 16, 7, 'Contacts', 'Ozzie Sutcliffe  347 452 9830\r\n \r\n\r\n \r\nSUMMARY OF QUALIFICATIONS\r\n* Accomplished Information Technology Services Management professional with over \r\n20 years of experience in bringing cutting-edge technology to corporate clients.\r\n* Proven ability to conduct accurate needs analysis, solve problems, assess technical capabilities, conduct strategic planning, create and present training collateral, build and motivate teams, for ITSM - ITIL and Service- Now deployment projects.\r\n* Seasoned road warrior; have laptop will travel.\r\n \r\nWORK QUALITIES AND COMPUTER COMPETENCIES\r\n \r\nPeople\r\n I promote a Consultative Process engaging all staff levels during the process development.\r\n My Australian accent works well as an ice breaker for workshop and training facilitation.\r\n I tell ITIL.  \r\n \r\nTechnical\r\nMany shrink wrap products and proprietary business financial software packages:\r\nFirefox, Internet Explorer, HTML. Office: 97, 2000, XP 2002, 2003, 2007. NT 4, Lotus Notes 6x, Exchange, IHD, WinZip, Visio, Lucent ACD, Auto Cad, ITIL process, Captivate, RoboHelp, Webex, WBT, SharePoint, Remedy, ITSM, Magic, Sugar, Service-Now, CMDB CRM, \r\nPHP/MySQL/Apache systems. EMC Email Extender, Learning Management Systems, LMS, Captivate, Articulate, Engage Camtasia, Adobe Presenter, Moodle, LMS, and Claroline.\r\n \r\nSystems\r\nIBM PC x86, MS-DOS. MS Windows 3.x, NT4x, Windows 2000, 2003, Net, Windows XP, Vista, Windows 95, 98, Windows CE. VMware Linux Remedy HP OpenView Service Desk Magic Helpdesk, Remedy, Service-Now. Claroline, Dokeos Incident, Problem, Change, Request Management. CMDB, and ITSM ISO 20000.\r\n \r\nHardware\r\nPC desktop, PC laptop, wireless, modems, PC Alpha, hubs, NIC. PC hand held. HP Printers IBM HP Dell laptops. Sun SPARC Dell workstations, Dell IBM HP servers.  APC UPS Cisco routers, switches Pix and Checkpoint firewalls VPN Blackberry.\r\n \r\nIndustry-related Training\r\nITIL Foundations Certified V2 and V3, Netcom ITIL Certified Trainer. Netcom CTT Certified Trainer, ITSMsolutions.com Train the Trainer, VMware Certified Professional Remedy ARS 6x ITSP ITSM, CompuMaster Train the Trainer, Windows NT 2000 and Cisco classes\r\nCertified Technical Trainer Sales Force Automation, Six Sigma Green Belt Facilitator\r\n3 Day Course First-Line Supervisory Training by IBIS. Training in the role of supervisor on the job with emphasis on the total quality environment. 5 Day Course IBM Global Services Help Desk Services Customer Support and ACD Call Management, Cisco Sales Expert routing, switching, and wireless security.\r\n \r\n \r\nPROFESSIONAL ACCOMPLISHMENTS\r\n \r\nService-Now Consultant            Private                                        Phoenix\r\n System Data and Process Architect for Service-Now Deployment.\r\n Created Global and Regional Process workflow maps and design documents.\r\n Led Global design team to define ITIL Framework and Global Multi Domain Service-Now Instance.\r\n Created and led process workshops to define customers requirements to build out Service-Now.\r\n Designed and created data templates for form design and configuration.\r\n Designed multi rollout scenarios to meet corporate schedules.\r\n Ran Operational Readiness Testing for Incident, Problem, Change, Service Catalog, Knowledge Management\r\n \r\n \r\nService-Now ConsultantHitachiSan Francisco\r\n \r\nDecember 2012  July 2013\r\n System Data and Process Architect for Service-Now Deployment.\r\n Created Global and Regional Process workflow maps and design documents.\r\n Led Global design team to define ITIL Framework and Global Multi Domain Service-Now Instance.\r\n Created and led process workshops to define customers requirements to build out Service-Now.\r\n Designed and created data templates for form design and configuration.\r\n Designed multi rollout scenarios to meet corporate schedules.\r\n Ran Operational Readiness Testing for Incident, Problem, Change, Service Catalog, Knowledge Management\r\n System is a multi-language global deployment.\r\n \r\n \r\nService-Now ConsultantUMUCMaryland\r\nJune 2011 - November 2011\r\n Was the System Architect for Service-Now Deployment.\r\n Created and led process workshops to define customers requirements to build out Service-Now.\r\n Designed and created data templates for form design and configuration.\r\n Ran Operational Readiness Testing for Incident, Problem, Change, Service Catalog, Asset, Knowledge Management and CMDB.\r\n Project included LDAP integration with Open LDAP.\r\n \r\n \r\nService-Now ConsultantNELOVirginia\r\nMarch 2011 - June 2011\r\n Was the System Architect for Service-Now Deployment.\r\n Created and led process workshops to define customers requirements to build out Service-Now.\r\n Created applications required to meet customer requirement and rolled out Service-Now on time and under budget.\r\n Completed a very extensive knowledge transfer workshop.\r\n Project was completed 80% off site and 20 % on site which mitigated travel costs.\r\n Project included LDAP integration and an on premise install.\r\n \r\n \r\nService-Now ConsultantHRSAMaryland\r\nJanuary 2011 March 2011\r\n Was the System Architect for Service-Now Deployment.\r\n Created and led process workshops to define customers requirements to build out Service-Now.\r\n Created applications required to meet customer requirement and rolled out Service-Now on time and on budget.\r\n Developed and delivered training to ITIL users on site and provided training collateral.\r\n Project was completed 80% off site and 20 % on site which mitigated travel costs.\r\n Customer was delighted with results and signed on for phase 2.\r\n Phase 2 included leveraging Web Services and integration with Remedy V 7.\r\nITSM ConsultantService-Now.comNew York\r\nOctober 2010  January 2011\r\n Customized and delivered hands-on, technical classroom training sessions to clients, channel partners, and employees.\r\n Was SME for ITIL process definition in Service-Now.\r\n Participated in peer reviews and testing of training content, and initiates subject matter expert reviews to ensure technical accuracy and consistency in Service-Now for Administrator Class.\r\n Developed and designed web-based training modules Administrator Class for  \r\nService-Now  to clients, channel partners, and employees.\r\n \r\n \r\nITSM ConsultantAmeritagNew York\r\nFebruary 2010  June 2010\r\n Led ITIL Process Design and deployment for new ITIL corporate initiative.\r\n Developed ITSM Work Instructions mapped to IIL framework and existing processes and CMDB.\r\n Developed ITSM Process Guides and Maps, Roles and Responsibilities. Created SLAs and OLAs with internal and external resources and customers.\r\n Created CMDB blueprint and CMDB Plan.\r\n Created test plans and use cases for Conference Room Pilot and Operational Readiness Testing workshops.\r\n Facilitated definition of existing practice to ITIL framework and associated ITSM governance.\r\n Created all training collateral both online and classroom.\r\n.\r\n \r\nITSM Consultant / BA /TrainerDimension DataBoston, MA\r\nJune 2009  December 2009\r\n Led ITIL Process Integrity for a new global contract involving 5 E-Bonded global Service Desks using Service-Now.\r\n Developed ITSM Work Instructions mapped to IIL framework and existing processes and CMDB in Service-Now.\r\n Developed ITSM Process Guides and Maps, Roles and Responsibilities.\r\n Created SLAs and OLAs with internal and external resources and customers.\r\n Facilitated definition of existing practice to ITIL framework and associated ITSM governance.\r\n Developed ITIL, Service-Now training materials for classroom and web based training.\r\n Presented ITIL, Service-Now classes to all levels throughout organization in US.\r\n \r\n \r\nITIL TrainerNetCom Information TechnologyNYC NY\r\nVarious Dates  \r\n Led 2 day boot camp and 3 day ITIL V2 and V3 foundation courses.\r\n 100 % pass rate for all students who completed the classes.\r\n Taught CTT 3 day course.\r\n \r\nConsultant/TrainerHess Oil CoNew Jersey \r\nSept 2007  July 2008\r\n Leveraged recent Lean Six Sigma training to facilitate user acceptance of data governance.\r\n Developed new, process and workflow solutions for groups impacted by email archiving project.\r\n Managed roll out of software and training in 1 location of 900 users and over 20 smaller locations from Boston to Tampa. This included classroom and remote web based training sessions.\r\n Developed visual and written training collateral for project.\r\n Provided training to over 1200 users in classroom and personal settings from entry to \r\nC level.\r\n Project was Global email archive and data governance using EMC Email Archive Extender.\r\n \r\n \r\nPre Sales Engineer          CNSNYC   NY                                \r\nSep 2006  Sept 2007\r\n Provided pre and post sales support for senior sales staff.\r\n Interacted with client and sales staff to determine both business and technical needs using consultative sales process.\r\n Created Scope of Work including breakdown of services and Bill of Materials.\r\n Assisted Sales Staff with deal negotiations and assisted in closing the deal.\r\n Attended Pre Stage meetings with Engineers and Project Management Staff.\r\n Facilitated RFPs and RFIs and determined if within corporate scope and capabilities.\r\n Created ITIL framework and data consolidation for CMDB and Asset tracking.\r\n Developed KPI and CSIP for Network Operations Center.\r\n Mentored junior engineers; provided assistance and support for training.\r\n Facilitated Business Development Team and provided liaison support with major hardware and software companies.\r\n Provided localized internal training on new sales products.\r\n Managed the logistics of the NYC office and supervised support staff.\r\n \r\n \r\nITSM Consultant /BA     Future TechHolbrook NY                                \r\nNov 2004 to Sep 2006\r\n Co-developed Remedy ARS and ITSP 6.xx suite.\r\n Built out Data architecture design and discovery.\r\n Co-developed Service Desk structure, staffing, and management.\r\n Mentored Service Desk staff for all levels of Help Desk Institute certification.\r\n Led ITIL training classes from C level to tier 1 help desk analysts.\r\n Developed all training materials for Service Desk classroom and online.\r\n Created ITIL framework and data consolidation for CMDB\r\n Developed KPI and CSIP for Enterprise Service Desk.\r\n Designed and deployed an Enterprise Class Service Desk taking over 350 calls a day.\r\n Designed and deployed Insource America help desk training program.\r\n Wrote SLAs; negotiated SLAs and OLAs with client and contract holder IBM\r\n Facilitated RFPs and RFIs and determine if within in corporate scope and capabilities.\r\n Interacted with client and sales to determine both business and technical needs using a consultative sales process.\r\n Provided Pre Sales support to the Sales team for many opportunities.\r\nSystems Network Engineer     Inland Softwarevarious locations\r\nJan 2003 to Jun 2005\r\n Completed Systems engineering and solution design projects for mostly small to medium sized clients.\r\nSystems and Network Engineer    BAE Systemsvarious locations  \r\nJan 2003 to Jun 2005\r\n Designed and deployed WAN /LAN infrastructure using a total Cisco solution for over 200  users.\r\nTrainer               www.compumaster.netvarious locations  \r\nJan 2001 to Dec 2002\r\n Led seminars and training courses in Windows 2000 NT 4 Cisco and Security.\r\nTrainer www.TcatU.netSeattle. WA\r\nAug 2000 to Dec 2000\r\n Led trainer teaching networking, A+, help desk and security courses.\r\nSystems EngineerGE Capital (SBS)Stamford CT\r\nApril 2000 to Aug 2000                                  \r\n Created, installed, and setup WAN Design of Cisco 3660 routers T1 Checkpoint firewalls.\r\nSystems EngineerMayors Office (City Hall)NYC N.Y.\r\nSep 1999   to    Mar 2000\r\n Was the point support person for the Mayor both at City Hall and Gracie mansion.\r\nSystems EngineerBank of AmericaUniondale N.Y.\r\nNov 1998    to    Sep 1999\r\n Provided NT LAN and WAN Support including building and configuring Compaq servers, design, and execution of desktop rollouts both onsite and remote using Ghost and SMS.\r\n \r\n \r\nTeam LeaderIBM Global ServicesMelville NY.\r\nFeb1998   to Nov 1998  \r\n As Team Leader, supervised second shift with 32 Help Desk Agents in a Novell 4x Notes 4.5 Shiva corporate environment.\r\n Participated in weekend work including Rollout, Scripted install, and site surveys to assist Project Managers.\r\n \r\n \r\nSales ManagerKatalyst Automotive ConsultantsBrooklyn NY\r\n1990  1998\r\n Created the company selling OEM auto parts in the tri-state area.\r\n Participated in all management functions, sales, shipping, and staff requirements.\r\n Increased sales from $600,000 to projected level of $ 5 million per year.\r\nPage 4 of 4', '2013-07-16 13:14:42', '2014-02-07 20:40:27', '2013-07-16 13:14:43', '', 0, 1, 0 ), ( 675, 16, 16, 5, 'Contacts', '', '2013-07-16 13:25:16', '2013-11-27 15:50:03', '2013-07-16 13:26:05', '', 0, 1, 0 ), ( 676, 7, 7, 5, 'Contacts', '', '2013-07-16 13:35:11', '2013-11-27 15:50:03', '2013-07-16 13:41:56', '', 0, 1, 0 ), ( 677, 7, 7, 7, 'Documents', '', '2013-07-16 13:36:41', '2013-07-16 13:36:41', null, '', 0, 1, 0 ), ( 678, 7, 7, 0, 'Documents Attachment', '', '2013-07-16 13:36:41', '2013-07-16 13:36:41', null, '', 0, 1, 0 ), ( 679, 7, 7, 5, 'Contacts', '', '2013-07-16 13:39:38', '2013-11-27 15:50:04', '2013-07-16 13:40:52', '', 0, 1, 0 ), ( 680, 7, 7, 7, 'Documents', '', '2013-07-16 13:40:37', '2013-07-16 13:40:37', null, '', 0, 1, 0 ), ( 681, 7, 7, 0, 'Documents Attachment', '', '2013-07-16 13:40:37', '2013-07-16 13:40:37', null, '', 0, 1, 0 ), ( 682, 7, 7, 5, 'Contacts', '', '2013-07-16 14:02:41', '2013-11-27 15:50:03', '2013-07-16 14:02:42', '', 0, 1, 0 ), ( 683, 7, 7, 7, 'Documents', '', '2013-07-16 14:04:20', '2013-07-16 14:04:20', null, '', 0, 1, 0 ), ( 684, 7, 7, 0, 'Documents Attachment', '', '2013-07-16 14:04:20', '2013-07-16 14:04:20', null, '', 0, 1, 0 ), ( 685, 7, 7, 5, 'Contacts', '', '2013-07-16 20:08:05', '2013-08-27 14:31:26', '2013-07-16 20:08:06', '', 0, 1, 0 ), ( 686, 7, 7, 7, 'Documents', '', '2013-07-16 20:08:47', '2013-07-16 20:08:47', null, '', 0, 1, 0 ), ( 687, 7, 7, 0, 'Documents Attachment', '', '2013-07-16 20:08:47', '2013-07-16 20:08:47', null, '', 0, 1, 0 ), ( 688, 7, 7, 5, 'Contacts', '', '2013-07-16 20:46:04', '2013-11-27 15:50:04', '2013-07-16 20:46:06', '', 0, 1, 0 ), ( 689, 7, 7, 7, 'Documents', '', '2013-07-16 20:46:44', '2013-07-16 20:46:44', null, '', 0, 1, 0 ), ( 690, 7, 7, 0, 'Documents Attachment', '', '2013-07-16 20:46:44', '2013-07-16 20:46:44', null, '', 0, 1, 0 ), ( 691, 5, 5, 5, 'Accounts', '', '2013-07-17 14:30:54', '2013-07-17 14:30:54', '2013-07-17 14:30:55', '', 0, 1, 0 ), ( 692, 5, 8, 7, 'Potentials', 'Location : Houston, TX\r\nDuration : 6 months\r\nNo. of Positions : 2\r\n\r\nJob Description:\r\n\r\nThis position is responsible for the planning and execution of the activities related to Incident Management, Configuration Management, and Knowledge Management in Service Management System and onboarding L&R applications into ServiceNow platform. This position is also responsible strategic planning of service management roadmap and integrating new features and requests into Service Management System. The position will also have responsibilities specific to the Knowledge Management process design and development.\r\nSpecific responsibilities will include; Design and review new requirements and new features based on business needs. Review new versions of Service-Now platform and plan the correct release process. Create and/or review workflows for processes using Service-Now platform. Create and/or review data integrations between AIG SERVICE NOW platform (based on S-N platform) and other AIG systems. Conduct detailed analysis of AIG SERVICE NOW platform performance issues and setting to assure maximum output. Review and integrate data extractions from AIG SERVICE NOW platform (based on S-N platform) for reporting. Develop and implement new features as requested by business requirements. Lead the development efforts for new projects involving AIG SERVICE NOW platform. Analyzing the existing knowledge assets related to Global Process Improvement and knowledge holistically as a service and developing strategies to transition them to KM processes.\r\nResponsibilities will also include; Identify areas of gaps for the knowledge assets and develop plans to address them with the appropriate functional areas. Conduct detailed analysis and identification of operational processes and procedures that needs to be managed within KM. Planning and directing KM activities with the participation of appropriate Information Technology Subject Matter Experts. Responsible for investigating and gathering information on process and procedures from individuals. Lead the design, development and maintenance of centralize training documentation. Collaborate across IT Knowledge management and Iris Knowledge Management. Provide support for the Iris Knowledge Management initiative with joint initiatives, programs and missions. Contribute to the continuous improvement of all processes, templates, checklists and other artifacts necessary for the execution of the KM activities.\r\nQualifications\r\nA minimum of a bachelor\'s degree is preferred. A minimum of 7 years of IT experience is required. Experience in the application services area is required. A minimum of 2 years of IT project management and/or process development experience is required. Working knowledge of Service-Now platform development and administration are required.', '2013-07-17 14:33:46', '2013-08-15 15:28:37', null, '', 0, 1, 0 ), ( 693, 5, 5, 5, 'Accounts', '', '2013-07-17 14:34:48', '2013-07-17 14:34:48', '2013-07-17 14:34:49', '', 0, 1, 0 ), ( 694, 5, 5, 7, 'Potentials', 'It was nice talking to you today, Please go through the bellow job description and please respond me. \n\nThis mail regarding for Job Opening for Development - Programmer/Analyst I position Work location is Chicago, IL.\nBelow is the complete job description for your reference.Please go through the requirement and let me know if you are comfortable with the  requirement.Please send me the updated resumes so that we can go ahead and submit.\n\nAdditional Job Information:\nTitle: ServiceNow Developer\nCompany:NYSE\nPosition Type: Contract\nLocation: Chicago, IL.\n\nDescription:\nThe Analyst is responsible for maintaining and customizing vendor software, as well as designing and developing proprietary software required to maintain the continuous flow of technology at the firm. The person in this position will ensure the quality and integrity of the technology infrastructure, monitor the processes and procedures, and implement additional automation as needed under the guidance of the development team lead.\n\nA major component of this role involves development in the Service Now platform.\n\nMinimum one year of experience in technology. Must have an understanding of JavaScript, web design, server-side programming, data structures, HTML, CSS, and AJAX methodology. Experience with Service Now is highly preferred.\n\n1. Work in a team-based development environment to architect and develop new software and incremental functionality for existing software.\n2. Collaborate with other internal groups to translate business and functional requirements into technical implementation for the automation of existing processes and the development of new applications.\n3. Manage projects from specification gathering, to development, to QA, user acceptance testing, and deployment to production.\n4. Participate in meetings and organize work and/or training sessions around new products being introduced.\n5. Work on projects ranging from small monthly deliverable to large scope initiatives spanning multiple quarters where analysis of situations or data requires a command of various technologies and components.\n6. Support multiple internal tools on an administrative level for our user community.\n7. Work independently and interact within a team structure on projects assigned and often on ad hoc basis on multiple simultaneous activities/projects. A high level of transparency, communication and flexibility is required.\nPerform other duties or special projects as assigned.', '2013-07-17 14:37:23', '2013-08-15 15:26:22', '2013-08-06 14:06:39', '', 0, 1, 0 ), ( 695, 5, 5, 5, 'ModComments', '', '2013-07-17 14:38:13', '2013-07-17 14:38:13', null, '', 0, 1, 0 ), ( 696, 5, 5, 5, 'ModComments', '', '2013-07-17 14:38:49', '2013-07-17 14:38:49', null, '', 0, 1, 0 ), ( 697, 5, 5, 5, 'Accounts', '', '2013-07-17 14:42:01', '2013-07-17 14:42:01', '2013-07-17 14:42:02', '', 0, 1, 0 ), ( 698, 5, 5, 5, 'Potentials', 'ServiceNow System Analyst/Administrator/Developer\r\nLocation: Hartford, CT\r\nDuration: 12+ months with possible extension\r\n\r\nSkills: System Administrator in Service-Now, IT Service Delivery, JavaScript, HTML, MS SQL Server, Oracle, LDAP/Active Directory, IT Architecture\r\n\r\nJob Description:\r\nThe System Analyst (ServiceNow) will be responsible for assisting in developing the long term vision of the ServiceNow application. To provide strategy and technical insight in designing and supporting ServiceNow while aligning to Service Management best practices. The System Analyst will also be responsible for researching, planning, coordinating & recommending application solutions for conceptual design requirements. The responsibilities will vary from ServiceNow strategy to day-to-day support of ServiceNow.\r\nQualifications:\r\n     2+ years experience in Service-Now as a System Administrator or similar responsibility.\r\n     4-6 years experience in IT Service Delivery\r\n     1-2 years experience using JavaScript or HTML\r\n     Previous experience with relational databases such as MS SQL Server or Oracle\r\n     Knowledge of LDAP/Active Directory a plus\r\n     Relevant IT Architecture experience\r\n     Education: ITIL v3 Foundation Certification (Preferred)\r\nResponsibilities:\r\n     Interact with the TSAs to understand the conceptual design and the technical requirements\r\n     Provide inputs to the technical solution architect from the technical design perspective for the TSA to define the conceptual and technical requirements\r\n     Deploy new releases and/or enhancements into the ServiceNow live environment.\r\n     Jointly perform system and integration testing with sample / live data along with the testing team\r\n     Works directly with IT Management to align ServiceNow with IT organization strategy.\r\n     Maintain and support ServiceNow operational functions\r\nSkills Required:\r\n     Technical Skills:\r\no  Technical, process and functional knowledge of ServiceNow\r\no  JavaScript experience\r\no  Knowledge of existing technical solutions and the best practices in the industry\r\no  Technical design skills\r\n     General Skills:\r\no  Communication skills: Clearly and effectively express ideas and messages via speech or writing. Proficiency in both written and spoken English.\r\no  Presentation skills: Effectively express and display thoughts and ideas visually, using various tools.\r\no  IT skills (Office applications): Use general office application tools e.g. Power Point, Excel, Word.\r\no  Analytical Skills: Ability to effectively absorb information from various sources, then analyze, study or examine data in detail, and draw appropriate conclusions.\r\no  Basic testing skills will be preferred for the integration and system testing to be done along with the testing team', '2013-07-17 14:44:02', '2013-07-19 14:42:56', '2013-07-19 14:39:12', '', 0, 1, 0 ), ( 699, 5, 5, 5, 'ModComments', '', '2013-07-17 14:44:23', '2013-07-17 14:44:23', null, '', 0, 1, 0 ), ( 700, 5, 5, 5, 'ModComments', '', '2013-07-17 14:47:03', '2013-07-17 14:47:03', null, '', 0, 1, 0 ), ( 701, 7, 8, 7, 'Potentials', 'MSBI Architects for one of our T&L customer in NJ.\n\nType: Full Time\nLocation: NJ( Mahwah, Paramus), Louisville or Atlanta\nEmployer: TechMahindra\n\nWill be a member of Operations Portfolio development team responsible for high performance systems that are operations critical for the customer. Development activities include developing a repository data model for users to perform self-service reports.  Knowledge and experience of designing and developing MS SQL based Business Intelligence applications is a must.  Hands on experience with SQL Stored procedures, SSIS and SSRS are integral to the job. Responsibilities also include participation in requirements analysis, technical designs, coding, unit testing, product test support, and deployment support. This position will interact with functional representatives, business analysts, database administrators, data architects, and applications development project teams to develop data models for supporting the effective storage of data. Will develop application-specific data model that is conducive to self-service reporting.  Will transform business requirements into logical data models and preliminary physical data models. This position demonstrates an understanding of applications transformation of data into business information and the manner in which information supports and enables key business processes.  \nRequirement:\n \n1.	Overall 12+ years of BIDW experience\n2.	In-depth experience and knowledge of Integrated Microsoft BI stack including: \n\na.	SQL Server Analysis Services (SSAS)\nb.	SQL Server Reporting Services (SSRS) \nc.	SQL Server Development Tools (SSDT)\n\n4.	Data Modeling  Star Schema', '2013-07-17 15:12:02', '2013-08-19 13:47:19', '2013-07-26 22:03:17', '', 0, 1, 0 ), ( 702, 5, 5, 5, 'ModComments', '', '2013-07-17 15:28:20', '2013-07-17 15:28:20', null, '', 0, 1, 0 ), ( 703, 5, 5, 5, 'ModComments', '', '2013-07-17 15:29:42', '2013-07-17 15:29:42', null, '', 0, 1, 0 ), ( 704, 5, 5, 5, 'Emails', '<p>\r\n	Dear $contacts-firstname$,</p>\r\n<p>\r\n	First of all we would like to thank you for the time and effort invested in the hiring process with Sintesys.</p>\r\n<p>\r\n	Unfortunately the position for which you were applying has been closed. We regret the fact that we weren&#39;t able to enroll in a relationship for now, however we believe that your profile might be suitable for future opportunities and would like to stay in touch with you.</p>\r\n<p>\r\n	Please let us know if you have any questions or concerns. We are sure we will be working together in the near future.</p>\r\n<p>\r\n	&nbsp;</p>\r\n<p>\r\n	Regards,</p>\r\n<p>\r\n	Sintesys Recruitment Team</p>', '2013-07-17 15:39:59', '2013-07-17 15:39:59', null, '', 0, 1, 0 ), ( 705, 7, 7, 5, 'Potentials', 'MDM:\r\n*****\r\nAs a Informatica MDM (Siperian) developer, you will:\r\n\r\nImplement Informatica MDM (Siperian) new source workflow, including data profiling, configuration specification and coding, match rules tuning, migration\r\nWrite application programs of moderate complexity employing higher level languages and enterprise class application development tools\r\nDevelop technical specifications for application programs from the high level design documents for moderate to complex application programs\r\nBreak down program specification into its simplest elements and translate this logic into a programming language\r\nConducts code reviews of application components developed by themselves or other staff for standards adherence, efficiency and use of best practices\r\nDevelop data access and data load processes for storing and retrieving data from relational databases and other file systems\r\nTest and debug computer programs in order to ensure application operates correctly and meets user requirements\r\nStudy and evaluate user problems and operations in order to produce feasibility or scope and objectives reports, functional requirements, and design specifications\r\nrite/Update final system and program documentation in order to facilitate system use and future modifications\r\n\r\nMandatory Skills \r\nHands on MDM implementation using Informatica MDM (Siperian)', '2013-07-17 15:50:43', '2013-11-27 15:22:10', '2013-07-26 22:04:19', '', 0, 1, 0 ), ( 706, 7, 7, 7, 'Documents', '', '2013-07-18 13:55:32', '2013-07-18 13:55:32', null, '', 0, 1, 0 ), ( 707, 7, 7, 0, 'Documents Attachment', '', '2013-07-18 13:55:32', '2013-07-18 13:55:32', null, '', 0, 1, 0 ), ( 708, 5, 5, 5, 'ModComments', '', '2013-07-19 14:25:10', '2013-07-19 14:25:10', null, '', 0, 1, 0 ), ( 709, 5, 5, 5, 'ModComments', '', '2013-07-19 14:30:57', '2013-07-19 14:30:57', null, '', 0, 1, 0 ), ( 710, 5, 5, 5, 'ModComments', '', '2013-07-19 14:31:19', '2013-07-19 14:31:19', null, '', 0, 1, 0 ), ( 711, 5, 5, 5, 'ModComments', '', '2013-07-19 14:32:11', '2013-07-19 14:32:11', null, '', 0, 1, 0 ), ( 712, 5, 5, 5, 'ModComments', '', '2013-07-19 14:32:55', '2013-07-19 14:32:55', null, '', 0, 1, 0 ), ( 713, 5, 5, 5, 'ModComments', '', '2013-07-19 14:33:30', '2013-07-19 14:33:30', null, '', 0, 1, 0 ), ( 714, 5, 5, 5, 'ModComments', '', '2013-07-19 14:35:24', '2013-07-19 14:35:24', null, '', 0, 1, 0 ), ( 715, 5, 5, 5, 'ModComments', '', '2013-07-22 14:11:31', '2013-07-22 14:11:31', null, '', 0, 1, 0 ), ( 716, 5, 5, 5, 'Emails', '<p>\r\n	Dear $contacts-firstname$,</p>\r\n<p>\r\n	First of all we would like to thank you for the time and effort invested in the hiring process with Sintesys.</p>\r\n<p>\r\n	Unfortunately the position for which you were applying has been closed. We regret the fact that we weren&#39;t able to enroll in a relationship for now, however we believe that your profile might be suitable for future opportunities and would like to stay in touch with you.</p>\r\n<p>\r\n	Please let us know if you have any questions or concerns. We are sure we will be working together in the near future.</p>\r\n<p>\r\n	&nbsp;</p>\r\n<p>\r\n	Regards,</p>\r\n<p>\r\n	Sintesys Recruitment Team</p>', '2013-07-22 14:29:18', '2013-07-22 14:29:18', null, '', 0, 1, 0 ), ( 717, 7, 7, 7, 'Potentials', '1.       Candidate must be proficient in data modeling (typical work load will be 25% 3NF and 75% Dimensional modeling)\r\n2.       The resource is expected to perform extensive data profiling to analyze and decipher inherent business rules in a Legacy Warehouse and its Source systems (Oracle and MF).\r\n3.       Exposure to ETL tools (preferably Informatica) is a prerequisite as the resource is expected to analyze legacy Informatica Mappings to get to the business logic.\r\n4.       Understand program specific Use Cases and other Requirement Documents to scope data elements and design dimensional models accordingly.\r\n5.       Create detailed Source-Target ETL specifications that include transformations and business logic that can be used by implementation team to code ETLs.\r\n6.       The resource will be assigned a program area and will not only model but also oversee the implementation of ETL processes needed.\r\n7.       He/She is expected to coach members of the implementation team and resolve their data related questions and issues.\r\n8.       Above average communication and documentation skills are essential since all business users and SMEs are onsite and their availability will be limited.\r\n9.       Is expected to lead a team of onsite/offshore Data Modelers and co-ordinate deliverables.', '2013-07-25 21:31:00', '2013-08-19 13:47:42', '2013-08-19 13:47:34', '', 0, 1, 0 ), ( 718, 7, 7, 5, 'Potentials', 'Here are the profiles needed by TELUS on Microsoft BI:\r\n \r\n1.     MSBI Tools expert  SSRS and SSAS (SSIS is not required)\r\n2.     Administration  set up configs, architecture, etc. \r\n3.     Sharepoint  Integration of MSBI with Sharepoint\r\n \r\nTELUS does not need profiles with development experience. They need people who can do performance tuning, troubleshooting, debugging, connecting to data sources, etc. \r\n \r\n3 people required. \r\nMinimum duration of 6 months, extendable to a year and beyond. \r\nAll in Toronto.', '2013-07-26 18:54:19', '2013-11-27 15:22:10', '2013-08-24 01:49:36', '', 0, 1, 0 ), ( 719, 7, 7, 7, 'Potentials', 'Data Warehouse Lead/Architect:\r\n \r\n1)      Overall Mini 10+ years of experience in BI/IT. \r\n2)      Minimum 5 years of work experience on end to end EDW/DWH implementation (from design the data model to build the ETL/OLAP etc.)\r\n3)      Atleast 2+ years of Data modeling experience\r\n4)      Responsible for the analysis and development of logical & physical data model for a full functioning data warehouse/data mart environment\r\n5)      Business requirement understanding to build the EDW/DWH, metadata, logical model. Transition of logical to physical model, dimensional modeling skills\r\n6)      Each project should show the Data modeling responsibilities with some examples\r\n7)      Good ETL strategy / design experience\r\n8)      Proven Data Architecture skills. Especially in relational & dimensional data modeling and physical database design. Some exposure to data modeling tools like ERWIN\r\n9)      Solid Written & Communication skills\r\n10)   Exposure to Oracle, SQL Server and DB2 AS400\r\nProficient in SQL query tuning, complex joins to ensure performance of star schema', '2013-07-26 18:55:25', '2013-08-30 11:26:10', '2013-08-30 11:25:52', '', 0, 1, 0 ), ( 720, 7, 7, 7, 'Potentials', 'Specialist in Teradata SQL programming and Business Intelligence\r\n \r\nJob Type: Contractor  Developer\r\nLocation: Montral, PQ, or Toronto, ON, Canada  \r\nJob Category: Teradata SQL developer\r\nIndustry: Telecommunications\r\nNumber of Years of Experience Required: 5+\r\nNumber of Positions: 3-4\r\n \r\n \r\nTasks and Responsibilities:\r\n \r\nThe developer in Teradata SQL programming will be responsible to code according to defined technical specifications; the ability to write efficient SQL and exposure to query tuning in order to obtain the highest performance levels from the environment.\r\n\r\nThe developer must have a very good knowledge of Teradata 13 database environment; understand Normalization and De-normalization concepts; package the code and work closely with EDS managers for the deployment of the code.\r\n \r\n \r\nEssential Competencies:\r\n \r\n	A minimum of 5 years of experience in Teradata SQL programming.\r\n	Experience with EDW environment (minimum 3 years)\r\n	knowledge of the following software: MS office (Excel, Word and PowerPoint)\r\n	nice to have: Knowledge of SAS language\r\n	nice to have: ETL Developer (DataStage)\r\n \r\nPreferred Qualifications/Competencies:\r\n \r\n	Extremely rigorous with regards to the data and information.\r\n	Ability to work on his/her own, with a minimum of supervision within a dynamic environment\r\n	Ability to meet deadlines\r\n	Well organized\r\n	Customer driven\r\n	Being Bilingual, French and English, written and spoken is considered an asset\r\n \r\nAdditional Information:\r\n \r\nJob Type: Teradata SQL developer (Contractor)\r\nDate Candidate Required: ASAP\r\nApplication Deadline: ASAP\r\nJob Location (City): Montreal or Toronto', '2013-07-26 18:57:08', '2013-08-23 21:15:09', '2013-08-23 21:14:54', '', 0, 1, 0 ), ( 721, 7, 7, 7, 'Potentials', 'Infa Tech lead job description:\r\n\r\n\r\nStrong Informatica Development experience preferably version 9.1\r\nProficient Data Analysis skills to understand business needs and design solutions.\r\nStrong SQL & skills\r\nGood analytical skills\r\nStrong communication skills\r\nProficient in data mart and data warehouse practices.\r\nShould have worked in complete life cycle implementation, involving design and development\r\nGood knowledge in Logical data modeling and dimensional data modeling using Erwin & ER Studio.\r\nShould have hands on Unix and shell scripts', '2013-07-26 19:05:37', '2013-08-30 11:26:46', '2013-08-30 11:26:25', '', 0, 1, 0 ), ( 722, 7, 7, 7, 'Potentials', 'To be strong in RPD candidate need the following skill sets:\r\n \r\n1.       Strong in Database Concepts\r\n2.       Good in Understanding the Semantic Data Model schemas\r\n3.       Strong skills in designing RPD layer using all the features of OBIEE\r\n4.       Good Analytical and Communication Skills\r\n5.     Design, build, test, implement and maintain new or modified OBIEE repository (RPD) objects for the analytics applications.\r\n6.     Good experience with all OBIEE layers: Physical, Business Model, and presentation layer.', '2013-07-26 22:07:41', '2013-08-19 13:47:59', '2013-08-19 13:47:53', '', 0, 1, 0 ), ( 723, 5, 5, 5, 'Emails', '<br />\nIvan Galvez<br />\r\nivan.galvez@sintesys.us<br />\r\nwww.sintesys.us<br />\r\nM 203.400.9916', '2013-07-29 21:05:08', '2013-07-29 21:05:08', null, '', 0, 1, 0 ), ( 724, 7, 7, 7, 'Potentials', 'RGS ID 	3241498\r\nRequirement ID\'s 	3589359\r\nRole 	ServiceNow Technical Lead\r\nMandatory Technical Skills 	-  5+ Years of experience in ServiceNow Implementation\r\n- Certified ServiceNow Administrator\r\n- 5+ Years of experience in Java, JavaScript, Web Services, AJAX, XML\r\n- Solid understanding and experience with agile software development methodologies (e.g. Scrum)\r\n- Certified Scrum Master\r\n- Proven ability to design and build innovative technology, thriving on new technical challenges and working in a very dynamic, fast-paced environment.\r\n- Proven experience leading the design, architecture & implementation of complex enterprise software systems based on a solid grasp of the business\r\n- ITIL V3 Certification required\r\nDesirable Technical Skills 	 \r\nMandatory Functional Skills 	- Excellent communication skills (both written and verbal) with strong presentation and facilitation skills\r\n- Demonstrated ability to influence and consult (providing options with pros, cons and risks) while providing thought leadership to sponsors/stakeholders in solving business process and/or technical problems\r\nDesirable Functional Skills 	 \r\nTotal Experience Required 	6-8 Years \r\nRate per hour payable to vendor 	$/hr\r\nWork Location 	Oldsmar, FL\r\nDuration 	1 Year \r\nNo. of positions 	1\r\nAssignment Start Date 	ASAP', '2013-08-05 15:00:58', '2013-08-05 15:01:46', '2013-08-05 15:00:59', '', 0, 1, 0 ), ( 725, 7, 7, 7, 'Potentials', 'We are looking for ODI/OBIEE Lead person in NY city. This is ASAP position.\r\n \r\nJD details:\r\n \r\n1.	Overall 7+ years of ODI ETL & OBIEE reporting/analytics experience\r\n2.	Analyze Functional & Technical ETL Specifications \r\n3.	Identify key/critical design elements and interfaces, provide ETL design approaches & identify transformation rules \r\n4.	Understand the source and target details (structures, mappings, etc)\r\n5.	Responsible for all aspects of data capture, transformation and loading using Oracle Data Integrator\r\n6.	Create/Enhance ETL jobs as needed to load external feeds into  warehouse tables/data mart tables.\r\n7.	Understand the overall workflow / approach related to the Analytics reports design and development\r\n8.	Write technical design specifications based on the functional requirements  / specifications\r\n9.	Design and develop OBIEE metadata/logical data models (RPD), Develop OBIEE Dashboards & BI Publisher Reports \r\n10.	Responsible for troubleshooting related to reports i.e. from the presentation layer to the data source / OLTP\r\n11.	Retail domain expertise will be added plus', '2013-08-05 15:03:54', '2013-08-05 15:04:21', '2013-08-05 15:03:55', '', 0, 1, 0 ), ( 726, 7, 7, 7, 'Accounts', '', '2013-08-06 13:45:57', '2013-08-06 13:45:57', '2013-08-06 13:45:58', '', 0, 1, 0 ), ( 727, 7, 7, 7, 'Potentials', 'Position 1--        ServiceNow Developer and Admin \r\nLocation          Indianapolis, IN\r\nPosition Type-- Contract\r\nDuration--           6 Months\r\nRate                  Negotiable/hr\r\n\r\nJob Description--\r\n\r\nKey Objectives/Deliverables: \r\n\r\n	Guide customers through the service design and catalog onboarding process, helping them design their catalog items as they would be in the ServiceNow catalog and any additional related artifacts, such as knowledge articles.\r\n	Work to understand customer requirements by holding and driving data collection and design sessions.   \r\n	Drive the creation of service deliverables required by the Service Management team for new services and catalog items. \r\n	Ensure quality of service and deliverables.\r\n	Drive the catalog development team through development, testing and implementation.\r\n	Capture and report on metrics for the onboarding process.\r\n	Develop a roadmap of major onboarding initiatives by working with the Service Design Lead as well as customer areas to understand their timing and demand. \r\n	Continually look for process improvement opportunities and work with management, team members, and customers to implement improvements.  \r\n	Determine priority for development work by proposing options and data to management and other governing bodies for decisions and guidance.\r\n	Build catalog items and even do system administration work at times when needed.\r\n	Other ITSM/ServiceNow/Quality deliverables as required\r\n\r\nBasic Requirements: \r\n	Ability to think technically as well as with a business mindset and customer focus.\r\n	Have a strong sense of ownership for work and team \r\n	Ability to define roadmaps and plans\r\n	Ability to work with customers to understand their needs, and balance that with the direction and strategy of the ITSM program\r\n	Ability to manage multiple projects or tasks\r\n	Advanced, in-depth knowledge of ServiceNow and ServiceNow Service Catalog development through experience \r\n	Advanced knowledge of Service Management processes and quickly come up to speed on  how they are and can be used at the Client.\r\n	Strong networking, collaborating, partnering, and influencing skills\r\n	Ability to find creative solutions when faced with limited options, strong problem solving skills; Experience translating complex, ambiguous concepts into actionable plans\r\n	Strong verbal and written communication skills with the ability to articulate complex ideas in easy to understand business terms to senior leaders as well as end users\r\n	Advanced ITIL awareness or an interest in becoming proficient with focus on the strategy needs of the ITIL processes\r\n	Diagramming, drawing and visual communication', '2013-08-06 13:50:58', '2013-08-15 15:25:58', '2013-08-15 15:25:46', '', 0, 1, 0 ), ( 728, 7, 7, 7, 'ModComments', '', '2013-08-15 15:28:26', '2013-08-15 15:28:26', null, '', 0, 1, 0 ), ( 729, 5, 5, 5, 'Contacts', '', '2013-08-20 15:14:41', '2013-08-20 15:14:41', '2013-08-20 15:14:42', '', 0, 1, 0 ), ( 730, 5, 5, 5, 'Contacts', '', '2013-08-23 22:09:07', '2013-08-23 22:11:13', '2013-08-23 22:09:08', '', 0, 1, 0 ), ( 731, 5, 5, 5, 'Documents', '', '2013-08-23 22:11:13', '2013-08-23 22:11:13', null, '', 0, 1, 0 ), ( 732, 5, 5, 0, 'Documents Attachment', '', '2013-08-23 22:11:13', '2013-08-23 22:11:13', null, '', 0, 1, 0 ), ( 733, 7, 7, 5, 'Contacts', '', '2013-08-23 22:14:50', '2013-12-11 18:07:31', '2014-01-08 19:31:56', '', 0, 1, 0 ), ( 734, 5, 5, 5, 'Contacts', '', '2013-08-23 22:15:32', '2013-08-23 22:16:30', '2013-08-23 22:15:39', '', 0, 1, 0 ), ( 735, 7, 7, 7, 'Documents', '', '2013-08-23 22:15:35', '2013-08-23 22:15:35', null, '', 0, 1, 0 ), ( 736, 7, 7, 0, 'Documents Attachment', '', '2013-08-23 22:15:35', '2013-08-23 22:15:35', null, '', 0, 1, 0 ), ( 737, 5, 5, 5, 'Documents', '', '2013-08-23 22:16:30', '2013-08-23 22:16:30', null, '', 0, 1, 0 ), ( 738, 5, 5, 0, 'Documents Attachment', '', '2013-08-23 22:16:30', '2013-08-23 22:16:30', null, '', 0, 1, 0 ), ( 739, 7, 7, 5, 'Potentials', 'Amarjeet Naik sent you requisition Actimize Performance tuning expert for review. \r\nJOB CODE: 7661 \r\nTITLE: Actimize Performance tuning expert \r\nLOCATION: Tampa, FL, United States \r\nDURATION: 9 months \r\nPAY RANGE: DOE \r\nLAST UPDATED: 7/29/13 \r\n\r\nDESCRIPTION: \r\n1.	Atleast 5 years development experience on Actimize AIS and Actimize RCM on WebSphere\r\n2.	Experience in greenfield Actimize implementations (end to end).\r\n3.	Experience in Actimize RCM Infrastructure Management \r\n4.	Minimum 5 years Java development experience, familiarity with JDBC, JNDI, ORM frameworks such as hibernate. \r\n5.	Good understanding of Oracle DB\r\n6.	Worked on multiple projects involving performance tuning of Actimze (RCM and AIS) based solutions, \r\n7.	Should be capable of carrying out in-dept analysis of hardware, operating systems, and storage\r\n8.	Should be capable in providing recommendation to improve current processing time, and ensure optimal solution performance and detection accuracy of Actimize solutions and dependent technologies.\r\nCandidates to be considered must have expertise with Actimize performance tuning. This will be a requirement for over 80% of this role. We will consider candidates who can work remotely from home. \r\n\r\n\r\nAmarjeet Naik sent you requisition Actimize Lead for review. \r\nJOB CODE: 7991 \r\nTITLE: Actimize Lead \r\nLOCATION: Tampa, FL, United States \r\nDURATION: Fulltime \r\nPAY RANGE: $83,000.00 \r\nLAST UPDATED: 8/15/13 \r\n\r\nDESCRIPTION: \r\nSr Actimize Dev/Lead\r\n 4-6 yrs exp. Responsible for Technical Architecture & High level/Low Level Designing of Actimize Solutions for AML & Compliance area\r\n Responsible for architectural strategies to provide best design keeping in view immediate Business Requirements and future needs\r\n Evaluate and provide consultancy on Technical feasibility to meet Business needs\r\n Responsible for requirement analysis and design discussions with stakeholders\r\n Technical Review of work products.\r\n    Strong database development experience using Oracle 10g/ 11g.\r\n\r\n\r\n\r\n\r\nAmarjeet Naik sent you requisition Tech Lead / Architect: Actimize RCM for review. \r\nJOB CODE: 7126 \r\nTITLE: Tech Lead / Architect: Actimize RCM \r\nLOCATION: Tampa, FL, United States \r\nDURATION: Fulltime \r\nPAY RANGE: DoE(Open) \r\nLAST UPDATED: 8/23/13 \r\n\r\nDESCRIPTION: \r\n \r\nLooking for strong candidate with Java and J2ee. Ideally want someone with good Actimize skills, butm if experience with Actimize is minimal, should have a good understanding of Risk Management tools.\r\n \r\n- Knowledge of J2EE and MVC architecture. Knowledge of development with Java, JSP, Servlets.\r\n- Knowledge of front end development using javascript and JQuery. Knowledge of out of box capabilities of JQ Grid.\r\n- Knowledge of AIS architecture, components, interfaces of AIS to DB, webservice, file system, etc, data storage in AIS, interfacing AIS with multilingual data platforms, etc. Should have worked on AIS 4.8 or higher version and should have coded for considitional status change for cases and alerts. Should be able to install AIS server, know how to tweak AIS server parameters for good performance and should be able to fine tune AIS code for better performance.\r\n\r\n- Knowledge of Risk Case Management (RCM) 5.0 and above.\r\n- Should have good knowledge of plugin development in RCM. Should have understanding of different modules in RCM Out of Box war works and should have the ability to tweak out of box behavior through changes in RCM war or through custom code interfaced with RCM war.\r\n- Should have good grasp of XSL development and should be able to render multi frame structure through XSL\r\n- Should have understanding of Dashboards, VTL coding, RCM Out of Box APIs exposed for VTL development\r\n- Should have the ability to develop and tune DART queries/views and should be able to use the DART API\r\n- Should have good understanding of Webserver/APPserver architecture, load balancing and SSO redirection at architecture level and should be able to propose changes in the structure for better performance. Should have worked with Websphere 7.1 ND.\r\n- Should have good skills with shell scripting and should have good command over Linux server Administration.\r\n- Should have excellent command over SQL and PL/SQL and should have worked on Oracle 11g and should be able to tune the performance of complex SQL queries.\r\n- Should have worked with JReport Designer and should be able to develop and troubleshoot issues in Out Of Box Management Reports as well as custom Jreport.', '2013-08-26 11:04:55', '2013-11-27 15:22:10', '2013-08-26 11:04:57', '', 0, 1, 0 ), ( 740, 5, 5, 5, 'Accounts', '', '2013-10-14 14:41:33', '2013-10-14 14:41:33', '2013-10-14 14:41:35', '', 0, 1, 0 ), ( 741, 5, 17, 5, 'Potentials', 'Description:\n\nProvide support and maintenance to a mission critical system for one of our major US client.\n\n\nRequirements:\n* 3-5 years of experience in IT\n* Computer related bachelors degree or comparable experience\n* 3+ years with Oracle 11g\n* Fluent in English\n* Great attitude and enthusiasm\n* Ability to adapt to change\n* Desirable Java or Websphere\n\n\nWe offer:\n* Work from the office or remotely\n* International experience working with US customers\n* Competitive Salary\n* Career path', '2013-10-14 14:50:59', '2013-11-27 15:22:10', '2013-10-15 17:44:10', '', 0, 1, 0 ), ( 742, 7, 7, 7, 'Contacts', '', '2013-10-18 15:08:57', '2013-10-18 15:09:48', '2013-11-27 18:41:05', '', 0, 1, 0 ), ( 743, 7, 7, 7, 'Documents', '', '2013-10-18 15:09:48', '2013-10-18 15:09:48', null, '', 0, 1, 0 ), ( 744, 7, 7, 0, 'Documents Attachment', '', '2013-10-18 15:09:48', '2013-10-18 15:09:48', null, '', 0, 1, 0 ), ( 745, 7, 7, 5, 'Contacts', '', '2013-10-18 15:12:34', '2013-10-22 16:55:06', '2014-02-05 22:54:43', '', 0, 1, 0 ), ( 746, 7, 7, 7, 'Documents', '', '2013-10-18 15:13:17', '2013-10-18 15:13:17', null, '', 0, 1, 0 ), ( 747, 7, 7, 0, 'Documents Attachment', '', '2013-10-18 15:13:17', '2013-10-18 15:13:17', null, '', 0, 1, 0 ), ( 748, 7, 7, 5, 'Contacts', '', '2013-11-05 16:44:51', '2013-12-11 18:08:24', '2014-01-08 12:57:34', '', 0, 1, 0 ), ( 749, 7, 7, 7, 'Documents', '', '2013-11-05 16:46:26', '2013-11-05 16:46:26', null, '', 0, 1, 0 ), ( 750, 7, 7, 0, 'Documents Attachment', '', '2013-11-05 16:46:26', '2013-11-05 16:46:26', null, '', 0, 1, 0 ), ( 751, 7, 7, 5, 'Contacts', '', '2013-11-08 16:31:49', '2013-12-11 18:07:00', '2014-03-17 23:16:13', '', 0, 1, 0 ), ( 752, 7, 7, 7, 'Documents', '', '2013-11-08 16:33:20', '2013-11-08 16:33:20', null, '', 0, 1, 0 ), ( 753, 7, 7, 0, 'Documents Attachment', '', '2013-11-08 16:33:20', '2013-11-08 16:33:20', null, '', 0, 1, 0 ), ( 754, 7, 7, 7, 'Contacts', '', '2013-11-15 18:51:30', '2013-11-15 18:52:55', '2014-01-08 19:12:39', '', 0, 1, 0 ), ( 755, 7, 7, 7, 'Documents', '', '2013-11-15 18:52:55', '2013-11-15 18:52:55', null, '', 0, 1, 0 ), ( 756, 7, 7, 0, 'Documents Attachment', '', '2013-11-15 18:52:55', '2013-11-15 18:52:55', null, '', 0, 1, 0 ), ( 757, 7, 7, 7, 'Contacts', '', '2013-11-15 18:55:34', '2013-11-15 18:56:23', '2014-01-08 19:13:54', '', 0, 1, 0 ), ( 758, 7, 7, 7, 'Documents', '', '2013-11-15 18:56:23', '2013-11-15 18:56:23', null, '', 0, 1, 0 ), ( 759, 7, 7, 0, 'Documents Attachment', '', '2013-11-15 18:56:23', '2013-11-15 18:56:23', null, '', 0, 1, 0 ), ( 760, 18, 18, 18, 'Documents', '', '2013-11-26 19:32:52', '2013-11-26 19:32:52', null, '', 0, 1, 0 ), ( 761, 18, 18, 0, 'Documents Attachment', '', '2013-11-26 19:32:52', '2013-11-26 19:32:52', null, '', 0, 1, 0 ), ( 762, 5, 7, 5, 'Potentials', 'Title: ServiceNow Administrator\r\nLocation: Tampa, FL\r\nDuration: 6 Months\r\n \r\nJob Description:           \r\n \r\nSupport ServiceNow Configuration and Administration\r\na) Implementation experience in Service-Now tool\r\nb) Experience in Installation and Configuration of different modules of Service-Now - with emphasis on CMDB, Change Management, Problem Management and discovery modules\r\nc) Skills on Integration between Multiple modules, creation of CMDB, design of workflows\r\nd) Migration of Data from third party systems\r\ne) Testing & Bug-fixing\r\nf) Expertise of mapping of ITIL processes to the tools\r\ng) Knowledge of third party reporting system\r\nh) Excellent interpersonal & team building skills', '2013-11-27 15:25:27', '2014-02-04 16:14:52', null, '', 0, 1, 0 ), ( 763, 5, 5, 5, 'Potentials', 'Title                       :               ServiceNow Architect\nJob Category      :               System Administrator                   \nLocation               :               New York City, NY, United States              \nKey Skills              :               ServiceNow\n\n\nDescription:        \n\na) Implementation experience in Service-Now tool\n\nb) Experience in Installation and Configuration of different modules of Service-Now - with emphasis on CMDB, Change Management, Problem Management and discovery modules\n\nc) Skills on Integration between Multiple modules, creation of CMDB, design of workflows\n\nd) Migration of Data from third party systems\n\ne) Testing & Bug-fixing\n\nf) Expertise of mapping of ITIL processes to the tools\n\ng) Knowledge of third party reporting system\n\nh) Excellent interpersonal & team building skills', '2013-11-27 15:27:42', '2013-12-16 19:41:17', '2013-12-16 19:41:08', '', 0, 1, 0 ), ( 764, 5, 5, 7, 'Potentials', 'TITLE:	 Unix / AIX Administrator\r\n STATUS:	 Open\r\n JOB CODE:	 8947\r\n LOCATION:	 Irving, TX, United States\r\n # of Openings:	 1\r\n\r\n\r\nRequisition Details:\r\nSpanish Speaking\r\nRed Hat Enterprise Server 5 & 6\r\nLinux / Unix LVM & Cluster & Storage management\r\nConfigurations for automated OS & kernel Patch management for production systems\r\nExperience in rolling out end to end automated OS patching solutions for production servers\r\nGood in Virtualization techniques on Native Red Hat tools like RHEV & VMware\r\nExperience in DNS, Apache, NFS, NIS, AutoFS, Samba etc.\r\nTools and Application/Database knowledge in a typical web server environment\r\nExperience in DR and BCP tests \r\nITIL & ITSM Tools operational knowledge\r\nSkill in providing excellent customer service. \r\nSkill in working in a teamwork environment. \r\nIBM AIX OS 6 & 7 Administration & Management\r\nIBM P 6 &7 Server Architecture\r\nAIX Smitty, LVM, Storage & Network management\r\nOS & TL/ML Upgrades \r\nGood at LPAR, DLPAR,NIM, HACMP, Power HA, HMC, WPAR management & troubleshooting\r\nNew Server Deployments &Configurations\r\nOS patching for production servers\r\nDual VIO Configuration & management, SEA, MPIOX etc.\r\nKnowledge of OS Tools, Application/Database in BFS environment', '2013-11-27 15:30:54', '2014-01-21 14:30:52', '2013-11-27 15:30:55', '', 0, 1, 0 ), ( 765, 5, 5, 5, 'Potentials', '', '2013-11-27 15:34:19', '2013-12-12 15:38:35', '2013-12-12 15:38:25', '', 0, 1, 0 ), ( 766, 5, 5, 5, 'ModComments', '', '2013-11-27 15:35:20', '2013-11-27 15:35:20', null, '', 0, 1, 0 ), ( 767, 7, 7, 5, 'Contacts', '', '2013-11-27 15:38:47', '2014-01-08 19:12:56', '2013-11-27 15:51:22', '', 0, 1, 0 ), ( 768, 5, 5, 7, 'Potentials', 'The candidate needs to have at least 3+ years in .net and be at least at an intermediate level, good English as he will be communicating with the client and need to have experience with the following technologies.\r\n \r\nASP.Net\r\nSQL Server\r\nSSIS/SSRS\r\nStored procedures, SQL scripts\r\nWeb development\r\n\r\nThe candidate will be working for an app development company assisting them with development and also providing some reports to their customers.\r\nDo you think you guys could help with this resource?  We would be looking to do something similar as we did with Arturo.', '2013-11-27 15:40:08', '2014-02-12 20:34:00', '2013-12-16 19:42:57', '', 0, 1, 0 ), ( 769, 7, 7, 7, 'Documents', '', '2013-11-27 15:40:42', '2013-11-27 15:40:42', null, '', 0, 1, 0 ), ( 770, 7, 7, 0, 'Documents Attachment', '', '2013-11-27 15:40:42', '2013-11-27 15:40:42', null, '', 0, 1, 0 ), ( 771, 5, 5, 7, 'Potentials', 'Oracle PL/SQL developer with Salesforce experience', '2013-11-27 15:42:36', '2014-02-12 20:34:31', '2013-12-16 19:43:19', '', 0, 1, 0 ), ( 772, 7, 7, 5, 'Contacts', '', '2013-11-27 16:09:39', '2014-01-08 19:13:38', '2013-11-27 16:09:40', '', 0, 1, 0 ), ( 773, 7, 7, 7, 'Documents', '', '2013-11-27 16:12:00', '2013-11-27 16:12:00', null, '', 0, 1, 0 ), ( 774, 7, 7, 0, 'Documents Attachment', '', '2013-11-27 16:12:00', '2013-11-27 16:12:00', null, '', 0, 1, 0 ), ( 775, 7, 7, 7, 'Contacts', '', '2013-12-11 19:16:39', '2013-12-11 19:17:42', '2013-12-11 19:16:40', '', 0, 1, 0 ), ( 776, 7, 7, 7, 'Documents', '', '2013-12-11 19:17:42', '2013-12-11 19:17:42', null, '', 0, 1, 0 ), ( 777, 7, 7, 0, 'Documents Attachment', '', '2013-12-11 19:17:42', '2013-12-11 19:17:42', null, '', 0, 1, 0 ), ( 778, 5, 5, 7, 'Potentials', 'Job Requirements\r\n\r\n	3+ plus years working with .net technologies\r\n	1+ years working with SharePoint Technologies  SharePoint 2010, 2013 and SharePoint Administrator\r\n	Strong English Skills  Mandatory writing and speaking skills \r\n	Exceptional communication and follow-up skills    \r\n	Exceptional work ethic with a drive to exceed expectations\r\n	Ability to build loyalty and relationships with clients and prospects\r\n	Passion for providing customer service.\r\n\r\nExperience working with the following:\r\n\r\n	SharePoint 2010, 2013\r\n	SharePoint Administrator\r\n	Nintex for creating workflows\r\n	SQL Server\r\n	SSRS\r\n	JQuery', '2013-12-13 21:40:22', '2014-02-12 20:34:46', '2014-01-09 15:20:57', '', 0, 1, 0 ), ( 779, 7, 7, 7, 'Potentials', 'I am looking for candidate who can connect with senior management and \r\n> participate in Strategy meetings for Service Now implementation.\r\n> This is why I said it should be Service Now architect.\r\n> \r\n> Thanks\r\n> 732-331-0713', '2013-12-16 19:44:43', '2014-01-21 14:31:55', '2014-01-21 14:31:31', '', 0, 1, 0 ), ( 780, 7, 7, 7, 'Contacts', '', '2013-12-16 20:14:53', '2013-12-16 20:27:53', '2013-12-16 20:27:30', '', 0, 1, 0 ), ( 781, 7, 7, 7, 'Documents', '', '2013-12-16 20:17:20', '2013-12-16 20:17:20', null, '', 0, 1, 0 ), ( 782, 7, 7, 0, 'Documents Attachment', '', '2013-12-16 20:17:20', '2013-12-16 20:17:20', null, '', 0, 1, 0 ), ( 783, 7, 7, 7, 'Contacts', '', '2013-12-16 20:24:09', '2013-12-16 20:25:21', '2013-12-16 20:24:10', '', 0, 1, 0 ), ( 784, 7, 7, 7, 'Documents', '', '2013-12-16 20:25:20', '2013-12-16 20:25:20', null, '', 0, 1, 0 ), ( 785, 7, 7, 0, 'Documents Attachment', '', '2013-12-16 20:25:20', '2013-12-16 20:25:20', null, '', 0, 1, 0 ), ( 786, 7, 7, 7, 'Contacts', '', '2013-12-16 20:29:57', '2013-12-16 20:31:17', '2013-12-16 20:29:58', '', 0, 1, 0 ), ( 787, 7, 7, 7, 'Documents', '', '2013-12-16 20:31:17', '2013-12-16 20:31:17', null, '', 0, 1, 0 ), ( 788, 7, 7, 0, 'Documents Attachment', '', '2013-12-16 20:31:17', '2013-12-16 20:31:17', null, '', 0, 1, 0 ), ( 789, 7, 7, 7, 'Contacts', '', '2013-12-16 20:35:50', '2013-12-16 20:37:10', '2013-12-16 20:35:52', '', 0, 1, 0 ), ( 790, 7, 7, 7, 'Documents', '', '2013-12-16 20:37:10', '2013-12-16 20:37:10', null, '', 0, 1, 0 ), ( 791, 7, 7, 0, 'Documents Attachment', '', '2013-12-16 20:37:10', '2013-12-16 20:37:10', null, '', 0, 1, 0 ), ( 792, 7, 7, 7, 'Contacts', '', '2013-12-19 17:26:23', '2014-01-21 16:46:23', '2014-02-05 17:56:02', '', 0, 1, 0 ), ( 793, 7, 7, 7, 'Documents', '', '2013-12-19 17:27:36', '2013-12-19 17:27:36', null, '', 0, 1, 0 ), ( 794, 7, 7, 0, 'Documents Attachment', '', '2013-12-19 17:27:36', '2013-12-19 17:27:36', null, '', 0, 1, 0 ), ( 795, 5, 5, 5, 'Contacts', '', '2014-01-06 14:25:51', '2014-01-06 14:25:51', '2014-01-06 14:25:52', '', 0, 1, 0 ), ( 796, 7, 7, 5, 'Potentials', 'Description:	\r\nJob Summary\r\n\r\nOversee and manage overall planning, execution, and success of multiple technology projects.  This role requires a combination of strong Project Management and Business Analysis skills. This role will also require effective coordination across the several functional areas of IT, and the ability to work directly with multiple areas of the business to ensure the new systems meet both IT and business needs.\r\n\r\nResponsibilities to include, but not limited to:\r\n\r\n         Manage all phases of the software development lifecycle including budget/estimate, design, development, testing implementation and maintenance\r\n         Create and manage project plans, resource allocation and timelines\r\n         Report on project status to IT Management\r\n         Gather, document and communicate system requirements to both technical and non-technical project team members\r\n         Identify potential project risks and recommend approaches to avoid those risks.\r\n         Coordinate issue resolution activities within the project teams.\r\n         Define and execute test plans. Document test results.\r\n         Define and track key performance indicators in support of regular operational reviews to monitor and improve organizational performance\r\n         Identify ITIL-Based Process Improvements as part of an effort to define and deploy these improvements in tandem with the  ServiceNow system implementations\r\n         Contribute to and lead the development of client deliverables such as current state assessment reports, future state designs, requirements documents, IT process flows, operational procedures, and training plans\r\nQualifications/Skills\r\n\r\n \r\n\r\nBasic qualifications:\r\n\r\n         10+ years system development experience\r\n         5+ years of Project Management experience\r\n         5+ years of hands-on Business Analysis experience\r\n         5+ years of ITIL process experience as it relates to Service Catalog, Incident, Change, Problem, Release, and Configuration Management processes\r\n         5+ years of hands-on experience with Service-now, BMC or other service management software\r\n         Broad experience with IT including networks, security, servers, storage, applications, infrastructure and governance\r\n         2+ year hands-on experience with Microsoft Project or other project management software\r\n         2+ year hands-on experience with Visio or other process documentation software\r\n \r\n\r\nDesired skills:\r\n\r\n         Mastery of process management\r\n         Strong business acumen and technical savvy\r\n         Excellent verbal and written communication skills\r\n         Leadership and decision making skills\r\n         Ability to manage and influence relationships and engage team members\r\n         Ability to develop and influence strategy\r\n         Thoroughness and self-motivation', '2014-01-06 16:54:41', '2014-02-04 16:14:52', '2014-02-04 16:13:32', '', 0, 1, 0 ), ( 797, 7, 7, 5, 'Potentials', 'Need your help on a service now developer position for a Datacenter for TCS/ Moneygram .  Location is : MN  Rate: 55$/hr.', '2014-01-08 19:56:00', '2014-02-04 16:14:52', '2014-01-08 19:56:02', '', 0, 1, 0 ), ( 798, 18, 18, 18, 'ModComments', '', '2014-01-21 18:48:55', '2014-01-21 18:48:55', null, '', 0, 1, 0 ), ( 799, 5, 5, 5, 'Accounts', '', '2014-02-04 16:19:34', '2014-02-04 16:19:34', '2014-02-04 16:19:35', '', 0, 1, 0 ), ( 800, 5, 7, 7, 'Potentials', 'Team Lead - Global Lead interacting with USA & India\n\nOngoing Development project\n\n* Experience in Service-Now \n*Integrations \n*Itil \n*Forms and Tables \n*Workflows \n*scripting \n*HTML', '2014-02-04 16:20:45', '2014-02-12 22:40:40', '2014-02-12 22:39:47', '', 0, 1, 0 ), ( 801, 5, 5, 5, 'ModComments', '', '2014-02-04 16:21:54', '2014-02-04 16:21:54', null, '', 0, 1, 0 ), ( 802, 7, 7, 7, 'Potentials', 'RGS ID 	3374561\r\nRequirement ID\'s 	3813261 and 3813262\r\nRole 	Architect - ServiceNow\r\nMandatory Technical Skills 	\"Certified ServiceNow Architect/Developer/Administrator\r\n2+ years experience as ServiceNow Architect/Expert\r\nEnd to End ServiceNow development & implementation\"\r\nDesirable Technical Skills 	\r\nMandatory Functional Skills 	\r\nDesirable Functional Skills 	\r\nTotal Experience Required 	5+ years\r\nRate per hour payable to vendor 	$60/hr\r\nLocal Hire package range	90-110k per annum\r\nWork Location 	Oldsmar, FL\r\nDuration 	1 Year \r\nNo. of positions 	2\r\nAssignment Start Date 	16-Sep-13', '2014-02-12 22:44:13', '2014-02-12 22:44:13', '2014-02-12 22:44:16', '', 0, 1, 0 ), ( 803, 7, 7, 7, 'Potentials', 'SAS 9.3 Grid resource for Downtown  Toronto, Need resumes from US Region who are eligible to work in Canada. Salary/Rate no constraint\r\n \r\nClient: Bell Canada\r\n \r\nSAS ARCHITECT / ADMIN \r\n\r\nSAS Architect / Admin Job Skills & Requirements: \r\n\r\nDegree  in computer science or a computer related field and 8 years related experience.\r\nMinimum 10 years of experience working in Information Technology or related area.\r\nMinimum 5 years of experience as a SAS architect and administrator.\r\nMinimum 3 years of experience in operational support and maintenance of large complex data management and business intelligence environment.\r\nShould have the ability to access the existing architecture and provide roadmap for the new architecture implementation.\r\nShould have migration experience from SAS 9.2 to 9.3 GRID architecture.\r\nShould have good experience in installing and administering SAS software in complex environments including SAS Grid.  Experience in problem-solving, leadership and mentoring, tests and design of multitier environments of SAS 9.3. Expert at analyzing and solving the most complex technical problems.\r\n\r\nExperience to include: \r\nInstallation of SAS Solutions in multitier environments.\r\nSAS Grid computing deployment and administration.\r\nKnowledge of Solaris, Linux and Unix operating systems.\r\nInstallation & Administration knowledge of LSF.\r\nKnowledge of third party software like Web Application Servers, Active directory, Centrify, Monit, Samba \r\nDesign of complex architectures for SAS 9.3 and using LSF.\r\nKnowledge of Capacity planning for grid projects\r\nDesign and implementation experience of multitier and grid architectures\r\nData sources include a variety of formats including DB2, Oracle, SQL Server, MS Access, MS Excel, as well as ASCII and EBDCIC.\r\nPrimary focus will be maintaining the existing GRID configuration and environment in the Red Hat Linux SAS Grid enabled environment.\r\nTroubleshooting and root cause analysis of production issues\r\nAbility to multi-task and address complex support issues in a mixed technology environment\r\nExcellent customer service skills\r\nShould have good working exp on 3rd party tolls like \r\nUnix Shell scripting and security essentials \r\nDetailed knowledge of SAS security \r\nAbility to write complex SQL queries \r\nSAS web application deployment \r\nHands-on experience with Enterprise Guide, SAS Stored Processes, and SAS Add-in for Microsoft Office \r\nKnowledgeable in the design and implementation of an Enterprise SAS Grid Environment and/or \'desk top harvesting\' \r\nMust possess an in depth understanding of the capabilities of SAS \r\n\r\nKnowledge must include architectural design, web part development, management and troubleshooting with a focus on planning, deploying and supporting enterprise SAS implementations \r\nExcellent interpersonal and organizational skills, ability to handle diverse situations, multiple projects and rapidly changing priorities \r\nSolid knowledge of web architecture, application architecture, and security and operational procedures \r\nProven leadership experience and project management skills \r\nStrong understanding of SDLC processes, knowledge of ITIL a plus \r\nFamiliarity/experience with clinical trials, clinical data management systems, and/or electronic data capture systems a plus \r\nSystem validation and documentation in a regulatory environment (21 CFR Part 11) \r\n\r\nSAS Architect / Admin Job Summary: \r\nPrioritizes requirements from functional teams and assists power users with best in class solutions \r\nResponsible for maintenance and administration of the SAS environments including installation, configuration, performance tuning, monitoring, backups and support \r\nConducts root cause analysis, problem management, short and long term corrective action on SAS tools and SAS programs \r\nManages user administration and ensures environment security and stability \r\nEscalates issues with other teams (infrastructure, DBA\'s, developers, and software vendors \r\nOwns software patches and upgrades, works with the vendor for ongoing maintenance and support \r\nProvides performance and forecast reports on the health of the SAS infrastructure and ensures that the environments have adequate computational and storage capacity \r\nWorks with the infrastructure teams for new hardware setups for ongoing maintenance and future upgrades \r\nTracks and documents all reported problems and data anomalies \r\nProvides \'best practices\', ensures governance and optimizes performance of the SAS environment \r\nDesigns high-level software architecture including object-oriented analysis and design \r\nDesigns relational database models to support database-driven software systems', '2014-02-12 22:46:10', '2014-02-12 22:51:17', null, '', 0, 1, 0 ), ( 804, 7, 7, 7, 'Potentials', 'Area	Role	Job Description	# of Positions	Priority	SPOC	Location	Salary Range\r\nIMS	Sr. Developer (ServiceNow)	a. ServiceNow integration and implementation experience. \r\nb. Expertise on J2EE and Integration\r\nc.  Integration with Logical access management tools is good to have	2	Very High	Rekil	Downtown	75K', '2014-02-12 22:48:16', '2014-02-12 22:48:16', '2014-02-12 22:48:18', '', 0, 1, 0 );
/*!40000 ALTER TABLE `vtiger_crmentity` ENABLE KEYS */;
UNLOCK TABLES;

--
-- Table structure for table vtiger_crmentity_seq
--

DROP TABLE IF EXISTS vtiger_crmentity_seq;
SET @saved_cs_client = @@character_set_client;
SET character_set_client = utf8;
CREATE TABLE `vtiger_crmentity_seq` (
  `id` int(11) NOT NULL
) ENGINE=MyISAM DEFAULT CHARSET=utf8;
SET character_set_client = @saved_cs_client;

--
-- Dumping data for table vtiger_crmentity_seq
--

LOCK TABLES `vtiger_crmentity_seq` WRITE;
/*!40000 ALTER TABLE `vtiger_crmentity_seq` DISABLE KEYS */;
INSERT INTO vtiger_crmentity_seq ( ID ) VALUES ( 804 );
/*!40000 ALTER TABLE `vtiger_crmentity_seq` ENABLE KEYS */;
UNLOCK TABLES;

--
-- Table structure for table vtiger_crmentitynotesrel
--

DROP TABLE IF EXISTS vtiger_crmentitynotesrel;
SET @saved_cs_client = @@character_set_client;
SET character_set_client = utf8;
CREATE TABLE `vtiger_crmentitynotesrel` (
  `crmid` int(19) NOT NULL DEFAULT '0',
  `notesid` int(19) NOT NULL DEFAULT '0',
  PRIMARY KEY (`crmid`,`notesid`),
  KEY `crmentitynotesrel_notesid_idx` (`notesid`),
  KEY `crmentitynotesrel_crmid_idx` (`crmid`),
  CONSTRAINT `fk_2_vtiger_crmentitynotesrel` FOREIGN KEY (`notesid`) REFERENCES `vtiger_notes` (`notesid`) ON DELETE CASCADE
) ENGINE=InnoDB DEFAULT CHARSET=utf8;
SET character_set_client = @saved_cs_client;

--
-- Dumping data for table vtiger_crmentitynotesrel
--

LOCK TABLES `vtiger_crmentitynotesrel` WRITE;
/*!40000 ALTER TABLE `vtiger_crmentitynotesrel` DISABLE KEYS */;

/*!40000 ALTER TABLE `vtiger_crmentitynotesrel` ENABLE KEYS */;
UNLOCK TABLES;

--
-- Table structure for table vtiger_crmentityrel
--

DROP TABLE IF EXISTS vtiger_crmentityrel;
SET @saved_cs_client = @@character_set_client;
SET character_set_client = utf8;
CREATE TABLE `vtiger_crmentityrel` (
  `crmid` int(11) NOT NULL,
  `module` varchar(100) NOT NULL,
  `relcrmid` int(11) NOT NULL,
  `relmodule` varchar(100) NOT NULL
) ENGINE=InnoDB DEFAULT CHARSET=utf8;
SET character_set_client = @saved_cs_client;

--
-- Dumping data for table vtiger_crmentityrel
--

LOCK TABLES `vtiger_crmentityrel` WRITE;
/*!40000 ALTER TABLE `vtiger_crmentityrel` DISABLE KEYS */;

/*!40000 ALTER TABLE `vtiger_crmentityrel` ENABLE KEYS */;
UNLOCK TABLES;

--
-- Table structure for table vtiger_cron_task
--

DROP TABLE IF EXISTS vtiger_cron_task;
SET @saved_cs_client = @@character_set_client;
SET character_set_client = utf8;
CREATE TABLE `vtiger_cron_task` (
  `id` int(11) NOT NULL AUTO_INCREMENT,
  `name` varchar(100) DEFAULT NULL,
  `handler_file` varchar(100) DEFAULT NULL,
  `frequency` int(11) DEFAULT NULL,
  `laststart` mediumtext,
  `lastend` mediumtext,
  `status` int(11) DEFAULT NULL,
  `module` varchar(100) DEFAULT NULL,
  `sequence` int(11) DEFAULT NULL,
  `description` text,
  PRIMARY KEY (`id`),
  UNIQUE KEY `name` (`name`),
  UNIQUE KEY `handler_file` (`handler_file`)
) ENGINE=InnoDB AUTO_INCREMENT=7 DEFAULT CHARSET=utf8;
SET character_set_client = @saved_cs_client;

--
-- Dumping data for table vtiger_cron_task
--

LOCK TABLES `vtiger_cron_task` WRITE;
/*!40000 ALTER TABLE `vtiger_cron_task` DISABLE KEYS */;
INSERT INTO vtiger_cron_task ( ID, NAME, HANDLER_FILE, FREQUENCY, LASTSTART, LASTEND, STATUS, MODULE, SEQUENCE, DESCRIPTION ) VALUES ( 1, 'Workflow', 'cron/modules/com_vtiger_workflow/com_vtiger_workflow.service', 900, '1396967521', '1396967522', 1, 'com_vtiger_workflow', 1, 'Recommended frequency for Workflow is 15 mins' ), ( 2, 'RecurringInvoice', 'cron/modules/SalesOrder/RecurringInvoice.service', 43200, '1396947602', '1396947602', 1, 'SalesOrder', 2, 'Recommended frequency for RecurringInvoice is 12 hours' ), ( 3, 'SendReminder', 'cron/SendReminder.service', 1800, '1396966563', '1396966563', 1, 'Calendar', 3, 'Recommended frequency for SendReminder is 15 mins' ), ( 4, 'ScheduleReports', 'cron/modules/Reports/ScheduleReports.service', 1800, '1396966563', '1396966564', 1, 'Reports', 4, 'Recommended frequency for ScheduleReports is 15 mins' ), ( 5, 'MailScanner', 'cron/MailScanner.service', 900, '1396967522', '1396967522', 1, 'Settings', 5, 'Recommended frequency for MailScanner is 15 mins' ), ( 6, 'Scheduled Import', 'cron/modules/Import/ScheduledImport.service', 1800, '1396966564', '1396966564', 1, 'Import', 6, '' );
/*!40000 ALTER TABLE `vtiger_cron_task` ENABLE KEYS */;
UNLOCK TABLES;

--
-- Table structure for table vtiger_currencies
--

DROP TABLE IF EXISTS vtiger_currencies;
SET @saved_cs_client = @@character_set_client;
SET character_set_client = utf8;
CREATE TABLE `vtiger_currencies` (
  `currencyid` int(19) NOT NULL AUTO_INCREMENT,
  `currency_name` varchar(200) DEFAULT NULL,
  `currency_code` varchar(50) DEFAULT NULL,
  `currency_symbol` varchar(11) DEFAULT NULL,
  PRIMARY KEY (`currencyid`)
) ENGINE=InnoDB AUTO_INCREMENT=130 DEFAULT CHARSET=utf8;
SET character_set_client = @saved_cs_client;

--
-- Dumping data for table vtiger_currencies
--

LOCK TABLES `vtiger_currencies` WRITE;
/*!40000 ALTER TABLE `vtiger_currencies` DISABLE KEYS */;
INSERT INTO vtiger_currencies ( CURRENCYID, CURRENCY_NAME, CURRENCY_CODE, CURRENCY_SYMBOL ) VALUES ( 1, 'Albania, Leke', 'ALL', 'Lek' ), ( 2, 'Argentina, Pesos', 'ARS', '$' ), ( 3, 'Aruba, Guilders', 'AWG', '' ), ( 4, 'Australia, Dollars', 'AUD', '$' ), ( 5, 'Azerbaijan, New Manats', 'AZN', '' ), ( 6, 'Bahamas, Dollars', 'BSD', '$' ), ( 7, 'Bahrain, Dinar', 'BHD', 'BD' ), ( 8, 'Barbados, Dollars', 'BBD', '$' ), ( 9, 'Belarus, Rubles', 'BYR', 'p.' ), ( 10, 'Belize, Dollars', 'BZD', 'BZ$' ), ( 11, 'Bermuda, Dollars', 'BMD', '$' ), ( 12, 'Bolivia, Bolivianos', 'BOB', '$b' ), ( 13, 'China, Yuan Renminbi', 'CNY', '' ), ( 14, 'Convertible Marka', 'BAM', 'KM' ), ( 15, 'Botswana, Pulas', 'BWP', 'P' ), ( 16, 'Bulgaria, Leva', 'BGN', '' ), ( 17, 'Brazil, Reais', 'BRL', 'R$' ), ( 18, 'Great Britain Pounds', 'GBP', '' ), ( 19, 'Brunei Darussalam, Dollars', 'BND', '$' ), ( 20, 'Canada, Dollars', 'CAD', '$' ), ( 21, 'Cayman Islands, Dollars', 'KYD', '$' ), ( 22, 'Chile, Pesos', 'CLP', '$' ), ( 23, 'Colombia, Pesos', 'COP', '$' ), ( 24, 'Costa Rica, Coln', 'CRC', '' ), ( 25, 'Croatia, Kuna', 'HRK', 'kn' ), ( 26, 'Cuba, Pesos', 'CUP', '' ), ( 27, 'Czech Republic, Koruny', 'CZK', 'K' ), ( 28, 'Cyprus, Pounds', 'CYP', '' ), ( 29, 'Denmark, Kroner', 'DKK', 'kr' ), ( 30, 'Dominican Republic, Pesos', 'DOP', 'RD$' ), ( 31, 'East Caribbean, Dollars', 'XCD', '$' ), ( 32, 'Egypt, Pounds', 'EGP', '' ), ( 33, 'El Salvador, Coln', 'SVC', '' ), ( 34, 'England, Pounds', 'GBP', '' ), ( 35, 'Estonia, Krooni', 'EEK', 'kr' ), ( 36, 'Euro', 'EUR', '' ), ( 37, 'Falkland Islands, Pounds', 'FKP', '' ), ( 38, 'Fiji, Dollars', 'FJD', '$' ), ( 39, 'Ghana, Cedis', 'GHC', '' ), ( 40, 'Gibraltar, Pounds', 'GIP', '' ), ( 41, 'Guatemala, Quetzales', 'GTQ', 'Q' ), ( 42, 'Guernsey, Pounds', 'GGP', '' ), ( 43, 'Guyana, Dollars', 'GYD', '$' ), ( 44, 'Honduras, Lempiras', 'HNL', 'L' ), ( 45, 'LvHong Kong, Dollars ', 'HKD', 'HK$' ), ( 46, 'Hungary, Forint', 'HUF', 'Ft' ), ( 47, 'Iceland, Krona', 'ISK', 'kr' ), ( 48, 'India, Rupees', 'INR', '' ), ( 49, 'Indonesia, Rupiahs', 'IDR', 'Rp' ), ( 50, 'Iran, Rials', 'IRR', '' ), ( 51, 'Isle of Man, Pounds', 'IMP', '' ), ( 52, 'Israel, New Shekels', 'ILS', '' ), ( 53, 'Jamaica, Dollars', 'JMD', 'J$' ), ( 54, 'Japan, Yen', 'JPY', '' ), ( 55, 'Jersey, Pounds', 'JEP', '' ), ( 56, 'Jordan, Dinar', 'JOD', 'JOD' ), ( 57, 'Kazakhstan, Tenge', 'KZT', '' ), ( 58, 'Kenya, Shilling', 'KES', 'KES' ), ( 59, 'Korea (North), Won', 'KPW', '' ), ( 60, 'Korea (South), Won', 'KRW', '' ), ( 61, 'Kuwait, Dinar', 'KWD', 'KWD' ), ( 62, 'Kyrgyzstan, Soms', 'KGS', '' ), ( 63, 'Laos, Kips', 'LAK', '' ), ( 64, 'Latvia, Lati', 'LVL', 'Ls' ), ( 65, 'Lebanon, Pounds', 'LBP', '' ), ( 66, 'Liberia, Dollars', 'LRD', '$' ), ( 67, 'Switzerland Francs', 'CHF', 'CHF' ), ( 68, 'Lithuania, Litai', 'LTL', 'Lt' ), ( 69, 'MADAGASCAR, Malagasy Ariary', 'MGA', 'MGA' ), ( 70, 'Macedonia, Denars', 'MKD', '' ), ( 71, 'Malaysia, Ringgits', 'MYR', 'RM' ), ( 72, 'Malta, Liri', 'MTL', '' ), ( 73, 'Mauritius, Rupees', 'MUR', '' ), ( 74, 'Mexico, Pesos', 'MXN', '$' ), ( 75, 'Mongolia, Tugriks', 'MNT', '' ), ( 76, 'Mozambique, Meticais', 'MZN', 'MT' ), ( 77, 'Namibia, Dollars', 'NAD', '$' ), ( 78, 'Nepal, Rupees', 'NPR', '' ), ( 79, 'Netherlands Antilles, Guilders', 'ANG', '' ), ( 80, 'New Zealand, Dollars', 'NZD', '$' ), ( 81, 'Nicaragua, Cordobas', 'NIO', 'C$' ), ( 82, 'Nigeria, Nairas', 'NGN', '' ), ( 83, 'North Korea, Won', 'KPW', '' ), ( 84, 'Norway, Krone', 'NOK', 'kr' ), ( 85, 'Oman, Rials', 'OMR', '' ), ( 86, 'Pakistan, Rupees', 'PKR', '' ), ( 87, 'Panama, Balboa', 'PAB', 'B/.' ), ( 88, 'Paraguay, Guarani', 'PYG', 'Gs' ), ( 89, 'Peru, Nuevos Soles', 'PEN', 'S/.' ), ( 90, 'Philippines, Pesos', 'PHP', 'Php' ), ( 91, 'Poland, Zlotych', 'PLN', 'z' ), ( 92, 'Qatar, Rials', 'QAR', '' ), ( 93, 'Romania, New Lei', 'RON', 'lei' ), ( 94, 'Russia, Rubles', 'RUB', '' ), ( 95, 'Saint Helena, Pounds', 'SHP', '' ), ( 96, 'Saudi Arabia, Riyals', 'SAR', '' ), ( 97, 'Serbia, Dinars', 'RSD', '.' ), ( 98, 'Seychelles, Rupees', 'SCR', '' ), ( 99, 'Singapore, Dollars', 'SGD', '$' ), ( 100, 'Solomon Islands, Dollars', 'SBD', '$' ), ( 101, 'Somalia, Shillings', 'SOS', 'S' ), ( 102, 'South Africa, Rand', 'ZAR', 'R' ), ( 103, 'South Korea, Won', 'KRW', '' ), ( 104, 'Sri Lanka, Rupees', 'LKR', '' ), ( 105, 'Sweden, Kronor', 'SEK', 'kr' ), ( 106, 'Switzerland, Francs', 'CHF', 'CHF' ), ( 107, 'Suriname, Dollars', 'SRD', '$' ), ( 108, 'Syria, Pounds', 'SYP', '' ), ( 109, 'Taiwan, New Dollars', 'TWD', 'NT$' ), ( 110, 'Thailand, Baht', 'THB', '' ), ( 111, 'Trinidad and Tobago, Dollars', 'TTD', 'TT$' ), ( 112, 'Turkey, New Lira', 'TRY', 'YTL' ), ( 113, 'Turkey, Liras', 'TRL', '' ), ( 114, 'Tuvalu, Dollars', 'TVD', '$' ), ( 115, 'Ukraine, Hryvnia', 'UAH', '' ), ( 116, 'United Arab Emirates, Dirham', 'AED', 'AED' ), ( 117, 'United Kingdom, Pounds', 'GBP', '' ), ( 118, 'United Republic of Tanzania, Shilling', 'TZS', 'TZS' ), ( 119, 'USA, Dollars', 'USD', '$' ), ( 120, 'Uruguay, Pesos', 'UYU', '$U' ), ( 121, 'Uzbekistan, Sums', 'UZS', '' ), ( 122, 'Venezuela, Bolivares Fuertes', 'VEF', 'Bs' ), ( 123, 'Vietnam, Dong', 'VND', '' ), ( 124, 'Zambia, Kwacha', 'ZMK', 'ZMK' ), ( 125, 'Yemen, Rials', 'YER', '' ), ( 126, 'Zimbabwe Dollars', 'ZWD', 'Z$' ), ( 127, 'Malawi, Kwacha', 'MWK', 'MK' ), ( 128, 'Tunisian, Dinar', 'TD', 'TD' ), ( 129, 'Moroccan, Dirham', 'MAD', '' );
/*!40000 ALTER TABLE `vtiger_currencies` ENABLE KEYS */;
UNLOCK TABLES;

--
-- Table structure for table vtiger_currencies_seq
--

DROP TABLE IF EXISTS vtiger_currencies_seq;
SET @saved_cs_client = @@character_set_client;
SET character_set_client = utf8;
CREATE TABLE `vtiger_currencies_seq` (
  `id` int(11) NOT NULL
) ENGINE=MyISAM DEFAULT CHARSET=utf8;
SET character_set_client = @saved_cs_client;

--
-- Dumping data for table vtiger_currencies_seq
--

LOCK TABLES `vtiger_currencies_seq` WRITE;
/*!40000 ALTER TABLE `vtiger_currencies_seq` DISABLE KEYS */;
INSERT INTO vtiger_currencies_seq ( ID ) VALUES ( 129 );
/*!40000 ALTER TABLE `vtiger_currencies_seq` ENABLE KEYS */;
UNLOCK TABLES;

--
-- Table structure for table vtiger_currency
--

DROP TABLE IF EXISTS vtiger_currency;
SET @saved_cs_client = @@character_set_client;
SET character_set_client = utf8;
CREATE TABLE `vtiger_currency` (
  `currencyid` int(19) NOT NULL AUTO_INCREMENT,
  `currency` varchar(200) NOT NULL,
  `sortorderid` int(19) NOT NULL DEFAULT '0',
  `presence` int(1) NOT NULL DEFAULT '1',
  PRIMARY KEY (`currencyid`),
  UNIQUE KEY `currency_currency_idx` (`currency`)
) ENGINE=InnoDB DEFAULT CHARSET=utf8;
SET character_set_client = @saved_cs_client;

--
-- Dumping data for table vtiger_currency
--

LOCK TABLES `vtiger_currency` WRITE;
/*!40000 ALTER TABLE `vtiger_currency` DISABLE KEYS */;

/*!40000 ALTER TABLE `vtiger_currency` ENABLE KEYS */;
UNLOCK TABLES;

--
-- Table structure for table vtiger_currency_decimal_separator
--

DROP TABLE IF EXISTS vtiger_currency_decimal_separator;
SET @saved_cs_client = @@character_set_client;
SET character_set_client = utf8;
CREATE TABLE `vtiger_currency_decimal_separator` (
  `currency_decimal_separatorid` int(19) NOT NULL AUTO_INCREMENT,
  `currency_decimal_separator` varchar(2) NOT NULL,
  `sortorderid` int(19) NOT NULL DEFAULT '0',
  `presence` int(1) NOT NULL DEFAULT '1',
  PRIMARY KEY (`currency_decimal_separatorid`)
) ENGINE=InnoDB AUTO_INCREMENT=6 DEFAULT CHARSET=utf8;
SET character_set_client = @saved_cs_client;

--
-- Dumping data for table vtiger_currency_decimal_separator
--

LOCK TABLES `vtiger_currency_decimal_separator` WRITE;
/*!40000 ALTER TABLE `vtiger_currency_decimal_separator` DISABLE KEYS */;
INSERT INTO vtiger_currency_decimal_separator ( CURRENCY_DECIMAL_SEPARATORID, CURRENCY_DECIMAL_SEPARATOR, SORTORDERID, PRESENCE ) VALUES ( 1, '.', 0, 1 ), ( 2, ',', 1, 1 ), ( 3, '\'', 2, 1 ), ( 4, ' ', 3, 1 ), ( 5, '$', 4, 1 );
/*!40000 ALTER TABLE `vtiger_currency_decimal_separator` ENABLE KEYS */;
UNLOCK TABLES;

--
-- Table structure for table vtiger_currency_decimal_separator_seq
--

DROP TABLE IF EXISTS vtiger_currency_decimal_separator_seq;
SET @saved_cs_client = @@character_set_client;
SET character_set_client = utf8;
CREATE TABLE `vtiger_currency_decimal_separator_seq` (
  `id` int(11) NOT NULL
) ENGINE=MyISAM DEFAULT CHARSET=utf8;
SET character_set_client = @saved_cs_client;

--
-- Dumping data for table vtiger_currency_decimal_separator_seq
--

LOCK TABLES `vtiger_currency_decimal_separator_seq` WRITE;
/*!40000 ALTER TABLE `vtiger_currency_decimal_separator_seq` DISABLE KEYS */;
INSERT INTO vtiger_currency_decimal_separator_seq ( ID ) VALUES ( 5 );
/*!40000 ALTER TABLE `vtiger_currency_decimal_separator_seq` ENABLE KEYS */;
UNLOCK TABLES;

--
-- Table structure for table vtiger_currency_grouping_pattern
--

DROP TABLE IF EXISTS vtiger_currency_grouping_pattern;
SET @saved_cs_client = @@character_set_client;
SET character_set_client = utf8;
CREATE TABLE `vtiger_currency_grouping_pattern` (
  `currency_grouping_patternid` int(19) NOT NULL AUTO_INCREMENT,
  `currency_grouping_pattern` varchar(200) NOT NULL,
  `sortorderid` int(19) NOT NULL DEFAULT '0',
  `presence` int(1) NOT NULL DEFAULT '1',
  PRIMARY KEY (`currency_grouping_patternid`)
) ENGINE=InnoDB AUTO_INCREMENT=5 DEFAULT CHARSET=utf8;
SET character_set_client = @saved_cs_client;

--
-- Dumping data for table vtiger_currency_grouping_pattern
--

LOCK TABLES `vtiger_currency_grouping_pattern` WRITE;
/*!40000 ALTER TABLE `vtiger_currency_grouping_pattern` DISABLE KEYS */;
INSERT INTO vtiger_currency_grouping_pattern ( CURRENCY_GROUPING_PATTERNID, CURRENCY_GROUPING_PATTERN, SORTORDERID, PRESENCE ) VALUES ( 1, '123,456,789', 0, 1 ), ( 2, '123456789', 1, 1 ), ( 3, '123456,789', 2, 1 ), ( 4, '12,34,56,789', 3, 1 );
/*!40000 ALTER TABLE `vtiger_currency_grouping_pattern` ENABLE KEYS */;
UNLOCK TABLES;

--
-- Table structure for table vtiger_currency_grouping_pattern_seq
--

DROP TABLE IF EXISTS vtiger_currency_grouping_pattern_seq;
SET @saved_cs_client = @@character_set_client;
SET character_set_client = utf8;
CREATE TABLE `vtiger_currency_grouping_pattern_seq` (
  `id` int(11) NOT NULL
) ENGINE=MyISAM DEFAULT CHARSET=utf8;
SET character_set_client = @saved_cs_client;

--
-- Dumping data for table vtiger_currency_grouping_pattern_seq
--

LOCK TABLES `vtiger_currency_grouping_pattern_seq` WRITE;
/*!40000 ALTER TABLE `vtiger_currency_grouping_pattern_seq` DISABLE KEYS */;
INSERT INTO vtiger_currency_grouping_pattern_seq ( ID ) VALUES ( 4 );
/*!40000 ALTER TABLE `vtiger_currency_grouping_pattern_seq` ENABLE KEYS */;
UNLOCK TABLES;

--
-- Table structure for table vtiger_currency_grouping_separator
--

DROP TABLE IF EXISTS vtiger_currency_grouping_separator;
SET @saved_cs_client = @@character_set_client;
SET character_set_client = utf8;
CREATE TABLE `vtiger_currency_grouping_separator` (
  `currency_grouping_separatorid` int(19) NOT NULL AUTO_INCREMENT,
  `currency_grouping_separator` varchar(2) NOT NULL,
  `sortorderid` int(19) NOT NULL DEFAULT '0',
  `presence` int(1) NOT NULL DEFAULT '1',
  PRIMARY KEY (`currency_grouping_separatorid`)
) ENGINE=InnoDB AUTO_INCREMENT=6 DEFAULT CHARSET=utf8;
SET character_set_client = @saved_cs_client;

--
-- Dumping data for table vtiger_currency_grouping_separator
--

LOCK TABLES `vtiger_currency_grouping_separator` WRITE;
/*!40000 ALTER TABLE `vtiger_currency_grouping_separator` DISABLE KEYS */;
INSERT INTO vtiger_currency_grouping_separator ( CURRENCY_GROUPING_SEPARATORID, CURRENCY_GROUPING_SEPARATOR, SORTORDERID, PRESENCE ) VALUES ( 1, '.', 0, 1 ), ( 2, ',', 1, 1 ), ( 3, '\'', 2, 1 ), ( 4, ' ', 3, 1 ), ( 5, '$', 4, 1 );
/*!40000 ALTER TABLE `vtiger_currency_grouping_separator` ENABLE KEYS */;
UNLOCK TABLES;

--
-- Table structure for table vtiger_currency_grouping_separator_seq
--

DROP TABLE IF EXISTS vtiger_currency_grouping_separator_seq;
SET @saved_cs_client = @@character_set_client;
SET character_set_client = utf8;
CREATE TABLE `vtiger_currency_grouping_separator_seq` (
  `id` int(11) NOT NULL
) ENGINE=MyISAM DEFAULT CHARSET=utf8;
SET character_set_client = @saved_cs_client;

--
-- Dumping data for table vtiger_currency_grouping_separator_seq
--

LOCK TABLES `vtiger_currency_grouping_separator_seq` WRITE;
/*!40000 ALTER TABLE `vtiger_currency_grouping_separator_seq` DISABLE KEYS */;
INSERT INTO vtiger_currency_grouping_separator_seq ( ID ) VALUES ( 5 );
/*!40000 ALTER TABLE `vtiger_currency_grouping_separator_seq` ENABLE KEYS */;
UNLOCK TABLES;

--
-- Table structure for table vtiger_currency_info
--

DROP TABLE IF EXISTS vtiger_currency_info;
SET @saved_cs_client = @@character_set_client;
SET character_set_client = utf8;
CREATE TABLE `vtiger_currency_info` (
  `id` int(11) NOT NULL AUTO_INCREMENT,
  `currency_name` varchar(100) DEFAULT NULL,
  `currency_code` varchar(100) DEFAULT NULL,
  `currency_symbol` varchar(30) DEFAULT NULL,
  `conversion_rate` decimal(10,3) DEFAULT NULL,
  `currency_status` varchar(25) DEFAULT NULL,
  `defaultid` varchar(10) NOT NULL DEFAULT '0',
  `deleted` int(1) NOT NULL DEFAULT '0',
  PRIMARY KEY (`id`)
) ENGINE=InnoDB AUTO_INCREMENT=2 DEFAULT CHARSET=utf8;
SET character_set_client = @saved_cs_client;

--
-- Dumping data for table vtiger_currency_info
--

LOCK TABLES `vtiger_currency_info` WRITE;
/*!40000 ALTER TABLE `vtiger_currency_info` DISABLE KEYS */;
INSERT INTO vtiger_currency_info ( ID, CURRENCY_NAME, CURRENCY_CODE, CURRENCY_SYMBOL, CONVERSION_RATE, CURRENCY_STATUS, DEFAULTID, DELETED ) VALUES ( 1, 'USA, Dollars', 'USD', '$', 1.000, 'Active', '-11', 0 );
/*!40000 ALTER TABLE `vtiger_currency_info` ENABLE KEYS */;
UNLOCK TABLES;

--
-- Table structure for table vtiger_currency_info_seq
--

DROP TABLE IF EXISTS vtiger_currency_info_seq;
SET @saved_cs_client = @@character_set_client;
SET character_set_client = utf8;
CREATE TABLE `vtiger_currency_info_seq` (
  `id` int(11) NOT NULL
) ENGINE=MyISAM DEFAULT CHARSET=utf8;
SET character_set_client = @saved_cs_client;

--
-- Dumping data for table vtiger_currency_info_seq
--

LOCK TABLES `vtiger_currency_info_seq` WRITE;
/*!40000 ALTER TABLE `vtiger_currency_info_seq` DISABLE KEYS */;
INSERT INTO vtiger_currency_info_seq ( ID ) VALUES ( 1 );
/*!40000 ALTER TABLE `vtiger_currency_info_seq` ENABLE KEYS */;
UNLOCK TABLES;

--
-- Table structure for table vtiger_currency_symbol_placement
--

DROP TABLE IF EXISTS vtiger_currency_symbol_placement;
SET @saved_cs_client = @@character_set_client;
SET character_set_client = utf8;
CREATE TABLE `vtiger_currency_symbol_placement` (
  `currency_symbol_placementid` int(19) NOT NULL AUTO_INCREMENT,
  `currency_symbol_placement` varchar(30) NOT NULL,
  `sortorderid` int(19) NOT NULL DEFAULT '0',
  `presence` int(1) NOT NULL DEFAULT '1',
  PRIMARY KEY (`currency_symbol_placementid`)
) ENGINE=InnoDB AUTO_INCREMENT=3 DEFAULT CHARSET=utf8;
SET character_set_client = @saved_cs_client;

--
-- Dumping data for table vtiger_currency_symbol_placement
--

LOCK TABLES `vtiger_currency_symbol_placement` WRITE;
/*!40000 ALTER TABLE `vtiger_currency_symbol_placement` DISABLE KEYS */;
INSERT INTO vtiger_currency_symbol_placement ( CURRENCY_SYMBOL_PLACEMENTID, CURRENCY_SYMBOL_PLACEMENT, SORTORDERID, PRESENCE ) VALUES ( 1, '$1.0', 0, 1 ), ( 2, '1.0$', 1, 1 );
/*!40000 ALTER TABLE `vtiger_currency_symbol_placement` ENABLE KEYS */;
UNLOCK TABLES;

--
-- Table structure for table vtiger_currency_symbol_placement_seq
--

DROP TABLE IF EXISTS vtiger_currency_symbol_placement_seq;
SET @saved_cs_client = @@character_set_client;
SET character_set_client = utf8;
CREATE TABLE `vtiger_currency_symbol_placement_seq` (
  `id` int(11) NOT NULL
) ENGINE=MyISAM DEFAULT CHARSET=utf8;
SET character_set_client = @saved_cs_client;

--
-- Dumping data for table vtiger_currency_symbol_placement_seq
--

LOCK TABLES `vtiger_currency_symbol_placement_seq` WRITE;
/*!40000 ALTER TABLE `vtiger_currency_symbol_placement_seq` DISABLE KEYS */;
INSERT INTO vtiger_currency_symbol_placement_seq ( ID ) VALUES ( 2 );
/*!40000 ALTER TABLE `vtiger_currency_symbol_placement_seq` ENABLE KEYS */;
UNLOCK TABLES;

--
-- Table structure for table vtiger_customaction
--

DROP TABLE IF EXISTS vtiger_customaction;
SET @saved_cs_client = @@character_set_client;
SET character_set_client = utf8;
CREATE TABLE `vtiger_customaction` (
  `cvid` int(19) NOT NULL,
  `subject` varchar(250) NOT NULL,
  `module` varchar(50) NOT NULL,
  `content` text,
  KEY `customaction_cvid_idx` (`cvid`),
  CONSTRAINT `fk_1_vtiger_customaction` FOREIGN KEY (`cvid`) REFERENCES `vtiger_customview` (`cvid`) ON DELETE CASCADE
) ENGINE=InnoDB DEFAULT CHARSET=utf8;
SET character_set_client = @saved_cs_client;

--
-- Dumping data for table vtiger_customaction
--

LOCK TABLES `vtiger_customaction` WRITE;
/*!40000 ALTER TABLE `vtiger_customaction` DISABLE KEYS */;

/*!40000 ALTER TABLE `vtiger_customaction` ENABLE KEYS */;
UNLOCK TABLES;

--
-- Table structure for table vtiger_customerdetails
--

DROP TABLE IF EXISTS vtiger_customerdetails;
SET @saved_cs_client = @@character_set_client;
SET character_set_client = utf8;
CREATE TABLE `vtiger_customerdetails` (
  `customerid` int(19) NOT NULL,
  `portal` varchar(3) DEFAULT NULL,
  `support_start_date` date DEFAULT NULL,
  `support_end_date` date DEFAULT NULL,
  PRIMARY KEY (`customerid`),
  CONSTRAINT `fk_1_vtiger_customerdetails` FOREIGN KEY (`customerid`) REFERENCES `vtiger_contactdetails` (`contactid`) ON DELETE CASCADE
) ENGINE=InnoDB DEFAULT CHARSET=utf8;
SET character_set_client = @saved_cs_client;

--
-- Dumping data for table vtiger_customerdetails
--

LOCK TABLES `vtiger_customerdetails` WRITE;
/*!40000 ALTER TABLE `vtiger_customerdetails` DISABLE KEYS */;
INSERT INTO vtiger_customerdetails ( CUSTOMERID, PORTAL, SUPPORT_START_DATE, SUPPORT_END_DATE ) VALUES ( 5, '0', null, null ), ( 13, '0', '2012-11-06', '2013-11-06' ), ( 19, '0', '2012-11-06', '2013-11-06' ), ( 23, '0', '2012-11-06', '2013-11-06' ), ( 30, '0', '2012-11-06', '2013-11-06' ), ( 31, '0', '2012-11-06', '2013-11-06' ), ( 34, '0', '2012-11-08', '2013-11-08' ), ( 37, '0', '2012-11-09', '2013-11-09' ), ( 41, '0', '2012-11-09', '2013-11-09' ), ( 44, '0', '2012-11-13', '2013-11-13' ), ( 66, '0', '2012-11-13', '2013-11-13' ), ( 69, '0', '2012-11-13', '2013-11-13' ), ( 72, '0', '2012-11-13', '2013-11-13' ), ( 75, '0', '2012-11-13', '2013-11-13' ), ( 78, '0', '2012-11-14', '2013-11-14' ), ( 81, '0', '2012-11-19', '2013-11-19' ), ( 84, '0', '2012-11-29', '2013-11-29' ), ( 87, '0', '2012-11-29', '2013-11-29' ), ( 90, '0', '2012-12-03', '2013-12-03' ), ( 93, '0', '2012-12-04', '2013-12-04' ), ( 116, '0', '2013-01-16', '2014-01-16' ), ( 117, '0', '2013-01-21', '2014-01-21' ), ( 119, '0', '2013-01-28', '2014-01-28' ), ( 122, '0', '2013-01-28', '2014-01-28' ), ( 125, '0', '2013-01-28', '2014-01-28' ), ( 129, '0', '2013-02-08', '2014-02-08' ), ( 131, '0', '2013-02-18', '2014-02-18' ), ( 138, '0', '2013-02-19', '2014-02-19' ), ( 142, '0', '2013-02-19', '2014-02-19' ), ( 143, '0', '2013-02-19', '2014-02-19' ), ( 153, '0', '2013-02-20', '2014-02-20' ), ( 172, '0', null, null ), ( 175, '0', '2013-02-22', '2014-02-22' ), ( 177, '0', '2013-02-22', '2014-02-22' ), ( 180, '0', '2013-02-25', '2014-02-25' ), ( 184, '0', '2013-02-27', '2014-02-27' ), ( 185, '0', '2013-02-27', '2014-02-27' ), ( 186, '0', '2013-03-01', '2014-03-01' ), ( 187, '0', '2013-03-05', '2014-03-05' ), ( 191, '0', '2013-03-06', '2014-03-06' ), ( 192, '0', '2013-03-06', '2014-03-06' ), ( 193, '0', '2013-03-06', '2014-03-06' ), ( 194, '0', '2013-03-06', '2014-03-06' ), ( 195, '0', '2013-03-07', '2014-03-07' ), ( 203, '0', null, null ), ( 204, '0', null, null ), ( 206, '0', null, null ), ( 207, '0', null, null ), ( 209, '0', null, null ), ( 211, '0', null, null ), ( 212, '0', null, null ), ( 213, '0', null, null ), ( 215, '0', null, null ), ( 216, '0', null, null ), ( 218, '0', null, null ), ( 220, '0', null, null ), ( 222, '0', null, null ), ( 224, '0', null, null ), ( 225, '0', null, null ), ( 227, '0', null, null ), ( 229, '0', null, null ), ( 231, '0', null, null ), ( 232, '0', null, null ), ( 234, '0', null, null ), ( 235, '0', null, null ), ( 237, '0', null, null ), ( 239, '0', null, null ), ( 240, '0', null, null ), ( 242, '0', null, null ), ( 243, '0', null, null ), ( 245, '0', null, null ), ( 247, '0', null, null ), ( 249, '0', null, null ), ( 251, '0', null, null ), ( 253, '0', null, null ), ( 254, '0', null, null ), ( 256, '0', null, null ), ( 257, '0', null, null ), ( 259, '0', null, null ), ( 260, '0', null, null ), ( 262, '0', null, null ), ( 264, '0', null, null ), ( 266, '0', null, null ), ( 268, '0', null, null ), ( 270, '0', null, null ), ( 271, '0', null, null ), ( 273, '0', null, null ), ( 275, '0', null, null ), ( 277, '0', null, null ), ( 279, '0', null, null ), ( 280, '0', null, null ), ( 281, '0', null, null ), ( 282, '0', null, null ), ( 283, '0', null, null ), ( 284, '0', null, null ), ( 286, '0', null, null ), ( 288, '0', null, null ), ( 289, '0', null, null ), ( 291, '0', null, null ), ( 292, '0', null, null ), ( 293, '0', null, null ), ( 294, '0', null, null ), ( 295, '0', null, null ), ( 297, '0', null, null ), ( 299, '0', null, null ), ( 301, '0', null, null ), ( 302, '0', null, null ), ( 304, '0', null, null ), ( 306, '0', null, null ), ( 308, '0', null, null ), ( 310, '0', null, null ), ( 311, '0', null, null ), ( 313, '0', null, null ), ( 314, '0', null, null ), ( 315, '0', null, null ), ( 317, '0', null, null ), ( 318, '0', null, null ), ( 320, '0', null, null ), ( 321, '0', null, null ), ( 322, '0', null, null ), ( 323, '0', null, null ), ( 325, '0', null, null ), ( 326, '0', null, null ), ( 328, '0', null, null ), ( 330, '0', null, null ), ( 331, '0', null, null ), ( 333, '0', null, null ), ( 334, '0', null, null ), ( 336, '0', null, null ), ( 337, '0', null, null ), ( 339, '0', null, null ), ( 340, '0', null, null ), ( 342, '0', null, null ), ( 343, '0', '2013-03-08', '2014-03-08' ), ( 348, '0', '2013-03-11', '2014-03-11' ), ( 352, '0', '2013-03-12', '2014-03-12' ), ( 355, '0', '2013-03-12', '2014-03-12' ), ( 358, '0', '2013-03-12', '2014-03-12' ), ( 361, '0', '2013-03-12', '2014-03-12' ), ( 364, '0', '2013-03-12', '2014-03-12' ), ( 367, '0', '2013-03-12', '2014-03-12' ), ( 370, '0', '2013-03-12', '2014-03-12' ), ( 374, '0', '2013-03-12', '2014-03-12' ), ( 377, '0', '2013-03-12', '2014-03-12' ), ( 380, '0', '2013-03-12', '2014-03-12' ), ( 383, '0', '2013-03-12', '2014-03-12' ), ( 386, '0', '2013-03-12', '2014-03-12' ), ( 389, '0', '2013-03-12', '2014-03-12' ), ( 392, '0', '2013-03-12', '2014-03-12' ), ( 395, '0', '2013-03-12', '2014-03-12' ), ( 396, '0', '2013-03-12', '2014-03-12' ), ( 401, '0', '2013-03-12', '2014-03-12' ), ( 404, '0', '2013-03-12', '2014-03-12' ), ( 407, '0', '2013-03-12', '2014-03-12' ), ( 410, '0', '2013-03-12', '2014-03-12' ), ( 413, '0', '2013-03-12', '2014-03-12' ), ( 416, '0', '2013-03-12', '2014-03-12' ), ( 419, '0', '2013-03-12', '2014-03-12' ), ( 422, '0', '2013-03-15', '2014-03-15' ), ( 423, '0', '2013-03-18', '2014-03-18' ), ( 424, '0', '2013-03-18', '2014-03-18' ), ( 428, '0', '2013-03-20', '2014-03-20' ), ( 429, '0', '2013-03-25', '2014-03-25' ), ( 432, '0', '2013-03-25', '2014-03-25' ), ( 435, '0', '2013-03-25', '2014-03-25' ), ( 438, '0', '2013-03-25', '2014-03-25' ), ( 441, '0', '2013-03-27', '2014-03-27' ), ( 444, '0', '2013-04-05', '2014-04-05' ), ( 453, '0', '2013-04-17', '2014-04-17' ), ( 474, '0', '2013-05-08', '2014-05-08' ), ( 475, '0', '2013-05-09', '2014-05-09' ), ( 476, '0', '2013-05-09', '2014-05-09' ), ( 482, '0', '2013-05-14', '2014-05-14' ), ( 490, '0', '2013-05-17', '2014-05-17' ), ( 493, '0', '2013-05-20', '2014-05-20' ), ( 495, '0', '2013-05-20', '2014-05-20' ), ( 497, '0', '2013-05-20', '2014-05-20' ), ( 498, '0', '2013-05-20', '2014-05-20' ), ( 501, '0', '2013-05-20', '2014-05-20' ), ( 505, '0', '2013-05-20', '2014-05-20' ), ( 508, '0', '2013-05-21', '2014-05-21' ), ( 511, '0', '2013-05-21', '2014-05-21' ), ( 514, '0', '2013-05-21', '2014-05-21' ), ( 517, '0', '2013-05-21', '2014-05-21' ), ( 521, '0', '2013-05-21', '2014-05-21' ), ( 524, '0', '2013-05-21', '2014-05-21' ), ( 527, '0', '2013-05-21', '2014-05-21' ), ( 530, '0', '2013-05-21', '2014-05-21' ), ( 533, '0', '2013-05-21', '2014-05-21' ), ( 536, '0', '2013-05-21', '2014-05-21' ), ( 539, '0', '2013-05-21', '2014-05-21' ), ( 542, '0', '2013-05-21', '2014-05-21' ), ( 545, '0', '2013-05-21', '2014-05-21' ), ( 548, '0', '2013-05-21', '2014-05-21' ), ( 551, '0', '2013-05-21', '2014-05-21' ), ( 554, '0', '2013-05-21', '2014-05-21' ), ( 557, '0', '2013-05-21', '2014-05-21' ), ( 560, '0', '2013-05-22', '2014-05-22' ), ( 561, '0', '2013-05-22', '2014-05-22' ), ( 563, '0', '2013-05-23', '2014-05-23' ), ( 565, '0', '2013-05-24', '2014-05-24' ), ( 568, '0', '2013-05-24', '2014-05-24' ), ( 572, '0', '2013-05-29', '2014-05-29' ), ( 575, '0', '2013-05-29', '2014-05-29' ), ( 579, '0', '2013-05-31', '2014-05-31' ), ( 581, '0', '2013-05-31', '2014-05-31' ), ( 588, '0', '2013-06-03', '2014-06-03' ), ( 589, '0', '2013-06-03', '2014-06-03' ), ( 592, '0', '2013-06-03', '2014-06-03' ), ( 597, '0', '2013-06-04', '2014-06-04' ), ( 604, '0', '2013-06-07', '2014-06-07' ), ( 607, '0', '2013-06-07', '2014-06-07' ), ( 610, '0', '2013-06-07', '2014-06-07' ), ( 613, '0', '2013-06-07', '2014-06-07' ), ( 616, '0', '2013-06-07', '2014-06-07' ), ( 619, '0', '2013-06-07', '2014-06-07' ), ( 622, '0', '2013-06-12', '2014-06-12' ), ( 625, '0', '2013-06-12', '2014-06-12' ), ( 628, '0', '2013-06-13', '2014-06-13' ), ( 632, '0', '2013-06-21', '2014-06-21' ), ( 635, '0', '2013-06-21', '2014-06-21' ), ( 638, '0', '2013-06-21', '2014-06-21' ), ( 643, '0', '2013-07-01', '2014-07-01' ), ( 644, '0', '2013-07-02', '2014-07-02' ), ( 645, '0', '2013-07-03', '2014-07-03' ), ( 648, '0', '2013-07-03', '2014-07-03' ), ( 649, '0', '2013-07-03', '2014-07-03' ), ( 652, '0', '2013-07-03', '2014-07-03' ), ( 655, '0', '2013-07-03', '2014-07-03' ), ( 658, '0', '2013-07-03', '2014-07-03' ), ( 661, '0', '2013-07-03', '2014-07-03' ), ( 664, '0', '2013-07-03', '2014-07-03' ), ( 667, '0', '2013-07-10', '2014-07-10' ), ( 669, '0', '2013-07-10', '2014-07-10' ), ( 674, '0', '2013-07-16', '2014-07-16' ), ( 675, '0', '2013-07-16', '2014-07-16' ), ( 676, '0', '2013-07-16', '2014-07-16' ), ( 679, '0', '2013-07-16', '2014-07-16' ), ( 682, '0', '2013-07-16', '2014-07-16' ), ( 685, '0', '2013-07-16', '2014-07-16' ), ( 688, '0', '2013-07-16', '2014-07-16' ), ( 729, '0', '2013-08-20', '2014-08-20' ), ( 730, '0', '2013-08-23', '2014-08-23' ), ( 733, '0', '2013-08-23', '2014-08-23' ), ( 734, '0', '2013-08-23', '2014-08-23' ), ( 742, '0', '2013-10-18', '2014-10-18' ), ( 745, '0', '2013-10-18', '2014-10-18' ), ( 748, '0', '2013-11-05', '2014-11-05' ), ( 751, '0', '2013-11-08', '2014-11-08' ), ( 754, '0', '2013-11-15', '2014-11-15' ), ( 757, '0', '2013-11-15', '2014-11-15' ), ( 767, '0', '2013-11-27', '2014-11-27' ), ( 772, '0', '2013-11-27', '2014-11-27' ), ( 775, '0', '2013-12-11', '2014-12-11' ), ( 780, '0', '2013-12-16', '2014-12-16' ), ( 783, '0', '2013-12-16', '2014-12-16' ), ( 786, '0', '2013-12-16', '2014-12-16' ), ( 789, '0', '2013-12-16', '2014-12-16' ), ( 792, '0', '2013-12-19', '2014-12-19' ), ( 795, '0', null, null );
/*!40000 ALTER TABLE `vtiger_customerdetails` ENABLE KEYS */;
UNLOCK TABLES;

--
-- Table structure for table vtiger_customerportal_fields
--

DROP TABLE IF EXISTS vtiger_customerportal_fields;
SET @saved_cs_client = @@character_set_client;
SET character_set_client = utf8;
CREATE TABLE `vtiger_customerportal_fields` (
  `tabid` int(19) NOT NULL,
  `fieldid` int(19) DEFAULT NULL,
  `visible` int(1) DEFAULT NULL
) ENGINE=InnoDB DEFAULT CHARSET=utf8;
SET character_set_client = @saved_cs_client;

--
-- Dumping data for table vtiger_customerportal_fields
--

LOCK TABLES `vtiger_customerportal_fields` WRITE;
/*!40000 ALTER TABLE `vtiger_customerportal_fields` DISABLE KEYS */;

/*!40000 ALTER TABLE `vtiger_customerportal_fields` ENABLE KEYS */;
UNLOCK TABLES;

--
-- Table structure for table vtiger_customerportal_prefs
--

DROP TABLE IF EXISTS vtiger_customerportal_prefs;
SET @saved_cs_client = @@character_set_client;
SET character_set_client = utf8;
CREATE TABLE `vtiger_customerportal_prefs` (
  `tabid` int(19) NOT NULL,
  `prefkey` varchar(100) NOT NULL,
  `prefvalue` int(20) DEFAULT NULL,
  PRIMARY KEY (`tabid`,`prefkey`)
) ENGINE=InnoDB DEFAULT CHARSET=utf8;
SET character_set_client = @saved_cs_client;

--
-- Dumping data for table vtiger_customerportal_prefs
--

LOCK TABLES `vtiger_customerportal_prefs` WRITE;
/*!40000 ALTER TABLE `vtiger_customerportal_prefs` DISABLE KEYS */;
INSERT INTO vtiger_customerportal_prefs ( TABID, PREFKEY, PREFVALUE ) VALUES ( 0, 'defaultassignee', 1 ), ( 0, 'userid', 1 ), ( 4, 'showrelatedinfo', 1 ), ( 6, 'showrelatedinfo', 1 ), ( 8, 'showrelatedinfo', 1 ), ( 13, 'showrelatedinfo', 1 ), ( 14, 'showrelatedinfo', 1 ), ( 15, 'showrelatedinfo', 1 ), ( 20, 'showrelatedinfo', 1 ), ( 23, 'showrelatedinfo', 1 ), ( 40, 'showrelatedinfo', 1 ), ( 43, 'showrelatedinfo', 1 ), ( 45, 'showrelatedinfo', 1 ), ( 46, 'showrelatedinfo', 1 ), ( 47, 'showrelatedinfo', 1 );
/*!40000 ALTER TABLE `vtiger_customerportal_prefs` ENABLE KEYS */;
UNLOCK TABLES;

--
-- Table structure for table vtiger_customerportal_tabs
--

DROP TABLE IF EXISTS vtiger_customerportal_tabs;
SET @saved_cs_client = @@character_set_client;
SET character_set_client = utf8;
CREATE TABLE `vtiger_customerportal_tabs` (
  `tabid` int(19) NOT NULL,
  `visible` int(1) DEFAULT '1',
  `sequence` int(1) DEFAULT NULL,
  PRIMARY KEY (`tabid`)
) ENGINE=InnoDB DEFAULT CHARSET=utf8;
SET character_set_client = @saved_cs_client;

--
-- Dumping data for table vtiger_customerportal_tabs
--

LOCK TABLES `vtiger_customerportal_tabs` WRITE;
/*!40000 ALTER TABLE `vtiger_customerportal_tabs` DISABLE KEYS */;
INSERT INTO vtiger_customerportal_tabs ( TABID, VISIBLE, SEQUENCE ) VALUES ( 4, 1, 9 ), ( 6, 1, 10 ), ( 8, 1, 8 ), ( 13, 1, 2 ), ( 14, 1, 6 ), ( 15, 1, 3 ), ( 20, 1, 5 ), ( 23, 1, 4 ), ( 40, 1, 7 ), ( 43, 1, 14 ), ( 45, 1, 13 ), ( 46, 1, 12 ), ( 47, 1, 11 );
/*!40000 ALTER TABLE `vtiger_customerportal_tabs` ENABLE KEYS */;
UNLOCK TABLES;

--
-- Table structure for table vtiger_customview
--

DROP TABLE IF EXISTS vtiger_customview;
SET @saved_cs_client = @@character_set_client;
SET character_set_client = utf8;
CREATE TABLE `vtiger_customview` (
  `cvid` int(19) NOT NULL,
  `viewname` varchar(100) NOT NULL,
  `setdefault` int(1) DEFAULT '0',
  `setmetrics` int(1) DEFAULT '0',
  `entitytype` varchar(25) NOT NULL,
  `status` int(1) DEFAULT '1',
  `userid` int(19) DEFAULT '1',
  PRIMARY KEY (`cvid`),
  KEY `customview_entitytype_idx` (`entitytype`),
  CONSTRAINT `fk_1_vtiger_customview` FOREIGN KEY (`entitytype`) REFERENCES `vtiger_tab` (`name`) ON DELETE CASCADE
) ENGINE=InnoDB DEFAULT CHARSET=utf8;
SET character_set_client = @saved_cs_client;

--
-- Dumping data for table vtiger_customview
--

LOCK TABLES `vtiger_customview` WRITE;
/*!40000 ALTER TABLE `vtiger_customview` DISABLE KEYS */;
INSERT INTO vtiger_customview ( CVID, VIEWNAME, SETDEFAULT, SETMETRICS, ENTITYTYPE, STATUS, USERID ) VALUES ( 1, 'All', 1, 0, 'Leads', 0, 1 ), ( 2, 'Hot Leads', 0, 1, 'Leads', 3, 1 ), ( 3, 'This Month Leads', 0, 0, 'Leads', 3, 1 ), ( 4, 'All', 1, 0, 'Accounts', 0, 1 ), ( 5, 'Prospect Accounts', 0, 1, 'Accounts', 3, 1 ), ( 6, 'New This Week', 0, 0, 'Accounts', 3, 1 ), ( 7, 'All', 1, 0, 'Contacts', 0, 1 ), ( 8, 'Contacts Address', 0, 0, 'Contacts', 3, 1 ), ( 9, 'Todays Birthday', 0, 0, 'Contacts', 3, 1 ), ( 10, 'All', 1, 0, 'Potentials', 0, 1 ), ( 11, 'Potentials Won', 0, 1, 'Potentials', 3, 1 ), ( 12, 'Prospecting', 0, 0, 'Potentials', 3, 1 ), ( 13, 'All', 1, 0, 'HelpDesk', 0, 1 ), ( 14, 'Open Tickets', 0, 1, 'HelpDesk', 3, 1 ), ( 15, 'High Prioriy Tickets', 0, 0, 'HelpDesk', 3, 1 ), ( 16, 'All', 1, 0, 'Quotes', 0, 1 ), ( 17, 'Open Quotes', 0, 1, 'Quotes', 3, 1 ), ( 18, 'Rejected Quotes', 0, 0, 'Quotes', 3, 1 ), ( 19, 'All', 1, 0, 'Calendar', 0, 1 ), ( 20, 'All', 1, 0, 'Emails', 0, 1 ), ( 21, 'All', 1, 0, 'Invoice', 0, 1 ), ( 22, 'All', 1, 0, 'Documents', 0, 1 ), ( 23, 'All', 1, 0, 'PriceBooks', 0, 1 ), ( 24, 'All', 1, 0, 'Products', 0, 1 ), ( 25, 'All', 1, 0, 'PurchaseOrder', 0, 1 ), ( 26, 'All', 1, 0, 'SalesOrder', 0, 1 ), ( 27, 'All', 1, 0, 'Vendors', 0, 1 ), ( 28, 'All', 1, 0, 'Faq', 0, 1 ), ( 29, 'All', 1, 0, 'Campaigns', 0, 1 ), ( 30, 'All', 1, 0, 'Webmails', 0, 1 ), ( 31, 'Drafted FAQ', 0, 0, 'Faq', 3, 1 ), ( 32, 'Published FAQ', 0, 0, 'Faq', 3, 1 ), ( 33, 'Open Purchase Orders', 0, 0, 'PurchaseOrder', 3, 1 ), ( 34, 'Received Purchase Orders', 0, 0, 'PurchaseOrder', 3, 1 ), ( 35, 'Open Invoices', 0, 0, 'Invoice', 3, 1 ), ( 36, 'Paid Invoices', 0, 0, 'Invoice', 3, 1 ), ( 37, 'Pending Sales Orders', 0, 0, 'SalesOrder', 3, 1 ), ( 38, 'All', 1, 0, 'ServiceContracts', 0, 1 ), ( 39, 'All', 1, 0, 'PBXManager', 0, 1 ), ( 40, 'Missed', 0, 0, 'PBXManager', 3, 1 ), ( 41, 'Dialed', 0, 0, 'PBXManager', 3, 1 ), ( 42, 'Received', 0, 0, 'PBXManager', 3, 1 ), ( 43, 'All', 1, 0, 'Services', 0, 1 ), ( 44, 'All', 0, 0, 'SMSNotifier', 0, 1 ), ( 45, 'All', 1, 0, 'Assets', 0, 1 ), ( 46, 'All', 1, 0, 'ProjectMilestone', 0, 1 ), ( 47, 'All', 1, 0, 'ProjectTask', 0, 1 ), ( 48, 'All', 1, 0, 'Project', 0, 1 ), ( 49, 'All', 0, 0, 'ModComments', 0, 1 ), ( 50, 'Active', 0, 0, 'Potentials', 3, 5 ), ( 51, 'Active Candidates', 0, 1, 'Contacts', 3, 5 ), ( 52, 'All Opportunities except Victor', 0, 0, 'Potentials', 1, 5 ), ( 53, 'Candidates', 0, 0, 'Contacts', 1, 5 ), ( 54, 'Employees', 0, 0, 'Contacts', 2, 5 );
/*!40000 ALTER TABLE `vtiger_customview` ENABLE KEYS */;
UNLOCK TABLES;

--
-- Table structure for table vtiger_customview_seq
--

DROP TABLE IF EXISTS vtiger_customview_seq;
SET @saved_cs_client = @@character_set_client;
SET character_set_client = utf8;
CREATE TABLE `vtiger_customview_seq` (
  `id` int(11) NOT NULL
) ENGINE=MyISAM DEFAULT CHARSET=utf8;
SET character_set_client = @saved_cs_client;

--
-- Dumping data for table vtiger_customview_seq
--

LOCK TABLES `vtiger_customview_seq` WRITE;
/*!40000 ALTER TABLE `vtiger_customview_seq` DISABLE KEYS */;
INSERT INTO vtiger_customview_seq ( ID ) VALUES ( 54 );
/*!40000 ALTER TABLE `vtiger_customview_seq` ENABLE KEYS */;
UNLOCK TABLES;

--
-- Table structure for table vtiger_cvadvfilter
--

DROP TABLE IF EXISTS vtiger_cvadvfilter;
SET @saved_cs_client = @@character_set_client;
SET character_set_client = utf8;
CREATE TABLE `vtiger_cvadvfilter` (
  `cvid` int(19) NOT NULL,
  `columnindex` int(11) NOT NULL,
  `columnname` varchar(250) DEFAULT '',
  `comparator` varchar(10) DEFAULT '',
  `value` varchar(200) DEFAULT '',
  `groupid` int(11) DEFAULT '1',
  `column_condition` varchar(255) DEFAULT 'and',
  PRIMARY KEY (`cvid`,`columnindex`),
  KEY `cvadvfilter_cvid_idx` (`cvid`),
  CONSTRAINT `fk_1_vtiger_cvadvfilter` FOREIGN KEY (`cvid`) REFERENCES `vtiger_customview` (`cvid`) ON DELETE CASCADE
) ENGINE=InnoDB DEFAULT CHARSET=utf8;
SET character_set_client = @saved_cs_client;

--
-- Dumping data for table vtiger_cvadvfilter
--

LOCK TABLES `vtiger_cvadvfilter` WRITE;
/*!40000 ALTER TABLE `vtiger_cvadvfilter` DISABLE KEYS */;
INSERT INTO vtiger_cvadvfilter ( CVID, COLUMNINDEX, COLUMNNAME, COMPARATOR, VALUE, GROUPID, COLUMN_CONDITION ) VALUES ( 2, 0, 'vtiger_leaddetails:leadstatus:leadstatus:Leads_Lead_Status:V', 'e', 'Hot', 1, 'and' ), ( 5, 0, 'vtiger_account:account_type:accounttype:Accounts_Type:V', 'e', 'Prospect', 1, 'and' ), ( 11, 0, 'vtiger_potential:sales_stage:sales_stage:Potentials_Sales_Stage:V', 'e', 'Closed Won', 1, 'and' ), ( 12, 0, 'vtiger_potential:sales_stage:sales_stage:Potentials_Sales_Stage:V', 'e', 'Prospecting', 1, 'and' ), ( 14, 0, 'vtiger_troubletickets:status:ticketstatus:HelpDesk_Status:V', 'n', 'Closed', 1, 'and' ), ( 15, 0, 'vtiger_troubletickets:priority:ticketpriorities:HelpDesk_Priority:V', 'e', 'High', 1, 'and' ), ( 17, 0, 'vtiger_quotes:quotestage:quotestage:Quotes_Quote_Stage:V', 'n', 'Accepted', 1, 'and' ), ( 17, 1, 'vtiger_quotes:quotestage:quotestage:Quotes_Quote_Stage:V', 'n', 'Rejected', 1, 'and' ), ( 18, 0, 'vtiger_quotes:quotestage:quotestage:Quotes_Quote_Stage:V', 'e', 'Rejected', 1, 'and' ), ( 31, 0, 'vtiger_faq:status:faqstatus:Faq_Status:V', 'e', 'Draft', 1, 'and' ), ( 32, 0, 'vtiger_faq:status:faqstatus:Faq_Status:V', 'e', 'Published', 1, 'and' ), ( 33, 0, 'vtiger_purchaseorder:postatus:postatus:PurchaseOrder_Status:V', 'e', 'Created, Approved, Delivered', 1, 'and' ), ( 34, 0, 'vtiger_purchaseorder:postatus:postatus:PurchaseOrder_Status:V', 'e', 'Received Shipment', 1, 'and' ), ( 35, 0, 'vtiger_invoice:invoicestatus:invoicestatus:Invoice_Status:V', 'e', 'Created, Approved, Sent', 1, 'and' ), ( 36, 0, 'vtiger_invoice:invoicestatus:invoicestatus:Invoice_Status:V', 'e', 'Paid', 1, 'and' ), ( 37, 0, 'vtiger_salesorder:sostatus:sostatus:SalesOrder_Status:V', 'e', 'Created, Approved', 1, 'and' ), ( 40, 0, 'vtiger_pbxmanager:status:status:PBXManager_Status:V', 'c', 'Missed', 1, 'and' ), ( 41, 0, 'vtiger_pbxmanager:status:status:PBXManager_Status:V', 'c', 'outgoing', 1, 'and' ), ( 42, 0, 'vtiger_pbxmanager:status:status:PBXManager_Status:V', 'c', 'received', 1, 'and' ), ( 50, 0, 'vtiger_potential:sales_stage:sales_stage:Potentials_Sales_Stage:V', 'k', 'Closed', 1, '' ), ( 51, 0, 'vtiger_contactscf:cf_640:cf_640:Contacts_Type_of_Contact:V', 'c', 'active', 1, '' ), ( 52, 0, 'vtiger_crmentity:smownerid:assigned_user_id:Potentials_Assigned_To:V', 'k', 'Badillo', 1, '' ), ( 53, 0, 'vtiger_contactscf:cf_640:cf_640:Contacts_Type_of_Contact:V', 'c', 'Candidate', 1, '' ), ( 54, 0, 'vtiger_contactscf:cf_640:cf_640:Contacts_Type_of_Contact:V', 'e', 'Employee', 1, '' );
/*!40000 ALTER TABLE `vtiger_cvadvfilter` ENABLE KEYS */;
UNLOCK TABLES;

--
-- Table structure for table vtiger_cvadvfilter_grouping
--

DROP TABLE IF EXISTS vtiger_cvadvfilter_grouping;
SET @saved_cs_client = @@character_set_client;
SET character_set_client = utf8;
CREATE TABLE `vtiger_cvadvfilter_grouping` (
  `groupid` int(11) NOT NULL,
  `cvid` int(19) NOT NULL,
  `group_condition` varchar(255) DEFAULT NULL,
  `condition_expression` text,
  PRIMARY KEY (`groupid`,`cvid`)
) ENGINE=InnoDB DEFAULT CHARSET=utf8;
SET character_set_client = @saved_cs_client;

--
-- Dumping data for table vtiger_cvadvfilter_grouping
--

LOCK TABLES `vtiger_cvadvfilter_grouping` WRITE;
/*!40000 ALTER TABLE `vtiger_cvadvfilter_grouping` DISABLE KEYS */;
INSERT INTO vtiger_cvadvfilter_grouping ( GROUPID, CVID, GROUP_CONDITION, CONDITION_EXPRESSION ) VALUES ( 1, 2, '', '' ), ( 1, 5, '', '' ), ( 1, 11, '', '' ), ( 1, 12, '', '' ), ( 1, 14, '', '' ), ( 1, 15, '', '' ), ( 1, 17, '', '' ), ( 1, 18, '', '' ), ( 1, 31, '', '' ), ( 1, 32, '', '' ), ( 1, 33, '', '' ), ( 1, 34, '', '' ), ( 1, 35, '', '' ), ( 1, 36, '', '' ), ( 1, 37, '', '' ), ( 1, 50, '', ' 0 ' ), ( 1, 51, '', ' 0 ' ), ( 1, 52, '', ' 0 ' ), ( 1, 53, '', ' 0 ' ), ( 1, 54, '', ' 0 ' );
/*!40000 ALTER TABLE `vtiger_cvadvfilter_grouping` ENABLE KEYS */;
UNLOCK TABLES;

--
-- Table structure for table vtiger_cvcolumnlist
--

DROP TABLE IF EXISTS vtiger_cvcolumnlist;
SET @saved_cs_client = @@character_set_client;
SET character_set_client = utf8;
CREATE TABLE `vtiger_cvcolumnlist` (
  `cvid` int(19) NOT NULL,
  `columnindex` int(11) NOT NULL,
  `columnname` varchar(250) DEFAULT '',
  PRIMARY KEY (`cvid`,`columnindex`),
  KEY `cvcolumnlist_columnindex_idx` (`columnindex`),
  KEY `cvcolumnlist_cvid_idx` (`cvid`),
  CONSTRAINT `fk_1_vtiger_cvcolumnlist` FOREIGN KEY (`cvid`) REFERENCES `vtiger_customview` (`cvid`) ON DELETE CASCADE
) ENGINE=InnoDB DEFAULT CHARSET=utf8;
SET character_set_client = @saved_cs_client;

--
-- Dumping data for table vtiger_cvcolumnlist
--

LOCK TABLES `vtiger_cvcolumnlist` WRITE;
/*!40000 ALTER TABLE `vtiger_cvcolumnlist` DISABLE KEYS */;
INSERT INTO vtiger_cvcolumnlist ( CVID, COLUMNINDEX, COLUMNNAME ) VALUES ( 1, 0, 'vtiger_leaddetails:lead_no:lead_no:Leads_Lead_No:V' ), ( 1, 1, 'vtiger_leaddetails:lastname:lastname:Leads_Last_Name:V' ), ( 1, 2, 'vtiger_leaddetails:firstname:firstname:Leads_First_Name:V' ), ( 1, 3, 'vtiger_leaddetails:company:company:Leads_Company:V' ), ( 1, 4, 'vtiger_leadaddress:phone:phone:Leads_Phone:V' ), ( 1, 5, 'vtiger_leadsubdetails:website:website:Leads_Website:V' ), ( 1, 6, 'vtiger_leaddetails:email:email:Leads_Email:E' ), ( 1, 7, 'vtiger_crmentity:smownerid:assigned_user_id:Leads_Assigned_To:V' ), ( 2, 0, 'vtiger_leaddetails:firstname:firstname:Leads_First_Name:V' ), ( 2, 1, 'vtiger_leaddetails:lastname:lastname:Leads_Last_Name:V' ), ( 2, 2, 'vtiger_leaddetails:company:company:Leads_Company:V' ), ( 2, 3, 'vtiger_leaddetails:leadsource:leadsource:Leads_Lead_Source:V' ), ( 2, 4, 'vtiger_leadsubdetails:website:website:Leads_Website:V' ), ( 2, 5, 'vtiger_leaddetails:email:email:Leads_Email:E' ), ( 3, 0, 'vtiger_leaddetails:firstname:firstname:Leads_First_Name:V' ), ( 3, 1, 'vtiger_leaddetails:lastname:lastname:Leads_Last_Name:V' ), ( 3, 2, 'vtiger_leaddetails:company:company:Leads_Company:V' ), ( 3, 3, 'vtiger_leaddetails:leadsource:leadsource:Leads_Lead_Source:V' ), ( 3, 4, 'vtiger_leadsubdetails:website:website:Leads_Website:V' ), ( 3, 5, 'vtiger_leaddetails:email:email:Leads_Email:E' ), ( 4, 0, 'vtiger_account:account_no:account_no:Accounts_Account_No:V' ), ( 4, 1, 'vtiger_account:accountname:accountname:Accounts_Account_Name:V' ), ( 4, 2, 'vtiger_accountbillads:bill_city:bill_city:Accounts_City:V' ), ( 4, 3, 'vtiger_account:website:website:Accounts_Website:V' ), ( 4, 4, 'vtiger_account:phone:phone:Accounts_Phone:V' ), ( 4, 5, 'vtiger_crmentity:smownerid:assigned_user_id:Accounts_Assigned_To:V' ), ( 5, 0, 'vtiger_account:accountname:accountname:Accounts_Account_Name:V' ), ( 5, 1, 'vtiger_account:phone:phone:Accounts_Phone:V' ), ( 5, 2, 'vtiger_account:website:website:Accounts_Website:V' ), ( 5, 3, 'vtiger_account:rating:rating:Accounts_Rating:V' ), ( 5, 4, 'vtiger_crmentity:smownerid:assigned_user_id:Accounts_Assigned_To:V' ), ( 6, 0, 'vtiger_account:accountname:accountname:Accounts_Account_Name:V' ), ( 6, 1, 'vtiger_account:phone:phone:Accounts_Phone:V' ), ( 6, 2, 'vtiger_account:website:website:Accounts_Website:V' ), ( 6, 3, 'vtiger_accountbillads:bill_city:bill_city:Accounts_City:V' ), ( 6, 4, 'vtiger_crmentity:smownerid:assigned_user_id:Accounts_Assigned_To:V' ), ( 7, 0, 'vtiger_contactdetails:contact_no:contact_no:Contacts_Contact_Id:V' ), ( 7, 1, 'vtiger_contactdetails:firstname:firstname:Contacts_First_Name:V' ), ( 7, 2, 'vtiger_contactdetails:lastname:lastname:Contacts_Last_Name:V' ), ( 7, 3, 'vtiger_contactdetails:title:title:Contacts_Title:V' ), ( 7, 4, 'vtiger_contactdetails:accountid:account_id:Contacts_Account_Name:I' ), ( 7, 5, 'vtiger_contactdetails:email:email:Contacts_Email:E' ), ( 7, 6, 'vtiger_contactdetails:phone:phone:Contacts_Office_Phone:V' ), ( 7, 7, 'vtiger_crmentity:smownerid:assigned_user_id:Contacts_Assigned_To:V' ), ( 8, 0, 'vtiger_contactdetails:firstname:firstname:Contacts_First_Name:V' ), ( 8, 1, 'vtiger_contactdetails:lastname:lastname:Contacts_Last_Name:V' ), ( 8, 2, 'vtiger_contactaddress:mailingstreet:mailingstreet:Contacts_Mailing_Street:V' ), ( 8, 3, 'vtiger_contactaddress:mailingcity:mailingcity:Contacts_Mailing_City:V' ), ( 8, 4, 'vtiger_contactaddress:mailingstate:mailingstate:Contacts_Mailing_State:V' ), ( 8, 5, 'vtiger_contactaddress:mailingzip:mailingzip:Contacts_Mailing_Zip:V' ), ( 8, 6, 'vtiger_contactaddress:mailingcountry:mailingcountry:Contacts_Mailing_Country:V' ), ( 9, 0, 'vtiger_contactdetails:firstname:firstname:Contacts_First_Name:V' ), ( 9, 1, 'vtiger_contactdetails:lastname:lastname:Contacts_Last_Name:V' ), ( 9, 2, 'vtiger_contactdetails:title:title:Contacts_Title:V' ), ( 9, 3, 'vtiger_contactdetails:accountid:account_id:Contacts_Account_Name:I' ), ( 9, 4, 'vtiger_contactdetails:email:email:Contacts_Email:E' ), ( 9, 5, 'vtiger_contactsubdetails:otherphone:otherphone:Contacts_Phone:V' ), ( 9, 6, 'vtiger_crmentity:smownerid:assigned_user_id:Contacts_Assigned_To:V' ), ( 10, 0, 'vtiger_potential:potential_no:potential_no:Potentials_Potential_No:V' ), ( 10, 1, 'vtiger_potential:potentialname:potentialname:Potentials_Potential_Name:V' ), ( 10, 2, 'vtiger_potential:related_to:related_to:Potentials_Related_To:V' ), ( 10, 3, 'vtiger_potential:sales_stage:sales_stage:Potentials_Sales_Stage:V' ), ( 10, 4, 'vtiger_potential:leadsource:leadsource:Potentials_Lead_Source:V' ), ( 10, 5, 'vtiger_potential:closingdate:closingdate:Potentials_Expected_Close_Date:D' ), ( 10, 6, 'vtiger_crmentity:smownerid:assigned_user_id:Potentials_Assigned_To:V' ), ( 11, 0, 'vtiger_potential:potentialname:potentialname:Potentials_Potential_Name:V' ), ( 11, 1, 'vtiger_potential:related_to:related_to:Potentials_Related_To:V' ), ( 11, 2, 'vtiger_potential:amount:amount:Potentials_Amount:N' ), ( 11, 3, 'vtiger_potential:closingdate:closingdate:Potentials_Expected_Close_Date:D' ), ( 11, 4, 'vtiger_crmentity:smownerid:assigned_user_id:Potentials_Assigned_To:V' ), ( 12, 0, 'vtiger_potential:potentialname:potentialname:Potentials_Potential_Name:V' ), ( 12, 1, 'vtiger_potential:related_to:related_to:Potentials_Related_To:V' ), ( 12, 2, 'vtiger_potential:amount:amount:Potentials_Amount:N' ), ( 12, 3, 'vtiger_potential:leadsource:leadsource:Potentials_Lead_Source:V' ), ( 12, 4, 'vtiger_potential:closingdate:closingdate:Potentials_Expected_Close_Date:D' ), ( 12, 5, 'vtiger_crmentity:smownerid:assigned_user_id:Potentials_Assigned_To:V' ), ( 13, 0, 'vtiger_troubletickets:ticket_no:ticket_no:HelpDesk_Ticket_No:V' ), ( 13, 1, 'vtiger_troubletickets:title:ticket_title:HelpDesk_Title:V' ), ( 13, 2, 'vtiger_troubletickets:parent_id:parent_id:HelpDesk_Related_To:I' ), ( 13, 3, 'vtiger_troubletickets:status:ticketstatus:HelpDesk_Status:V' ), ( 13, 4, 'vtiger_troubletickets:priority:ticketpriorities:HelpDesk_Priority:V' ), ( 13, 5, 'vtiger_crmentity:smownerid:assigned_user_id:HelpDesk_Assigned_To:V' ), ( 14, 0, 'vtiger_troubletickets:title:ticket_title:HelpDesk_Title:V' ), ( 14, 1, 'vtiger_troubletickets:parent_id:parent_id:HelpDesk_Related_To:I' ), ( 14, 2, 'vtiger_troubletickets:priority:ticketpriorities:HelpDesk_Priority:V' ), ( 14, 3, 'vtiger_troubletickets:product_id:product_id:HelpDesk_Product_Name:I' ), ( 14, 4, 'vtiger_crmentity:smownerid:assigned_user_id:HelpDesk_Assigned_To:V' ), ( 15, 0, 'vtiger_troubletickets:title:ticket_title:HelpDesk_Title:V' ), ( 15, 1, 'vtiger_troubletickets:parent_id:parent_id:HelpDesk_Related_To:I' ), ( 15, 2, 'vtiger_troubletickets:status:ticketstatus:HelpDesk_Status:V' ), ( 15, 3, 'vtiger_troubletickets:product_id:product_id:HelpDesk_Product_Name:I' ), ( 15, 4, 'vtiger_crmentity:smownerid:assigned_user_id:HelpDesk_Assigned_To:V' ), ( 16, 0, 'vtiger_quotes:quote_no:quote_no:Quotes_Quote_No:V' ), ( 16, 1, 'vtiger_quotes:subject:subject:Quotes_Subject:V' ), ( 16, 2, 'vtiger_quotes:quotestage:quotestage:Quotes_Quote_Stage:V' ), ( 16, 3, 'vtiger_quotes:potentialid:potential_id:Quotes_Potential_Name:I' ), ( 16, 4, 'vtiger_quotes:accountid:account_id:Quotes_Account_Name:I' ), ( 16, 5, 'vtiger_quotes:total:hdnGrandTotal:Quotes_Total:I' ), ( 16, 6, 'vtiger_crmentity:smownerid:assigned_user_id:Quotes_Assigned_To:V' ), ( 17, 0, 'vtiger_quotes:subject:subject:Quotes_Subject:V' ), ( 17, 1, 'vtiger_quotes:quotestage:quotestage:Quotes_Quote_Stage:V' ), ( 17, 2, 'vtiger_quotes:potentialid:potential_id:Quotes_Potential_Name:I' ), ( 17, 3, 'vtiger_quotes:accountid:account_id:Quotes_Account_Name:I' ), ( 17, 4, 'vtiger_quotes:validtill:validtill:Quotes_Valid_Till:D' ), ( 17, 5, 'vtiger_crmentity:smownerid:assigned_user_id:Quotes_Assigned_To:V' ), ( 18, 0, 'vtiger_quotes:subject:subject:Quotes_Subject:V' ), ( 18, 1, 'vtiger_quotes:potentialid:potential_id:Quotes_Potential_Name:I' ), ( 18, 2, 'vtiger_quotes:accountid:account_id:Quotes_Account_Name:I' ), ( 18, 3, 'vtiger_quotes:validtill:validtill:Quotes_Valid_Till:D' ), ( 18, 4, 'vtiger_crmentity:smownerid:assigned_user_id:Quotes_Assigned_To:V' ), ( 19, 0, 'vtiger_activity:status:taskstatus:Calendar_Status:V' ), ( 19, 1, 'vtiger_activity:activitytype:activitytype:Calendar_Type:V' ), ( 19, 2, 'vtiger_activity:subject:subject:Calendar_Subject:V' ), ( 19, 3, 'vtiger_seactivityrel:crmid:parent_id:Calendar_Related_to:V' ), ( 19, 4, 'vtiger_activity:date_start:date_start:Calendar_Start_Date:D' ), ( 19, 5, 'vtiger_activity:due_date:due_date:Calendar_End_Date:D' ), ( 19, 6, 'vtiger_crmentity:smownerid:assigned_user_id:Calendar_Assigned_To:V' ), ( 20, 0, 'vtiger_activity:subject:subject:Emails_Subject:V' ), ( 20, 1, 'vtiger_emaildetails:to_email:saved_toid:Emails_To:V' ), ( 20, 2, 'vtiger_activity:date_start:date_start:Emails_Date_Sent:D' ), ( 21, 0, 'vtiger_invoice:invoice_no:invoice_no:Invoice_Invoice_No:V' ), ( 21, 1, 'vtiger_invoice:subject:subject:Invoice_Subject:V' ), ( 21, 2, 'vtiger_invoice:salesorderid:salesorder_id:Invoice_Sales_Order:I' ), ( 21, 3, 'vtiger_invoice:invoicestatus:invoicestatus:Invoice_Status:V' ), ( 21, 4, 'vtiger_invoice:total:hdnGrandTotal:Invoice_Total:I' ), ( 21, 5, 'vtiger_crmentity:smownerid:assigned_user_id:Invoice_Assigned_To:V' ), ( 22, 0, 'vtiger_notes:note_no:note_no:Notes_Note_No:V' ), ( 22, 1, 'vtiger_notes:title:notes_title:Notes_Title:V' ), ( 22, 2, 'vtiger_notes:filename:filename:Notes_File:V' ), ( 22, 3, 'vtiger_crmentity:modifiedtime:modifiedtime:Notes_Modified_Time:DT' ), ( 22, 4, 'vtiger_crmentity:smownerid:assigned_user_id:Notes_Assigned_To:V' ), ( 23, 0, 'vtiger_pricebook:pricebook_no:pricebook_no:PriceBooks_PriceBook_No:V' ), ( 23, 1, 'vtiger_pricebook:bookname:bookname:PriceBooks_Price_Book_Name:V' ), ( 23, 2, 'vtiger_pricebook:active:active:PriceBooks_Active:V' ), ( 23, 3, 'vtiger_pricebook:currency_id:currency_id:PriceBooks_Currency:I' ), ( 24, 0, 'vtiger_products:product_no:product_no:Products_Product_No:V' ), ( 24, 1, 'vtiger_products:productname:productname:Products_Product_Name:V' ), ( 24, 2, 'vtiger_products:productcode:productcode:Products_Part_Number:V' ), ( 24, 3, 'vtiger_products:commissionrate:commissionrate:Products_Commission_Rate:V' ), ( 24, 4, 'vtiger_products:qtyinstock:qtyinstock:Products_Quantity_In_Stock:V' ), ( 24, 5, 'vtiger_products:qty_per_unit:qty_per_unit:Products_Qty/Unit:V' ), ( 24, 6, 'vtiger_products:unit_price:unit_price:Products_Unit_Price:V' ), ( 25, 0, 'vtiger_purchaseorder:purchaseorder_no:purchaseorder_no:PurchaseOrder_PurchaseOrder_No:V' ), ( 25, 1, 'vtiger_purchaseorder:subject:subject:PurchaseOrder_Subject:V' ), ( 25, 2, 'vtiger_purchaseorder:vendorid:vendor_id:PurchaseOrder_Vendor_Name:I' ), ( 25, 3, 'vtiger_purchaseorder:tracking_no:tracking_no:PurchaseOrder_Tracking_Number:V' ), ( 25, 4, 'vtiger_purchaseorder:total:hdnGrandTotal:PurchaseOrder_Total:V' ), ( 25, 5, 'vtiger_crmentity:smownerid:assigned_user_id:PurchaseOrder_Assigned_To:V' ), ( 26, 0, 'vtiger_salesorder:salesorder_no:salesorder_no:SalesOrder_SalesOrder_No:V' ), ( 26, 1, 'vtiger_salesorder:subject:subject:SalesOrder_Subject:V' ), ( 26, 2, 'vtiger_salesorder:accountid:account_id:SalesOrder_Account_Name:I' ), ( 26, 3, 'vtiger_salesorder:quoteid:quote_id:SalesOrder_Quote_Name:I' ), ( 26, 4, 'vtiger_salesorder:total:hdnGrandTotal:SalesOrder_Total:V' ), ( 26, 5, 'vtiger_crmentity:smownerid:assigned_user_id:SalesOrder_Assigned_To:V' ), ( 27, 0, 'vtiger_vendor:vendor_no:vendor_no:Vendors_Vendor_No:V' ), ( 27, 1, 'vtiger_vendor:vendorname:vendorname:Vendors_Vendor_Name:V' ), ( 27, 2, 'vtiger_vendor:phone:phone:Vendors_Phone:V' ), ( 27, 3, 'vtiger_vendor:email:email:Vendors_Email:E' ), ( 27, 4, 'vtiger_vendor:category:category:Vendors_Category:V' ), ( 28, 0, 'vtiger_faq:faq_no:faq_no:Faq_Faq_No:V' ), ( 28, 1, 'vtiger_faq:question:question:Faq_Question:V' ), ( 28, 2, 'vtiger_faq:category:faqcategories:Faq_Category:V' ), ( 28, 3, 'vtiger_faq:product_id:product_id:Faq_Product_Name:I' ), ( 28, 4, 'vtiger_crmentity:createdtime:createdtime:Faq_Created_Time:DT' ), ( 28, 5, 'vtiger_crmentity:modifiedtime:modifiedtime:Faq_Modified_Time:DT' ), ( 29, 0, 'vtiger_campaign:campaign_no:campaign_no:Campaigns_Campaign_No:V' ), ( 29, 1, 'vtiger_campaign:campaignname:campaignname:Campaigns_Campaign_Name:V' ), ( 29, 2, 'vtiger_campaign:campaigntype:campaigntype:Campaigns_Campaign_Type:N' ), ( 29, 3, 'vtiger_campaign:campaignstatus:campaignstatus:Campaigns_Campaign_Status:N' ), ( 29, 4, 'vtiger_campaign:expectedrevenue:expectedrevenue:Campaigns_Expected_Revenue:V' ), ( 29, 5, 'vtiger_campaign:closingdate:closingdate:Campaigns_Expected_Close_Date:D' ), ( 29, 6, 'vtiger_crmentity:smownerid:assigned_user_id:Campaigns_Assigned_To:V' ), ( 30, 0, 'subject:subject:subject:Subject:V' ), ( 30, 1, 'from:fromname:fromname:From:N' ), ( 30, 2, 'to:tpname:toname:To:N' ), ( 30, 3, 'body:body:body:Body:V' ), ( 31, 0, 'vtiger_faq:question:question:Faq_Question:V' ), ( 31, 1, 'vtiger_faq:status:faqstatus:Faq_Status:V' ), ( 31, 2, 'vtiger_faq:product_id:product_id:Faq_Product_Name:I' ), ( 31, 3, 'vtiger_faq:category:faqcategories:Faq_Category:V' ), ( 31, 4, 'vtiger_crmentity:createdtime:createdtime:Faq_Created_Time:DT' ), ( 32, 0, 'vtiger_faq:question:question:Faq_Question:V' ), ( 32, 1, 'vtiger_faq:answer:faq_answer:Faq_Answer:V' ), ( 32, 2, 'vtiger_faq:status:faqstatus:Faq_Status:V' ), ( 32, 3, 'vtiger_faq:product_id:product_id:Faq_Product_Name:I' ), ( 32, 4, 'vtiger_faq:category:faqcategories:Faq_Category:V' ), ( 32, 5, 'vtiger_crmentity:createdtime:createdtime:Faq_Created_Time:DT' ), ( 33, 0, 'vtiger_purchaseorder:subject:subject:PurchaseOrder_Subject:V' ), ( 33, 1, 'vtiger_purchaseorder:postatus:postatus:PurchaseOrder_Status:V' ), ( 33, 2, 'vtiger_purchaseorder:vendorid:vendor_id:PurchaseOrder_Vendor_Name:I' ), ( 33, 3, 'vtiger_crmentity:smownerid:assigned_user_id:PurchaseOrder_Assigned_To:V' ), ( 33, 4, 'vtiger_purchaseorder:duedate:duedate:PurchaseOrder_Due_Date:V' ), ( 34, 0, 'vtiger_purchaseorder:subject:subject:PurchaseOrder_Subject:V' ), ( 34, 1, 'vtiger_purchaseorder:vendorid:vendor_id:PurchaseOrder_Vendor_Name:I' ), ( 34, 2, 'vtiger_crmentity:smownerid:assigned_user_id:PurchaseOrder_Assigned_To:V' ), ( 34, 3, 'vtiger_purchaseorder:postatus:postatus:PurchaseOrder_Status:V' ), ( 34, 4, 'vtiger_purchaseorder:carrier:carrier:PurchaseOrder_Carrier:V' ), ( 34, 5, 'vtiger_poshipads:ship_street:ship_street:PurchaseOrder_Shipping_Address:V' ), ( 35, 0, 'vtiger_invoice:invoice_no:invoice_no:Invoice_Invoice_No:V' ), ( 35, 1, 'vtiger_invoice:subject:subject:Invoice_Subject:V' ), ( 35, 2, 'vtiger_invoice:accountid:account_id:Invoice_Account_Name:I' ), ( 35, 3, 'vtiger_invoice:salesorderid:salesorder_id:Invoice_Sales_Order:I' ), ( 35, 4, 'vtiger_invoice:invoicestatus:invoicestatus:Invoice_Status:V' ), ( 35, 5, 'vtiger_crmentity:smownerid:assigned_user_id:Invoice_Assigned_To:V' ), ( 35, 6, 'vtiger_crmentity:createdtime:createdtime:Invoice_Created_Time:DT' ), ( 36, 0, 'vtiger_invoice:invoice_no:invoice_no:Invoice_Invoice_No:V' ), ( 36, 1, 'vtiger_invoice:subject:subject:Invoice_Subject:V' ), ( 36, 2, 'vtiger_invoice:accountid:account_id:Invoice_Account_Name:I' ), ( 36, 3, 'vtiger_invoice:salesorderid:salesorder_id:Invoice_Sales_Order:I' ), ( 36, 4, 'vtiger_invoice:invoicestatus:invoicestatus:Invoice_Status:V' ), ( 36, 5, 'vtiger_invoiceshipads:ship_street:ship_street:Invoice_Shipping_Address:V' ), ( 36, 6, 'vtiger_crmentity:smownerid:assigned_user_id:Invoice_Assigned_To:V' ), ( 37, 0, 'vtiger_salesorder:subject:subject:SalesOrder_Subject:V' ), ( 37, 1, 'vtiger_salesorder:accountid:account_id:SalesOrder_Account_Name:I' ), ( 37, 2, 'vtiger_salesorder:sostatus:sostatus:SalesOrder_Status:V' ), ( 37, 3, 'vtiger_crmentity:smownerid:assigned_user_id:SalesOrder_Assigned_To:V' ), ( 37, 4, 'vtiger_soshipads:ship_street:ship_street:SalesOrder_Shipping_Address:V' ), ( 37, 5, 'vtiger_salesorder:carrier:carrier:SalesOrder_Carrier:V' ), ( 38, 0, 'vtiger_servicecontracts:contract_no:contract_no:ServiceContracts_Contract_No:V' ), ( 38, 1, 'vtiger_servicecontracts:subject:subject:ServiceContracts_Subject:V' ), ( 38, 2, 'vtiger_servicecontracts:sc_related_to:sc_related_to:ServiceContracts_Related_to:V' ), ( 38, 3, 'vtiger_crmentity:smownerid:assigned_user_id:ServiceContracts_Assigned_To:V' ), ( 38, 4, 'vtiger_servicecontracts:start_date:start_date:ServiceContracts_Start_Date:D' ), ( 38, 5, 'vtiger_servicecontracts:due_date:due_date:ServiceContracts_Due_date:D' ), ( 38, 7, 'vtiger_servicecontracts:progress:progress:ServiceContracts_Progress:N' ), ( 38, 8, 'vtiger_servicecontracts:contract_status:contract_status:ServiceContracts_Status:V' ), ( 39, 0, 'vtiger_pbxmanager:callfrom:callfrom:PBXManager_Call_From:V' ), ( 39, 1, 'vtiger_pbxmanager:callto:callto:PBXManager_Call_To:V' ), ( 39, 2, 'vtiger_pbxmanager:timeofcall:timeofcall:PBXManager_Time_Of_Call:V' ), ( 39, 3, 'vtiger_pbxmanager:status:status:PBXManager_Status:V' ), ( 40, 0, 'vtiger_pbxmanager:callfrom:callfrom:PBXManager_Call_From:V' ), ( 40, 1, 'vtiger_pbxmanager:callto:callto:PBXManager_Call_To:V' ), ( 40, 2, 'vtiger_pbxmanager:timeofcall:timeofcall:PBXManager_Time_Of_Call:V' ), ( 40, 3, 'vtiger_pbxmanager:status:status:PBXManager_Status:V' ), ( 41, 0, 'vtiger_pbxmanager:callfrom:callfrom:PBXManager_Call_From:V' ), ( 41, 1, 'vtiger_pbxmanager:callto:callto:PBXManager_Call_To:V' ), ( 41, 2, 'vtiger_pbxmanager:timeofcall:timeofcall:PBXManager_Time_Of_Call:V' ), ( 41, 3, 'vtiger_pbxmanager:status:status:PBXManager_Status:V' ), ( 42, 0, 'vtiger_pbxmanager:callfrom:callfrom:PBXManager_Call_From:V' ), ( 42, 1, 'vtiger_pbxmanager:callto:callto:PBXManager_Call_To:V' ), ( 42, 2, 'vtiger_pbxmanager:timeofcall:timeofcall:PBXManager_Time_Of_Call:V' ), ( 42, 3, 'vtiger_pbxmanager:status:status:PBXManager_Status:V' ), ( 43, 0, 'vtiger_service:service_no:service_no:Services_Service_No:V' ), ( 43, 1, 'vtiger_service:servicename:servicename:Services_Service_Name:V' ), ( 43, 2, 'vtiger_service:service_usageunit:service_usageunit:Services_Usage_Unit:V' ), ( 43, 3, 'vtiger_service:unit_price:unit_price:Services_Price:N' ), ( 43, 4, 'vtiger_service:qty_per_unit:qty_per_unit:Services_No_of_Units:N' ), ( 43, 5, 'vtiger_service:servicecategory:servicecategory:Services_Service_Category:V' ), ( 43, 6, 'vtiger_crmentity:smownerid:assigned_user_id:Services_Owner:I' ), ( 44, 0, 'vtiger_smsnotifier:message:message:SMSNotifier_message:V' ), ( 44, 2, 'vtiger_crmentity:smownerid:assigned_user_id:SMSNotifier_Assigned_To:V' ), ( 44, 3, 'vtiger_crmentity:createdtime:createdtime:SMSNotifier_Created_Time:T' ), ( 44, 4, 'vtiger_crmentity:modifiedtime:modifiedtime:SMSNotifier_Modified_Time:T' ), ( 45, 0, 'vtiger_assets:asset_no:asset_no:Assets_Asset_No:V' ), ( 45, 1, 'vtiger_assets:assetname:assetname:Assets_Asset_Name:V' ), ( 45, 2, 'vtiger_assets:account:account:Assets_Customer_Name:V' ), ( 45, 3, 'vtiger_assets:product:product:Assets_Product_Name:V' ), ( 46, 0, 'vtiger_projectmilestone:projectmilestonename:projectmilestonename:ProjectMilestone_Project_Milestone_Name:V' ), ( 46, 1, 'vtiger_projectmilestone:projectmilestonedate:projectmilestonedate:ProjectMilestone_Milestone_Date:D' ), ( 46, 3, 'vtiger_crmentity:description:description:ProjectMilestone_description:V' ), ( 46, 4, 'vtiger_crmentity:createdtime:createdtime:ProjectMilestone_Created_Time:T' ), ( 46, 5, 'vtiger_crmentity:modifiedtime:modifiedtime:ProjectMilestone_Modified_Time:T' ), ( 47, 2, 'vtiger_projecttask:projecttaskname:projecttaskname:ProjectTask_Project_Task_Name:V' ), ( 47, 3, 'vtiger_projecttask:projectid:projectid:ProjectTask_Related_to:V' ), ( 47, 4, 'vtiger_projecttask:projecttaskpriority:projecttaskpriority:ProjectTask_Priority:V' ), ( 47, 5, 'vtiger_projecttask:projecttaskprogress:projecttaskprogress:ProjectTask_Progress:V' ), ( 47, 6, 'vtiger_projecttask:projecttaskhours:projecttaskhours:ProjectTask_Worked_Hours:V' ), ( 47, 7, 'vtiger_projecttask:startdate:startdate:ProjectTask_Start_Date:D' ), ( 47, 8, 'vtiger_projecttask:enddate:enddate:ProjectTask_End_Date:D' ), ( 47, 9, 'vtiger_crmentity:smownerid:assigned_user_id:ProjectTask_Assigned_To:V' ), ( 48, 0, 'vtiger_project:projectname:projectname:Project_Project_Name:V' ), ( 48, 1, 'vtiger_project:linktoaccountscontacts:linktoaccountscontacts:Project_Related_to:V' ), ( 48, 2, 'vtiger_project:startdate:startdate:Project_Start_Date:D' ), ( 48, 3, 'vtiger_project:targetenddate:targetenddate:Project_Target_End_Date:D' ), ( 48, 4, 'vtiger_project:actualenddate:actualenddate:Project_Actual_End_Date:D' ), ( 48, 5, 'vtiger_project:targetbudget:targetbudget:Project_Target_Budget:V' ), ( 48, 6, 'vtiger_project:progress:progress:Project_Progress:V' ), ( 48, 7, 'vtiger_project:projectstatus:projectstatus:Project_Status:V' ), ( 48, 8, 'vtiger_crmentity:smownerid:assigned_user_id:Project_Assigned_To:V' ), ( 49, 0, 'vtiger_modcomments:commentcontent:commentcontent:ModComments_Comment:V' ), ( 49, 1, 'vtiger_modcomments:related_to:related_to:ModComments_Related_To:V' ), ( 49, 2, 'vtiger_crmentity:modifiedtime:modifiedtime:ModComments_Modified_Time:T' ), ( 49, 3, 'vtiger_crmentity:smownerid:assigned_user_id:ModComments_Assigned_To:V' ), ( 50, 0, 'vtiger_potential:potentialname:potentialname:Potentials_Potential_Name:V' ), ( 50, 1, 'vtiger_potential:related_to:related_to:Potentials_Related_to:V' ), ( 50, 2, 'vtiger_potentialscf:cf_653:cf_653:Potentials_Priority:V' ), ( 50, 3, 'vtiger_potentialscf:cf_654:cf_654:Potentials_Location:V' ), ( 50, 4, 'vtiger_potentialscf:cf_655:cf_655:Potentials_Specific_Location:V' ), ( 50, 5, 'vtiger_crmentity:smownerid:assigned_user_id:Potentials_Assigned_To:V' ), ( 50, 6, 'vtiger_potentialscf:cf_656:cf_656:Potentials_Salary_Range:V' ), ( 51, 0, 'vtiger_contactdetails:firstname:firstname:Contacts_First_Name:V' ), ( 51, 1, 'vtiger_contactdetails:lastname:lastname:Contacts_Last_Name:V' ), ( 51, 2, 'vtiger_crmentity:smownerid:assigned_user_id:Contacts_Assigned_To:V' ), ( 51, 3, 'vtiger_contactdetails:title:title:Contacts_Title:V' ), ( 51, 4, 'vtiger_contactdetails:mobile:mobile:Contacts_Mobile:V' ), ( 51, 5, 'vtiger_crmentity:createdtime:createdtime:Contacts_Created_Time:DT' ), ( 51, 6, 'vtiger_crmentity:modifiedtime:modifiedtime:Contacts_Modified_Time:DT' ), ( 51, 7, 'vtiger_contactdetails:email:email:Contacts_Email:V' ), ( 51, 8, 'vtiger_contactscf:cf_657:cf_657:Contacts_Rate_(USD/hr):N' ), ( 52, 0, 'vtiger_potential:potentialname:potentialname:Potentials_Potential_Name:V' ), ( 52, 1, 'vtiger_potential:related_to:related_to:Potentials_Related_to:V' ), ( 52, 2, 'vtiger_potential:closingdate:closingdate:Potentials_Expected_Close_Date:D' ), ( 52, 3, 'vtiger_potential:leadsource:leadsource:Potentials_Lead_Source:V' ), ( 52, 4, 'vtiger_crmentity:smownerid:assigned_user_id:Potentials_Assigned_To:V' ), ( 52, 5, 'vtiger_potential:sales_stage:sales_stage:Potentials_Sales_Stage:V' ), ( 52, 6, 'vtiger_potentialscf:cf_652:cf_652:Potentials_BRM:V' ), ( 52, 7, 'vtiger_potentialscf:cf_654:cf_654:Potentials_Location:V' ), ( 52, 8, 'vtiger_potentialscf:cf_656:cf_656:Potentials_Salary_Range:V' ), ( 53, 0, 'vtiger_contactdetails:firstname:firstname:Contacts_First_Name:V' ), ( 53, 1, 'vtiger_contactdetails:lastname:lastname:Contacts_Last_Name:V' ), ( 53, 2, 'vtiger_crmentity:smownerid:assigned_user_id:Contacts_Assigned_To:V' ), ( 53, 3, 'vtiger_contactscf:cf_640:cf_640:Contacts_Type_of_Contact:V' ), ( 53, 4, 'vtiger_contactdetails:title:title:Contacts_Title:V' ), ( 54, 0, 'vtiger_contactdetails:firstname:firstname:Contacts_First_Name:V' ), ( 54, 1, 'vtiger_contactdetails:lastname:lastname:Contacts_Last_Name:V' ), ( 54, 2, 'vtiger_crmentity:smownerid:assigned_user_id:Contacts_Assigned_To:V' ), ( 54, 3, 'vtiger_contactscf:cf_657:cf_657:Contacts_Rate_(USD/hr):N' ), ( 54, 4, 'vtiger_contactaddress:mailingcity:mailingcity:Contacts_Mailing_City:V' ), ( 54, 5, 'vtiger_contactsubdetails:leadsource:leadsource:Contacts_Lead_Source:V' ), ( 54, 6, 'vtiger_contactscf:cf_651:cf_651:Contacts_Hiring_Status:V' ), ( 54, 7, 'vtiger_contactscf:cf_640:cf_640:Contacts_Type_of_Contact:V' );
/*!40000 ALTER TABLE `vtiger_cvcolumnlist` ENABLE KEYS */;
UNLOCK TABLES;

--
-- Table structure for table vtiger_cvstdfilter
--

DROP TABLE IF EXISTS vtiger_cvstdfilter;
SET @saved_cs_client = @@character_set_client;
SET character_set_client = utf8;
CREATE TABLE `vtiger_cvstdfilter` (
  `cvid` int(19) NOT NULL,
  `columnname` varchar(250) DEFAULT '',
  `stdfilter` varchar(250) DEFAULT '',
  `startdate` date DEFAULT NULL,
  `enddate` date DEFAULT NULL,
  PRIMARY KEY (`cvid`),
  KEY `cvstdfilter_cvid_idx` (`cvid`),
  CONSTRAINT `fk_1_vtiger_cvstdfilter` FOREIGN KEY (`cvid`) REFERENCES `vtiger_customview` (`cvid`) ON DELETE CASCADE
) ENGINE=InnoDB DEFAULT CHARSET=utf8;
SET character_set_client = @saved_cs_client;

--
-- Dumping data for table vtiger_cvstdfilter
--

LOCK TABLES `vtiger_cvstdfilter` WRITE;
/*!40000 ALTER TABLE `vtiger_cvstdfilter` DISABLE KEYS */;
INSERT INTO vtiger_cvstdfilter ( CVID, COLUMNNAME, STDFILTER, STARTDATE, ENDDATE ) VALUES ( 3, 'vtiger_crmentity:modifiedtime:modifiedtime:Leads_Modified_Time', 'thismonth', '2005-06-01', '2005-06-30' ), ( 6, 'vtiger_crmentity:createdtime:createdtime:Accounts_Created_Time', 'thisweek', '2005-06-19', '2005-06-25' ), ( 9, 'vtiger_contactsubdetails:birthday:birthday:Contacts_Birthdate', 'today', '2005-06-25', '2005-06-25' );
/*!40000 ALTER TABLE `vtiger_cvstdfilter` ENABLE KEYS */;
UNLOCK TABLES;

--
-- Table structure for table vtiger_datashare_grp2grp
--

DROP TABLE IF EXISTS vtiger_datashare_grp2grp;
SET @saved_cs_client = @@character_set_client;
SET character_set_client = utf8;
CREATE TABLE `vtiger_datashare_grp2grp` (
  `shareid` int(19) NOT NULL,
  `share_groupid` int(19) DEFAULT NULL,
  `to_groupid` int(19) DEFAULT NULL,
  `permission` int(19) DEFAULT NULL,
  PRIMARY KEY (`shareid`),
  KEY `datashare_grp2grp_share_groupid_idx` (`share_groupid`),
  KEY `datashare_grp2grp_to_groupid_idx` (`to_groupid`),
  CONSTRAINT `fk_3_vtiger_datashare_grp2grp` FOREIGN KEY (`to_groupid`) REFERENCES `vtiger_groups` (`groupid`) ON DELETE CASCADE
) ENGINE=InnoDB DEFAULT CHARSET=utf8;
SET character_set_client = @saved_cs_client;

--
-- Dumping data for table vtiger_datashare_grp2grp
--

LOCK TABLES `vtiger_datashare_grp2grp` WRITE;
/*!40000 ALTER TABLE `vtiger_datashare_grp2grp` DISABLE KEYS */;

/*!40000 ALTER TABLE `vtiger_datashare_grp2grp` ENABLE KEYS */;
UNLOCK TABLES;

--
-- Table structure for table vtiger_datashare_grp2role
--

DROP TABLE IF EXISTS vtiger_datashare_grp2role;
SET @saved_cs_client = @@character_set_client;
SET character_set_client = utf8;
CREATE TABLE `vtiger_datashare_grp2role` (
  `shareid` int(19) NOT NULL,
  `share_groupid` int(19) DEFAULT NULL,
  `to_roleid` varchar(255) DEFAULT NULL,
  `permission` int(19) DEFAULT NULL,
  PRIMARY KEY (`shareid`),
  KEY `idx_datashare_grp2role_share_groupid` (`share_groupid`),
  KEY `idx_datashare_grp2role_to_roleid` (`to_roleid`),
  CONSTRAINT `fk_3_vtiger_datashare_grp2role` FOREIGN KEY (`to_roleid`) REFERENCES `vtiger_role` (`roleid`) ON DELETE CASCADE
) ENGINE=InnoDB DEFAULT CHARSET=utf8;
SET character_set_client = @saved_cs_client;

--
-- Dumping data for table vtiger_datashare_grp2role
--

LOCK TABLES `vtiger_datashare_grp2role` WRITE;
/*!40000 ALTER TABLE `vtiger_datashare_grp2role` DISABLE KEYS */;

/*!40000 ALTER TABLE `vtiger_datashare_grp2role` ENABLE KEYS */;
UNLOCK TABLES;

--
-- Table structure for table vtiger_datashare_grp2rs
--

DROP TABLE IF EXISTS vtiger_datashare_grp2rs;
SET @saved_cs_client = @@character_set_client;
SET character_set_client = utf8;
CREATE TABLE `vtiger_datashare_grp2rs` (
  `shareid` int(19) NOT NULL,
  `share_groupid` int(19) DEFAULT NULL,
  `to_roleandsubid` varchar(255) DEFAULT NULL,
  `permission` int(19) DEFAULT NULL,
  PRIMARY KEY (`shareid`),
  KEY `datashare_grp2rs_share_groupid_idx` (`share_groupid`),
  KEY `datashare_grp2rs_to_roleandsubid_idx` (`to_roleandsubid`),
  CONSTRAINT `fk_3_vtiger_datashare_grp2rs` FOREIGN KEY (`to_roleandsubid`) REFERENCES `vtiger_role` (`roleid`) ON DELETE CASCADE
) ENGINE=InnoDB DEFAULT CHARSET=utf8;
SET character_set_client = @saved_cs_client;

--
-- Dumping data for table vtiger_datashare_grp2rs
--

LOCK TABLES `vtiger_datashare_grp2rs` WRITE;
/*!40000 ALTER TABLE `vtiger_datashare_grp2rs` DISABLE KEYS */;

/*!40000 ALTER TABLE `vtiger_datashare_grp2rs` ENABLE KEYS */;
UNLOCK TABLES;

--
-- Table structure for table vtiger_datashare_module_rel
--

DROP TABLE IF EXISTS vtiger_datashare_module_rel;
SET @saved_cs_client = @@character_set_client;
SET character_set_client = utf8;
CREATE TABLE `vtiger_datashare_module_rel` (
  `shareid` int(19) NOT NULL,
  `tabid` int(19) NOT NULL,
  `relationtype` varchar(200) DEFAULT NULL,
  PRIMARY KEY (`shareid`),
  KEY `idx_datashare_module_rel_tabid` (`tabid`),
  CONSTRAINT `fk_1_vtiger_datashare_module_rel` FOREIGN KEY (`tabid`) REFERENCES `vtiger_tab` (`tabid`) ON DELETE CASCADE
) ENGINE=InnoDB DEFAULT CHARSET=utf8;
SET character_set_client = @saved_cs_client;

--
-- Dumping data for table vtiger_datashare_module_rel
--

LOCK TABLES `vtiger_datashare_module_rel` WRITE;
/*!40000 ALTER TABLE `vtiger_datashare_module_rel` DISABLE KEYS */;

/*!40000 ALTER TABLE `vtiger_datashare_module_rel` ENABLE KEYS */;
UNLOCK TABLES;

--
-- Table structure for table vtiger_datashare_relatedmodule_permission
--

DROP TABLE IF EXISTS vtiger_datashare_relatedmodule_permission;
SET @saved_cs_client = @@character_set_client;
SET character_set_client = utf8;
CREATE TABLE `vtiger_datashare_relatedmodule_permission` (
  `shareid` int(19) NOT NULL,
  `datashare_relatedmodule_id` int(19) NOT NULL,
  `permission` int(19) DEFAULT NULL,
  PRIMARY KEY (`shareid`,`datashare_relatedmodule_id`),
  KEY `datashare_relatedmodule_permission_shareid_permissions_idx` (`shareid`,`permission`)
) ENGINE=InnoDB DEFAULT CHARSET=utf8;
SET character_set_client = @saved_cs_client;

--
-- Dumping data for table vtiger_datashare_relatedmodule_permission
--

LOCK TABLES `vtiger_datashare_relatedmodule_permission` WRITE;
/*!40000 ALTER TABLE `vtiger_datashare_relatedmodule_permission` DISABLE KEYS */;

/*!40000 ALTER TABLE `vtiger_datashare_relatedmodule_permission` ENABLE KEYS */;
UNLOCK TABLES;

--
-- Table structure for table vtiger_datashare_relatedmodules
--

DROP TABLE IF EXISTS vtiger_datashare_relatedmodules;
SET @saved_cs_client = @@character_set_client;
SET character_set_client = utf8;
CREATE TABLE `vtiger_datashare_relatedmodules` (
  `datashare_relatedmodule_id` int(19) NOT NULL,
  `tabid` int(19) DEFAULT NULL,
  `relatedto_tabid` int(19) DEFAULT NULL,
  PRIMARY KEY (`datashare_relatedmodule_id`),
  KEY `datashare_relatedmodules_tabid_idx` (`tabid`),
  KEY `datashare_relatedmodules_relatedto_tabid_idx` (`relatedto_tabid`),
  CONSTRAINT `fk_2_vtiger_datashare_relatedmodules` FOREIGN KEY (`tabid`) REFERENCES `vtiger_tab` (`tabid`) ON DELETE CASCADE
) ENGINE=InnoDB DEFAULT CHARSET=utf8;
SET character_set_client = @saved_cs_client;

--
-- Dumping data for table vtiger_datashare_relatedmodules
--

LOCK TABLES `vtiger_datashare_relatedmodules` WRITE;
/*!40000 ALTER TABLE `vtiger_datashare_relatedmodules` DISABLE KEYS */;
INSERT INTO vtiger_datashare_relatedmodules ( DATASHARE_RELATEDMODULE_ID, TABID, RELATEDTO_TABID ) VALUES ( 1, 6, 2 ), ( 2, 6, 13 ), ( 3, 6, 20 ), ( 4, 6, 22 ), ( 5, 6, 23 ), ( 6, 2, 20 ), ( 7, 2, 22 ), ( 8, 20, 22 ), ( 9, 22, 23 );
/*!40000 ALTER TABLE `vtiger_datashare_relatedmodules` ENABLE KEYS */;
UNLOCK TABLES;

--
-- Table structure for table vtiger_datashare_relatedmodules_seq
--

DROP TABLE IF EXISTS vtiger_datashare_relatedmodules_seq;
SET @saved_cs_client = @@character_set_client;
SET character_set_client = utf8;
CREATE TABLE `vtiger_datashare_relatedmodules_seq` (
  `id` int(11) NOT NULL
) ENGINE=MyISAM DEFAULT CHARSET=utf8;
SET character_set_client = @saved_cs_client;

--
-- Dumping data for table vtiger_datashare_relatedmodules_seq
--

LOCK TABLES `vtiger_datashare_relatedmodules_seq` WRITE;
/*!40000 ALTER TABLE `vtiger_datashare_relatedmodules_seq` DISABLE KEYS */;
INSERT INTO vtiger_datashare_relatedmodules_seq ( ID ) VALUES ( 9 );
/*!40000 ALTER TABLE `vtiger_datashare_relatedmodules_seq` ENABLE KEYS */;
UNLOCK TABLES;

--
-- Table structure for table vtiger_datashare_role2group
--

DROP TABLE IF EXISTS vtiger_datashare_role2group;
SET @saved_cs_client = @@character_set_client;
SET character_set_client = utf8;
CREATE TABLE `vtiger_datashare_role2group` (
  `shareid` int(19) NOT NULL,
  `share_roleid` varchar(255) DEFAULT NULL,
  `to_groupid` int(19) DEFAULT NULL,
  `permission` int(19) DEFAULT NULL,
  PRIMARY KEY (`shareid`),
  KEY `idx_datashare_role2group_share_roleid` (`share_roleid`),
  KEY `idx_datashare_role2group_to_groupid` (`to_groupid`),
  CONSTRAINT `fk_3_vtiger_datashare_role2group` FOREIGN KEY (`share_roleid`) REFERENCES `vtiger_role` (`roleid`) ON DELETE CASCADE
) ENGINE=InnoDB DEFAULT CHARSET=utf8;
SET character_set_client = @saved_cs_client;

--
-- Dumping data for table vtiger_datashare_role2group
--

LOCK TABLES `vtiger_datashare_role2group` WRITE;
/*!40000 ALTER TABLE `vtiger_datashare_role2group` DISABLE KEYS */;

/*!40000 ALTER TABLE `vtiger_datashare_role2group` ENABLE KEYS */;
UNLOCK TABLES;

--
-- Table structure for table vtiger_datashare_role2role
--

DROP TABLE IF EXISTS vtiger_datashare_role2role;
SET @saved_cs_client = @@character_set_client;
SET character_set_client = utf8;
CREATE TABLE `vtiger_datashare_role2role` (
  `shareid` int(19) NOT NULL,
  `share_roleid` varchar(255) DEFAULT NULL,
  `to_roleid` varchar(255) DEFAULT NULL,
  `permission` int(19) DEFAULT NULL,
  PRIMARY KEY (`shareid`),
  KEY `datashare_role2role_share_roleid_idx` (`share_roleid`),
  KEY `datashare_role2role_to_roleid_idx` (`to_roleid`),
  CONSTRAINT `fk_3_vtiger_datashare_role2role` FOREIGN KEY (`to_roleid`) REFERENCES `vtiger_role` (`roleid`) ON DELETE CASCADE
) ENGINE=InnoDB DEFAULT CHARSET=utf8;
SET character_set_client = @saved_cs_client;

--
-- Dumping data for table vtiger_datashare_role2role
--

LOCK TABLES `vtiger_datashare_role2role` WRITE;
/*!40000 ALTER TABLE `vtiger_datashare_role2role` DISABLE KEYS */;

/*!40000 ALTER TABLE `vtiger_datashare_role2role` ENABLE KEYS */;
UNLOCK TABLES;

--
-- Table structure for table vtiger_datashare_role2rs
--

DROP TABLE IF EXISTS vtiger_datashare_role2rs;
SET @saved_cs_client = @@character_set_client;
SET character_set_client = utf8;
CREATE TABLE `vtiger_datashare_role2rs` (
  `shareid` int(19) NOT NULL,
  `share_roleid` varchar(255) DEFAULT NULL,
  `to_roleandsubid` varchar(255) DEFAULT NULL,
  `permission` int(19) DEFAULT NULL,
  PRIMARY KEY (`shareid`),
  KEY `datashare_role2s_share_roleid_idx` (`share_roleid`),
  KEY `datashare_role2s_to_roleandsubid_idx` (`to_roleandsubid`),
  CONSTRAINT `fk_3_vtiger_datashare_role2rs` FOREIGN KEY (`to_roleandsubid`) REFERENCES `vtiger_role` (`roleid`) ON DELETE CASCADE
) ENGINE=InnoDB DEFAULT CHARSET=utf8;
SET character_set_client = @saved_cs_client;

--
-- Dumping data for table vtiger_datashare_role2rs
--

LOCK TABLES `vtiger_datashare_role2rs` WRITE;
/*!40000 ALTER TABLE `vtiger_datashare_role2rs` DISABLE KEYS */;

/*!40000 ALTER TABLE `vtiger_datashare_role2rs` ENABLE KEYS */;
UNLOCK TABLES;

--
-- Table structure for table vtiger_datashare_rs2grp
--

DROP TABLE IF EXISTS vtiger_datashare_rs2grp;
SET @saved_cs_client = @@character_set_client;
SET character_set_client = utf8;
CREATE TABLE `vtiger_datashare_rs2grp` (
  `shareid` int(19) NOT NULL,
  `share_roleandsubid` varchar(255) DEFAULT NULL,
  `to_groupid` int(19) DEFAULT NULL,
  `permission` int(19) DEFAULT NULL,
  PRIMARY KEY (`shareid`),
  KEY `datashare_rs2grp_share_roleandsubid_idx` (`share_roleandsubid`),
  KEY `datashare_rs2grp_to_groupid_idx` (`to_groupid`),
  CONSTRAINT `fk_3_vtiger_datashare_rs2grp` FOREIGN KEY (`share_roleandsubid`) REFERENCES `vtiger_role` (`roleid`) ON DELETE CASCADE
) ENGINE=InnoDB DEFAULT CHARSET=utf8;
SET character_set_client = @saved_cs_client;

--
-- Dumping data for table vtiger_datashare_rs2grp
--

LOCK TABLES `vtiger_datashare_rs2grp` WRITE;
/*!40000 ALTER TABLE `vtiger_datashare_rs2grp` DISABLE KEYS */;

/*!40000 ALTER TABLE `vtiger_datashare_rs2grp` ENABLE KEYS */;
UNLOCK TABLES;

--
-- Table structure for table vtiger_datashare_rs2role
--

DROP TABLE IF EXISTS vtiger_datashare_rs2role;
SET @saved_cs_client = @@character_set_client;
SET character_set_client = utf8;
CREATE TABLE `vtiger_datashare_rs2role` (
  `shareid` int(19) NOT NULL,
  `share_roleandsubid` varchar(255) DEFAULT NULL,
  `to_roleid` varchar(255) DEFAULT NULL,
  `permission` int(19) DEFAULT NULL,
  PRIMARY KEY (`shareid`),
  KEY `datashare_rs2role_share_roleandsubid_idx` (`share_roleandsubid`),
  KEY `datashare_rs2role_to_roleid_idx` (`to_roleid`),
  CONSTRAINT `fk_3_vtiger_datashare_rs2role` FOREIGN KEY (`to_roleid`) REFERENCES `vtiger_role` (`roleid`) ON DELETE CASCADE
) ENGINE=InnoDB DEFAULT CHARSET=utf8;
SET character_set_client = @saved_cs_client;

--
-- Dumping data for table vtiger_datashare_rs2role
--

LOCK TABLES `vtiger_datashare_rs2role` WRITE;
/*!40000 ALTER TABLE `vtiger_datashare_rs2role` DISABLE KEYS */;

/*!40000 ALTER TABLE `vtiger_datashare_rs2role` ENABLE KEYS */;
UNLOCK TABLES;

--
-- Table structure for table vtiger_datashare_rs2rs
--

DROP TABLE IF EXISTS vtiger_datashare_rs2rs;
SET @saved_cs_client = @@character_set_client;
SET character_set_client = utf8;
CREATE TABLE `vtiger_datashare_rs2rs` (
  `shareid` int(19) NOT NULL,
  `share_roleandsubid` varchar(255) DEFAULT NULL,
  `to_roleandsubid` varchar(255) DEFAULT NULL,
  `permission` int(19) DEFAULT NULL,
  PRIMARY KEY (`shareid`),
  KEY `datashare_rs2rs_share_roleandsubid_idx` (`share_roleandsubid`),
  KEY `idx_datashare_rs2rs_to_roleandsubid_idx` (`to_roleandsubid`),
  CONSTRAINT `fk_3_vtiger_datashare_rs2rs` FOREIGN KEY (`to_roleandsubid`) REFERENCES `vtiger_role` (`roleid`) ON DELETE CASCADE
) ENGINE=InnoDB DEFAULT CHARSET=utf8;
SET character_set_client = @saved_cs_client;

--
-- Dumping data for table vtiger_datashare_rs2rs
--

LOCK TABLES `vtiger_datashare_rs2rs` WRITE;
/*!40000 ALTER TABLE `vtiger_datashare_rs2rs` DISABLE KEYS */;

/*!40000 ALTER TABLE `vtiger_datashare_rs2rs` ENABLE KEYS */;
UNLOCK TABLES;

--
-- Table structure for table vtiger_date_format
--

DROP TABLE IF EXISTS vtiger_date_format;
SET @saved_cs_client = @@character_set_client;
SET character_set_client = utf8;
CREATE TABLE `vtiger_date_format` (
  `date_formatid` int(19) NOT NULL AUTO_INCREMENT,
  `date_format` varchar(200) NOT NULL,
  `sortorderid` int(19) NOT NULL DEFAULT '0',
  `presence` int(1) NOT NULL DEFAULT '1',
  PRIMARY KEY (`date_formatid`)
) ENGINE=InnoDB AUTO_INCREMENT=4 DEFAULT CHARSET=utf8;
SET character_set_client = @saved_cs_client;

--
-- Dumping data for table vtiger_date_format
--

LOCK TABLES `vtiger_date_format` WRITE;
/*!40000 ALTER TABLE `vtiger_date_format` DISABLE KEYS */;
INSERT INTO vtiger_date_format ( DATE_FORMATID, DATE_FORMAT, SORTORDERID, PRESENCE ) VALUES ( 1, 'dd-mm-yyyy', 0, 1 ), ( 2, 'mm-dd-yyyy', 1, 1 ), ( 3, 'yyyy-mm-dd', 2, 1 );
/*!40000 ALTER TABLE `vtiger_date_format` ENABLE KEYS */;
UNLOCK TABLES;

--
-- Table structure for table vtiger_date_format_seq
--

DROP TABLE IF EXISTS vtiger_date_format_seq;
SET @saved_cs_client = @@character_set_client;
SET character_set_client = utf8;
CREATE TABLE `vtiger_date_format_seq` (
  `id` int(11) NOT NULL
) ENGINE=MyISAM DEFAULT CHARSET=utf8;
SET character_set_client = @saved_cs_client;

--
-- Dumping data for table vtiger_date_format_seq
--

LOCK TABLES `vtiger_date_format_seq` WRITE;
/*!40000 ALTER TABLE `vtiger_date_format_seq` DISABLE KEYS */;
INSERT INTO vtiger_date_format_seq ( ID ) VALUES ( 3 );
/*!40000 ALTER TABLE `vtiger_date_format_seq` ENABLE KEYS */;
UNLOCK TABLES;

--
-- Table structure for table vtiger_dealintimation
--

DROP TABLE IF EXISTS vtiger_dealintimation;
SET @saved_cs_client = @@character_set_client;
SET character_set_client = utf8;
CREATE TABLE `vtiger_dealintimation` (
  `dealintimationid` int(19) NOT NULL DEFAULT '0',
  `dealname` varchar(100) NOT NULL,
  `intimationamount` int(19) NOT NULL DEFAULT '0',
  `dealprobability` decimal(3,2) NOT NULL DEFAULT '0.00',
  `dealintimationactive` int(1) DEFAULT NULL,
  `fromname` varchar(120) NOT NULL,
  `fromemailid` varchar(100) NOT NULL,
  `notifyemails` varchar(50) NOT NULL,
  `notifybccemails` varchar(50) NOT NULL,
  `notifyccmails` varchar(50) NOT NULL,
  `notifypotentialowner` int(1) DEFAULT NULL,
  PRIMARY KEY (`dealintimationid`),
  UNIQUE KEY `dealintimation_dealname_idx` (`dealname`)
) ENGINE=InnoDB DEFAULT CHARSET=utf8;
SET character_set_client = @saved_cs_client;

--
-- Dumping data for table vtiger_dealintimation
--

LOCK TABLES `vtiger_dealintimation` WRITE;
/*!40000 ALTER TABLE `vtiger_dealintimation` DISABLE KEYS */;

/*!40000 ALTER TABLE `vtiger_dealintimation` ENABLE KEYS */;
UNLOCK TABLES;

--
-- Table structure for table vtiger_def_org_field
--

DROP TABLE IF EXISTS vtiger_def_org_field;
SET @saved_cs_client = @@character_set_client;
SET character_set_client = utf8;
CREATE TABLE `vtiger_def_org_field` (
  `tabid` int(10) DEFAULT NULL,
  `fieldid` int(19) NOT NULL,
  `visible` int(19) DEFAULT NULL,
  `readonly` int(19) DEFAULT NULL,
  PRIMARY KEY (`fieldid`),
  KEY `def_org_field_tabid_fieldid_idx` (`tabid`,`fieldid`),
  KEY `def_org_field_tabid_idx` (`tabid`),
  KEY `def_org_field_visible_fieldid_idx` (`visible`,`fieldid`)
) ENGINE=InnoDB DEFAULT CHARSET=utf8;
SET character_set_client = @saved_cs_client;

--
-- Dumping data for table vtiger_def_org_field
--

LOCK TABLES `vtiger_def_org_field` WRITE;
/*!40000 ALTER TABLE `vtiger_def_org_field` DISABLE KEYS */;
INSERT INTO vtiger_def_org_field ( TABID, FIELDID, VISIBLE, READONLY ) VALUES ( 6, 1, 0, 0 ), ( 6, 2, 0, 0 ), ( 6, 3, 0, 0 ), ( 6, 4, 0, 0 ), ( 6, 5, 0, 0 ), ( 6, 6, 0, 0 ), ( 6, 7, 0, 0 ), ( 6, 8, 0, 0 ), ( 6, 9, 0, 0 ), ( 6, 10, 0, 0 ), ( 6, 11, 0, 0 ), ( 6, 12, 0, 0 ), ( 6, 13, 0, 0 ), ( 6, 14, 0, 0 ), ( 6, 15, 0, 0 ), ( 6, 16, 0, 0 ), ( 6, 17, 0, 0 ), ( 6, 18, 0, 0 ), ( 6, 19, 0, 0 ), ( 6, 20, 0, 0 ), ( 6, 21, 0, 0 ), ( 6, 22, 0, 0 ), ( 6, 23, 0, 0 ), ( 6, 24, 0, 0 ), ( 6, 25, 0, 0 ), ( 6, 26, 0, 0 ), ( 6, 27, 0, 0 ), ( 6, 28, 0, 0 ), ( 6, 29, 0, 0 ), ( 6, 30, 0, 0 ), ( 6, 31, 0, 0 ), ( 6, 32, 0, 0 ), ( 6, 33, 0, 0 ), ( 6, 34, 0, 0 ), ( 6, 35, 0, 0 ), ( 6, 36, 0, 0 ), ( 7, 37, 0, 0 ), ( 7, 38, 0, 0 ), ( 7, 39, 0, 0 ), ( 7, 40, 0, 0 ), ( 7, 41, 0, 0 ), ( 7, 42, 0, 0 ), ( 7, 43, 0, 0 ), ( 7, 44, 0, 0 ), ( 7, 45, 0, 0 ), ( 7, 46, 0, 0 ), ( 7, 47, 0, 0 ), ( 7, 48, 0, 0 ), ( 7, 49, 0, 0 ), ( 7, 50, 0, 0 ), ( 7, 51, 0, 0 ), ( 7, 52, 0, 0 ), ( 7, 53, 0, 0 ), ( 7, 54, 0, 0 ), ( 7, 55, 0, 0 ), ( 7, 56, 0, 0 ), ( 7, 57, 0, 0 ), ( 7, 58, 0, 0 ), ( 7, 59, 0, 0 ), ( 7, 60, 0, 0 ), ( 7, 61, 0, 0 ), ( 7, 62, 0, 0 ), ( 7, 63, 0, 0 ), ( 7, 64, 0, 0 ), ( 7, 65, 0, 0 ), ( 4, 66, 0, 0 ), ( 4, 67, 0, 0 ), ( 4, 68, 0, 0 ), ( 4, 69, 0, 0 ), ( 4, 70, 0, 0 ), ( 4, 71, 0, 0 ), ( 4, 72, 0, 0 ), ( 4, 73, 0, 0 ), ( 4, 74, 0, 0 ), ( 4, 75, 0, 0 ), ( 4, 76, 0, 0 ), ( 4, 77, 0, 0 ), ( 4, 78, 0, 0 ), ( 4, 79, 0, 0 ), ( 4, 80, 0, 0 ), ( 4, 81, 0, 0 ), ( 4, 82, 0, 0 ), ( 4, 83, 0, 0 ), ( 4, 84, 0, 0 ), ( 4, 85, 0, 0 ), ( 4, 86, 0, 0 ), ( 4, 87, 0, 0 ), ( 4, 88, 0, 0 ), ( 4, 89, 0, 0 ), ( 4, 90, 0, 0 ), ( 4, 91, 0, 0 ), ( 4, 92, 0, 0 ), ( 4, 93, 0, 0 ), ( 4, 94, 0, 0 ), ( 4, 95, 0, 0 ), ( 4, 96, 0, 0 ), ( 4, 97, 0, 0 ), ( 4, 98, 0, 0 ), ( 4, 99, 0, 0 ), ( 4, 100, 0, 0 ), ( 4, 101, 0, 0 ), ( 4, 102, 0, 0 ), ( 4, 103, 0, 0 ), ( 4, 104, 0, 0 ), ( 4, 105, 0, 0 ), ( 4, 106, 0, 0 ), ( 4, 107, 0, 0 ), ( 4, 108, 0, 0 ), ( 4, 109, 0, 0 ), ( 2, 110, 0, 0 ), ( 2, 111, 0, 0 ), ( 2, 112, 0, 0 ), ( 2, 113, 0, 0 ), ( 2, 114, 0, 0 ), ( 2, 115, 0, 0 ), ( 2, 116, 0, 0 ), ( 2, 117, 0, 0 ), ( 2, 118, 0, 0 ), ( 2, 119, 0, 0 ), ( 2, 120, 0, 0 ), ( 2, 121, 0, 0 ), ( 2, 122, 0, 0 ), ( 2, 123, 0, 0 ), ( 2, 124, 0, 0 ), ( 2, 125, 0, 0 ), ( 26, 126, 0, 0 ), ( 26, 127, 0, 0 ), ( 26, 128, 0, 0 ), ( 26, 129, 0, 0 ), ( 26, 130, 0, 0 ), ( 26, 131, 0, 0 ), ( 26, 132, 0, 0 ), ( 26, 133, 0, 0 ), ( 26, 134, 0, 0 ), ( 26, 135, 0, 0 ), ( 26, 136, 0, 0 ), ( 26, 137, 0, 0 ), ( 26, 138, 0, 0 ), ( 26, 139, 0, 0 ), ( 26, 140, 0, 0 ), ( 26, 141, 0, 0 ), ( 26, 142, 0, 0 ), ( 26, 143, 0, 0 ), ( 26, 144, 0, 0 ), ( 26, 145, 0, 0 ), ( 26, 146, 0, 0 ), ( 26, 147, 0, 0 ), ( 26, 148, 0, 0 ), ( 26, 149, 0, 0 ), ( 26, 150, 0, 0 ), ( 4, 151, 0, 0 ), ( 6, 152, 0, 0 ), ( 7, 153, 0, 0 ), ( 26, 154, 0, 0 ), ( 13, 155, 0, 0 ), ( 13, 156, 0, 0 ), ( 13, 157, 0, 0 ), ( 13, 158, 0, 0 ), ( 13, 159, 0, 0 ), ( 13, 160, 0, 0 ), ( 13, 161, 0, 0 ), ( 13, 162, 0, 0 ), ( 13, 163, 0, 0 ), ( 13, 164, 0, 0 ), ( 13, 165, 0, 0 ), ( 13, 166, 0, 0 ), ( 13, 167, 0, 0 ), ( 13, 168, 0, 0 ), ( 13, 169, 0, 0 ), ( 13, 170, 0, 0 ), ( 13, 171, 0, 0 ), ( 13, 172, 0, 0 ), ( 13, 173, 0, 0 ), ( 14, 174, 0, 0 ), ( 14, 175, 0, 0 ), ( 14, 176, 0, 0 ), ( 14, 177, 0, 0 ), ( 14, 178, 0, 0 ), ( 14, 179, 0, 0 ), ( 14, 180, 0, 0 ), ( 14, 181, 0, 0 ), ( 14, 182, 0, 0 ), ( 14, 183, 0, 0 ), ( 14, 184, 0, 0 ), ( 14, 185, 0, 0 ), ( 14, 186, 0, 0 ), ( 14, 187, 0, 0 ), ( 14, 188, 0, 0 ), ( 14, 189, 0, 0 ), ( 14, 190, 0, 0 ), ( 14, 191, 0, 0 ), ( 14, 192, 0, 0 ), ( 14, 193, 0, 0 ), ( 14, 194, 0, 0 ), ( 14, 195, 0, 0 ), ( 14, 196, 0, 0 ), ( 14, 197, 0, 0 ), ( 14, 198, 0, 0 ), ( 14, 199, 0, 0 ), ( 14, 200, 0, 0 ), ( 14, 201, 0, 0 ), ( 14, 202, 0, 0 ), ( 14, 203, 0, 0 ), ( 14, 204, 0, 0 ), ( 8, 205, 0, 0 ), ( 8, 206, 0, 0 ), ( 8, 207, 0, 0 ), ( 8, 208, 0, 0 ), ( 8, 209, 0, 0 ), ( 8, 210, 0, 0 ), ( 8, 211, 0, 0 ), ( 8, 212, 0, 0 ), ( 8, 213, 0, 0 ), ( 8, 214, 0, 0 ), ( 8, 215, 0, 0 ), ( 8, 216, 0, 0 ), ( 8, 217, 0, 0 ), ( 8, 218, 0, 0 ), ( 8, 219, 0, 0 ), ( 10, 220, 0, 0 ), ( 10, 221, 0, 0 ), ( 10, 222, 0, 0 ), ( 10, 223, 0, 0 ), ( 10, 224, 0, 0 ), ( 10, 225, 0, 0 ), ( 10, 226, 0, 0 ), ( 10, 227, 0, 0 ), ( 10, 228, 0, 0 ), ( 10, 229, 0, 0 ), ( 10, 230, 0, 0 ), ( 10, 231, 0, 0 ), ( 9, 232, 0, 0 ), ( 9, 233, 0, 0 ), ( 9, 234, 0, 0 ), ( 9, 235, 0, 0 ), ( 9, 236, 0, 0 ), ( 9, 237, 0, 0 ), ( 9, 238, 0, 0 ), ( 9, 239, 0, 0 ), ( 9, 240, 0, 0 ), ( 9, 241, 0, 0 ), ( 9, 242, 0, 0 ), ( 9, 243, 0, 0 ), ( 9, 244, 0, 0 ), ( 9, 245, 0, 0 ), ( 9, 246, 0, 0 ), ( 9, 247, 0, 0 ), ( 9, 248, 0, 0 ), ( 9, 249, 0, 0 ), ( 9, 250, 0, 0 ), ( 9, 251, 0, 0 ), ( 9, 252, 0, 0 ), ( 9, 253, 0, 0 ), ( 9, 254, 0, 0 ), ( 9, 255, 0, 0 ), ( 16, 256, 0, 0 ), ( 16, 257, 0, 0 ), ( 16, 258, 0, 0 ), ( 16, 259, 0, 0 ), ( 16, 260, 0, 0 ), ( 16, 261, 0, 0 ), ( 16, 262, 0, 0 ), ( 16, 263, 0, 0 ), ( 16, 264, 0, 0 ), ( 16, 265, 0, 0 ), ( 16, 266, 0, 0 ), ( 16, 267, 0, 0 ), ( 16, 268, 0, 0 ), ( 16, 269, 0, 0 ), ( 16, 270, 0, 0 ), ( 16, 271, 0, 0 ), ( 16, 272, 0, 0 ), ( 16, 273, 0, 0 ), ( 16, 274, 0, 0 ), ( 16, 275, 0, 0 ), ( 16, 276, 0, 0 ), ( 16, 277, 0, 0 ), ( 16, 278, 0, 0 ), ( 15, 279, 0, 0 ), ( 15, 280, 0, 0 ), ( 15, 281, 0, 0 ), ( 15, 282, 0, 0 ), ( 15, 283, 0, 0 ), ( 15, 284, 0, 0 ), ( 15, 285, 0, 0 ), ( 15, 286, 0, 0 ), ( 15, 287, 0, 0 ), ( 15, 288, 0, 0 ), ( 18, 289, 0, 0 ), ( 18, 290, 0, 0 ), ( 18, 291, 0, 0 ), ( 18, 292, 0, 0 ), ( 18, 293, 0, 0 ), ( 18, 294, 0, 0 ), ( 18, 295, 0, 0 ), ( 18, 296, 0, 0 ), ( 18, 297, 0, 0 ), ( 18, 298, 0, 0 ), ( 18, 299, 0, 0 ), ( 18, 300, 0, 0 ), ( 18, 301, 0, 0 ), ( 18, 302, 0, 0 ), ( 18, 303, 0, 0 ), ( 18, 304, 0, 0 ), ( 18, 305, 0, 0 ), ( 19, 306, 0, 0 ), ( 19, 307, 0, 0 ), ( 19, 308, 0, 0 ), ( 19, 309, 0, 0 ), ( 19, 310, 0, 0 ), ( 19, 311, 0, 0 ), ( 19, 312, 0, 0 ), ( 19, 313, 0, 0 ), ( 20, 314, 0, 0 ), ( 20, 315, 0, 0 ), ( 20, 316, 0, 0 ), ( 20, 317, 0, 0 ), ( 20, 318, 0, 0 ), ( 20, 319, 0, 0 ), ( 20, 320, 0, 0 ), ( 20, 321, 0, 0 ), ( 20, 322, 0, 0 ), ( 20, 323, 0, 0 ), ( 20, 324, 0, 0 ), ( 20, 325, 0, 0 ), ( 20, 326, 0, 0 ), ( 20, 327, 0, 0 ), ( 20, 328, 0, 0 ), ( 20, 329, 0, 0 ), ( 20, 330, 0, 0 ), ( 20, 331, 0, 0 ), ( 20, 332, 0, 0 ), ( 20, 333, 0, 0 ), ( 20, 334, 0, 0 ), ( 20, 335, 0, 0 ), ( 20, 336, 0, 0 ), ( 20, 337, 0, 0 ), ( 20, 338, 0, 0 ), ( 20, 339, 0, 0 ), ( 20, 340, 0, 0 ), ( 20, 341, 0, 0 ), ( 20, 342, 0, 0 ), ( 20, 343, 0, 0 ), ( 20, 344, 0, 0 ), ( 20, 345, 0, 0 ), ( 20, 346, 0, 0 ), ( 20, 347, 0, 0 ), ( 20, 348, 0, 0 ), ( 20, 349, 0, 0 ), ( 20, 350, 0, 0 ), ( 21, 351, 0, 0 ), ( 21, 352, 0, 0 ), ( 21, 353, 0, 0 ), ( 21, 354, 0, 0 ), ( 21, 355, 0, 0 ), ( 21, 356, 0, 0 ), ( 21, 357, 0, 0 ), ( 21, 358, 0, 0 ), ( 21, 359, 0, 0 ), ( 21, 360, 0, 0 ), ( 21, 361, 0, 0 ), ( 21, 362, 0, 0 ), ( 21, 363, 0, 0 ), ( 21, 364, 0, 0 ), ( 21, 365, 0, 0 ), ( 21, 366, 0, 0 ), ( 21, 367, 0, 0 ), ( 21, 368, 0, 0 ), ( 21, 369, 0, 0 ), ( 21, 370, 0, 0 ), ( 21, 371, 0, 0 ), ( 21, 372, 0, 0 ), ( 21, 373, 0, 0 ), ( 21, 374, 0, 0 ), ( 21, 375, 0, 0 ), ( 21, 376, 0, 0 ), ( 21, 377, 0, 0 ), ( 21, 378, 0, 0 ), ( 21, 379, 0, 0 ), ( 21, 380, 0, 0 ), ( 21, 381, 0, 0 ), ( 21, 382, 0, 0 ), ( 21, 383, 0, 0 ), ( 21, 384, 0, 0 ), ( 21, 385, 0, 0 ), ( 21, 386, 0, 0 ), ( 21, 387, 0, 0 ), ( 21, 388, 0, 0 ), ( 22, 389, 0, 0 ), ( 22, 390, 0, 0 ), ( 22, 391, 0, 0 ), ( 22, 392, 0, 0 ), ( 22, 393, 0, 0 ), ( 22, 394, 0, 0 ), ( 22, 395, 0, 0 ), ( 22, 396, 0, 0 ), ( 22, 397, 0, 0 ), ( 22, 398, 0, 0 ), ( 22, 399, 0, 0 ), ( 22, 400, 0, 0 ), ( 22, 401, 0, 0 ), ( 22, 402, 0, 0 ), ( 22, 403, 0, 0 ), ( 22, 404, 0, 0 ), ( 22, 405, 0, 0 ), ( 22, 406, 0, 0 ), ( 22, 407, 0, 0 ), ( 22, 408, 0, 0 ), ( 22, 409, 0, 0 ), ( 22, 410, 0, 0 ), ( 22, 411, 0, 0 ), ( 22, 412, 0, 0 ), ( 22, 413, 0, 0 ), ( 22, 414, 0, 0 ), ( 22, 415, 0, 0 ), ( 22, 416, 0, 0 ), ( 22, 417, 0, 0 ), ( 22, 418, 0, 0 ), ( 22, 419, 0, 0 ), ( 22, 420, 0, 0 ), ( 22, 421, 0, 0 ), ( 22, 422, 0, 0 ), ( 22, 423, 0, 0 ), ( 22, 424, 0, 0 ), ( 22, 425, 0, 0 ), ( 22, 426, 0, 0 ), ( 22, 427, 0, 0 ), ( 22, 428, 0, 0 ), ( 22, 429, 0, 0 ), ( 22, 430, 0, 0 ), ( 22, 431, 0, 0 ), ( 22, 432, 0, 0 ), ( 22, 433, 0, 0 ), ( 22, 434, 0, 0 ), ( 22, 435, 0, 0 ), ( 23, 436, 0, 0 ), ( 23, 437, 0, 0 ), ( 23, 438, 0, 0 ), ( 23, 439, 0, 0 ), ( 23, 440, 0, 0 ), ( 23, 441, 0, 0 ), ( 23, 442, 0, 0 ), ( 23, 443, 0, 0 ), ( 23, 444, 0, 0 ), ( 23, 445, 0, 0 ), ( 23, 446, 0, 0 ), ( 23, 447, 0, 0 ), ( 23, 448, 0, 0 ), ( 23, 449, 0, 0 ), ( 23, 450, 0, 0 ), ( 23, 451, 0, 0 ), ( 23, 452, 0, 0 ), ( 23, 453, 0, 0 ), ( 23, 454, 0, 0 ), ( 23, 455, 0, 0 ), ( 23, 456, 0, 0 ), ( 23, 457, 0, 0 ), ( 23, 458, 0, 0 ), ( 23, 459, 0, 0 ), ( 23, 460, 0, 0 ), ( 23, 461, 0, 0 ), ( 23, 462, 0, 0 ), ( 23, 463, 0, 0 ), ( 23, 464, 0, 0 ), ( 23, 465, 0, 0 ), ( 23, 466, 0, 0 ), ( 23, 467, 0, 0 ), ( 23, 468, 0, 0 ), ( 23, 469, 0, 0 ), ( 23, 470, 0, 0 ), ( 23, 471, 0, 0 ), ( 23, 472, 0, 0 ), ( 23, 473, 0, 0 ), ( 23, 474, 0, 0 ), ( 10, 519, 0, 0 ), ( 10, 520, 0, 0 ), ( 10, 521, 0, 0 ), ( 10, 522, 0, 0 ), ( 10, 523, 0, 0 ), ( 10, 524, 0, 0 ), ( 30, 525, 0, 0 ), ( 30, 526, 0, 0 ), ( 30, 527, 0, 0 ), ( 30, 528, 0, 0 ), ( 30, 529, 0, 0 ), ( 30, 530, 0, 0 ), ( 30, 531, 0, 0 ), ( 30, 532, 0, 0 ), ( 30, 533, 0, 0 ), ( 30, 534, 0, 0 ), ( 30, 535, 0, 0 ), ( 30, 536, 0, 0 ), ( 30, 537, 0, 0 ), ( 30, 538, 0, 0 ), ( 30, 539, 0, 0 ), ( 30, 540, 0, 0 ), ( 30, 541, 0, 0 ), ( 30, 542, 0, 0 ), ( 30, 543, 0, 0 ), ( 39, 544, 0, 0 ), ( 39, 545, 0, 0 ), ( 39, 546, 0, 0 ), ( 39, 547, 0, 0 ), ( 40, 550, 0, 0 ), ( 40, 551, 0, 0 ), ( 40, 552, 0, 0 ), ( 40, 553, 0, 0 ), ( 40, 554, 0, 0 ), ( 40, 555, 0, 0 ), ( 40, 556, 0, 0 ), ( 40, 557, 0, 0 ), ( 40, 558, 0, 0 ), ( 40, 559, 0, 0 ), ( 40, 560, 0, 0 ), ( 40, 561, 0, 0 ), ( 40, 562, 0, 0 ), ( 40, 563, 0, 0 ), ( 40, 564, 0, 0 ), ( 40, 565, 0, 0 ), ( 40, 566, 0, 0 ), ( 40, 567, 0, 0 ), ( 40, 568, 0, 0 ), ( 41, 569, 0, 0 ), ( 41, 570, 0, 0 ), ( 41, 571, 0, 0 ), ( 41, 572, 0, 0 ), ( 41, 573, 0, 0 ), ( 43, 574, 0, 0 ), ( 43, 575, 0, 0 ), ( 43, 576, 0, 0 ), ( 43, 577, 0, 0 ), ( 43, 578, 0, 0 ), ( 43, 579, 0, 0 ), ( 43, 580, 0, 0 ), ( 43, 581, 0, 0 ), ( 43, 582, 0, 0 ), ( 43, 583, 0, 0 ), ( 43, 584, 0, 0 ), ( 43, 585, 0, 0 ), ( 43, 586, 0, 0 ), ( 43, 587, 0, 0 ), ( 43, 588, 0, 0 ), ( 43, 589, 0, 0 ), ( 43, 590, 0, 0 ), ( 45, 591, 0, 0 ), ( 45, 592, 0, 0 ), ( 45, 593, 0, 0 ), ( 45, 594, 0, 0 ), ( 45, 595, 0, 0 ), ( 45, 596, 0, 0 ), ( 45, 597, 0, 0 ), ( 45, 598, 0, 0 ), ( 45, 599, 0, 0 ), ( 45, 600, 0, 0 ), ( 46, 601, 0, 0 ), ( 46, 602, 0, 0 ), ( 46, 603, 0, 0 ), ( 46, 604, 0, 0 ), ( 46, 605, 0, 0 ), ( 46, 606, 0, 0 ), ( 46, 607, 0, 0 ), ( 46, 608, 0, 0 ), ( 46, 609, 0, 0 ), ( 46, 610, 0, 0 ), ( 46, 611, 0, 0 ), ( 46, 612, 0, 0 ), ( 46, 613, 0, 0 ), ( 46, 614, 0, 0 ), ( 46, 615, 0, 0 ), ( 47, 616, 0, 0 ), ( 47, 617, 0, 0 ), ( 47, 618, 0, 0 ), ( 47, 619, 0, 0 ), ( 47, 620, 0, 0 ), ( 47, 621, 0, 0 ), ( 47, 622, 0, 0 ), ( 47, 623, 0, 0 ), ( 47, 624, 0, 0 ), ( 47, 625, 0, 0 ), ( 47, 626, 0, 0 ), ( 47, 627, 0, 0 ), ( 47, 628, 0, 0 ), ( 47, 629, 0, 0 ), ( 47, 630, 0, 0 ), ( 47, 631, 0, 0 ), ( 47, 632, 0, 0 ), ( 51, 633, 0, 0 ), ( 51, 634, 0, 0 ), ( 51, 635, 0, 0 ), ( 51, 636, 0, 0 ), ( 51, 637, 0, 0 ), ( 51, 638, 0, 0 ), ( 51, 639, 0, 0 ), ( 4, 640, 0, 0 ), ( 4, 641, 0, 0 ), ( 4, 642, 0, 0 ), ( 4, 643, 0, 0 ), ( 4, 644, 0, 0 ), ( 4, 645, 0, 0 ), ( 4, 646, 0, 0 ), ( 4, 647, 0, 0 ), ( 4, 648, 0, 0 ), ( 4, 649, 0, 0 ), ( 4, 650, 0, 0 ), ( 4, 651, 0, 0 ), ( 2, 652, 0, 0 ), ( 2, 653, 0, 0 ), ( 2, 654, 0, 0 ), ( 2, 655, 0, 0 ), ( 2, 656, 0, 0 ), ( 4, 657, 0, 0 ), ( 4, 658, 0, 0 ), ( 4, 659, 0, 0 ), ( 4, 660, 0, 0 ), ( 4, 661, 0, 0 ), ( 4, 662, 0, 0 ), ( 4, 663, 0, 0 ), ( 4, 664, 0, 0 ), ( 4, 665, 0, 0 );
/*!40000 ALTER TABLE `vtiger_def_org_field` ENABLE KEYS */;
UNLOCK TABLES;

--
-- Table structure for table vtiger_def_org_share
--

DROP TABLE IF EXISTS vtiger_def_org_share;
SET @saved_cs_client = @@character_set_client;
SET character_set_client = utf8;
CREATE TABLE `vtiger_def_org_share` (
  `ruleid` int(11) NOT NULL AUTO_INCREMENT,
  `tabid` int(11) NOT NULL,
  `permission` int(19) DEFAULT NULL,
  `editstatus` int(19) DEFAULT NULL,
  PRIMARY KEY (`ruleid`),
  KEY `fk_1_vtiger_def_org_share` (`permission`),
  CONSTRAINT `fk_1_vtiger_def_org_share` FOREIGN KEY (`permission`) REFERENCES `vtiger_org_share_action_mapping` (`share_action_id`) ON DELETE CASCADE
) ENGINE=InnoDB AUTO_INCREMENT=24 DEFAULT CHARSET=utf8;
SET character_set_client = @saved_cs_client;

--
-- Dumping data for table vtiger_def_org_share
--

LOCK TABLES `vtiger_def_org_share` WRITE;
/*!40000 ALTER TABLE `vtiger_def_org_share` DISABLE KEYS */;
INSERT INTO vtiger_def_org_share ( RULEID, TABID, PERMISSION, EDITSTATUS ) VALUES ( 1, 2, 3, 0 ), ( 2, 4, 3, 2 ), ( 3, 6, 3, 0 ), ( 4, 7, 2, 0 ), ( 5, 9, 3, 1 ), ( 6, 13, 3, 0 ), ( 7, 16, 3, 2 ), ( 8, 20, 3, 0 ), ( 9, 21, 2, 0 ), ( 10, 22, 3, 0 ), ( 11, 23, 3, 0 ), ( 12, 26, 2, 0 ), ( 13, 8, 3, 0 ), ( 14, 14, 2, 0 ), ( 15, 30, 2, 0 ), ( 16, 39, 3, 0 ), ( 17, 40, 2, 0 ), ( 18, 41, 2, 0 ), ( 19, 43, 2, 0 ), ( 20, 45, 2, 0 ), ( 21, 46, 2, 0 ), ( 22, 47, 2, 0 ), ( 23, 51, 2, 0 );
/*!40000 ALTER TABLE `vtiger_def_org_share` ENABLE KEYS */;
UNLOCK TABLES;

--
-- Table structure for table vtiger_def_org_share_seq
--

DROP TABLE IF EXISTS vtiger_def_org_share_seq;
SET @saved_cs_client = @@character_set_client;
SET character_set_client = utf8;
CREATE TABLE `vtiger_def_org_share_seq` (
  `id` int(11) NOT NULL
) ENGINE=MyISAM DEFAULT CHARSET=utf8;
SET character_set_client = @saved_cs_client;

--
-- Dumping data for table vtiger_def_org_share_seq
--

LOCK TABLES `vtiger_def_org_share_seq` WRITE;
/*!40000 ALTER TABLE `vtiger_def_org_share_seq` DISABLE KEYS */;
INSERT INTO vtiger_def_org_share_seq ( ID ) VALUES ( 23 );
/*!40000 ALTER TABLE `vtiger_def_org_share_seq` ENABLE KEYS */;
UNLOCK TABLES;

--
-- Table structure for table vtiger_defaultcv
--

DROP TABLE IF EXISTS vtiger_defaultcv;
SET @saved_cs_client = @@character_set_client;
SET character_set_client = utf8;
CREATE TABLE `vtiger_defaultcv` (
  `tabid` int(19) NOT NULL,
  `defaultviewname` varchar(50) NOT NULL,
  `query` text,
  PRIMARY KEY (`tabid`),
  CONSTRAINT `fk_1_vtiger_defaultcv` FOREIGN KEY (`tabid`) REFERENCES `vtiger_tab` (`tabid`) ON DELETE CASCADE
) ENGINE=InnoDB DEFAULT CHARSET=utf8;
SET character_set_client = @saved_cs_client;

--
-- Dumping data for table vtiger_defaultcv
--

LOCK TABLES `vtiger_defaultcv` WRITE;
/*!40000 ALTER TABLE `vtiger_defaultcv` DISABLE KEYS */;

/*!40000 ALTER TABLE `vtiger_defaultcv` ENABLE KEYS */;
UNLOCK TABLES;

--
-- Table structure for table vtiger_downloadpurpose
--

DROP TABLE IF EXISTS vtiger_downloadpurpose;
SET @saved_cs_client = @@character_set_client;
SET character_set_client = utf8;
CREATE TABLE `vtiger_downloadpurpose` (
  `downloadpurposeid` int(19) NOT NULL AUTO_INCREMENT,
  `purpose` varchar(200) NOT NULL,
  `sortorderid` int(19) NOT NULL DEFAULT '0',
  `presence` int(1) NOT NULL DEFAULT '1',
  PRIMARY KEY (`downloadpurposeid`),
  UNIQUE KEY `downloadpurpose_purpose_idx` (`purpose`)
) ENGINE=InnoDB DEFAULT CHARSET=utf8;
SET character_set_client = @saved_cs_client;

--
-- Dumping data for table vtiger_downloadpurpose
--

LOCK TABLES `vtiger_downloadpurpose` WRITE;
/*!40000 ALTER TABLE `vtiger_downloadpurpose` DISABLE KEYS */;

/*!40000 ALTER TABLE `vtiger_downloadpurpose` ENABLE KEYS */;
UNLOCK TABLES;

--
-- Table structure for table vtiger_duration_minutes
--

DROP TABLE IF EXISTS vtiger_duration_minutes;
SET @saved_cs_client = @@character_set_client;
SET character_set_client = utf8;
CREATE TABLE `vtiger_duration_minutes` (
  `minutesid` int(19) NOT NULL AUTO_INCREMENT,
  `duration_minutes` varchar(200) NOT NULL,
  `sortorderid` int(19) NOT NULL DEFAULT '0',
  `presence` int(1) NOT NULL DEFAULT '1',
  PRIMARY KEY (`minutesid`)
) ENGINE=InnoDB AUTO_INCREMENT=5 DEFAULT CHARSET=utf8;
SET character_set_client = @saved_cs_client;

--
-- Dumping data for table vtiger_duration_minutes
--

LOCK TABLES `vtiger_duration_minutes` WRITE;
/*!40000 ALTER TABLE `vtiger_duration_minutes` DISABLE KEYS */;
INSERT INTO vtiger_duration_minutes ( MINUTESID, DURATION_MINUTES, SORTORDERID, PRESENCE ) VALUES ( 1, '00', 0, 1 ), ( 2, '15', 1, 1 ), ( 3, '30', 2, 1 ), ( 4, '45', 3, 1 );
/*!40000 ALTER TABLE `vtiger_duration_minutes` ENABLE KEYS */;
UNLOCK TABLES;

--
-- Table structure for table vtiger_duration_minutes_seq
--

DROP TABLE IF EXISTS vtiger_duration_minutes_seq;
SET @saved_cs_client = @@character_set_client;
SET character_set_client = utf8;
CREATE TABLE `vtiger_duration_minutes_seq` (
  `id` int(11) NOT NULL
) ENGINE=MyISAM DEFAULT CHARSET=utf8;
SET character_set_client = @saved_cs_client;

--
-- Dumping data for table vtiger_duration_minutes_seq
--

LOCK TABLES `vtiger_duration_minutes_seq` WRITE;
/*!40000 ALTER TABLE `vtiger_duration_minutes_seq` DISABLE KEYS */;
INSERT INTO vtiger_duration_minutes_seq ( ID ) VALUES ( 4 );
/*!40000 ALTER TABLE `vtiger_duration_minutes_seq` ENABLE KEYS */;
UNLOCK TABLES;

--
-- Table structure for table vtiger_durationhrs
--

DROP TABLE IF EXISTS vtiger_durationhrs;
SET @saved_cs_client = @@character_set_client;
SET character_set_client = utf8;
CREATE TABLE `vtiger_durationhrs` (
  `hrsid` int(19) NOT NULL AUTO_INCREMENT,
  `hrs` varchar(50) DEFAULT NULL,
  `sortorderid` int(19) NOT NULL DEFAULT '0',
  `presence` int(1) NOT NULL DEFAULT '1',
  PRIMARY KEY (`hrsid`)
) ENGINE=InnoDB DEFAULT CHARSET=utf8;
SET character_set_client = @saved_cs_client;

--
-- Dumping data for table vtiger_durationhrs
--

LOCK TABLES `vtiger_durationhrs` WRITE;
/*!40000 ALTER TABLE `vtiger_durationhrs` DISABLE KEYS */;

/*!40000 ALTER TABLE `vtiger_durationhrs` ENABLE KEYS */;
UNLOCK TABLES;

--
-- Table structure for table vtiger_durationmins
--

DROP TABLE IF EXISTS vtiger_durationmins;
SET @saved_cs_client = @@character_set_client;
SET character_set_client = utf8;
CREATE TABLE `vtiger_durationmins` (
  `minsid` int(19) NOT NULL AUTO_INCREMENT,
  `mins` varchar(50) DEFAULT NULL,
  `sortorderid` int(19) NOT NULL DEFAULT '0',
  `presence` int(1) NOT NULL DEFAULT '1',
  PRIMARY KEY (`minsid`)
) ENGINE=InnoDB DEFAULT CHARSET=utf8;
SET character_set_client = @saved_cs_client;

--
-- Dumping data for table vtiger_durationmins
--

LOCK TABLES `vtiger_durationmins` WRITE;
/*!40000 ALTER TABLE `vtiger_durationmins` DISABLE KEYS */;

/*!40000 ALTER TABLE `vtiger_durationmins` ENABLE KEYS */;
UNLOCK TABLES;

--
-- Table structure for table vtiger_email_access
--

DROP TABLE IF EXISTS vtiger_email_access;
SET @saved_cs_client = @@character_set_client;
SET character_set_client = utf8;
CREATE TABLE `vtiger_email_access` (
  `crmid` int(11) DEFAULT NULL,
  `mailid` int(11) DEFAULT NULL,
  `accessdate` date DEFAULT NULL,
  `accesstime` datetime DEFAULT NULL
) ENGINE=InnoDB DEFAULT CHARSET=utf8;
SET character_set_client = @saved_cs_client;

--
-- Dumping data for table vtiger_email_access
--

LOCK TABLES `vtiger_email_access` WRITE;
/*!40000 ALTER TABLE `vtiger_email_access` DISABLE KEYS */;

/*!40000 ALTER TABLE `vtiger_email_access` ENABLE KEYS */;
UNLOCK TABLES;

--
-- Table structure for table vtiger_email_track
--

DROP TABLE IF EXISTS vtiger_email_track;
SET @saved_cs_client = @@character_set_client;
SET character_set_client = utf8;
CREATE TABLE `vtiger_email_track` (
  `crmid` int(11) DEFAULT NULL,
  `mailid` int(11) DEFAULT NULL,
  `access_count` int(11) DEFAULT NULL,
  UNIQUE KEY `link_tabidtype_idx` (`crmid`,`mailid`)
) ENGINE=InnoDB DEFAULT CHARSET=utf8;
SET character_set_client = @saved_cs_client;

--
-- Dumping data for table vtiger_email_track
--

LOCK TABLES `vtiger_email_track` WRITE;
/*!40000 ALTER TABLE `vtiger_email_track` DISABLE KEYS */;

/*!40000 ALTER TABLE `vtiger_email_track` ENABLE KEYS */;
UNLOCK TABLES;

--
-- Table structure for table vtiger_emaildetails
--

DROP TABLE IF EXISTS vtiger_emaildetails;
SET @saved_cs_client = @@character_set_client;
SET character_set_client = utf8;
CREATE TABLE `vtiger_emaildetails` (
  `emailid` int(19) NOT NULL,
  `from_email` varchar(50) NOT NULL DEFAULT '',
  `to_email` text,
  `cc_email` text,
  `bcc_email` text,
  `assigned_user_email` varchar(50) NOT NULL DEFAULT '',
  `idlists` text,
  `email_flag` varchar(50) NOT NULL DEFAULT '',
  PRIMARY KEY (`emailid`)
) ENGINE=InnoDB DEFAULT CHARSET=utf8;
SET character_set_client = @saved_cs_client;

--
-- Dumping data for table vtiger_emaildetails
--

LOCK TABLES `vtiger_emaildetails` WRITE;
/*!40000 ALTER TABLE `vtiger_emaildetails` DISABLE KEYS */;
INSERT INTO vtiger_emaildetails ( EMAILID, FROM_EMAIL, TO_EMAIL, CC_EMAIL, BCC_EMAIL, ASSIGNED_USER_EMAIL, IDLISTS, EMAIL_FLAG ) VALUES ( 3, 'ivan.galvez@sintesys.us', '[\"ilgalvezh@gmail.com\"]', '[\"\"]', '[\"\"]', '', '', 'SENT' ), ( 4, 'ivan.galvez@sintesys.us', '[\"ivan.galvez@sintesys.us\"]', '[\"\"]', '[\"\"]', '', '', 'SENT' ), ( 100, 'ivan.galvez@sintesys.us', '[\"iquality@sintesys.us\"]', '[\"\"]', '[\"\"]', '', '9@-1|', 'SENT' ), ( 578, 'ivan.galvez@sintesys.us', '[\"Maria.Khan@Sintesys.US\"]', '[\"\"]', '[\"\"]', '', '343@80|', 'SENT' ), ( 580, 'ivan.galvez@sintesys.us', '[\"ivan.galvez@sintesys.us\"]', '[\"\"]', '[\"\"]', '', '579@80|', 'SENT' ), ( 582, 'ivan.galvez@sintesys.us', '[\"pacobull@hotmail.com\"]', '[\"\"]', '[\"\"]', '', '493@80|', 'SENT' ), ( 583, 'ivan.galvez@sintesys.us', '[\"Montufar Octavio<Octavio_montufar@hotmail.com>\"]', '[\"\"]', '[\"\"]', '', '498@80|', 'SENT' ), ( 584, 'ivan.galvez@sintesys.us', '[\"Deshpande Salil<Deshpande.sj@gmail.com>\"]', '[\"\"]', '[\"\"]', '', '527@80|', 'SAVED' ), ( 585, 'ivan.galvez@sintesys.us', '[\"Battu Vijay<essbasevijay@gmail.com>\",\"Khan Faisal<faisalkhan1129@gmail.com>\",\"Bandi Haritha<harithab745@gmail.com>\"]', '[\"ivan.galvez@sintesys.us\"]', '[\"\"]', '', '511@80|514@80|521@80|', 'SENT' ), ( 586, 'ivan.galvez@sintesys.us', '[\"Bustamante Paula<paulabtev@gmail.com>\"]', '[\"minerva.rodriguez@sintesys.us\"]', '[\"\"]', '', '575@80|', 'SENT' ), ( 587, 'ivan.galvez@sintesys.us', '[\"gds8877@yahoo.ca\"]', '[\"\"]', '[\"\"]', '', '542@80|', 'SAVED' ), ( 590, 'ivan.galvez@sintesys.us', '[\"Galvez Ivan<ivan.galvez@sintesys.us>\",\"Galvez Juan Luis<juanluis@sintesys.us>\",\"Galvez New One<otherone@sintesys.us>\"]', '[\"hr@sintesys.us\"]', '[\"\"]', '', '579@80|588@83|589@83|', 'SENT' ), ( 704, 'ivan.galvez@sintesys.us', '[\"Garc\\u00eda Francisco<fgarciag53@gmail.com>\",\"Korszun Henry<henryk302@yahoo.com>\",\"Kaplan Yariv<yariv@internals.com>\",\"Vela German<gvela39@hotmail.com>\",\"Kumar Ajay Anugu<anuguajayreddy@gmail.com>\",\"Heaney Daniel<danielheaney@hotmail.com>\",\"Lu Xiaopeng<luxp4210@gmail.com>\",\"Quiroz Mario<zacek3082@gmail.com>\",\"Sakkuri Karthik<kars18ster@gmail.com>\",\"Sasy Sachin<sachinsasy@gmail.com>\",\"Saahiti Saahiti<saahiti7@gmail.com>\"]', '[\"\"]', '[\"\"]', '', '497@80|557@80|563@80|581@80|610@80|628@80|635@80|644@80|645@80|652@80|661@80|', 'SENT' ), ( 716, 'ivan.galvez@sintesys.us', '[\"Syed Javed<jsyedbi@gmail.com>\",\"Thinagarsamy Vimal<tvimal.mca@gmail.com>\",\"Gari Prakash<prakash.gari@live.com>\",\"Niamathullah Syed<SYED.NIAMATHULLA@GMAIL.COM>\",\"Sutcliffe Ozzie<oz.sutcliffe@gmail.com>\"]', '[\"\"]', '[\"\"]', '', '616@80|632@80|649@80|664@80|674@80|', 'SENT' ), ( 723, 'ivan.galvez@sintesys.us', '[\"jlqi@sintesys.us\"]', '[\"\"]', '[\"\"]', '', '', 'SENT' );
/*!40000 ALTER TABLE `vtiger_emaildetails` ENABLE KEYS */;
UNLOCK TABLES;

--
-- Table structure for table vtiger_emailtemplates
--

DROP TABLE IF EXISTS vtiger_emailtemplates;
SET @saved_cs_client = @@character_set_client;
SET character_set_client = utf8;
CREATE TABLE `vtiger_emailtemplates` (
  `foldername` varchar(100) DEFAULT NULL,
  `templatename` varchar(100) DEFAULT NULL,
  `subject` varchar(100) DEFAULT NULL,
  `description` text,
  `body` text,
  `deleted` int(1) NOT NULL DEFAULT '0',
  `templateid` int(19) NOT NULL AUTO_INCREMENT,
  PRIMARY KEY (`templateid`),
  KEY `emailtemplates_foldernamd_templatename_subject_idx` (`foldername`,`templatename`,`subject`)
) ENGINE=InnoDB AUTO_INCREMENT=14 DEFAULT CHARSET=utf8;
SET character_set_client = @saved_cs_client;

--
-- Dumping data for table vtiger_emailtemplates
--

LOCK TABLES `vtiger_emailtemplates` WRITE;
/*!40000 ALTER TABLE `vtiger_emailtemplates` DISABLE KEYS */;
INSERT INTO vtiger_emailtemplates ( FOLDERNAME, TEMPLATENAME, SUBJECT, DESCRIPTION, BODY, DELETED, TEMPLATEID ) VALUES ( 'Public', 'Announcement for Release', 'Announcement for Release', 'Announcement of a release', 'Hello!   <br />\n	<br />\n	On behalf of the vtiger team,  I am pleased to announce the release of vtiger crm4.2 . This is a feature packed release including the mass email template handling, custom view feature, vtiger_reports feature and a host of other utilities. vtiger runs on all platforms.    <br />\n        <br />\n	Notable Features of vtiger are :   <br />\n	<br />\n	-Email Client Integration    <br />\n	-Trouble Ticket Integration   <br />\n	-Invoice Management Integration   <br />\n	-Reports Integration   <br />\n	-Portal Integration   <br />\n	-Enhanced Word Plugin Support   <br />\n	-Custom View Integration   <br />\n	<br />\n	Known Issues:   <br />\n	-ABCD   <br />\n	-EFGH   <br />\n	-IJKL   <br />\n	-MNOP   <br />\n	-QRST', 0, 1 ), ( 'Public', 'Pending Invoices', 'Invoices Pending', 'Payment Due', 'name <br />\nstreet, <br />\ncity, <br />\nstate, <br />\n zip) <br />\n  <br />\n Dear <br />\n <br />\n Please check the following invoices that are yet to be paid by you: <br />\n <br />\n No. Date      Amount <br />\n 1   1/1/01    $4000 <br />\n 2   2/2//01   $5000 <br />\n 3   3/3/01    $10000 <br />\n 4   7/4/01    $23560 <br />\n <br />\n Kindly let us know if there are any issues that you feel are pending to be discussed. <br />\n We will be more than happy to give you a call. <br />\n We would like to continue our business with you.', 0, 2 ), ( 'Public', 'Acceptance Proposal', 'Acceptance Proposal', 'Acceptance of Proposal', ' Dear <br />\n <br />\nYour proposal on the project XYZW has been reviewed by us <br />\nand is acceptable in its entirety. <br />\n <br />\nWe are eagerly looking forward to this project <br />\nand are pleased about having the opportunity to work <br />\ntogether. We look forward to a long standing relationship <br />\nwith your esteemed firm. <br />\n<br />\nI would like to take this opportunity to invite you <br />\nto a game of golf on Wednesday morning 9am at the <br />\nCuff Links Ground. We will be waiting for you in the <br />\nExecutive Lounge. <br />\n<br />\nLooking forward to seeing you there.', 0, 3 ), ( 'Public', 'Goods received acknowledgement', 'Goods received acknowledgement', 'Acknowledged Receipt of Goods', ' The undersigned hereby acknowledges receipt and delivery of the goods. <br />\nThe undersigned will release the payment subject to the goods being discovered not satisfactory. <br />\n<br />\nSigned under seal this <date>', 0, 4 ), ( 'Public', 'Accept Order', 'Accept Order', 'Acknowledgement/Acceptance of Order', ' Dear <br />\n         We are in receipt of your order as contained in the <br />\n   purchase order form.We consider this to be final and binding on both sides. <br />\nIf there be any exceptions noted, we shall consider them <br />\nonly if the objection is received within ten days of receipt of <br />\nthis notice. <br />\n <br />\nThank you for your patronage.', 0, 5 ), ( 'Public', 'Address Change', 'Change of Address', 'Address Change', 'Dear <br />\n <br />\nWe are relocating our office to <br />\n11111,XYZDEF Cross, <br />\nUVWWX Circle <br />\nThe telephone number for this new location is (101) 1212-1328. <br />\n<br />\nOur Manufacturing Division will continue operations <br />\nat 3250 Lovedale Square Avenue, in Frankfurt. <br />\n<br />\nWe hope to keep in touch with you all. <br />\nPlease update your addressbooks.', 0, 6 ), ( 'Public', 'Follow Up', 'Follow Up', 'Follow Up of meeting', 'Dear <br />\n<br />\nThank you for extending us the opportunity to meet with <br />\nyou and members of your staff. <br />\n<br />\nI know that John Doe serviced your account <br />\nfor many years and made many friends at your firm. He has personally <br />\ndiscussed with me the deep relationship that he had with your firm. <br />\nWhile his presence will be missed, I can promise that we will <br />\ncontinue to provide the fine service that was accorded by <br />\nJohn to your firm. <br />\n<br />\nI was genuinely touched to receive such fine hospitality. <br />\n<br />\nThank you once again.', 0, 7 ), ( 'Public', 'Target Crossed!', 'Target Crossed!', 'Fantastic Sales Spree!', 'Congratulations! <br />\n<br />\nThe numbers are in and I am proud to inform you that our <br />\ntotal sales for the previous quarter <br />\namounts to $100,000,00.00!. This is the first time <br />\nwe have exceeded the target by almost 30%. <br />\nWe have also beat the previous quarter record by a <br />\nwhopping 75%! <br />\n<br />\nLet us meet at Smoking Joe for a drink in the evening! <br />\n\nC you all there guys!', 0, 8 ), ( 'Public', 'Thanks Note', 'Thanks Note', 'Note of thanks', 'Dear <br />\n<br />\nThank you for your confidence in our ability to serve you. <br />\nWe are glad to be given the chance to serve you.I look <br />\nforward to establishing a long term partnership with you. <br />\nConsider me as a friend. <br />\nShould any need arise,please do give us a call.', 0, 9 ), ( 'Public', 'Customer Login Details', 'Customer Portal Login Details', 'Send Portal login details to customer', '<table width=\"700\" cellspacing=\"0\" cellpadding=\"0\" border=\"0\" align=\"center\" style=\"font-family: Arial,Helvetica,sans-serif; font-size: 12px; font-weight: normal; text-decoration: none; background-color: rgb(122, 122, 254);\">\n        <tr>\n            <td> </td>\n            <td> </td>\n            <td> </td>\n        </tr>\n        <tr>\n            <td> </td>\n            <td> </td>\n            <td> </td>\n        </tr>\n        <tr>\n            <td> </td>\n            <td> </td>\n            <td> </td>\n        </tr>\n        <tr>\n            <td width=\"50\"> </td>\n            <td>\n            <table width=\"100%\" cellspacing=\"0\" cellpadding=\"0\" border=\"0\">\n                    <tr>\n                        <td>\n                        <table width=\"100%\" cellspacing=\"0\" cellpadding=\"0\" border=\"0\" style=\"background-color: rgb(27, 77, 140); font-family: Arial,Helvetica,sans-serif; font-size: 14px; color: rgb(255, 255, 255); font-weight: normal; line-height: 25px;\">\n                                <tr>\n                                    <td align=\"center\" rowspan=\"4\">$logo$</td>\n                                    <td align=\"center\"> </td>\n                                </tr>\n                                <tr>\n                                    <td align=\"left\" style=\"background-color: rgb(27, 77, 140); font-family: Arial,Helvetica,sans-serif; font-size: 24px; color: rgb(255, 255, 255); font-weight: bolder; line-height: 35px;\">vtiger CRM<br /> </td>\n                                </tr>\n                                <tr>\n                                    <td align=\"right\" style=\"padding-right: 100px;\">The honest Open Source CRM </td>\n                                </tr>\n                                <tr>\n                                    <td> </td>\n                                </tr>\n                        </table>\n                        </td>\n                    </tr>\n                    <tr>\n                        <td>\n                        <table width=\"100%\" cellspacing=\"0\" cellpadding=\"0\" border=\"0\" style=\"font-family: Arial,Helvetica,sans-serif; font-size: 12px; font-weight: normal; color: rgb(0, 0, 0); background-color: rgb(255, 255, 255);\">\n                                <tr>\n                                    <td valign=\"top\">\n                                    <table width=\"100%\" cellspacing=\"0\" cellpadding=\"5\" border=\"0\">\n                                            <tr>\n                                                <td align=\"right\" style=\"font-family: Arial,Helvetica,sans-serif; font-size: 12px; font-weight: bolder; text-decoration: none; color: rgb(66, 66, 253);\"> </td>\n                                            </tr>\n                                            <tr>\n                                                <td> </td>\n                                            </tr>\n                                            <tr>\n                                                <td style=\"font-family: Arial,Helvetica,sans-serif; font-size: 14px; color: rgb(22, 72, 134); font-weight: bolder; line-height: 15px;\">Dear $contact_name$, </td>\n                                            </tr>\n                                            <tr>\n                                                <td style=\"font-family: Arial,Helvetica,sans-serif; font-size: 12px; color: rgb(0, 0, 0); font-weight: normal; text-align: justify; line-height: 20px;\"> Thank you very much for subscribing to the vtiger CRM - annual support service.<br />Here is your self service portal login details:</td>\n                                            </tr>\n                                            <tr>\n                                                <td align=\"center\">\n                                                <table width=\"75%\" cellspacing=\"0\" cellpadding=\"10\" border=\"0\" style=\"border: 2px solid rgb(180, 180, 179); background-color: rgb(226, 226, 225); font-family: Arial,Helvetica,sans-serif; font-size: 12px; color: rgb(0, 0, 0); font-weight: normal;\">\n                                                        <tr>\n                                                            <td><br />User ID     : <font color=\"#990000\"><strong> $login_name$</strong></font> </td>\n                                                        </tr>\n                                                        <tr>\n                                                            <td>Password: <font color=\"#990000\"><strong> $password$</strong></font> </td>\n                                                        </tr>\n                                                        <tr>\n                                                            <td align=\"center\"> <strong>  $URL$<br /> </strong> </td>\n                                                        </tr>\n                                                </table>\n                                                </td>\n                                            </tr>\n                                            <tr>\n                                                <td style=\"font-family: Arial,Helvetica,sans-serif; font-size: 12px; color: rgb(0, 0, 0); font-weight: normal; text-align: justify; line-height: 20px;\"><strong>NOTE:</strong> We suggest you to change your password after logging in first time. <br /><br /> <strong><u>Help Documentation</u></strong><br />  <br /> After logging in to vtiger Self-service Portal first time, you can access the vtiger CRM documents from the <strong>Documents</strong> tab. Following documents are available for your reference:<br />\n                                                <ul>\n                                                    <li>Installation Manual (Windows &amp; Linux OS)<br /> </li>\n                                                    <li>User &amp; Administrator Manual<br /> </li>\n                                                    <li>vtiger Customer Portal - User Manual<br /> </li>\n                                                    <li>vtiger Outlook Plugin - User Manual<br /> </li>\n                                                    <li>vtiger Office Plug-in - User Manual<br /> </li>\n                                                    <li>vtiger Thunderbird Extension - User Manual<br /> </li>\n                                                    <li>vtiger Web Forms - User Manual<br /> </li>\n                                                    <li>vtiger Firefox Tool bar - User Manual<br /> </li>\n                                                </ul>\n                                                <br />  <br /> <strong><u>Knowledge Base</u></strong><br /> <br /> Periodically we update frequently asked question based on our customer experiences. You can access the latest articles from the <strong>FAQ</strong> tab.<br /> <br /> <strong><u>vtiger CRM - Details</u></strong><br /> <br /> Kindly let us know your current vtiger CRM version and system specification so that we can provide you necessary guidelines to enhance your vtiger CRM system performance. Based on your system specification we alert you about the latest security &amp; upgrade patches.<br />  <br />			 Thank you once again and wish you a wonderful experience with vtiger CRM.<br /> </td>\n                                            </tr>\n                                            <tr>\n                                                <td align=\"right\"><strong style=\"padding: 2px; font-family: Arial,Helvetica,sans-serif; font-size: 12px; color: rgb(0, 0, 0); font-weight: bold;\"><br /><br />Best Regards</strong></td>\n                                            </tr>\n                                            <tr>\n                                                <td align=\"right\" style=\"font-family: Arial,Helvetica,sans-serif; font-size: 12px; color: rgb(0, 0, 0); font-weight: normal; line-height: 20px;\">$support_team$ </td>\n                                            </tr>\n                                            <tr>\n                                                <td align=\"right\"><a style=\"font-family: Arial,Helvetica,sans-serif; font-size: 12px; font-weight: bolder; text-decoration: none; color: rgb(66, 66, 253);\" href=\"http://www.vtiger.com\">www.vtiger.com</a></td>\n                                            </tr>\n                                            <tr>\n                                                <td> </td>\n                                            </tr>\n                                    </table>\n                                    </td>\n                                    <td width=\"1%\" valign=\"top\"> </td>\n                                </tr>\n                        </table>\n                        </td>\n                    </tr>\n                    <tr>\n                        <td>\n                        <table width=\"100%\" cellspacing=\"0\" cellpadding=\"5\" border=\"0\" style=\"font-family: Arial,Helvetica,sans-serif; font-size: 12px; color: rgb(255, 255, 255); font-weight: normal; line-height: 15px; background-color: rgb(51, 51, 51);\">\n                                <tr>\n                                    <td align=\"center\">Shree Narayana Complex, No 11 Sarathy Nagar, Vijaya Nagar , Velachery, Chennai - 600 042 India </td>\n                                </tr>\n                                <tr>\n                                    <td align=\"center\">Telephone No: +91 - 44 - 4202 - 1990     Toll Free No: +1 877 788 4437</td>\n                                </tr>\n                                <tr>\n                                    <td align=\"center\">Email Id: <a style=\"font-family: Arial,Helvetica,sans-serif; font-size: 12px; font-weight: bolder; text-decoration: none; color: rgb(255, 255, 255);\" href=\"mailto:support@vtiger.com\">support@vtiger.com</a></td>\n                                </tr>\n                        </table>\n                        </td>\n                    </tr>\n            </table>\n            </td>\n            <td width=\"50\"> </td>\n        </tr>\n        <tr>\n            <td> </td>\n            <td> </td>\n            <td> </td>\n        </tr>\n        <tr>\n            <td> </td>\n            <td> </td>\n            <td> </td>\n        </tr>\n        <tr>\n            <td> </td>\n            <td> </td>\n            <td> </td>\n        </tr>\n</table>', 0, 10 ), ( 'Public', 'Support end notification before a week', 'VtigerCRM Support Notification', 'Send Notification mail to customer before a week of support end date', '<table width=\"700\" cellspacing=\"0\" cellpadding=\"0\" border=\"0\" align=\"center\" style=\"font-family: Arial,Helvetica,sans-serif; font-size: 12px; font-weight: normal; text-decoration: none; background-color: rgb(122, 122, 254);\">\n        <tr>\n            <td> </td>\n            <td> </td>\n            <td> </td>\n        </tr>\n        <tr>\n            <td> </td>\n            <td> </td>\n            <td> </td>\n        </tr>\n        <tr>\n            <td> </td>\n            <td> </td>\n            <td> </td>\n        </tr>\n        <tr>\n            <td width=\"50\"> </td>\n            <td>\n            <table width=\"100%\" cellspacing=\"0\" cellpadding=\"0\" border=\"0\">\n                    <tr>\n                        <td>\n                        <table width=\"100%\" cellspacing=\"0\" cellpadding=\"0\" border=\"0\" style=\"background-color: rgb(27, 77, 140); font-family: Arial,Helvetica,sans-serif; font-size: 14px; color: rgb(255, 255, 255); font-weight: normal; line-height: 25px;\">\n                                <tr>\n                                    <td align=\"center\" rowspan=\"4\">$logo$</td>\n                                    <td align=\"center\"> </td>\n                                </tr>\n                                <tr>\n                                    <td align=\"left\" style=\"background-color: rgb(27, 77, 140); font-family: Arial,Helvetica,sans-serif; font-size: 24px; color: rgb(255, 255, 255); font-weight: bolder; line-height: 35px;\">vtiger CRM </td>\n                                </tr>\n                                <tr>\n                                    <td align=\"right\" style=\"padding-right: 100px;\">The honest Open Source CRM </td>\n                                </tr>\n                                <tr>\n                                    <td> </td>\n                                </tr>\n                        </table>\n                        </td>\n                    </tr>\n                    <tr>\n                        <td>\n                        <table width=\"100%\" cellspacing=\"0\" cellpadding=\"0\" border=\"0\" style=\"font-family: Arial,Helvetica,sans-serif; font-size: 12px; font-weight: normal; color: rgb(0, 0, 0); background-color: rgb(255, 255, 255);\">\n                                <tr>\n                                    <td valign=\"top\">\n                                    <table width=\"100%\" cellspacing=\"0\" cellpadding=\"5\" border=\"0\">\n                                            <tr>\n                                                <td align=\"right\" style=\"font-family: Arial,Helvetica,sans-serif; font-size: 12px; font-weight: bolder; text-decoration: none; color: rgb(66, 66, 253);\"> </td>\n                                            </tr>\n                                            <tr>\n                                                <td> </td>\n                                            </tr>\n                                            <tr>\n                                                <td style=\"font-family: Arial,Helvetica,sans-serif; font-size: 14px; color: rgb(22, 72, 134); font-weight: bolder; line-height: 15px;\">Dear $contacts-lastname$, </td>\n                                            </tr>\n                                            <tr>\n                                                <td style=\"font-family: Arial,Helvetica,sans-serif; font-size: 12px; color: rgb(0, 0, 0); font-weight: normal; text-align: justify; line-height: 20px;\">This is just a notification mail regarding your support end.<br /><span style=\"font-weight: bold;\">Priority:</span> Urgent<br />Your Support is going to expire on next week<br />Please contact support@vtiger.com.<br /><br /><br /></td>\n                                            </tr>\n                                            <tr>\n                                                <td align=\"center\"><br /></td>\n                                            </tr>\n                                            <tr>\n                                                <td align=\"right\"><strong style=\"padding: 2px; font-family: Arial,Helvetica,sans-serif; font-size: 12px; color: rgb(0, 0, 0); font-weight: bold;\"><br /><br />Sincerly</strong></td>\n                                            </tr>\n                                            <tr>\n                                                <td align=\"right\" style=\"font-family: Arial,Helvetica,sans-serif; font-size: 12px; color: rgb(0, 0, 0); font-weight: normal; line-height: 20px;\">Support Team </td>\n                                            </tr>\n                                            <tr>\n                                                <td align=\"right\"><a style=\"font-family: Arial,Helvetica,sans-serif; font-size: 12px; font-weight: bolder; text-decoration: none; color: rgb(66, 66, 253);\" href=\"http://www.vtiger.com\">www.vtiger.com</a></td>\n                                            </tr>\n                                            <tr>\n                                                <td> </td>\n                                            </tr>\n                                    </table>\n                                    </td>\n                                    <td width=\"1%\" valign=\"top\"> </td>\n                                </tr>\n                        </table>\n                        </td>\n                    </tr>\n                    <tr>\n                        <td>\n                        <table width=\"100%\" cellspacing=\"0\" cellpadding=\"5\" border=\"0\" style=\"font-family: Arial,Helvetica,sans-serif; font-size: 12px; color: rgb(255, 255, 255); font-weight: normal; line-height: 15px; background-color: rgb(51, 51, 51);\">\n                                <tr>\n                                    <td align=\"center\">Shree Narayana Complex, No 11 Sarathy Nagar, Vijaya Nagar , Velachery, Chennai - 600 042 India </td>\n                                </tr>\n                                <tr>\n                                    <td align=\"center\">Telephone No: +91 - 44 - 4202 - 1990     Toll Free No: +1 877 788 4437</td>\n                                </tr>\n                                <tr>\n                                    <td align=\"center\">Email Id: <a style=\"font-family: Arial,Helvetica,sans-serif; font-size: 12px; font-weight: bolder; text-decoration: none; color: rgb(255, 255, 255);\" href=\"mailto:info@vtiger.com\">info@vtiger.com</a></td>\n                                </tr>\n                        </table>\n                        </td>\n                    </tr>\n            </table>\n            </td>\n            <td width=\"50\"> </td>\n        </tr>\n        <tr>\n            <td> </td>\n            <td> </td>\n            <td> </td>\n        </tr>\n        <tr>\n            <td> </td>\n            <td> </td>\n            <td> </td>\n        </tr>\n        <tr>\n            <td> </td>\n            <td> </td>\n            <td> </td>\n        </tr>\n</table>', 0, 11 ), ( 'Public', 'Support end notification before a month', 'VtigerCRM Support Notification', 'Send Notification mail to customer before a month of support end date', '<table width=\"700\" cellspacing=\"0\" cellpadding=\"0\" border=\"0\" align=\"center\" style=\"font-family: Arial,Helvetica,sans-serif; font-size: 12px; font-weight: normal; text-decoration: none; background-color: rgb(122, 122, 254);\">\n        <tr>\n            <td> </td>\n            <td> </td>\n            <td> </td>\n        </tr>\n        <tr>\n            <td> </td>\n            <td> </td>\n            <td> </td>\n        </tr>\n        <tr>\n            <td> </td>\n            <td> </td>\n            <td> </td>\n        </tr>\n        <tr>\n            <td width=\"50\"> </td>\n            <td>\n            <table width=\"100%\" cellspacing=\"0\" cellpadding=\"0\" border=\"0\">\n                    <tr>\n                        <td>\n                        <table width=\"100%\" cellspacing=\"0\" cellpadding=\"0\" border=\"0\" style=\"background-color: rgb(27, 77, 140); font-family: Arial,Helvetica,sans-serif; font-size: 14px; color: rgb(255, 255, 255); font-weight: normal; line-height: 25px;\">\n                                <tr>\n                                    <td align=\"center\" rowspan=\"4\">$logo$</td>\n                                    <td align=\"center\"> </td>\n                                </tr>\n                                <tr>\n                                    <td align=\"left\" style=\"background-color: rgb(27, 77, 140); font-family: Arial,Helvetica,sans-serif; font-size: 24px; color: rgb(255, 255, 255); font-weight: bolder; line-height: 35px;\">vtiger CRM </td>\n                                </tr>\n                                <tr>\n                                    <td align=\"right\" style=\"padding-right: 100px;\">The honest Open Source CRM </td>\n                                </tr>\n                                <tr>\n                                    <td> </td>\n                                </tr>\n                        </table>\n                        </td>\n                    </tr>\n                    <tr>\n                        <td>\n                        <table width=\"100%\" cellspacing=\"0\" cellpadding=\"0\" border=\"0\" style=\"font-family: Arial,Helvetica,sans-serif; font-size: 12px; font-weight: normal; color: rgb(0, 0, 0); background-color: rgb(255, 255, 255);\">\n                                <tr>\n                                    <td valign=\"top\">\n                                    <table width=\"100%\" cellspacing=\"0\" cellpadding=\"5\" border=\"0\">\n                                            <tr>\n                                                <td align=\"right\" style=\"font-family: Arial,Helvetica,sans-serif; font-size: 12px; font-weight: bolder; text-decoration: none; color: rgb(66, 66, 253);\"> </td>\n                                            </tr>\n                                            <tr>\n                                                <td> </td>\n                                            </tr>\n                                            <tr>\n                                                <td style=\"font-family: Arial,Helvetica,sans-serif; font-size: 14px; color: rgb(22, 72, 134); font-weight: bolder; line-height: 15px;\">Dear $contacts-lastname$, </td>\n                                            </tr>\n                                            <tr>\n                                                <td style=\"font-family: Arial,Helvetica,sans-serif; font-size: 12px; color: rgb(0, 0, 0); font-weight: normal; text-align: justify; line-height: 20px;\">This is just a notification mail regarding your support end.<br /><span style=\"font-weight: bold;\">Priority:</span> Normal<br />Your Support is going to expire on next month.<br />Please contact support@vtiger.com<br /><br /><br /></td>\n                                            </tr>\n                                            <tr>\n                                                <td align=\"center\"><br /></td>\n                                            </tr>\n                                            <tr>\n                                                <td align=\"right\"><strong style=\"padding: 2px; font-family: Arial,Helvetica,sans-serif; font-size: 12px; color: rgb(0, 0, 0); font-weight: bold;\"><br /><br />Sincerly</strong></td>\n                                            </tr>\n                                            <tr>\n                                                <td align=\"right\" style=\"font-family: Arial,Helvetica,sans-serif; font-size: 12px; color: rgb(0, 0, 0); font-weight: normal; line-height: 20px;\">Support Team </td>\n                                            </tr>\n                                            <tr>\n                                                <td align=\"right\"><a href=\"http://www.vtiger.com\" style=\"font-family: Arial,Helvetica,sans-serif; font-size: 12px; font-weight: bolder; text-decoration: none; color: rgb(66, 66, 253);\">www.vtiger.com</a></td>\n                                            </tr>\n                                            <tr>\n                                                <td> </td>\n                                            </tr>\n                                    </table>\n                                    </td>\n                                    <td width=\"1%\" valign=\"top\"> </td>\n                                </tr>\n                        </table>\n                        </td>\n                    </tr>\n                    <tr>\n                        <td>\n                        <table width=\"100%\" cellspacing=\"0\" cellpadding=\"5\" border=\"0\" style=\"font-family: Arial,Helvetica,sans-serif; font-size: 12px; color: rgb(255, 255, 255); font-weight: normal; line-height: 15px; background-color: rgb(51, 51, 51);\">\n                                <tr>\n                                    <td align=\"center\">Shree Narayana Complex, No 11 Sarathy Nagar, Vijaya Nagar , Velachery, Chennai - 600 042 India </td>\n                                </tr>\n                                <tr>\n                                    <td align=\"center\">Telephone No: +91 - 44 - 4202 - 1990     Toll Free No: +1 877 788 4437</td>\n                                </tr>\n                                <tr>\n                                    <td align=\"center\">Email Id: <a href=\"mailto:info@vtiger.com\" style=\"font-family: Arial,Helvetica,sans-serif; font-size: 12px; font-weight: bolder; text-decoration: none; color: rgb(255, 255, 255);\">info@vtiger.com</a></td>\n                                </tr>\n                        </table>\n                        </td>\n                    </tr>\n            </table>\n            </td>\n            <td width=\"50\"> </td>\n        </tr>\n        <tr>\n            <td> </td>\n            <td> </td>\n            <td> </td>\n        </tr>\n        <tr>\n            <td> </td>\n            <td> </td>\n            <td> </td>\n        </tr>\n        <tr>\n            <td> </td>\n            <td> </td>\n            <td> </td>\n        </tr>\n</table>', 0, 12 ), ( 'Public', 'Closing Hiring Process', 'Sintesys hiring process', 'Use this email when changing a candidate from Active to Passive to inform them that their process has beel closed.', '<p>\r\n	Dear $contacts-firstname$,</p>\r\n<p>\r\n	First of all we would like to thank you for the time and effort invested in the hiring process with Sintesys.</p>\r\n<p>\r\n	Unfortunately the position for which you were applying has been closed. We regret the fact that we weren&#39;t able to enroll in a relationship for now, however we believe that your profile might be suitable for future opportunities and would like to stay in touch with you.</p>\r\n<p>\r\n	Please let us know if you have any questions or concerns. We are sure we will be working together in the near future.</p>\r\n<p>\r\n	&nbsp;</p>\r\n<p>\r\n	Regards,</p>\r\n<p>\r\n	Sintesys Recruitment Team</p>\r\n', 0, 13 );
/*!40000 ALTER TABLE `vtiger_emailtemplates` ENABLE KEYS */;
UNLOCK TABLES;

--
-- Table structure for table vtiger_emailtemplates_seq
--

DROP TABLE IF EXISTS vtiger_emailtemplates_seq;
SET @saved_cs_client = @@character_set_client;
SET character_set_client = utf8;
CREATE TABLE `vtiger_emailtemplates_seq` (
  `id` int(11) NOT NULL
) ENGINE=MyISAM DEFAULT CHARSET=utf8;
SET character_set_client = @saved_cs_client;

--
-- Dumping data for table vtiger_emailtemplates_seq
--

LOCK TABLES `vtiger_emailtemplates_seq` WRITE;
/*!40000 ALTER TABLE `vtiger_emailtemplates_seq` DISABLE KEYS */;
INSERT INTO vtiger_emailtemplates_seq ( ID ) VALUES ( 13 );
/*!40000 ALTER TABLE `vtiger_emailtemplates_seq` ENABLE KEYS */;
UNLOCK TABLES;

--
-- Table structure for table vtiger_entityname
--

DROP TABLE IF EXISTS vtiger_entityname;
SET @saved_cs_client = @@character_set_client;
SET character_set_client = utf8;
CREATE TABLE `vtiger_entityname` (
  `tabid` int(19) NOT NULL DEFAULT '0',
  `modulename` varchar(50) NOT NULL,
  `tablename` varchar(100) NOT NULL,
  `fieldname` varchar(150) NOT NULL,
  `entityidfield` varchar(150) NOT NULL,
  `entityidcolumn` varchar(150) NOT NULL,
  PRIMARY KEY (`tabid`),
  KEY `entityname_tabid_idx` (`tabid`),
  CONSTRAINT `fk_1_vtiger_entityname` FOREIGN KEY (`tabid`) REFERENCES `vtiger_tab` (`tabid`) ON DELETE CASCADE
) ENGINE=InnoDB DEFAULT CHARSET=utf8;
SET character_set_client = @saved_cs_client;

--
-- Dumping data for table vtiger_entityname
--

LOCK TABLES `vtiger_entityname` WRITE;
/*!40000 ALTER TABLE `vtiger_entityname` DISABLE KEYS */;
INSERT INTO vtiger_entityname ( TABID, MODULENAME, TABLENAME, FIELDNAME, ENTITYIDFIELD, ENTITYIDCOLUMN ) VALUES ( 2, 'Potentials', 'vtiger_potential', 'potentialname', 'potentialid', 'potential_id' ), ( 4, 'Contacts', 'vtiger_contactdetails', 'firstname,lastname', 'contactid', 'contact_id' ), ( 6, 'Accounts', 'vtiger_account', 'accountname', 'accountid', 'account_id' ), ( 7, 'Leads', 'vtiger_leaddetails', 'firstname,lastname', 'leadid', 'leadid' ), ( 8, 'Documents', 'vtiger_notes', 'title', 'notesid', 'notesid' ), ( 9, 'Calendar', 'vtiger_activity', 'subject', 'activityid', 'activityid' ), ( 10, 'Emails', 'vtiger_activity', 'subject', 'activityid', 'activityid' ), ( 13, 'HelpDesk', 'vtiger_troubletickets', 'title', 'ticketid', 'ticketid' ), ( 14, 'Products', 'vtiger_products', 'productname', 'productid', 'product_id' ), ( 15, 'Faq', 'vtiger_faq', 'question', 'id', 'id' ), ( 18, 'Vendors', 'vtiger_vendor', 'vendorname', 'vendorid', 'vendor_id' ), ( 19, 'PriceBooks', 'vtiger_pricebook', 'bookname', 'pricebookid', 'pricebookid' ), ( 20, 'Quotes', 'vtiger_quotes', 'subject', 'quoteid', 'quote_id' ), ( 21, 'PurchaseOrder', 'vtiger_purchaseorder', 'subject', 'purchaseorderid', 'purchaseorderid' ), ( 22, 'SalesOrder', 'vtiger_salesorder', 'subject', 'salesorderid', 'salesorder_id' ), ( 23, 'Invoice', 'vtiger_invoice', 'subject', 'invoiceid', 'invoiceid' ), ( 26, 'Campaigns', 'vtiger_campaign', 'campaignname', 'campaignid', 'campaignid' ), ( 29, 'Users', 'vtiger_users', 'first_name,last_name', 'id', 'id' ), ( 30, 'ServiceContracts', 'vtiger_servicecontracts', 'subject', 'servicecontractsid', 'servicecontractsid' ), ( 39, 'PBXManager', 'vtiger_pbxmanager', 'callfrom', 'pbxmanagerid', 'pbxmanagerid' ), ( 40, 'Services', 'vtiger_service', 'servicename', 'serviceid', 'serviceid' ), ( 41, 'SMSNotifier', 'vtiger_smsnotifier', 'message', 'smsnotifierid', 'smsnotifierid' ), ( 43, 'Assets', 'vtiger_assets', 'assetname', 'assetsid', 'assetsid' ), ( 45, 'ProjectMilestone', 'vtiger_projectmilestone', 'projectmilestonename', 'projectmilestoneid', 'projectmilestoneid' ), ( 46, 'ProjectTask', 'vtiger_projecttask', 'projecttaskname', 'projecttaskid', 'projecttaskid' ), ( 47, 'Project', 'vtiger_project', 'projectname', 'projectid', 'projectid' ), ( 51, 'ModComments', 'vtiger_modcomments', 'commentcontent', 'modcommentsid', 'modcommentsid' );
/*!40000 ALTER TABLE `vtiger_entityname` ENABLE KEYS */;
UNLOCK TABLES;

--
-- Table structure for table vtiger_evaluationstatus
--

DROP TABLE IF EXISTS vtiger_evaluationstatus;
SET @saved_cs_client = @@character_set_client;
SET character_set_client = utf8;
CREATE TABLE `vtiger_evaluationstatus` (
  `evalstatusid` int(19) NOT NULL AUTO_INCREMENT,
  `status` varchar(200) NOT NULL,
  `sortorderid` int(19) NOT NULL DEFAULT '0',
  `presence` int(1) NOT NULL DEFAULT '1',
  PRIMARY KEY (`evalstatusid`),
  UNIQUE KEY `evaluationstatus_status_idx` (`status`)
) ENGINE=InnoDB DEFAULT CHARSET=utf8;
SET character_set_client = @saved_cs_client;

--
-- Dumping data for table vtiger_evaluationstatus
--

LOCK TABLES `vtiger_evaluationstatus` WRITE;
/*!40000 ALTER TABLE `vtiger_evaluationstatus` DISABLE KEYS */;

/*!40000 ALTER TABLE `vtiger_evaluationstatus` ENABLE KEYS */;
UNLOCK TABLES;

--
-- Table structure for table vtiger_eventhandler_module
--

DROP TABLE IF EXISTS vtiger_eventhandler_module;
SET @saved_cs_client = @@character_set_client;
SET character_set_client = utf8;
CREATE TABLE `vtiger_eventhandler_module` (
  `eventhandler_module_id` int(11) NOT NULL AUTO_INCREMENT,
  `module_name` varchar(100) DEFAULT NULL,
  `handler_class` varchar(100) DEFAULT NULL,
  PRIMARY KEY (`eventhandler_module_id`)
) ENGINE=InnoDB AUTO_INCREMENT=4 DEFAULT CHARSET=utf8;
SET character_set_client = @saved_cs_client;

--
-- Dumping data for table vtiger_eventhandler_module
--

LOCK TABLES `vtiger_eventhandler_module` WRITE;
/*!40000 ALTER TABLE `vtiger_eventhandler_module` DISABLE KEYS */;
INSERT INTO vtiger_eventhandler_module ( EVENTHANDLER_MODULE_ID, MODULE_NAME, HANDLER_CLASS ) VALUES ( 1, 'ServiceContracts', 'ServiceContractsHandler' ), ( 2, 'ModTracker', 'ModTrackerHandler' ), ( 3, 'FieldFormulas', 'VTFieldFormulasEventHandler' );
/*!40000 ALTER TABLE `vtiger_eventhandler_module` ENABLE KEYS */;
UNLOCK TABLES;

--
-- Table structure for table vtiger_eventhandler_module_seq
--

DROP TABLE IF EXISTS vtiger_eventhandler_module_seq;
SET @saved_cs_client = @@character_set_client;
SET character_set_client = utf8;
CREATE TABLE `vtiger_eventhandler_module_seq` (
  `id` int(11) NOT NULL
) ENGINE=MyISAM DEFAULT CHARSET=utf8;
SET character_set_client = @saved_cs_client;

--
-- Dumping data for table vtiger_eventhandler_module_seq
--

LOCK TABLES `vtiger_eventhandler_module_seq` WRITE;
/*!40000 ALTER TABLE `vtiger_eventhandler_module_seq` DISABLE KEYS */;
INSERT INTO vtiger_eventhandler_module_seq ( ID ) VALUES ( 3 );
/*!40000 ALTER TABLE `vtiger_eventhandler_module_seq` ENABLE KEYS */;
UNLOCK TABLES;

--
-- Table structure for table vtiger_eventhandlers
--

DROP TABLE IF EXISTS vtiger_eventhandlers;
SET @saved_cs_client = @@character_set_client;
SET character_set_client = utf8;
CREATE TABLE `vtiger_eventhandlers` (
  `eventhandler_id` int(11) NOT NULL AUTO_INCREMENT,
  `event_name` varchar(100) NOT NULL,
  `handler_path` varchar(400) NOT NULL,
  `handler_class` varchar(100) NOT NULL,
  `cond` text,
  `is_active` int(1) NOT NULL,
  `dependent_on` varchar(255) DEFAULT '[]',
  PRIMARY KEY (`eventhandler_id`,`event_name`,`handler_class`),
  UNIQUE KEY `eventhandler_idx` (`eventhandler_id`)
) ENGINE=InnoDB AUTO_INCREMENT=13 DEFAULT CHARSET=utf8;
SET character_set_client = @saved_cs_client;

--
-- Dumping data for table vtiger_eventhandlers
--

LOCK TABLES `vtiger_eventhandlers` WRITE;
/*!40000 ALTER TABLE `vtiger_eventhandlers` DISABLE KEYS */;
INSERT INTO vtiger_eventhandlers ( EVENTHANDLER_ID, EVENT_NAME, HANDLER_PATH, HANDLER_CLASS, COND, IS_ACTIVE, DEPENDENT_ON ) VALUES ( 1, 'vtiger.entity.aftersave', 'modules/SalesOrder/RecurringInvoiceHandler.php', 'RecurringInvoiceHandler', '', 1, '[]' ), ( 2, 'vtiger.entity.beforesave', 'data/VTEntityDelta.php', 'VTEntityDelta', '', 1, '[]' ), ( 3, 'vtiger.entity.aftersave', 'data/VTEntityDelta.php', 'VTEntityDelta', '', 1, '[]' ), ( 4, 'vtiger.entity.aftersave', 'modules/com_vtiger_workflow/VTEventHandler.inc', 'VTWorkflowEventHandler', '', 1, '[\"VTEntityDelta\"]' ), ( 5, 'vtiger.entity.afterrestore', 'modules/com_vtiger_workflow/VTEventHandler.inc', 'VTWorkflowEventHandler', '', 1, '[]' ), ( 6, 'vtiger.entity.aftersave.final', 'modules/HelpDesk/HelpDeskHandler.php', 'HelpDeskHandler', '', 1, '[]' ), ( 7, 'vtiger.entity.beforesave', 'modules/ServiceContracts/ServiceContractsHandler.php', 'ServiceContractsHandler', '', 1, '[]' ), ( 8, 'vtiger.entity.aftersave', 'modules/ServiceContracts/ServiceContractsHandler.php', 'ServiceContractsHandler', '', 1, '[]' ), ( 9, 'vtiger.entity.aftersave.final', 'modules/ModTracker/ModTrackerHandler.php', 'ModTrackerHandler', '', 1, '[]' ), ( 10, 'vtiger.entity.beforedelete', 'modules/ModTracker/ModTrackerHandler.php', 'ModTrackerHandler', '', 1, '[]' ), ( 11, 'vtiger.entity.aftersave', 'modules/WSAPP/WorkFlowHandlers/WSAPPAssignToTracker.php', 'WSAPPAssignToTracker', '', 1, '[\"VTEntityDelta\"]' ), ( 12, 'vtiger.entity.beforesave.modifiable', 'modules/FieldFormulas/VTFieldFormulasEventHandler.inc', 'VTFieldFormulasEventHandler', '', 1, '[]' );
/*!40000 ALTER TABLE `vtiger_eventhandlers` ENABLE KEYS */;
UNLOCK TABLES;

--
-- Table structure for table vtiger_eventhandlers_seq
--

DROP TABLE IF EXISTS vtiger_eventhandlers_seq;
SET @saved_cs_client = @@character_set_client;
SET character_set_client = utf8;
CREATE TABLE `vtiger_eventhandlers_seq` (
  `id` int(11) NOT NULL
) ENGINE=MyISAM DEFAULT CHARSET=utf8;
SET character_set_client = @saved_cs_client;

--
-- Dumping data for table vtiger_eventhandlers_seq
--

LOCK TABLES `vtiger_eventhandlers_seq` WRITE;
/*!40000 ALTER TABLE `vtiger_eventhandlers_seq` DISABLE KEYS */;
INSERT INTO vtiger_eventhandlers_seq ( ID ) VALUES ( 12 );
/*!40000 ALTER TABLE `vtiger_eventhandlers_seq` ENABLE KEYS */;
UNLOCK TABLES;

--
-- Table structure for table vtiger_eventstatus
--

DROP TABLE IF EXISTS vtiger_eventstatus;
SET @saved_cs_client = @@character_set_client;
SET character_set_client = utf8;
CREATE TABLE `vtiger_eventstatus` (
  `eventstatusid` int(19) NOT NULL AUTO_INCREMENT,
  `eventstatus` varchar(200) NOT NULL,
  `presence` int(1) NOT NULL DEFAULT '1',
  `picklist_valueid` int(19) NOT NULL DEFAULT '0',
  PRIMARY KEY (`eventstatusid`)
) ENGINE=InnoDB AUTO_INCREMENT=4 DEFAULT CHARSET=utf8;
SET character_set_client = @saved_cs_client;

--
-- Dumping data for table vtiger_eventstatus
--

LOCK TABLES `vtiger_eventstatus` WRITE;
/*!40000 ALTER TABLE `vtiger_eventstatus` DISABLE KEYS */;
INSERT INTO vtiger_eventstatus ( EVENTSTATUSID, EVENTSTATUS, PRESENCE, PICKLIST_VALUEID ) VALUES ( 1, 'Planned', 0, 38 ), ( 2, 'Held', 0, 39 ), ( 3, 'Not Held', 0, 40 );
/*!40000 ALTER TABLE `vtiger_eventstatus` ENABLE KEYS */;
UNLOCK TABLES;

--
-- Table structure for table vtiger_eventstatus_seq
--

DROP TABLE IF EXISTS vtiger_eventstatus_seq;
SET @saved_cs_client = @@character_set_client;
SET character_set_client = utf8;
CREATE TABLE `vtiger_eventstatus_seq` (
  `id` int(11) NOT NULL
) ENGINE=MyISAM DEFAULT CHARSET=utf8;
SET character_set_client = @saved_cs_client;

--
-- Dumping data for table vtiger_eventstatus_seq
--

LOCK TABLES `vtiger_eventstatus_seq` WRITE;
/*!40000 ALTER TABLE `vtiger_eventstatus_seq` DISABLE KEYS */;
INSERT INTO vtiger_eventstatus_seq ( ID ) VALUES ( 3 );
/*!40000 ALTER TABLE `vtiger_eventstatus_seq` ENABLE KEYS */;
UNLOCK TABLES;

--
-- Table structure for table vtiger_expectedresponse
--

DROP TABLE IF EXISTS vtiger_expectedresponse;
SET @saved_cs_client = @@character_set_client;
SET character_set_client = utf8;
CREATE TABLE `vtiger_expectedresponse` (
  `expectedresponseid` int(19) NOT NULL AUTO_INCREMENT,
  `expectedresponse` varchar(200) NOT NULL,
  `presence` int(1) NOT NULL DEFAULT '1',
  `picklist_valueid` int(19) NOT NULL DEFAULT '0',
  PRIMARY KEY (`expectedresponseid`),
  UNIQUE KEY `CampaignExpRes_UK01` (`expectedresponse`)
) ENGINE=InnoDB AUTO_INCREMENT=6 DEFAULT CHARSET=utf8;
SET character_set_client = @saved_cs_client;

--
-- Dumping data for table vtiger_expectedresponse
--

LOCK TABLES `vtiger_expectedresponse` WRITE;
/*!40000 ALTER TABLE `vtiger_expectedresponse` DISABLE KEYS */;
INSERT INTO vtiger_expectedresponse ( EXPECTEDRESPONSEID, EXPECTEDRESPONSE, PRESENCE, PICKLIST_VALUEID ) VALUES ( 1, '--None--', 1, 41 ), ( 2, 'Excellent', 1, 42 ), ( 3, 'Good', 1, 43 ), ( 4, 'Average', 1, 44 ), ( 5, 'Poor', 1, 45 );
/*!40000 ALTER TABLE `vtiger_expectedresponse` ENABLE KEYS */;
UNLOCK TABLES;

--
-- Table structure for table vtiger_expectedresponse_seq
--

DROP TABLE IF EXISTS vtiger_expectedresponse_seq;
SET @saved_cs_client = @@character_set_client;
SET character_set_client = utf8;
CREATE TABLE `vtiger_expectedresponse_seq` (
  `id` int(11) NOT NULL
) ENGINE=MyISAM DEFAULT CHARSET=utf8;
SET character_set_client = @saved_cs_client;

--
-- Dumping data for table vtiger_expectedresponse_seq
--

LOCK TABLES `vtiger_expectedresponse_seq` WRITE;
/*!40000 ALTER TABLE `vtiger_expectedresponse_seq` DISABLE KEYS */;
INSERT INTO vtiger_expectedresponse_seq ( ID ) VALUES ( 5 );
/*!40000 ALTER TABLE `vtiger_expectedresponse_seq` ENABLE KEYS */;
UNLOCK TABLES;

--
-- Table structure for table vtiger_faq
--

DROP TABLE IF EXISTS vtiger_faq;
SET @saved_cs_client = @@character_set_client;
SET character_set_client = utf8;
CREATE TABLE `vtiger_faq` (
  `id` int(11) NOT NULL AUTO_INCREMENT,
  `faq_no` varchar(100) NOT NULL,
  `product_id` varchar(100) DEFAULT NULL,
  `question` text,
  `answer` text,
  `category` varchar(200) NOT NULL,
  `status` varchar(200) NOT NULL,
  PRIMARY KEY (`id`),
  KEY `faq_id_idx` (`id`),
  CONSTRAINT `fk_1_vtiger_faq` FOREIGN KEY (`id`) REFERENCES `vtiger_crmentity` (`crmid`) ON DELETE CASCADE
) ENGINE=InnoDB DEFAULT CHARSET=utf8;
SET character_set_client = @saved_cs_client;

--
-- Dumping data for table vtiger_faq
--

LOCK TABLES `vtiger_faq` WRITE;
/*!40000 ALTER TABLE `vtiger_faq` DISABLE KEYS */;

/*!40000 ALTER TABLE `vtiger_faq` ENABLE KEYS */;
UNLOCK TABLES;

--
-- Table structure for table vtiger_faqcategories
--

DROP TABLE IF EXISTS vtiger_faqcategories;
SET @saved_cs_client = @@character_set_client;
SET character_set_client = utf8;
CREATE TABLE `vtiger_faqcategories` (
  `faqcategories_id` int(19) NOT NULL AUTO_INCREMENT,
  `faqcategories` varchar(200) DEFAULT NULL,
  `presence` int(1) NOT NULL DEFAULT '1',
  `picklist_valueid` int(19) NOT NULL DEFAULT '0',
  PRIMARY KEY (`faqcategories_id`)
) ENGINE=InnoDB AUTO_INCREMENT=2 DEFAULT CHARSET=utf8;
SET character_set_client = @saved_cs_client;

--
-- Dumping data for table vtiger_faqcategories
--

LOCK TABLES `vtiger_faqcategories` WRITE;
/*!40000 ALTER TABLE `vtiger_faqcategories` DISABLE KEYS */;
INSERT INTO vtiger_faqcategories ( FAQCATEGORIES_ID, FAQCATEGORIES, PRESENCE, PICKLIST_VALUEID ) VALUES ( 1, 'General', 1, 46 );
/*!40000 ALTER TABLE `vtiger_faqcategories` ENABLE KEYS */;
UNLOCK TABLES;

--
-- Table structure for table vtiger_faqcategories_seq
--

DROP TABLE IF EXISTS vtiger_faqcategories_seq;
SET @saved_cs_client = @@character_set_client;
SET character_set_client = utf8;
CREATE TABLE `vtiger_faqcategories_seq` (
  `id` int(11) NOT NULL
) ENGINE=MyISAM DEFAULT CHARSET=utf8;
SET character_set_client = @saved_cs_client;

--
-- Dumping data for table vtiger_faqcategories_seq
--

LOCK TABLES `vtiger_faqcategories_seq` WRITE;
/*!40000 ALTER TABLE `vtiger_faqcategories_seq` DISABLE KEYS */;
INSERT INTO vtiger_faqcategories_seq ( ID ) VALUES ( 1 );
/*!40000 ALTER TABLE `vtiger_faqcategories_seq` ENABLE KEYS */;
UNLOCK TABLES;

--
-- Table structure for table vtiger_faqcomments
--

DROP TABLE IF EXISTS vtiger_faqcomments;
SET @saved_cs_client = @@character_set_client;
SET character_set_client = utf8;
CREATE TABLE `vtiger_faqcomments` (
  `commentid` int(19) NOT NULL AUTO_INCREMENT,
  `faqid` int(19) DEFAULT NULL,
  `comments` text,
  `createdtime` datetime NOT NULL,
  PRIMARY KEY (`commentid`),
  KEY `faqcomments_faqid_idx` (`faqid`),
  CONSTRAINT `fk_1_vtiger_faqcomments` FOREIGN KEY (`faqid`) REFERENCES `vtiger_faq` (`id`) ON DELETE CASCADE
) ENGINE=InnoDB DEFAULT CHARSET=utf8;
SET character_set_client = @saved_cs_client;

--
-- Dumping data for table vtiger_faqcomments
--

LOCK TABLES `vtiger_faqcomments` WRITE;
/*!40000 ALTER TABLE `vtiger_faqcomments` DISABLE KEYS */;

/*!40000 ALTER TABLE `vtiger_faqcomments` ENABLE KEYS */;
UNLOCK TABLES;

--
-- Table structure for table vtiger_faqstatus
--

DROP TABLE IF EXISTS vtiger_faqstatus;
SET @saved_cs_client = @@character_set_client;
SET character_set_client = utf8;
CREATE TABLE `vtiger_faqstatus` (
  `faqstatus_id` int(19) NOT NULL AUTO_INCREMENT,
  `faqstatus` varchar(200) DEFAULT NULL,
  `presence` int(1) NOT NULL DEFAULT '1',
  `picklist_valueid` int(19) NOT NULL DEFAULT '0',
  PRIMARY KEY (`faqstatus_id`)
) ENGINE=InnoDB AUTO_INCREMENT=5 DEFAULT CHARSET=utf8;
SET character_set_client = @saved_cs_client;

--
-- Dumping data for table vtiger_faqstatus
--

LOCK TABLES `vtiger_faqstatus` WRITE;
/*!40000 ALTER TABLE `vtiger_faqstatus` DISABLE KEYS */;
INSERT INTO vtiger_faqstatus ( FAQSTATUS_ID, FAQSTATUS, PRESENCE, PICKLIST_VALUEID ) VALUES ( 1, 'Draft', 0, 47 ), ( 2, 'Reviewed', 0, 48 ), ( 3, 'Published', 0, 49 ), ( 4, 'Obsolete', 0, 50 );
/*!40000 ALTER TABLE `vtiger_faqstatus` ENABLE KEYS */;
UNLOCK TABLES;

--
-- Table structure for table vtiger_faqstatus_seq
--

DROP TABLE IF EXISTS vtiger_faqstatus_seq;
SET @saved_cs_client = @@character_set_client;
SET character_set_client = utf8;
CREATE TABLE `vtiger_faqstatus_seq` (
  `id` int(11) NOT NULL
) ENGINE=MyISAM DEFAULT CHARSET=utf8;
SET character_set_client = @saved_cs_client;

--
-- Dumping data for table vtiger_faqstatus_seq
--

LOCK TABLES `vtiger_faqstatus_seq` WRITE;
/*!40000 ALTER TABLE `vtiger_faqstatus_seq` DISABLE KEYS */;
INSERT INTO vtiger_faqstatus_seq ( ID ) VALUES ( 4 );
/*!40000 ALTER TABLE `vtiger_faqstatus_seq` ENABLE KEYS */;
UNLOCK TABLES;

--
-- Table structure for table vtiger_field
--

DROP TABLE IF EXISTS vtiger_field;
SET @saved_cs_client = @@character_set_client;
SET character_set_client = utf8;
CREATE TABLE `vtiger_field` (
  `tabid` int(19) NOT NULL,
  `fieldid` int(19) NOT NULL AUTO_INCREMENT,
  `columnname` varchar(30) NOT NULL,
  `tablename` varchar(50) NOT NULL,
  `generatedtype` int(19) NOT NULL DEFAULT '0',
  `uitype` varchar(30) NOT NULL,
  `fieldname` varchar(50) NOT NULL,
  `fieldlabel` varchar(50) NOT NULL,
  `readonly` int(1) NOT NULL,
  `presence` int(19) NOT NULL DEFAULT '1',
  `defaultvalue` text,
  `maximumlength` int(19) DEFAULT NULL,
  `sequence` int(19) DEFAULT NULL,
  `block` int(19) DEFAULT NULL,
  `displaytype` int(19) DEFAULT NULL,
  `typeofdata` varchar(100) DEFAULT NULL,
  `quickcreate` int(10) NOT NULL DEFAULT '1',
  `quickcreatesequence` int(19) DEFAULT NULL,
  `info_type` varchar(20) DEFAULT NULL,
  `masseditable` int(10) NOT NULL DEFAULT '1',
  `helpinfo` text,
  PRIMARY KEY (`fieldid`),
  KEY `field_tabid_idx` (`tabid`),
  KEY `field_fieldname_idx` (`fieldname`),
  KEY `field_block_idx` (`block`),
  KEY `field_displaytype_idx` (`displaytype`),
  CONSTRAINT `fk_1_vtiger_field` FOREIGN KEY (`tabid`) REFERENCES `vtiger_tab` (`tabid`) ON DELETE CASCADE
) ENGINE=InnoDB AUTO_INCREMENT=666 DEFAULT CHARSET=utf8;
SET character_set_client = @saved_cs_client;

--
-- Dumping data for table vtiger_field
--

LOCK TABLES `vtiger_field` WRITE;
/*!40000 ALTER TABLE `vtiger_field` DISABLE KEYS */;
INSERT INTO vtiger_field ( TABID, FIELDID, COLUMNNAME, TABLENAME, GENERATEDTYPE, UITYPE, FIELDNAME, FIELDLABEL, READONLY, PRESENCE, DEFAULTVALUE, MAXIMUMLENGTH, SEQUENCE, BLOCK, DISPLAYTYPE, TYPEOFDATA, QUICKCREATE, QUICKCREATESEQUENCE, INFO_TYPE, MASSEDITABLE, HELPINFO ) VALUES ( 6, 1, 'accountname', 'vtiger_account', 1, '2', 'accountname', 'Account Name', 1, 0, '', 100, 1, 9, 1, 'V~M', 0, 1, 'BAS', 0, '' ), ( 6, 2, 'account_no', 'vtiger_account', 1, '4', 'account_no', 'Account No', 1, 0, '', 100, 2, 9, 1, 'V~O', 3, 0, 'BAS', 0, '' ), ( 6, 3, 'phone', 'vtiger_account', 1, '11', 'phone', 'Phone', 1, 2, '', 100, 4, 9, 1, 'V~O', 2, 2, 'BAS', 1, '' ), ( 6, 4, 'website', 'vtiger_account', 1, '17', 'website', 'Website', 1, 2, '', 100, 3, 9, 1, 'V~O', 2, 3, 'BAS', 1, '' ), ( 6, 5, 'fax', 'vtiger_account', 1, '11', 'fax', 'Fax', 1, 2, '', 100, 6, 9, 1, 'V~O', 1, 0, 'BAS', 1, '' ), ( 6, 6, 'tickersymbol', 'vtiger_account', 1, '1', 'tickersymbol', 'Ticker Symbol', 1, 2, '', 100, 5, 9, 1, 'V~O', 1, 0, 'BAS', 1, '' ), ( 6, 7, 'otherphone', 'vtiger_account', 1, '11', 'otherphone', 'Other Phone', 1, 2, '', 100, 8, 9, 1, 'V~O', 1, 0, 'ADV', 1, '' ), ( 6, 8, 'parentid', 'vtiger_account', 1, '51', 'account_id', 'Member Of', 1, 2, '', 100, 7, 9, 1, 'I~O', 1, 0, 'BAS', 0, '' ), ( 6, 9, 'email1', 'vtiger_account', 1, '13', 'email1', 'Email', 1, 2, '', 100, 10, 9, 1, 'E~O', 1, 0, 'BAS', 1, '' ), ( 6, 10, 'employees', 'vtiger_account', 1, '7', 'employees', 'Employees', 1, 2, '', 100, 9, 9, 1, 'I~O', 1, 0, 'ADV', 1, '' ), ( 6, 11, 'email2', 'vtiger_account', 1, '13', 'email2', 'Other Email', 1, 2, '', 100, 11, 9, 1, 'E~O', 1, 0, 'ADV', 1, '' ), ( 6, 12, 'ownership', 'vtiger_account', 1, '1', 'ownership', 'Ownership', 1, 2, '', 100, 12, 9, 1, 'V~O', 1, 0, 'ADV', 1, '' ), ( 6, 13, 'rating', 'vtiger_account', 1, '15', 'rating', 'Rating', 1, 2, '', 100, 14, 9, 1, 'V~O', 1, 0, 'ADV', 1, '' ), ( 6, 14, 'industry', 'vtiger_account', 1, '15', 'industry', 'industry', 1, 2, '', 100, 13, 9, 1, 'V~O', 1, 0, 'ADV', 1, '' ), ( 6, 15, 'siccode', 'vtiger_account', 1, '1', 'siccode', 'SIC Code', 1, 2, '', 100, 16, 9, 1, 'V~O', 1, 0, 'ADV', 1, '' ), ( 6, 16, 'account_type', 'vtiger_account', 1, '15', 'accounttype', 'Type', 1, 2, '', 100, 15, 9, 1, 'V~O', 1, 0, 'ADV', 1, '' ), ( 6, 17, 'annualrevenue', 'vtiger_account', 1, '71', 'annual_revenue', 'Annual Revenue', 1, 2, '', 100, 18, 9, 1, 'I~O', 1, 0, 'ADV', 1, '' ), ( 6, 18, 'emailoptout', 'vtiger_account', 1, '56', 'emailoptout', 'Email Opt Out', 1, 2, '', 100, 17, 9, 1, 'C~O', 1, 0, 'ADV', 1, '' ), ( 6, 19, 'notify_owner', 'vtiger_account', 1, '56', 'notify_owner', 'Notify Owner', 1, 2, '', 10, 20, 9, 1, 'C~O', 1, 0, 'ADV', 1, '' ), ( 6, 20, 'smownerid', 'vtiger_crmentity', 1, '53', 'assigned_user_id', 'Assigned To', 1, 0, '', 100, 19, 9, 1, 'V~M', 0, 4, 'BAS', 1, '' ), ( 6, 21, 'createdtime', 'vtiger_crmentity', 1, '70', 'createdtime', 'Created Time', 1, 0, '', 100, 22, 9, 2, 'DT~O', 3, 0, 'BAS', 0, '' ), ( 6, 22, 'modifiedtime', 'vtiger_crmentity', 1, '70', 'modifiedtime', 'Modified Time', 1, 0, '', 100, 21, 9, 2, 'DT~O', 3, 0, 'BAS', 0, '' ), ( 6, 23, 'modifiedby', 'vtiger_crmentity', 1, '52', 'modifiedby', 'Last Modified By', 1, 0, '', 100, 23, 9, 3, 'V~O', 3, 0, 'BAS', 0, '' ), ( 6, 24, 'bill_street', 'vtiger_accountbillads', 1, '21', 'bill_street', 'Billing Address', 1, 2, '', 100, 1, 11, 1, 'V~O', 1, 0, 'BAS', 1, '' ), ( 6, 25, 'ship_street', 'vtiger_accountshipads', 1, '21', 'ship_street', 'Shipping Address', 1, 2, '', 100, 2, 11, 1, 'V~O', 1, 0, 'BAS', 1, '' ), ( 6, 26, 'bill_city', 'vtiger_accountbillads', 1, '1', 'bill_city', 'Billing City', 1, 2, '', 100, 5, 11, 1, 'V~O', 1, 0, 'BAS', 1, '' ), ( 6, 27, 'ship_city', 'vtiger_accountshipads', 1, '1', 'ship_city', 'Shipping City', 1, 2, '', 100, 6, 11, 1, 'V~O', 1, 0, 'BAS', 1, '' ), ( 6, 28, 'bill_state', 'vtiger_accountbillads', 1, '1', 'bill_state', 'Billing State', 1, 2, '', 100, 7, 11, 1, 'V~O', 1, 0, 'BAS', 1, '' ), ( 6, 29, 'ship_state', 'vtiger_accountshipads', 1, '1', 'ship_state', 'Shipping State', 1, 2, '', 100, 8, 11, 1, 'V~O', 1, 0, 'BAS', 1, '' ), ( 6, 30, 'bill_code', 'vtiger_accountbillads', 1, '1', 'bill_code', 'Billing Code', 1, 2, '', 100, 9, 11, 1, 'V~O', 1, 0, 'BAS', 1, '' ), ( 6, 31, 'ship_code', 'vtiger_accountshipads', 1, '1', 'ship_code', 'Shipping Code', 1, 2, '', 100, 10, 11, 1, 'V~O', 1, 0, 'BAS', 1, '' ), ( 6, 32, 'bill_country', 'vtiger_accountbillads', 1, '1', 'bill_country', 'Billing Country', 1, 2, '', 100, 11, 11, 1, 'V~O', 1, 0, 'BAS', 1, '' ), ( 6, 33, 'ship_country', 'vtiger_accountshipads', 1, '1', 'ship_country', 'Shipping Country', 1, 2, '', 100, 12, 11, 1, 'V~O', 1, 0, 'BAS', 1, '' ), ( 6, 34, 'bill_pobox', 'vtiger_accountbillads', 1, '1', 'bill_pobox', 'Billing Po Box', 1, 2, '', 100, 3, 11, 1, 'V~O', 1, 0, 'BAS', 1, '' ), ( 6, 35, 'ship_pobox', 'vtiger_accountshipads', 1, '1', 'ship_pobox', 'Shipping Po Box', 1, 2, '', 100, 4, 11, 1, 'V~O', 1, 0, 'BAS', 1, '' ), ( 6, 36, 'description', 'vtiger_crmentity', 1, '19', 'description', 'Description', 1, 2, '', 100, 1, 12, 1, 'V~O', 1, 0, 'BAS', 1, '' ), ( 7, 37, 'salutation', 'vtiger_leaddetails', 1, '55', 'salutationtype', 'Salutation', 1, 0, '', 100, 1, 13, 3, 'V~O', 1, 0, 'BAS', 1, '' ), ( 7, 38, 'firstname', 'vtiger_leaddetails', 1, '55', 'firstname', 'First Name', 1, 0, '', 100, 2, 13, 1, 'V~O', 2, 1, 'BAS', 1, '' ), ( 7, 39, 'lead_no', 'vtiger_leaddetails', 1, '4', 'lead_no', 'Lead No', 1, 0, '', 100, 3, 13, 1, 'V~O', 3, 0, 'BAS', 0, '' ), ( 7, 40, 'phone', 'vtiger_leadaddress', 1, '11', 'phone', 'Phone', 1, 2, '', 100, 5, 13, 1, 'V~O', 2, 4, 'BAS', 1, '' ), ( 7, 41, 'lastname', 'vtiger_leaddetails', 1, '255', 'lastname', 'Last Name', 1, 0, '', 100, 4, 13, 1, 'V~M', 0, 2, 'BAS', 1, '' ), ( 7, 42, 'mobile', 'vtiger_leadaddress', 1, '11', 'mobile', 'Mobile', 1, 2, '', 100, 7, 13, 1, 'V~O', 1, 0, 'BAS', 1, '' ), ( 7, 43, 'company', 'vtiger_leaddetails', 1, '2', 'company', 'Company', 1, 2, '', 100, 6, 13, 1, 'V~M', 2, 3, 'BAS', 1, '' ), ( 7, 44, 'fax', 'vtiger_leadaddress', 1, '11', 'fax', 'Fax', 1, 2, '', 100, 9, 13, 1, 'V~O', 1, 0, 'BAS', 1, '' ), ( 7, 45, 'designation', 'vtiger_leaddetails', 1, '1', 'designation', 'Designation', 1, 2, '', 100, 8, 13, 1, 'V~O', 1, 0, 'BAS', 1, '' ), ( 7, 46, 'email', 'vtiger_leaddetails', 1, '13', 'email', 'Email', 1, 2, '', 100, 11, 13, 1, 'E~O', 2, 5, 'BAS', 1, '' ), ( 7, 47, 'leadsource', 'vtiger_leaddetails', 1, '15', 'leadsource', 'Lead Source', 1, 2, '', 100, 10, 13, 1, 'V~O', 1, 0, 'BAS', 1, '' ), ( 7, 48, 'website', 'vtiger_leadsubdetails', 1, '17', 'website', 'Website', 1, 2, '', 100, 13, 13, 1, 'V~O', 1, 0, 'ADV', 1, '' ), ( 7, 49, 'industry', 'vtiger_leaddetails', 1, '15', 'industry', 'Industry', 1, 2, '', 100, 12, 13, 1, 'V~O', 1, 0, 'ADV', 1, '' ), ( 7, 50, 'leadstatus', 'vtiger_leaddetails', 1, '15', 'leadstatus', 'Lead Status', 1, 2, '', 100, 15, 13, 1, 'V~O', 1, 0, 'BAS', 1, '' ), ( 7, 51, 'annualrevenue', 'vtiger_leaddetails', 1, '71', 'annualrevenue', 'Annual Revenue', 1, 2, '', 100, 14, 13, 1, 'I~O', 1, 0, 'ADV', 1, '' ), ( 7, 52, 'rating', 'vtiger_leaddetails', 1, '15', 'rating', 'Rating', 1, 2, '', 100, 17, 13, 1, 'V~O', 1, 0, 'ADV', 1, '' ), ( 7, 53, 'noofemployees', 'vtiger_leaddetails', 1, '1', 'noofemployees', 'No Of Employees', 1, 2, '', 100, 16, 13, 1, 'I~O', 1, 0, 'ADV', 1, '' ), ( 7, 54, 'smownerid', 'vtiger_crmentity', 1, '53', 'assigned_user_id', 'Assigned To', 1, 0, '', 100, 19, 13, 1, 'V~M', 0, 6, 'BAS', 1, '' ), ( 7, 55, 'secondaryemail', 'vtiger_leaddetails', 1, '13', 'secondaryemail', 'Secondary Email', 1, 2, '', 100, 18, 13, 1, 'E~O', 1, 0, 'ADV', 1, '' ), ( 7, 56, 'createdtime', 'vtiger_crmentity', 1, '70', 'createdtime', 'Created Time', 1, 0, '', 100, 21, 13, 2, 'DT~O', 3, 0, 'BAS', 0, '' ), ( 7, 57, 'modifiedtime', 'vtiger_crmentity', 1, '70', 'modifiedtime', 'Modified Time', 1, 0, '', 100, 20, 13, 2, 'DT~O', 3, 0, 'BAS', 0, '' ), ( 7, 58, 'modifiedby', 'vtiger_crmentity', 1, '52', 'modifiedby', 'Last Modified By', 1, 0, '', 100, 23, 13, 3, 'V~O', 3, 0, 'BAS', 0, '' ), ( 7, 59, 'lane', 'vtiger_leadaddress', 1, '21', 'lane', 'Street', 1, 2, '', 100, 1, 15, 1, 'V~O', 1, 0, 'BAS', 1, '' ), ( 7, 60, 'code', 'vtiger_leadaddress', 1, '1', 'code', 'Postal Code', 1, 2, '', 100, 3, 15, 1, 'V~O', 1, 0, 'BAS', 1, '' ), ( 7, 61, 'city', 'vtiger_leadaddress', 1, '1', 'city', 'City', 1, 2, '', 100, 4, 15, 1, 'V~O', 1, 0, 'BAS', 1, '' ), ( 7, 62, 'country', 'vtiger_leadaddress', 1, '1', 'country', 'Country', 1, 2, '', 100, 5, 15, 1, 'V~O', 1, 0, 'BAS', 1, '' ), ( 7, 63, 'state', 'vtiger_leadaddress', 1, '1', 'state', 'State', 1, 2, '', 100, 6, 15, 1, 'V~O', 1, 0, 'BAS', 1, '' ), ( 7, 64, 'pobox', 'vtiger_leadaddress', 1, '1', 'pobox', 'Po Box', 1, 2, '', 100, 2, 15, 1, 'V~O', 1, 0, 'BAS', 1, '' ), ( 7, 65, 'description', 'vtiger_crmentity', 1, '19', 'description', 'Description', 1, 2, '', 100, 1, 16, 1, 'V~O', 1, 0, 'BAS', 1, '' ), ( 4, 66, 'salutation', 'vtiger_contactdetails', 1, '55', 'salutationtype', 'Salutation', 1, 0, '', 100, 1, 4, 3, 'V~O', 1, 0, 'BAS', 1, '' ), ( 4, 67, 'firstname', 'vtiger_contactdetails', 1, '55', 'firstname', 'First Name', 1, 0, '', 100, 4, 4, 1, 'V~M', 2, 8, 'BAS', 1, '' ), ( 4, 68, 'contact_no', 'vtiger_contactdetails', 1, '4', 'contact_no', 'Contact Id', 1, 0, '', 100, 3, 4, 1, 'V~O', 3, 0, 'BAS', 0, '' ), ( 4, 69, 'phone', 'vtiger_contactdetails', 1, '11', 'phone', 'Office Phone', 1, 2, '', 100, 5, 4, 1, 'V~O', 2, 4, 'BAS', 1, '' ), ( 4, 70, 'lastname', 'vtiger_contactdetails', 1, '255', 'lastname', 'Last Name', 1, 0, '', 100, 6, 4, 1, 'V~M', 0, 2, 'BAS', 1, '' ), ( 4, 71, 'mobile', 'vtiger_contactdetails', 1, '11', 'mobile', 'Mobile', 1, 2, '', 100, 7, 4, 1, 'V~O', 1, 0, 'BAS', 1, '' ), ( 4, 72, 'accountid', 'vtiger_contactdetails', 1, '51', 'account_id', 'Account Name', 1, 0, '', 100, 8, 4, 1, 'I~O', 2, 3, 'BAS', 1, '' ), ( 4, 73, 'homephone', 'vtiger_contactsubdetails', 1, '11', 'homephone', 'Home Phone', 1, 2, '', 100, 9, 4, 1, 'V~O', 1, 0, 'ADV', 1, '' ), ( 4, 74, 'leadsource', 'vtiger_contactsubdetails', 1, '15', 'leadsource', 'Lead Source', 1, 2, '', 100, 10, 4, 1, 'V~O', 1, 0, 'BAS', 1, '' ), ( 4, 75, 'otherphone', 'vtiger_contactsubdetails', 1, '11', 'otherphone', 'Other Phone', 1, 2, '', 100, 11, 4, 1, 'V~O', 1, 0, 'ADV', 1, '' ), ( 4, 76, 'title', 'vtiger_contactdetails', 1, '1', 'title', 'Title', 1, 2, '', 100, 12, 4, 1, 'V~O', 1, 0, 'BAS', 1, '' ), ( 4, 77, 'fax', 'vtiger_contactdetails', 1, '11', 'fax', 'Fax', 1, 2, '', 100, 13, 4, 1, 'V~O', 1, 0, 'BAS', 1, '' ), ( 4, 78, 'department', 'vtiger_contactdetails', 1, '1', 'department', 'Department', 1, 2, '', 100, 15, 4, 1, 'V~O', 1, 0, 'ADV', 1, '' ), ( 4, 79, 'birthday', 'vtiger_contactsubdetails', 1, '5', 'birthday', 'Birthdate', 1, 2, '', 100, 16, 4, 1, 'D~O', 1, 0, 'ADV', 1, '' ), ( 4, 80, 'email', 'vtiger_contactdetails', 1, '13', 'email', 'Email', 1, 2, '', 100, 17, 4, 1, 'E~O', 2, 5, 'BAS', 1, '' ), ( 4, 81, 'reportsto', 'vtiger_contactdetails', 1, '57', 'contact_id', 'Reports To', 1, 2, '', 100, 18, 4, 1, 'V~O', 1, 0, 'ADV', 0, '' ), ( 4, 82, 'assistant', 'vtiger_contactsubdetails', 1, '1', 'assistant', 'Assistant', 1, 2, '', 100, 19, 4, 1, 'V~O', 1, 0, 'ADV', 1, '' ), ( 4, 83, 'secondaryemail', 'vtiger_contactdetails', 1, '13', 'secondaryemail', 'Secondary Email', 1, 2, '', 100, 20, 4, 1, 'E~O', 1, 0, 'ADV', 1, '' ), ( 4, 84, 'assistantphone', 'vtiger_contactsubdetails', 1, '11', 'assistantphone', 'Assistant Phone', 1, 2, '', 100, 21, 4, 1, 'V~O', 1, 0, 'ADV', 1, '' ), ( 4, 85, 'donotcall', 'vtiger_contactdetails', 1, '56', 'donotcall', 'Do Not Call', 1, 2, '', 100, 22, 4, 1, 'C~O', 1, 0, 'ADV', 1, '' ), ( 4, 86, 'emailoptout', 'vtiger_contactdetails', 1, '56', 'emailoptout', 'Email Opt Out', 1, 2, '', 100, 23, 4, 1, 'C~O', 1, 0, 'ADV', 1, '' ), ( 4, 87, 'smownerid', 'vtiger_crmentity', 1, '53', 'assigned_user_id', 'Assigned To', 1, 0, '', 100, 24, 4, 1, 'V~M', 0, 6, 'BAS', 1, '' ), ( 4, 88, 'reference', 'vtiger_contactdetails', 1, '56', 'reference', 'Reference', 1, 2, '', 10, 25, 4, 1, 'C~O', 1, 0, 'ADV', 1, '' ), ( 4, 89, 'notify_owner', 'vtiger_contactdetails', 1, '56', 'notify_owner', 'Notify Owner', 1, 2, '', 10, 26, 4, 1, 'C~O', 1, 0, 'ADV', 1, '' ), ( 4, 90, 'createdtime', 'vtiger_crmentity', 1, '70', 'createdtime', 'Created Time', 1, 0, '', 100, 27, 4, 2, 'DT~O', 3, 0, 'BAS', 0, '' ), ( 4, 91, 'modifiedtime', 'vtiger_crmentity', 1, '70', 'modifiedtime', 'Modified Time', 1, 0, '', 100, 29, 4, 2, 'DT~O', 3, 0, 'BAS', 0, '' ), ( 4, 92, 'modifiedby', 'vtiger_crmentity', 1, '52', 'modifiedby', 'Last Modified By', 1, 0, '', 100, 28, 4, 3, 'V~O', 3, 0, 'BAS', 0, '' ), ( 4, 93, 'portal', 'vtiger_customerdetails', 1, '56', 'portal', 'Portal User', 1, 2, '', 100, 1, 6, 1, 'C~O', 1, 0, 'ADV', 0, '' ), ( 4, 94, 'support_start_date', 'vtiger_customerdetails', 1, '5', 'support_start_date', 'Support Start Date', 1, 2, '', 100, 2, 6, 1, 'D~O', 1, 0, 'ADV', 1, '' ), ( 4, 95, 'support_end_date', 'vtiger_customerdetails', 1, '5', 'support_end_date', 'Support End Date', 1, 2, '', 100, 3, 6, 1, 'D~O~OTH~GE~support_start_date~Support Start Date', 1, 0, 'ADV', 1, '' ), ( 4, 96, 'mailingstreet', 'vtiger_contactaddress', 1, '21', 'mailingstreet', 'Mailing Street', 1, 2, '', 100, 1, 7, 1, 'V~O', 1, 0, 'BAS', 1, '' ), ( 4, 97, 'otherstreet', 'vtiger_contactaddress', 1, '21', 'otherstreet', 'Other Street', 1, 2, '', 100, 2, 7, 1, 'V~O', 1, 0, 'BAS', 1, '' ), ( 4, 98, 'mailingcity', 'vtiger_contactaddress', 1, '1', 'mailingcity', 'Mailing City', 1, 2, '', 100, 5, 7, 1, 'V~O', 1, 0, 'BAS', 1, '' ), ( 4, 99, 'othercity', 'vtiger_contactaddress', 1, '1', 'othercity', 'Other City', 1, 2, '', 100, 6, 7, 1, 'V~O', 1, 0, 'BAS', 1, '' ), ( 4, 100, 'mailingstate', 'vtiger_contactaddress', 1, '1', 'mailingstate', 'Mailing State', 1, 2, '', 100, 7, 7, 1, 'V~O', 1, 0, 'BAS', 1, '' ), ( 4, 101, 'otherstate', 'vtiger_contactaddress', 1, '1', 'otherstate', 'Other State', 1, 2, '', 100, 8, 7, 1, 'V~O', 1, 0, 'BAS', 1, '' ), ( 4, 102, 'mailingzip', 'vtiger_contactaddress', 1, '1', 'mailingzip', 'Mailing Zip', 1, 2, '', 100, 9, 7, 1, 'V~O', 1, 0, 'BAS', 1, '' ), ( 4, 103, 'otherzip', 'vtiger_contactaddress', 1, '1', 'otherzip', 'Other Zip', 1, 2, '', 100, 10, 7, 1, 'V~O', 1, 0, 'BAS', 1, '' ), ( 4, 104, 'mailingcountry', 'vtiger_contactaddress', 1, '1', 'mailingcountry', 'Mailing Country', 1, 2, '', 100, 11, 7, 1, 'V~O', 1, 0, 'BAS', 1, '' ), ( 4, 105, 'othercountry', 'vtiger_contactaddress', 1, '1', 'othercountry', 'Other Country', 1, 2, '', 100, 12, 7, 1, 'V~O', 1, 0, 'BAS', 1, '' ), ( 4, 106, 'mailingpobox', 'vtiger_contactaddress', 1, '1', 'mailingpobox', 'Mailing Po Box', 1, 2, '', 100, 3, 7, 1, 'V~O', 1, 0, 'BAS', 1, '' ), ( 4, 107, 'otherpobox', 'vtiger_contactaddress', 1, '1', 'otherpobox', 'Other Po Box', 1, 2, '', 100, 4, 7, 1, 'V~O', 1, 0, 'BAS', 1, '' ), ( 4, 108, 'imagename', 'vtiger_contactdetails', 1, '69', 'imagename', 'Contact Image', 1, 2, '', 100, 1, 73, 1, 'V~O', 3, 0, 'ADV', 0, '' ), ( 4, 109, 'description', 'vtiger_crmentity', 1, '19', 'description', 'Description', 1, 2, '', 100, 1, 8, 1, 'V~O', 1, 0, 'BAS', 1, '' ), ( 2, 110, 'potentialname', 'vtiger_potential', 1, '2', 'potentialname', 'Potential Name', 1, 0, '', 100, 1, 1, 1, 'V~M', 0, 1, 'BAS', 1, '' ), ( 2, 111, 'potential_no', 'vtiger_potential', 1, '4', 'potential_no', 'Potential No', 1, 0, '', 100, 2, 1, 1, 'V~O', 3, 0, 'BAS', 0, '' ), ( 2, 112, 'amount', 'vtiger_potential', 1, '71', 'amount', 'Amount', 1, 2, '', 100, 4, 1, 1, 'N~O', 2, 5, 'BAS', 1, '' ), ( 2, 113, 'related_to', 'vtiger_potential', 1, '10', 'related_to', 'Related To', 1, 0, '', 100, 3, 1, 1, 'V~M', 0, 2, 'BAS', 1, '' ), ( 2, 114, 'closingdate', 'vtiger_potential', 1, '23', 'closingdate', 'Expected Close Date', 1, 2, '', 100, 7, 1, 1, 'D~M', 2, 3, 'BAS', 1, '' ), ( 2, 115, 'potentialtype', 'vtiger_potential', 1, '15', 'opportunity_type', 'Type', 1, 2, '', 100, 6, 1, 1, 'V~O', 1, 0, 'BAS', 1, '' ), ( 2, 116, 'nextstep', 'vtiger_potential', 1, '1', 'nextstep', 'Next Step', 1, 2, '', 100, 9, 1, 1, 'V~O', 1, 0, 'BAS', 1, '' ), ( 2, 117, 'leadsource', 'vtiger_potential', 1, '15', 'leadsource', 'Lead Source', 1, 2, '', 100, 8, 1, 1, 'V~M', 2, 7, 'BAS', 1, '' ), ( 2, 118, 'sales_stage', 'vtiger_potential', 1, '15', 'sales_stage', 'Sales Stage', 1, 2, '', 100, 11, 1, 1, 'V~M', 2, 4, 'BAS', 1, '' ), ( 2, 119, 'smownerid', 'vtiger_crmentity', 1, '53', 'assigned_user_id', 'Assigned To', 1, 2, '', 100, 10, 1, 1, 'V~M', 0, 6, 'BAS', 1, '' ), ( 2, 120, 'probability', 'vtiger_potential', 1, '9', 'probability', 'Probability', 1, 2, '', 100, 13, 1, 1, 'N~O', 1, 0, 'BAS', 1, '' ), ( 2, 121, 'campaignid', 'vtiger_potential', 1, '58', 'campaignid', 'Campaign Source', 1, 2, '', 100, 12, 1, 1, 'N~O', 1, 0, 'BAS', 1, '' ), ( 2, 122, 'createdtime', 'vtiger_crmentity', 1, '70', 'createdtime', 'Created Time', 1, 0, '', 100, 15, 1, 2, 'DT~O', 3, 0, 'BAS', 0, '' ), ( 2, 123, 'modifiedtime', 'vtiger_crmentity', 1, '70', 'modifiedtime', 'Modified Time', 1, 0, '', 100, 14, 1, 2, 'DT~O', 3, 0, 'BAS', 0, '' ), ( 2, 124, 'modifiedby', 'vtiger_crmentity', 1, '52', 'modifiedby', 'Last Modified By', 1, 0, '', 100, 16, 1, 3, 'V~O', 3, 0, 'BAS', 0, '' ), ( 2, 125, 'description', 'vtiger_crmentity', 1, '19', 'description', 'Description', 1, 2, '', 100, 1, 3, 1, 'V~O', 1, 0, 'BAS', 1, '' ), ( 26, 126, 'campaignname', 'vtiger_campaign', 1, '2', 'campaignname', 'Campaign Name', 1, 0, '', 100, 1, 74, 1, 'V~M', 0, 1, 'BAS', 1, '' ), ( 26, 127, 'campaign_no', 'vtiger_campaign', 1, '4', 'campaign_no', 'Campaign No', 1, 0, '', 100, 2, 74, 1, 'V~O', 3, 0, 'BAS', 0, '' ), ( 26, 128, 'campaigntype', 'vtiger_campaign', 1, '15', 'campaigntype', 'Campaign Type', 1, 2, '', 100, 5, 74, 1, 'V~O', 2, 3, 'BAS', 1, '' ), ( 26, 129, 'product_id', 'vtiger_campaign', 1, '59', 'product_id', 'Product', 1, 2, '', 100, 6, 74, 1, 'I~O', 2, 5, 'BAS', 1, '' ), ( 26, 130, 'campaignstatus', 'vtiger_campaign', 1, '15', 'campaignstatus', 'Campaign Status', 1, 2, '', 100, 4, 74, 1, 'V~O', 2, 6, 'BAS', 1, '' ), ( 26, 131, 'closingdate', 'vtiger_campaign', 1, '23', 'closingdate', 'Expected Close Date', 1, 2, '', 100, 8, 74, 1, 'D~M', 2, 2, 'BAS', 1, '' ), ( 26, 132, 'smownerid', 'vtiger_crmentity', 1, '53', 'assigned_user_id', 'Assigned To', 1, 0, '', 100, 3, 74, 1, 'V~M', 0, 7, 'BAS', 1, '' ), ( 26, 133, 'numsent', 'vtiger_campaign', 1, '9', 'numsent', 'Num Sent', 1, 2, '', 100, 12, 74, 1, 'N~O', 1, 0, 'BAS', 1, '' ), ( 26, 134, 'sponsor', 'vtiger_campaign', 1, '1', 'sponsor', 'Sponsor', 1, 2, '', 100, 9, 74, 1, 'V~O', 1, 0, 'BAS', 1, '' ), ( 26, 135, 'targetaudience', 'vtiger_campaign', 1, '1', 'targetaudience', 'Target Audience', 1, 2, '', 100, 7, 74, 1, 'V~O', 1, 0, 'BAS', 1, '' ), ( 26, 136, 'targetsize', 'vtiger_campaign', 1, '1', 'targetsize', 'TargetSize', 1, 2, '', 100, 10, 74, 1, 'I~O', 1, 0, 'BAS', 1, '' ), ( 26, 137, 'createdtime', 'vtiger_crmentity', 1, '70', 'createdtime', 'Created Time', 1, 0, '', 100, 11, 74, 2, 'DT~O', 3, 0, 'BAS', 0, '' ), ( 26, 138, 'modifiedtime', 'vtiger_crmentity', 1, '70', 'modifiedtime', 'Modified Time', 1, 0, '', 100, 13, 74, 2, 'DT~O', 3, 0, 'BAS', 0, '' ), ( 26, 139, 'modifiedby', 'vtiger_crmentity', 1, '52', 'modifiedby', 'Last Modified By', 1, 0, '', 100, 16, 74, 3, 'V~O', 3, 0, 'BAS', 0, '' ), ( 26, 140, 'expectedresponse', 'vtiger_campaign', 1, '15', 'expectedresponse', 'Expected Response', 1, 2, '', 100, 3, 76, 1, 'V~O', 2, 4, 'BAS', 1, '' ), ( 26, 141, 'expectedrevenue', 'vtiger_campaign', 1, '71', 'expectedrevenue', 'Expected Revenue', 1, 2, '', 100, 4, 76, 1, 'N~O', 1, 0, 'BAS', 1, '' ), ( 26, 142, 'budgetcost', 'vtiger_campaign', 1, '71', 'budgetcost', 'Budget Cost', 1, 2, '', 100, 1, 76, 1, 'N~O', 1, 0, 'BAS', 1, '' ), ( 26, 143, 'actualcost', 'vtiger_campaign', 1, '71', 'actualcost', 'Actual Cost', 1, 2, '', 100, 2, 76, 1, 'N~O', 1, 0, 'BAS', 1, '' ), ( 26, 144, 'expectedresponsecount', 'vtiger_campaign', 1, '1', 'expectedresponsecount', 'Expected Response Count', 1, 2, '', 100, 7, 76, 1, 'I~O', 1, 0, 'BAS', 1, '' ), ( 26, 145, 'expectedsalescount', 'vtiger_campaign', 1, '1', 'expectedsalescount', 'Expected Sales Count', 1, 2, '', 100, 5, 76, 1, 'I~O', 1, 0, 'BAS', 1, '' ), ( 26, 146, 'expectedroi', 'vtiger_campaign', 1, '71', 'expectedroi', 'Expected ROI', 1, 2, '', 100, 9, 76, 1, 'N~O', 1, 0, 'BAS', 1, '' ), ( 26, 147, 'actualresponsecount', 'vtiger_campaign', 1, '1', 'actualresponsecount', 'Actual Response Count', 1, 2, '', 100, 8, 76, 1, 'I~O', 1, 0, 'BAS', 1, '' ), ( 26, 148, 'actualsalescount', 'vtiger_campaign', 1, '1', 'actualsalescount', 'Actual Sales Count', 1, 2, '', 100, 6, 76, 1, 'I~O', 1, 0, 'BAS', 1, '' ), ( 26, 149, 'actualroi', 'vtiger_campaign', 1, '71', 'actualroi', 'Actual ROI', 1, 2, '', 100, 10, 76, 1, 'N~O', 1, 0, 'BAS', 1, '' ), ( 26, 150, 'description', 'vtiger_crmentity', 1, '19', 'description', 'Description', 1, 2, '', 100, 1, 81, 1, 'V~O', 1, 0, 'BAS', 1, '' ), ( 4, 151, 'campaignrelstatus', 'vtiger_campaignrelstatus', 1, '16', 'campaignrelstatus', 'Status', 1, 0, '0', 100, 1, 0, 1, 'V~O', 1, 0, 'BAS', 0, '' ), ( 6, 152, 'campaignrelstatus', 'vtiger_campaignrelstatus', 1, '16', 'campaignrelstatus', 'Status', 1, 0, '0', 100, 1, 0, 1, 'V~O', 1, 0, 'BAS', 0, '' ), ( 7, 153, 'campaignrelstatus', 'vtiger_campaignrelstatus', 1, '16', 'campaignrelstatus', 'Status', 1, 0, '0', 100, 1, 0, 1, 'V~O', 1, 0, 'BAS', 0, '' ), ( 26, 154, 'campaignrelstatus', 'vtiger_campaignrelstatus', 1, '16', 'campaignrelstatus', 'Status', 1, 0, '0', 100, 1, 0, 1, 'V~O', 1, 0, 'BAS', 0, '' ), ( 13, 155, 'ticket_no', 'vtiger_troubletickets', 1, '4', 'ticket_no', 'Ticket No', 1, 0, '', 100, 13, 25, 1, 'V~O', 3, 0, 'BAS', 0, '' ), ( 13, 156, 'smownerid', 'vtiger_crmentity', 1, '53', 'assigned_user_id', 'Assigned To', 1, 0, '', 100, 4, 25, 1, 'V~M', 0, 4, 'BAS', 1, '' ), ( 13, 157, 'parent_id', 'vtiger_troubletickets', 1, '68', 'parent_id', 'Related To', 1, 0, '', 100, 2, 25, 1, 'I~O', 1, 0, 'BAS', 1, '' ), ( 13, 158, 'priority', 'vtiger_troubletickets', 1, '15', 'ticketpriorities', 'Priority', 1, 2, '', 100, 6, 25, 1, 'V~O', 2, 3, 'BAS', 1, '' ), ( 13, 159, 'product_id', 'vtiger_troubletickets', 1, '59', 'product_id', 'Product Name', 1, 2, '', 100, 5, 25, 1, 'I~O', 1, 0, 'BAS', 1, '' ), ( 13, 160, 'severity', 'vtiger_troubletickets', 1, '15', 'ticketseverities', 'Severity', 1, 2, '', 100, 8, 25, 1, 'V~O', 1, 0, 'BAS', 1, '' ), ( 13, 161, 'status', 'vtiger_troubletickets', 1, '15', 'ticketstatus', 'Status', 1, 2, '', 100, 7, 25, 1, 'V~M', 1, 2, 'BAS', 1, '' ), ( 13, 162, 'category', 'vtiger_troubletickets', 1, '15', 'ticketcategories', 'Category', 1, 2, '', 100, 10, 25, 1, 'V~O', 1, 0, 'BAS', 1, '' ), ( 13, 163, 'update_log', 'vtiger_troubletickets', 1, '19', 'update_log', 'Update History', 1, 0, '', 100, 11, 25, 3, 'V~O', 1, 0, 'BAS', 0, '' ), ( 13, 164, 'hours', 'vtiger_troubletickets', 1, '1', 'hours', 'Hours', 1, 2, '', 100, 9, 25, 1, 'I~O', 1, 0, 'BAS', 1, 'This gives the estimated hours for the Ticket.<br>When the same ticket is added to a Service Contract,based on the Tracking Unit of the Service Contract,Used units is updated whenever a ticket is Closed.' ), ( 13, 165, 'days', 'vtiger_troubletickets', 1, '1', 'days', 'Days', 1, 2, '', 100, 10, 25, 1, 'I~O', 1, 0, 'BAS', 1, 'This gives the estimated days for the Ticket.<br>When the same ticket is added to a Service Contract,based on the Tracking Unit of the Service Contract,Used units is updated whenever a ticket is Closed.' ), ( 13, 166, 'createdtime', 'vtiger_crmentity', 1, '70', 'createdtime', 'Created Time', 1, 0, '', 100, 9, 25, 2, 'DT~O', 3, 0, 'BAS', 0, '' ), ( 13, 167, 'modifiedtime', 'vtiger_crmentity', 1, '70', 'modifiedtime', 'Modified Time', 1, 0, '', 100, 12, 25, 2, 'DT~O', 3, 0, 'BAS', 0, '' ), ( 13, 168, 'from_portal', 'vtiger_troubletickets', 1, '56', 'from_portal', 'From Portal', 1, 0, '', 100, 13, 25, 3, 'C~O', 3, 0, 'BAS', 0, '' ), ( 13, 169, 'modifiedby', 'vtiger_crmentity', 1, '52', 'modifiedby', 'Last Modified By', 1, 0, '', 100, 16, 25, 3, 'V~O', 3, 0, 'BAS', 0, '' ), ( 13, 170, 'title', 'vtiger_troubletickets', 1, '22', 'ticket_title', 'Title', 1, 0, '', 100, 1, 25, 1, 'V~M', 0, 1, 'BAS', 1, '' ), ( 13, 171, 'description', 'vtiger_crmentity', 1, '19', 'description', 'Description', 1, 2, '', 100, 1, 28, 1, 'V~O', 2, 4, 'BAS', 1, '' ), ( 13, 172, 'solution', 'vtiger_troubletickets', 1, '19', 'solution', 'Solution', 1, 0, '', 100, 1, 29, 1, 'V~O', 3, 0, 'BAS', 0, '' ), ( 13, 173, 'comments', 'vtiger_ticketcomments', 1, '19', 'comments', 'Add Comment', 1, 0, '', 100, 1, 30, 1, 'V~O', 3, 0, 'BAS', 0, '' ), ( 14, 174, 'productname', 'vtiger_products', 1, '2', 'productname', 'Product Name', 1, 0, '', 100, 1, 31, 1, 'V~M', 0, 1, 'BAS', 1, '' ), ( 14, 175, 'product_no', 'vtiger_products', 1, '4', 'product_no', 'Product No', 1, 0, '', 100, 2, 31, 1, 'V~O', 3, 0, 'BAS', 0, '' ), ( 14, 176, 'productcode', 'vtiger_products', 1, '1', 'productcode', 'Part Number', 1, 2, '', 100, 4, 31, 1, 'V~O', 1, 0, 'BAS', 1, '' ), ( 14, 177, 'discontinued', 'vtiger_products', 1, '56', 'discontinued', 'Product Active', 1, 2, '', 100, 3, 31, 1, 'V~O', 2, 2, 'BAS', 1, '' ), ( 14, 178, 'manufacturer', 'vtiger_products', 1, '15', 'manufacturer', 'Manufacturer', 1, 2, '', 100, 6, 31, 1, 'V~O', 1, 0, 'BAS', 1, '' ), ( 14, 179, 'productcategory', 'vtiger_products', 1, '15', 'productcategory', 'Product Category', 1, 2, '', 100, 6, 31, 1, 'V~O', 1, 0, 'BAS', 1, '' ), ( 14, 180, 'sales_start_date', 'vtiger_products', 1, '5', 'sales_start_date', 'Sales Start Date', 1, 2, '', 100, 5, 31, 1, 'D~O', 1, 0, 'BAS', 1, '' ), ( 14, 181, 'sales_end_date', 'vtiger_products', 1, '5', 'sales_end_date', 'Sales End Date', 1, 2, '', 100, 8, 31, 1, 'D~O~OTH~GE~sales_start_date~Sales Start Date', 1, 0, 'BAS', 1, '' ), ( 14, 182, 'start_date', 'vtiger_products', 1, '5', 'start_date', 'Support Start Date', 1, 2, '', 100, 7, 31, 1, 'D~O', 1, 0, 'BAS', 1, '' ), ( 14, 183, 'expiry_date', 'vtiger_products', 1, '5', 'expiry_date', 'Support Expiry Date', 1, 2, '', 100, 10, 31, 1, 'D~O~OTH~GE~start_date~Start Date', 1, 0, 'BAS', 1, '' ), ( 14, 184, 'website', 'vtiger_products', 1, '17', 'website', 'Website', 1, 2, '', 100, 14, 31, 1, 'V~O', 1, 0, 'BAS', 1, '' ), ( 14, 185, 'vendor_id', 'vtiger_products', 1, '75', 'vendor_id', 'Vendor Name', 1, 2, '', 100, 13, 31, 1, 'I~O', 1, 0, 'BAS', 1, '' ), ( 14, 186, 'mfr_part_no', 'vtiger_products', 1, '1', 'mfr_part_no', 'Mfr PartNo', 1, 2, '', 100, 16, 31, 1, 'V~O', 1, 0, 'BAS', 1, '' ), ( 14, 187, 'vendor_part_no', 'vtiger_products', 1, '1', 'vendor_part_no', 'Vendor PartNo', 1, 2, '', 100, 15, 31, 1, 'V~O', 1, 0, 'BAS', 1, '' ), ( 14, 188, 'serialno', 'vtiger_products', 1, '1', 'serial_no', 'Serial No', 1, 2, '', 100, 18, 31, 1, 'V~O', 1, 0, 'BAS', 1, '' ), ( 14, 189, 'productsheet', 'vtiger_products', 1, '1', 'productsheet', 'Product Sheet', 1, 2, '', 100, 17, 31, 1, 'V~O', 1, 0, 'BAS', 1, '' ), ( 14, 190, 'glacct', 'vtiger_products', 1, '15', 'glacct', 'GL Account', 1, 2, '', 100, 20, 31, 1, 'V~O', 1, 0, 'BAS', 1, '' ), ( 14, 191, 'createdtime', 'vtiger_crmentity', 1, '70', 'createdtime', 'Created Time', 1, 0, '', 100, 19, 31, 2, 'DT~O', 3, 0, 'BAS', 0, '' ), ( 14, 192, 'modifiedtime', 'vtiger_crmentity', 1, '70', 'modifiedtime', 'Modified Time', 1, 0, '', 100, 21, 31, 2, 'DT~O', 3, 0, 'BAS', 0, '' ), ( 14, 193, 'modifiedby', 'vtiger_crmentity', 1, '52', 'modifiedby', 'Last Modified By', 1, 0, '', 100, 22, 31, 3, 'V~O', 3, 0, 'BAS', 0, '' ), ( 14, 194, 'unit_price', 'vtiger_products', 1, '72', 'unit_price', 'Unit Price', 1, 2, '', 100, 1, 32, 1, 'N~O', 2, 3, 'BAS', 0, '' ), ( 14, 195, 'commissionrate', 'vtiger_products', 1, '9', 'commissionrate', 'Commission Rate', 1, 2, '', 100, 2, 32, 1, 'N~O', 1, 0, 'BAS', 1, '' ), ( 14, 196, 'taxclass', 'vtiger_products', 1, '83', 'taxclass', 'Tax Class', 1, 2, '', 100, 4, 32, 1, 'V~O', 3, 0, 'BAS', 1, '' ), ( 14, 197, 'usageunit', 'vtiger_products', 1, '15', 'usageunit', 'Usage Unit', 1, 2, '', 100, 1, 33, 1, 'V~O', 1, 0, 'ADV', 1, '' ), ( 14, 198, 'qty_per_unit', 'vtiger_products', 1, '1', 'qty_per_unit', 'Qty/Unit', 1, 2, '', 100, 2, 33, 1, 'N~O', 1, 0, 'ADV', 1, '' ), ( 14, 199, 'qtyinstock', 'vtiger_products', 1, '1', 'qtyinstock', 'Qty In Stock', 1, 2, '', 100, 3, 33, 1, 'NN~O', 0, 4, 'ADV', 1, '' ), ( 14, 200, 'reorderlevel', 'vtiger_products', 1, '1', 'reorderlevel', 'Reorder Level', 1, 2, '', 100, 4, 33, 1, 'I~O', 1, 0, 'ADV', 1, '' ), ( 14, 201, 'smownerid', 'vtiger_crmentity', 1, '53', 'assigned_user_id', 'Handler', 1, 0, '', 100, 5, 33, 1, 'V~M', 0, 5, 'BAS', 1, '' ), ( 14, 202, 'qtyindemand', 'vtiger_products', 1, '1', 'qtyindemand', 'Qty In Demand', 1, 2, '', 100, 6, 33, 1, 'I~O', 1, 0, 'ADV', 1, '' ), ( 14, 203, 'imagename', 'vtiger_products', 1, '69', 'imagename', 'Product Image', 1, 2, '', 100, 1, 35, 1, 'V~O', 3, 0, 'ADV', 0, '' ), ( 14, 204, 'description', 'vtiger_crmentity', 1, '19', 'description', 'Description', 1, 2, '', 100, 1, 36, 1, 'V~O', 1, 0, 'BAS', 1, '' ), ( 8, 205, 'title', 'vtiger_notes', 1, '2', 'notes_title', 'Title', 1, 0, '', 100, 1, 17, 1, 'V~M', 0, 1, 'BAS', 0, '' ), ( 8, 206, 'createdtime', 'vtiger_crmentity', 1, '70', 'createdtime', 'Created Time', 1, 0, '', 100, 5, 17, 2, 'DT~O', 3, 0, 'BAS', 0, '' ), ( 8, 207, 'modifiedtime', 'vtiger_crmentity', 1, '70', 'modifiedtime', 'Modified Time', 1, 0, '', 100, 6, 17, 2, 'DT~O', 3, 0, 'BAS', 0, '' ), ( 8, 208, 'filename', 'vtiger_notes', 1, '28', 'filename', 'File Name', 1, 2, '', 100, 3, 18, 1, 'V~O', 3, 0, 'BAS', 0, '' ), ( 8, 209, 'smownerid', 'vtiger_crmentity', 1, '53', 'assigned_user_id', 'Assigned To', 1, 0, '', 100, 4, 17, 1, 'V~M', 0, 3, 'BAS', 0, '' ), ( 8, 210, 'notecontent', 'vtiger_notes', 1, '19', 'notecontent', 'Note', 1, 2, '', 100, 1, 84, 1, 'V~O', 1, 0, 'BAS', 0, '' ), ( 8, 211, 'filetype', 'vtiger_notes', 1, '1', 'filetype', 'File Type', 1, 2, '', 100, 5, 18, 2, 'V~O', 3, 0, 'BAS', 0, '' ), ( 8, 212, 'filesize', 'vtiger_notes', 1, '1', 'filesize', 'File Size', 1, 2, '', 100, 4, 18, 2, 'I~O', 3, 0, 'BAS', 0, '' ), ( 8, 213, 'filelocationtype', 'vtiger_notes', 1, '27', 'filelocationtype', 'Download Type', 1, 0, '', 100, 1, 18, 1, 'V~O', 3, 0, 'BAS', 0, '' ), ( 8, 214, 'fileversion', 'vtiger_notes', 1, '1', 'fileversion', 'Version', 1, 2, '', 100, 6, 18, 1, 'V~O', 1, 0, 'BAS', 0, '' ), ( 8, 215, 'filestatus', 'vtiger_notes', 1, '56', 'filestatus', 'Active', 1, 2, '', 100, 2, 18, 1, 'V~O', 1, 0, 'BAS', 0, '' ), ( 8, 216, 'filedownloadcount', 'vtiger_notes', 1, '1', 'filedownloadcount', 'Download Count', 1, 2, '', 100, 7, 18, 2, 'I~O', 3, 0, 'BAS', 0, '' ), ( 8, 217, 'folderid', 'vtiger_notes', 1, '26', 'folderid', 'Folder Name', 1, 2, '', 100, 2, 17, 1, 'V~O', 2, 2, 'BAS', 0, '' ), ( 8, 218, 'note_no', 'vtiger_notes', 1, '4', 'note_no', 'Document No', 1, 0, '', 100, 3, 17, 1, 'V~O', 3, 0, 'BAS', 0, '' ), ( 8, 219, 'modifiedby', 'vtiger_crmentity', 1, '52', 'modifiedby', 'Last Modified By', 1, 0, '', 100, 12, 17, 3, 'V~O', 3, 0, 'BAS', 0, '' ), ( 10, 220, 'date_start', 'vtiger_activity', 1, '6', 'date_start', 'Date & Time Sent', 1, 0, '', 100, 1, 21, 1, 'DT~M~time_start~Time Start', 1, 0, 'BAS', 1, '' ), ( 10, 221, 'semodule', 'vtiger_activity', 1, '2', 'parent_type', 'Sales Enity Module', 1, 0, '', 100, 2, 21, 3, '', 1, 0, 'BAS', 1, '' ), ( 10, 222, 'activitytype', 'vtiger_activity', 1, '2', 'activitytype', 'Activtiy Type', 1, 0, '', 100, 3, 21, 3, 'V~O', 1, 0, 'BAS', 1, '' ), ( 10, 223, 'smownerid', 'vtiger_crmentity', 1, '53', 'assigned_user_id', 'Assigned To', 1, 0, '', 100, 5, 21, 1, 'V~M', 1, 0, 'BAS', 1, '' ), ( 10, 224, 'subject', 'vtiger_activity', 1, '2', 'subject', 'Subject', 1, 0, '', 100, 1, 23, 1, 'V~M', 1, 0, 'BAS', 1, '' ), ( 10, 225, 'name', 'vtiger_attachments', 1, '61', 'filename', 'Attachment', 1, 0, '', 100, 2, 23, 1, 'V~O', 1, 0, 'BAS', 1, '' ), ( 10, 226, 'description', 'vtiger_crmentity', 1, '19', 'description', 'Description', 1, 0, '', 100, 1, 24, 1, 'V~O', 1, 0, 'BAS', 1, '' ), ( 10, 227, 'time_start', 'vtiger_activity', 1, '2', 'time_start', 'Time Start', 1, 0, '', 100, 9, 23, 1, 'T~O', 1, 0, 'BAS', 1, '' ), ( 10, 228, 'createdtime', 'vtiger_crmentity', 1, '70', 'createdtime', 'Created Time', 1, 0, '', 100, 10, 22, 1, 'DT~O', 3, 0, 'BAS', 0, '' ), ( 10, 229, 'modifiedtime', 'vtiger_crmentity', 1, '70', 'modifiedtime', 'Modified Time', 1, 0, '', 100, 11, 21, 2, 'DT~O', 3, 0, 'BAS', 0, '' ), ( 10, 230, 'access_count', 'vtiger_email_track', 1, '25', 'access_count', 'Access Count', 1, 0, '0', 100, 6, 21, 3, 'V~O', 1, 0, 'BAS', 0, '' ), ( 10, 231, 'modifiedby', 'vtiger_crmentity', 1, '52', 'modifiedby', 'Last Modified By', 1, 0, '', 100, 12, 21, 3, 'V~O', 3, 0, 'BAS', 0, '' ), ( 9, 232, 'subject', 'vtiger_activity', 1, '2', 'subject', 'Subject', 1, 0, '', 100, 1, 19, 1, 'V~M', 0, 1, 'BAS', 1, '' ), ( 9, 233, 'smownerid', 'vtiger_crmentity', 1, '53', 'assigned_user_id', 'Assigned To', 1, 0, '', 100, 2, 19, 1, 'V~M', 0, 4, 'BAS', 1, '' ), ( 9, 234, 'date_start', 'vtiger_activity', 1, '6', 'date_start', 'Start Date & Time', 1, 0, '', 100, 3, 19, 1, 'DT~M~time_start', 0, 2, 'BAS', 1, '' ), ( 9, 235, 'time_start', 'vtiger_activity', 1, '2', 'time_start', 'Time Start', 1, 0, '', 100, 4, 19, 3, 'T~O', 1, 0, 'BAS', 1, '' ), ( 9, 236, 'time_end', 'vtiger_activity', 1, '2', 'time_end', 'End Time', 1, 0, '', 100, 4, 19, 3, 'T~O', 1, 0, 'BAS', 1, '' ), ( 9, 237, 'due_date', 'vtiger_activity', 1, '23', 'due_date', 'Due Date', 1, 0, '', 100, 5, 19, 1, 'D~M~OTH~GE~date_start~Start Date & Time', 1, 0, 'BAS', 1, '' ), ( 9, 238, 'crmid', 'vtiger_seactivityrel', 1, '66', 'parent_id', 'Related To', 1, 0, '', 100, 7, 19, 1, 'I~O', 1, 0, 'BAS', 1, '' ), ( 9, 239, 'contactid', 'vtiger_cntactivityrel', 1, '57', 'contact_id', 'Contact Name', 1, 0, '', 100, 8, 19, 1, 'I~O', 1, 0, 'BAS', 1, '' ), ( 9, 240, 'status', 'vtiger_activity', 1, '15', 'taskstatus', 'Status', 1, 0, '', 100, 8, 19, 1, 'V~M', 0, 3, 'BAS', 1, '' ), ( 9, 241, 'eventstatus', 'vtiger_activity', 1, '15', 'eventstatus', 'Status', 1, 0, '', 100, 9, 19, 3, 'V~O', 1, 0, 'BAS', 1, '' ), ( 9, 242, 'priority', 'vtiger_activity', 1, '15', 'taskpriority', 'Priority', 1, 0, '', 100, 10, 19, 1, 'V~O', 1, 0, 'BAS', 1, '' ), ( 9, 243, 'sendnotification', 'vtiger_activity', 1, '56', 'sendnotification', 'Send Notification', 1, 0, '', 100, 11, 19, 1, 'C~O', 1, 0, 'BAS', 1, '' ), ( 9, 244, 'createdtime', 'vtiger_crmentity', 1, '70', 'createdtime', 'Created Time', 1, 0, '', 100, 14, 19, 2, 'DT~O', 3, 0, 'BAS', 0, '' ), ( 9, 245, 'modifiedtime', 'vtiger_crmentity', 1, '70', 'modifiedtime', 'Modified Time', 1, 0, '', 100, 15, 19, 2, 'DT~O', 3, 0, 'BAS', 0, '' ), ( 9, 246, 'activitytype', 'vtiger_activity', 1, '15', 'activitytype', 'Activity Type', 1, 0, '', 100, 16, 19, 3, 'V~O', 1, 0, 'BAS', 1, '' ), ( 9, 247, 'visibility', 'vtiger_activity', 1, '16', 'visibility', 'Visibility', 1, 0, '', 100, 17, 19, 3, 'V~O', 1, 0, 'BAS', 1, '' ), ( 9, 248, 'description', 'vtiger_crmentity', 1, '19', 'description', 'Description', 1, 0, '', 100, 1, 20, 1, 'V~O', 1, 0, 'BAS', 1, '' ), ( 9, 249, 'duration_hours', 'vtiger_activity', 1, '63', 'duration_hours', 'Duration', 1, 0, '', 100, 17, 19, 3, 'T~O', 1, 0, 'BAS', 1, '' ), ( 9, 250, 'duration_minutes', 'vtiger_activity', 1, '16', 'duration_minutes', 'Duration Minutes', 1, 0, '', 100, 18, 19, 3, 'T~O', 1, 0, 'BAS', 1, '' ), ( 9, 251, 'location', 'vtiger_activity', 1, '1', 'location', 'Location', 1, 0, '', 100, 19, 19, 3, 'V~O', 1, 0, 'BAS', 1, '' ), ( 9, 252, 'reminder_time', 'vtiger_activity_reminder', 1, '30', 'reminder_time', 'Send Reminder', 1, 0, '', 100, 1, 19, 3, 'I~O', 1, 0, 'BAS', 1, '' ), ( 9, 253, 'recurringtype', 'vtiger_activity', 1, '16', 'recurringtype', 'Recurrence', 1, 0, '', 100, 6, 19, 3, 'O~O', 1, 0, 'BAS', 1, '' ), ( 9, 254, 'notime', 'vtiger_activity', 1, '56', 'notime', 'No Time', 1, 0, '', 100, 20, 19, 3, 'C~O', 1, 0, 'BAS', 1, '' ), ( 9, 255, 'modifiedby', 'vtiger_crmentity', 1, '52', 'modifiedby', 'Last Modified By', 1, 0, '', 100, 22, 19, 3, 'V~O', 3, 0, 'BAS', 0, '' ), ( 16, 256, 'subject', 'vtiger_activity', 1, '2', 'subject', 'Subject', 1, 0, '', 100, 1, 41, 1, 'V~M', 0, 1, 'BAS', 1, '' ), ( 16, 257, 'smownerid', 'vtiger_crmentity', 1, '53', 'assigned_user_id', 'Assigned To', 1, 0, '', 100, 2, 41, 1, 'V~M', 0, 6, 'BAS', 1, '' ), ( 16, 258, 'date_start', 'vtiger_activity', 1, '6', 'date_start', 'Start Date & Time', 1, 0, '', 100, 3, 41, 1, 'DT~M~time_start', 0, 2, 'BAS', 1, '' ), ( 16, 259, 'time_start', 'vtiger_activity', 1, '2', 'time_start', 'Time Start', 1, 0, '', 100, 4, 41, 3, 'T~M', 1, 0, 'BAS', 1, '' ), ( 16, 260, 'due_date', 'vtiger_activity', 1, '23', 'due_date', 'End Date', 1, 0, '', 100, 5, 41, 1, 'D~M~OTH~GE~date_start~Start Date & Time', 0, 5, 'BAS', 1, '' ), ( 16, 261, 'time_end', 'vtiger_activity', 1, '2', 'time_end', 'End Time', 1, 0, '', 100, 5, 41, 3, 'T~M', 1, 0, 'BAS', 1, '' ), ( 16, 262, 'recurringtype', 'vtiger_activity', 1, '16', 'recurringtype', 'Recurrence', 1, 0, '', 100, 6, 41, 1, 'O~O', 1, 0, 'BAS', 1, '' ), ( 16, 263, 'duration_hours', 'vtiger_activity', 1, '63', 'duration_hours', 'Duration', 1, 0, '', 100, 7, 41, 1, 'I~M', 1, 0, 'BAS', 1, '' ), ( 16, 264, 'duration_minutes', 'vtiger_activity', 1, '16', 'duration_minutes', 'Duration Minutes', 1, 0, '', 100, 8, 41, 3, 'O~O', 1, 0, 'BAS', 1, '' ), ( 16, 265, 'crmid', 'vtiger_seactivityrel', 1, '66', 'parent_id', 'Related To', 1, 0, '', 100, 9, 41, 1, 'I~O', 1, 0, 'BAS', 1, '' ), ( 16, 266, 'eventstatus', 'vtiger_activity', 1, '15', 'eventstatus', 'Status', 1, 0, '', 100, 10, 41, 1, 'V~M', 0, 3, 'BAS', 1, '' ), ( 16, 267, 'sendnotification', 'vtiger_activity', 1, '56', 'sendnotification', 'Send Notification', 1, 0, '', 100, 11, 41, 1, 'C~O', 1, 0, 'BAS', 1, '' ), ( 16, 268, 'activitytype', 'vtiger_activity', 1, '15', 'activitytype', 'Activity Type', 1, 0, '', 100, 12, 41, 1, 'V~M', 0, 4, 'BAS', 1, '' ), ( 16, 269, 'location', 'vtiger_activity', 1, '1', 'location', 'Location', 1, 0, '', 100, 13, 41, 1, 'V~O', 1, 0, 'BAS', 1, '' ), ( 16, 270, 'createdtime', 'vtiger_crmentity', 1, '70', 'createdtime', 'Created Time', 1, 0, '', 100, 14, 41, 2, 'DT~O', 3, 0, 'BAS', 0, '' ), ( 16, 271, 'modifiedtime', 'vtiger_crmentity', 1, '70', 'modifiedtime', 'Modified Time', 1, 0, '', 100, 15, 41, 2, 'DT~O', 3, 0, 'BAS', 0, '' ), ( 16, 272, 'priority', 'vtiger_activity', 1, '15', 'taskpriority', 'Priority', 1, 0, '', 100, 16, 41, 1, 'V~O', 1, 0, 'BAS', 1, '' ), ( 16, 273, 'notime', 'vtiger_activity', 1, '56', 'notime', 'No Time', 1, 0, '', 100, 17, 41, 1, 'C~O', 1, 0, 'BAS', 1, '' ), ( 16, 274, 'visibility', 'vtiger_activity', 1, '16', 'visibility', 'Visibility', 1, 0, '', 100, 18, 41, 1, 'V~O', 1, 0, 'BAS', 1, '' ), ( 16, 275, 'modifiedby', 'vtiger_crmentity', 1, '52', 'modifiedby', 'Last Modified By', 1, 0, '', 100, 22, 41, 3, 'V~O', 3, 0, 'BAS', 0, '' ), ( 16, 276, 'description', 'vtiger_crmentity', 1, '19', 'description', 'Description', 1, 0, '', 100, 1, 41, 1, 'V~O', 1, 0, 'BAS', 1, '' ), ( 16, 277, 'reminder_time', 'vtiger_activity_reminder', 1, '30', 'reminder_time', 'Send Reminder', 1, 0, '', 100, 1, 40, 1, 'I~O', 1, 0, 'BAS', 1, '' ), ( 16, 278, 'contactid', 'vtiger_cntactivityrel', 1, '57', 'contact_id', 'Contact Name', 1, 0, '', 100, 1, 19, 1, 'I~O', 1, 0, 'BAS', 1, '' ), ( 15, 279, 'product_id', 'vtiger_faq', 1, '59', 'product_id', 'Product Name', 1, 2, '', 100, 1, 37, 1, 'I~O', 3, 0, 'BAS', 1, '' ), ( 15, 280, 'faq_no', 'vtiger_faq', 1, '4', 'faq_no', 'Faq No', 1, 0, '', 100, 2, 37, 1, 'V~O', 3, 0, 'BAS', 0, '' ), ( 15, 281, 'category', 'vtiger_faq', 1, '15', 'faqcategories', 'Category', 1, 2, '', 100, 4, 37, 1, 'V~O', 3, 0, 'BAS', 1, '' ), ( 15, 282, 'status', 'vtiger_faq', 1, '15', 'faqstatus', 'Status', 1, 2, '', 100, 3, 37, 1, 'V~M', 3, 0, 'BAS', 1, '' ), ( 15, 283, 'question', 'vtiger_faq', 1, '20', 'question', 'Question', 1, 2, '', 100, 7, 37, 1, 'V~M', 3, 0, 'BAS', 1, '' ), ( 15, 284, 'answer', 'vtiger_faq', 1, '20', 'faq_answer', 'Answer', 1, 2, '', 100, 8, 37, 1, 'V~M', 3, 0, 'BAS', 1, '' ), ( 15, 285, 'comments', 'vtiger_faqcomments', 1, '19', 'comments', 'Add Comment', 1, 0, '', 100, 1, 38, 1, 'V~O', 3, 0, 'BAS', 0, '' ), ( 15, 286, 'createdtime', 'vtiger_crmentity', 1, '70', 'createdtime', 'Created Time', 1, 0, '', 100, 5, 37, 2, 'DT~O', 3, 0, 'BAS', 0, '' ), ( 15, 287, 'modifiedtime', 'vtiger_crmentity', 1, '70', 'modifiedtime', 'Modified Time', 1, 0, '', 100, 6, 37, 2, 'DT~O', 3, 0, 'BAS', 0, '' ), ( 15, 288, 'modifiedby', 'vtiger_crmentity', 1, '52', 'modifiedby', 'Last Modified By', 1, 0, '', 100, 7, 37, 3, 'V~O', 3, 0, 'BAS', 0, '' ), ( 18, 289, 'vendorname', 'vtiger_vendor', 1, '2', 'vendorname', 'Vendor Name', 1, 0, '', 100, 1, 42, 1, 'V~M', 0, 1, 'BAS', 1, '' ), ( 18, 290, 'vendor_no', 'vtiger_vendor', 1, '4', 'vendor_no', 'Vendor No', 1, 0, '', 100, 2, 42, 1, 'V~O', 3, 0, 'BAS', 0, '' ), ( 18, 291, 'phone', 'vtiger_vendor', 1, '1', 'phone', 'Phone', 1, 2, '', 100, 4, 42, 1, 'V~O', 2, 2, 'BAS', 1, '' ), ( 18, 292, 'email', 'vtiger_vendor', 1, '13', 'email', 'Email', 1, 2, '', 100, 3, 42, 1, 'E~O', 2, 3, 'BAS', 1, '' ), ( 18, 293, 'website', 'vtiger_vendor', 1, '17', 'website', 'Website', 1, 2, '', 100, 6, 42, 1, 'V~O', 1, 0, 'BAS', 1, '' ), ( 18, 294, 'glacct', 'vtiger_vendor', 1, '15', 'glacct', 'GL Account', 1, 2, '', 100, 5, 42, 1, 'V~O', 1, 0, 'BAS', 1, '' ), ( 18, 295, 'category', 'vtiger_vendor', 1, '1', 'category', 'Category', 1, 2, '', 100, 8, 42, 1, 'V~O', 1, 0, 'BAS', 1, '' ), ( 18, 296, 'createdtime', 'vtiger_crmentity', 1, '70', 'createdtime', 'Created Time', 1, 0, '', 100, 7, 42, 2, 'DT~O', 3, 0, 'BAS', 0, '' ), ( 18, 297, 'modifiedtime', 'vtiger_crmentity', 1, '70', 'modifiedtime', 'Modified Time', 1, 0, '', 100, 9, 42, 2, 'DT~O', 3, 0, 'BAS', 0, '' ), ( 18, 298, 'modifiedby', 'vtiger_crmentity', 1, '52', 'modifiedby', 'Last Modified By', 1, 0, '', 100, 12, 42, 3, 'V~O', 3, 0, 'BAS', 0, '' ), ( 18, 299, 'street', 'vtiger_vendor', 1, '21', 'street', 'Street', 1, 2, '', 100, 1, 44, 1, 'V~O', 1, 0, 'ADV', 1, '' ), ( 18, 300, 'pobox', 'vtiger_vendor', 1, '1', 'pobox', 'Po Box', 1, 2, '', 100, 2, 44, 1, 'V~O', 1, 0, 'ADV', 1, '' ), ( 18, 301, 'city', 'vtiger_vendor', 1, '1', 'city', 'City', 1, 2, '', 100, 3, 44, 1, 'V~O', 1, 0, 'ADV', 1, '' ), ( 18, 302, 'state', 'vtiger_vendor', 1, '1', 'state', 'State', 1, 2, '', 100, 4, 44, 1, 'V~O', 1, 0, 'ADV', 1, '' ), ( 18, 303, 'postalcode', 'vtiger_vendor', 1, '1', 'postalcode', 'Postal Code', 1, 2, '', 100, 5, 44, 1, 'V~O', 1, 0, 'ADV', 1, '' ), ( 18, 304, 'country', 'vtiger_vendor', 1, '1', 'country', 'Country', 1, 2, '', 100, 6, 44, 1, 'V~O', 1, 0, 'ADV', 1, '' ), ( 18, 305, 'description', 'vtiger_crmentity', 1, '19', 'description', 'Description', 1, 2, '', 100, 1, 45, 1, 'V~O', 1, 0, 'ADV', 1, '' ), ( 19, 306, 'bookname', 'vtiger_pricebook', 1, '2', 'bookname', 'Price Book Name', 1, 0, '', 100, 1, 46, 1, 'V~M', 0, 1, 'BAS', 1, '' ), ( 19, 307, 'pricebook_no', 'vtiger_pricebook', 1, '4', 'pricebook_no', 'PriceBook No', 1, 0, '', 100, 3, 46, 1, 'V~O', 3, 0, 'BAS', 0, '' ), ( 19, 308, 'active', 'vtiger_pricebook', 1, '56', 'active', 'Active', 1, 2, '', 100, 2, 46, 1, 'C~O', 2, 2, 'BAS', 1, '' ), ( 19, 309, 'createdtime', 'vtiger_crmentity', 1, '70', 'createdtime', 'Created Time', 1, 0, '', 100, 4, 46, 2, 'DT~O', 3, 0, 'BAS', 0, '' ), ( 19, 310, 'modifiedtime', 'vtiger_crmentity', 1, '70', 'modifiedtime', 'Modified Time', 1, 0, '', 100, 5, 46, 2, 'DT~O', 3, 0, 'BAS', 0, '' ), ( 19, 311, 'currency_id', 'vtiger_pricebook', 1, '117', 'currency_id', 'Currency', 1, 0, '', 100, 5, 46, 1, 'I~M', 0, 3, 'BAS', 0, '' ), ( 19, 312, 'modifiedby', 'vtiger_crmentity', 1, '52', 'modifiedby', 'Last Modified By', 1, 0, '', 100, 7, 46, 3, 'V~O', 3, 0, 'BAS', 0, '' ), ( 19, 313, 'description', 'vtiger_crmentity', 1, '19', 'description', 'Description', 1, 2, '', 100, 1, 48, 1, 'V~O', 1, 0, 'BAS', 1, '' ), ( 20, 314, 'quote_no', 'vtiger_quotes', 1, '4', 'quote_no', 'Quote No', 1, 0, '', 100, 3, 49, 1, 'V~O', 3, 0, 'BAS', 0, '' ), ( 20, 315, 'subject', 'vtiger_quotes', 1, '2', 'subject', 'Subject', 1, 0, '', 100, 1, 49, 1, 'V~M', 1, 0, 'BAS', 1, '' ), ( 20, 316, 'potentialid', 'vtiger_quotes', 1, '76', 'potential_id', 'Potential Name', 1, 2, '', 100, 2, 49, 1, 'I~O', 3, 0, 'BAS', 1, '' ), ( 20, 317, 'quotestage', 'vtiger_quotes', 1, '15', 'quotestage', 'Quote Stage', 1, 2, '', 100, 4, 49, 1, 'V~M', 3, 0, 'BAS', 1, '' ), ( 20, 318, 'validtill', 'vtiger_quotes', 1, '5', 'validtill', 'Valid Till', 1, 2, '', 100, 5, 49, 1, 'D~O', 3, 0, 'BAS', 1, '' ), ( 20, 319, 'contactid', 'vtiger_quotes', 1, '57', 'contact_id', 'Contact Name', 1, 2, '', 100, 6, 49, 1, 'V~O', 3, 0, 'BAS', 1, '' ), ( 20, 320, 'carrier', 'vtiger_quotes', 1, '15', 'carrier', 'Carrier', 1, 2, '', 100, 8, 49, 1, 'V~O', 3, 0, 'BAS', 1, '' ), ( 20, 321, 'subtotal', 'vtiger_quotes', 1, '72', 'hdnSubTotal', 'Sub Total', 1, 2, '', 100, 9, 49, 3, 'N~O', 3, 0, 'BAS', 1, '' ), ( 20, 322, 'shipping', 'vtiger_quotes', 1, '1', 'shipping', 'Shipping', 1, 2, '', 100, 10, 49, 1, 'V~O', 3, 0, 'BAS', 1, '' ), ( 20, 323, 'inventorymanager', 'vtiger_quotes', 1, '77', 'assigned_user_id1', 'Inventory Manager', 1, 2, '', 100, 11, 49, 1, 'I~O', 3, 0, 'BAS', 1, '' ), ( 20, 324, 'adjustment', 'vtiger_quotes', 1, '72', 'txtAdjustment', 'Adjustment', 1, 2, '', 100, 20, 49, 3, 'NN~O', 3, 0, 'BAS', 1, '' ), ( 20, 325, 'total', 'vtiger_quotes', 1, '72', 'hdnGrandTotal', 'Total', 1, 2, '', 100, 14, 49, 3, 'N~O', 3, 0, 'BAS', 1, '' ), ( 20, 326, 'taxtype', 'vtiger_quotes', 1, '16', 'hdnTaxType', 'Tax Type', 1, 2, '', 100, 14, 49, 3, 'V~O', 3, 0, 'BAS', 1, '' ), ( 20, 327, 'discount_percent', 'vtiger_quotes', 1, '1', 'hdnDiscountPercent', 'Discount Percent', 1, 2, '', 100, 14, 49, 3, 'N~O', 3, 0, 'BAS', 1, '' ), ( 20, 328, 'discount_amount', 'vtiger_quotes', 1, '72', 'hdnDiscountAmount', 'Discount Amount', 1, 2, '', 100, 14, 49, 3, 'N~O', 3, 0, 'BAS', 1, '' ), ( 20, 329, 's_h_amount', 'vtiger_quotes', 1, '72', 'hdnS_H_Amount', 'S&H Amount', 1, 2, '', 100, 14, 49, 3, 'N~O', 3, 0, 'BAS', 1, '' ), ( 20, 330, 'accountid', 'vtiger_quotes', 1, '73', 'account_id', 'Account Name', 1, 2, '', 100, 16, 49, 1, 'I~M', 3, 0, 'BAS', 1, '' ), ( 20, 331, 'smownerid', 'vtiger_crmentity', 1, '53', 'assigned_user_id', 'Assigned To', 1, 0, '', 100, 17, 49, 1, 'V~M', 3, 0, 'BAS', 1, '' ), ( 20, 332, 'createdtime', 'vtiger_crmentity', 1, '70', 'createdtime', 'Created Time', 1, 0, '', 100, 18, 49, 2, 'DT~O', 3, 0, 'BAS', 0, '' ), ( 20, 333, 'modifiedtime', 'vtiger_crmentity', 1, '70', 'modifiedtime', 'Modified Time', 1, 0, '', 100, 19, 49, 2, 'DT~O', 3, 0, 'BAS', 0, '' ), ( 20, 334, 'modifiedby', 'vtiger_crmentity', 1, '52', 'modifiedby', 'Last Modified By', 1, 0, '', 100, 22, 49, 3, 'V~O', 3, 0, 'BAS', 0, '' ), ( 20, 335, 'currency_id', 'vtiger_quotes', 1, '117', 'currency_id', 'Currency', 1, 2, '1', 100, 20, 49, 3, 'I~O', 3, 0, 'BAS', 1, '' ), ( 20, 336, 'conversion_rate', 'vtiger_quotes', 1, '1', 'conversion_rate', 'Conversion Rate', 1, 2, '1', 100, 21, 49, 3, 'N~O', 3, 0, 'BAS', 1, '' ), ( 20, 337, 'bill_street', 'vtiger_quotesbillads', 1, '24', 'bill_street', 'Billing Address', 1, 2, '', 100, 1, 51, 1, 'V~M', 3, 0, 'BAS', 1, '' ), ( 20, 338, 'ship_street', 'vtiger_quotesshipads', 1, '24', 'ship_street', 'Shipping Address', 1, 2, '', 100, 2, 51, 1, 'V~M', 3, 0, 'BAS', 1, '' ), ( 20, 339, 'bill_city', 'vtiger_quotesbillads', 1, '1', 'bill_city', 'Billing City', 1, 2, '', 100, 5, 51, 1, 'V~O', 3, 0, 'BAS', 1, '' ), ( 20, 340, 'ship_city', 'vtiger_quotesshipads', 1, '1', 'ship_city', 'Shipping City', 1, 2, '', 100, 6, 51, 1, 'V~O', 3, 0, 'BAS', 1, '' ), ( 20, 341, 'bill_state', 'vtiger_quotesbillads', 1, '1', 'bill_state', 'Billing State', 1, 2, '', 100, 7, 51, 1, 'V~O', 3, 0, 'BAS', 1, '' ), ( 20, 342, 'ship_state', 'vtiger_quotesshipads', 1, '1', 'ship_state', 'Shipping State', 1, 2, '', 100, 8, 51, 1, 'V~O', 3, 0, 'BAS', 1, '' ), ( 20, 343, 'bill_code', 'vtiger_quotesbillads', 1, '1', 'bill_code', 'Billing Code', 1, 2, '', 100, 9, 51, 1, 'V~O', 3, 0, 'BAS', 1, '' ), ( 20, 344, 'ship_code', 'vtiger_quotesshipads', 1, '1', 'ship_code', 'Shipping Code', 1, 2, '', 100, 10, 51, 1, 'V~O', 3, 0, 'BAS', 1, '' ), ( 20, 345, 'bill_country', 'vtiger_quotesbillads', 1, '1', 'bill_country', 'Billing Country', 1, 2, '', 100, 11, 51, 1, 'V~O', 3, 0, 'BAS', 1, '' ), ( 20, 346, 'ship_country', 'vtiger_quotesshipads', 1, '1', 'ship_country', 'Shipping Country', 1, 2, '', 100, 12, 51, 1, 'V~O', 3, 0, 'BAS', 1, '' ), ( 20, 347, 'bill_pobox', 'vtiger_quotesbillads', 1, '1', 'bill_pobox', 'Billing Po Box', 1, 2, '', 100, 3, 51, 1, 'V~O', 3, 0, 'BAS', 1, '' ), ( 20, 348, 'ship_pobox', 'vtiger_quotesshipads', 1, '1', 'ship_pobox', 'Shipping Po Box', 1, 2, '', 100, 4, 51, 1, 'V~O', 3, 0, 'BAS', 1, '' ), ( 20, 349, 'description', 'vtiger_crmentity', 1, '19', 'description', 'Description', 1, 2, '', 100, 1, 54, 1, 'V~O', 3, 0, 'ADV', 1, '' ), ( 20, 350, 'terms_conditions', 'vtiger_quotes', 1, '19', 'terms_conditions', 'Terms & Conditions', 1, 2, '', 100, 1, 53, 1, 'V~O', 3, 0, 'ADV', 1, '' ), ( 21, 351, 'purchaseorder_no', 'vtiger_purchaseorder', 1, '4', 'purchaseorder_no', 'PurchaseOrder No', 1, 0, '', 100, 2, 55, 1, 'V~O', 3, 0, 'BAS', 0, '' ), ( 21, 352, 'subject', 'vtiger_purchaseorder', 1, '2', 'subject', 'Subject', 1, 0, '', 100, 1, 55, 1, 'V~M', 3, 0, 'BAS', 1, '' ), ( 21, 353, 'vendorid', 'vtiger_purchaseorder', 1, '81', 'vendor_id', 'Vendor Name', 1, 0, '', 100, 3, 55, 1, 'I~M', 3, 0, 'BAS', 1, '' ), ( 21, 354, 'requisition_no', 'vtiger_purchaseorder', 1, '1', 'requisition_no', 'Requisition No', 1, 2, '', 100, 4, 55, 1, 'V~O', 3, 0, 'BAS', 1, '' ), ( 21, 355, 'tracking_no', 'vtiger_purchaseorder', 1, '1', 'tracking_no', 'Tracking Number', 1, 2, '', 100, 5, 55, 1, 'V~O', 3, 0, 'BAS', 1, '' ), ( 21, 356, 'contactid', 'vtiger_purchaseorder', 1, '57', 'contact_id', 'Contact Name', 1, 2, '', 100, 6, 55, 1, 'I~O', 3, 0, 'BAS', 1, '' ), ( 21, 357, 'duedate', 'vtiger_purchaseorder', 1, '5', 'duedate', 'Due Date', 1, 2, '', 100, 7, 55, 1, 'D~O', 3, 0, 'BAS', 1, '' ), ( 21, 358, 'carrier', 'vtiger_purchaseorder', 1, '15', 'carrier', 'Carrier', 1, 2, '', 100, 8, 55, 1, 'V~O', 3, 0, 'BAS', 1, '' ), ( 21, 359, 'adjustment', 'vtiger_purchaseorder', 1, '72', 'txtAdjustment', 'Adjustment', 1, 2, '', 100, 10, 55, 3, 'NN~O', 3, 0, 'BAS', 1, '' ), ( 21, 360, 'salescommission', 'vtiger_purchaseorder', 1, '1', 'salescommission', 'Sales Commission', 1, 2, '', 100, 11, 55, 1, 'N~O', 3, 0, 'BAS', 1, '' ), ( 21, 361, 'exciseduty', 'vtiger_purchaseorder', 1, '1', 'exciseduty', 'Excise Duty', 1, 2, '', 100, 12, 55, 1, 'N~O', 3, 0, 'BAS', 1, '' ), ( 21, 362, 'total', 'vtiger_purchaseorder', 1, '72', 'hdnGrandTotal', 'Total', 1, 2, '', 100, 13, 55, 3, 'N~O', 3, 0, 'BAS', 1, '' ), ( 21, 363, 'subtotal', 'vtiger_purchaseorder', 1, '72', 'hdnSubTotal', 'Sub Total', 1, 2, '', 100, 14, 55, 3, 'N~O', 3, 0, 'BAS', 1, '' ), ( 21, 364, 'taxtype', 'vtiger_purchaseorder', 1, '16', 'hdnTaxType', 'Tax Type', 1, 2, '', 100, 14, 55, 3, 'V~O', 3, 0, 'BAS', 1, '' ), ( 21, 365, 'discount_percent', 'vtiger_purchaseorder', 1, '1', 'hdnDiscountPercent', 'Discount Percent', 1, 2, '', 100, 14, 55, 3, 'N~O', 3, 0, 'BAS', 1, '' ), ( 21, 366, 'discount_amount', 'vtiger_purchaseorder', 1, '72', 'hdnDiscountAmount', 'Discount Amount', 1, 0, '', 100, 14, 55, 3, 'N~O', 3, 0, 'BAS', 1, '' ), ( 21, 367, 's_h_amount', 'vtiger_purchaseorder', 1, '72', 'hdnS_H_Amount', 'S&H Amount', 1, 2, '', 100, 14, 55, 3, 'N~O', 3, 0, 'BAS', 1, '' ), ( 21, 368, 'postatus', 'vtiger_purchaseorder', 1, '15', 'postatus', 'Status', 1, 2, '', 100, 15, 55, 1, 'V~M', 3, 0, 'BAS', 1, '' ), ( 21, 369, 'smownerid', 'vtiger_crmentity', 1, '53', 'assigned_user_id', 'Assigned To', 1, 0, '', 100, 16, 55, 1, 'V~M', 3, 0, 'BAS', 1, '' ), ( 21, 370, 'createdtime', 'vtiger_crmentity', 1, '70', 'createdtime', 'Created Time', 1, 0, '', 100, 17, 55, 2, 'DT~O', 3, 0, 'BAS', 0, '' ), ( 21, 371, 'modifiedtime', 'vtiger_crmentity', 1, '70', 'modifiedtime', 'Modified Time', 1, 0, '', 100, 18, 55, 2, 'DT~O', 3, 0, 'BAS', 0, '' ), ( 21, 372, 'modifiedby', 'vtiger_crmentity', 1, '52', 'modifiedby', 'Last Modified By', 1, 0, '', 100, 22, 55, 3, 'V~O', 3, 0, 'BAS', 0, '' ), ( 21, 373, 'currency_id', 'vtiger_purchaseorder', 1, '117', 'currency_id', 'Currency', 1, 2, '1', 100, 19, 55, 3, 'I~O', 3, 0, 'BAS', 1, '' ), ( 21, 374, 'conversion_rate', 'vtiger_purchaseorder', 1, '1', 'conversion_rate', 'Conversion Rate', 1, 2, '1', 100, 20, 55, 3, 'N~O', 3, 0, 'BAS', 1, '' ), ( 21, 375, 'bill_street', 'vtiger_pobillads', 1, '24', 'bill_street', 'Billing Address', 1, 2, '', 100, 1, 57, 1, 'V~M', 3, 0, 'BAS', 1, '' ), ( 21, 376, 'ship_street', 'vtiger_poshipads', 1, '24', 'ship_street', 'Shipping Address', 1, 2, '', 100, 2, 57, 1, 'V~M', 3, 0, 'BAS', 1, '' ), ( 21, 377, 'bill_city', 'vtiger_pobillads', 1, '1', 'bill_city', 'Billing City', 1, 2, '', 100, 5, 57, 1, 'V~O', 3, 0, 'BAS', 1, '' ), ( 21, 378, 'ship_city', 'vtiger_poshipads', 1, '1', 'ship_city', 'Shipping City', 1, 2, '', 100, 6, 57, 1, 'V~O', 3, 0, 'BAS', 1, '' ), ( 21, 379, 'bill_state', 'vtiger_pobillads', 1, '1', 'bill_state', 'Billing State', 1, 2, '', 100, 7, 57, 1, 'V~O', 3, 0, 'BAS', 1, '' ), ( 21, 380, 'ship_state', 'vtiger_poshipads', 1, '1', 'ship_state', 'Shipping State', 1, 2, '', 100, 8, 57, 1, 'V~O', 3, 0, 'BAS', 1, '' ), ( 21, 381, 'bill_code', 'vtiger_pobillads', 1, '1', 'bill_code', 'Billing Code', 1, 2, '', 100, 9, 57, 1, 'V~O', 3, 0, 'BAS', 1, '' ), ( 21, 382, 'ship_code', 'vtiger_poshipads', 1, '1', 'ship_code', 'Shipping Code', 1, 2, '', 100, 10, 57, 1, 'V~O', 3, 0, 'BAS', 1, '' ), ( 21, 383, 'bill_country', 'vtiger_pobillads', 1, '1', 'bill_country', 'Billing Country', 1, 2, '', 100, 11, 57, 1, 'V~O', 3, 0, 'BAS', 1, '' ), ( 21, 384, 'ship_country', 'vtiger_poshipads', 1, '1', 'ship_country', 'Shipping Country', 1, 2, '', 100, 12, 57, 1, 'V~O', 3, 0, 'BAS', 1, '' ), ( 21, 385, 'bill_pobox', 'vtiger_pobillads', 1, '1', 'bill_pobox', 'Billing Po Box', 1, 2, '', 100, 3, 57, 1, 'V~O', 3, 0, 'BAS', 1, '' ), ( 21, 386, 'ship_pobox', 'vtiger_poshipads', 1, '1', 'ship_pobox', 'Shipping Po Box', 1, 2, '', 100, 4, 57, 1, 'V~O', 3, 0, 'BAS', 1, '' ), ( 21, 387, 'description', 'vtiger_crmentity', 1, '19', 'description', 'Description', 1, 2, '', 100, 1, 60, 1, 'V~O', 3, 0, 'ADV', 1, '' ), ( 21, 388, 'terms_conditions', 'vtiger_purchaseorder', 1, '19', 'terms_conditions', 'Terms & Conditions', 1, 2, '', 100, 1, 59, 1, 'V~O', 3, 0, 'ADV', 1, '' ), ( 22, 389, 'salesorder_no', 'vtiger_salesorder', 1, '4', 'salesorder_no', 'SalesOrder No', 1, 0, '', 100, 4, 61, 1, 'V~O', 3, 0, 'BAS', 0, '' ), ( 22, 390, 'subject', 'vtiger_salesorder', 1, '2', 'subject', 'Subject', 1, 0, '', 100, 1, 61, 1, 'V~M', 3, 0, 'BAS', 1, '' ), ( 22, 391, 'potentialid', 'vtiger_salesorder', 1, '76', 'potential_id', 'Potential Name', 1, 2, '', 100, 2, 61, 1, 'I~O', 3, 0, 'BAS', 1, '' ), ( 22, 392, 'customerno', 'vtiger_salesorder', 1, '1', 'customerno', 'Customer No', 1, 2, '', 100, 3, 61, 1, 'V~O', 3, 0, 'BAS', 1, '' ), ( 22, 393, 'quoteid', 'vtiger_salesorder', 1, '78', 'quote_id', 'Quote Name', 1, 2, '', 100, 5, 61, 1, 'I~O', 3, 0, 'BAS', 0, '' ), ( 22, 394, 'purchaseorder', 'vtiger_salesorder', 1, '1', 'vtiger_purchaseorder', 'Purchase Order', 1, 2, '', 100, 5, 61, 1, 'V~O', 3, 0, 'BAS', 1, '' ), ( 22, 395, 'contactid', 'vtiger_salesorder', 1, '57', 'contact_id', 'Contact Name', 1, 2, '', 100, 6, 61, 1, 'I~O', 3, 0, 'BAS', 1, '' ), ( 22, 396, 'duedate', 'vtiger_salesorder', 1, '5', 'duedate', 'Due Date', 1, 2, '', 100, 8, 61, 1, 'D~O', 3, 0, 'BAS', 1, '' ), ( 22, 397, 'carrier', 'vtiger_salesorder', 1, '15', 'carrier', 'Carrier', 1, 2, '', 100, 9, 61, 1, 'V~O', 3, 0, 'BAS', 1, '' ), ( 22, 398, 'pending', 'vtiger_salesorder', 1, '1', 'pending', 'Pending', 1, 2, '', 100, 10, 61, 1, 'V~O', 3, 0, 'BAS', 1, '' ), ( 22, 399, 'sostatus', 'vtiger_salesorder', 1, '15', 'sostatus', 'Status', 1, 2, '', 100, 11, 61, 1, 'V~M', 3, 0, 'BAS', 1, '' ), ( 22, 400, 'adjustment', 'vtiger_salesorder', 1, '72', 'txtAdjustment', 'Adjustment', 1, 2, '', 100, 12, 61, 3, 'NN~O', 3, 0, 'BAS', 1, '' ), ( 22, 401, 'salescommission', 'vtiger_salesorder', 1, '1', 'salescommission', 'Sales Commission', 1, 2, '', 100, 13, 61, 1, 'N~O', 3, 0, 'BAS', 1, '' ), ( 22, 402, 'exciseduty', 'vtiger_salesorder', 1, '1', 'exciseduty', 'Excise Duty', 1, 2, '', 100, 13, 61, 1, 'N~O', 3, 0, 'BAS', 1, '' ), ( 22, 403, 'total', 'vtiger_salesorder', 1, '72', 'hdnGrandTotal', 'Total', 1, 2, '', 100, 14, 61, 3, 'N~O', 3, 0, 'BAS', 1, '' ), ( 22, 404, 'subtotal', 'vtiger_salesorder', 1, '72', 'hdnSubTotal', 'Sub Total', 1, 2, '', 100, 15, 61, 3, 'N~O', 3, 0, 'BAS', 1, '' ), ( 22, 405, 'taxtype', 'vtiger_salesorder', 1, '16', 'hdnTaxType', 'Tax Type', 1, 2, '', 100, 15, 61, 3, 'V~O', 3, 0, 'BAS', 1, '' ), ( 22, 406, 'discount_percent', 'vtiger_salesorder', 1, '1', 'hdnDiscountPercent', 'Discount Percent', 1, 2, '', 100, 15, 61, 3, 'N~O', 3, 0, 'BAS', 1, '' ), ( 22, 407, 'discount_amount', 'vtiger_salesorder', 1, '72', 'hdnDiscountAmount', 'Discount Amount', 1, 0, '', 100, 15, 61, 3, 'N~O', 3, 0, 'BAS', 1, '' ), ( 22, 408, 's_h_amount', 'vtiger_salesorder', 1, '72', 'hdnS_H_Amount', 'S&H Amount', 1, 2, '', 100, 15, 61, 3, 'N~O', 3, 0, 'BAS', 1, '' ), ( 22, 409, 'accountid', 'vtiger_salesorder', 1, '73', 'account_id', 'Account Name', 1, 2, '', 100, 16, 61, 1, 'I~M', 3, 0, 'BAS', 1, '' ), ( 22, 410, 'smownerid', 'vtiger_crmentity', 1, '53', 'assigned_user_id', 'Assigned To', 1, 0, '', 100, 17, 61, 1, 'V~M', 3, 0, 'BAS', 1, '' ), ( 22, 411, 'createdtime', 'vtiger_crmentity', 1, '70', 'createdtime', 'Created Time', 1, 0, '', 100, 18, 61, 2, 'DT~O', 3, 0, 'BAS', 0, '' ), ( 22, 412, 'modifiedtime', 'vtiger_crmentity', 1, '70', 'modifiedtime', 'Modified Time', 1, 0, '', 100, 19, 61, 2, 'DT~O', 3, 0, 'BAS', 0, '' ), ( 22, 413, 'modifiedby', 'vtiger_crmentity', 1, '52', 'modifiedby', 'Last Modified By', 1, 0, '', 100, 22, 61, 3, 'V~O', 3, 0, 'BAS', 0, '' ), ( 22, 414, 'currency_id', 'vtiger_salesorder', 1, '117', 'currency_id', 'Currency', 1, 2, '1', 100, 20, 61, 3, 'I~O', 3, 0, 'BAS', 1, '' ), ( 22, 415, 'conversion_rate', 'vtiger_salesorder', 1, '1', 'conversion_rate', 'Conversion Rate', 1, 2, '1', 100, 21, 61, 3, 'N~O', 3, 0, 'BAS', 1, '' ), ( 22, 416, 'bill_street', 'vtiger_sobillads', 1, '24', 'bill_street', 'Billing Address', 1, 2, '', 100, 1, 63, 1, 'V~M', 3, 0, 'BAS', 1, '' ), ( 22, 417, 'ship_street', 'vtiger_soshipads', 1, '24', 'ship_street', 'Shipping Address', 1, 2, '', 100, 2, 63, 1, 'V~M', 3, 0, 'BAS', 1, '' ), ( 22, 418, 'bill_city', 'vtiger_sobillads', 1, '1', 'bill_city', 'Billing City', 1, 2, '', 100, 5, 63, 1, 'V~O', 3, 0, 'BAS', 1, '' ), ( 22, 419, 'ship_city', 'vtiger_soshipads', 1, '1', 'ship_city', 'Shipping City', 1, 2, '', 100, 6, 63, 1, 'V~O', 3, 0, 'BAS', 1, '' ), ( 22, 420, 'bill_state', 'vtiger_sobillads', 1, '1', 'bill_state', 'Billing State', 1, 2, '', 100, 7, 63, 1, 'V~O', 3, 0, 'BAS', 1, '' ), ( 22, 421, 'ship_state', 'vtiger_soshipads', 1, '1', 'ship_state', 'Shipping State', 1, 2, '', 100, 8, 63, 1, 'V~O', 3, 0, 'BAS', 1, '' ), ( 22, 422, 'bill_code', 'vtiger_sobillads', 1, '1', 'bill_code', 'Billing Code', 1, 2, '', 100, 9, 63, 1, 'V~O', 3, 0, 'BAS', 1, '' ), ( 22, 423, 'ship_code', 'vtiger_soshipads', 1, '1', 'ship_code', 'Shipping Code', 1, 2, '', 100, 10, 63, 1, 'V~O', 3, 0, 'BAS', 1, '' ), ( 22, 424, 'bill_country', 'vtiger_sobillads', 1, '1', 'bill_country', 'Billing Country', 1, 2, '', 100, 11, 63, 1, 'V~O', 3, 0, 'BAS', 1, '' ), ( 22, 425, 'ship_country', 'vtiger_soshipads', 1, '1', 'ship_country', 'Shipping Country', 1, 2, '', 100, 12, 63, 1, 'V~O', 3, 0, 'BAS', 1, '' ), ( 22, 426, 'bill_pobox', 'vtiger_sobillads', 1, '1', 'bill_pobox', 'Billing Po Box', 1, 2, '', 100, 3, 63, 1, 'V~O', 3, 0, 'BAS', 1, '' ), ( 22, 427, 'ship_pobox', 'vtiger_soshipads', 1, '1', 'ship_pobox', 'Shipping Po Box', 1, 2, '', 100, 4, 63, 1, 'V~O', 3, 0, 'BAS', 1, '' ), ( 22, 428, 'description', 'vtiger_crmentity', 1, '19', 'description', 'Description', 1, 2, '', 100, 1, 66, 1, 'V~O', 3, 0, 'ADV', 1, '' ), ( 22, 429, 'terms_conditions', 'vtiger_salesorder', 1, '19', 'terms_conditions', 'Terms & Conditions', 1, 2, '', 100, 1, 65, 1, 'V~O', 3, 0, 'ADV', 1, '' ), ( 22, 430, 'enable_recurring', 'vtiger_salesorder', 1, '56', 'enable_recurring', 'Enable Recurring', 1, 0, '', 100, 1, 85, 1, 'C~O', 3, 0, 'BAS', 0, '' ), ( 22, 431, 'recurring_frequency', 'vtiger_invoice_recurring_info', 1, '16', 'recurring_frequency', 'Frequency', 1, 0, '', 100, 2, 85, 1, 'V~O', 3, 0, 'BAS', 0, '' ), ( 22, 432, 'start_period', 'vtiger_invoice_recurring_info', 1, '5', 'start_period', 'Start Period', 1, 0, '', 100, 3, 85, 1, 'D~O', 3, 0, 'BAS', 0, '' ), ( 22, 433, 'end_period', 'vtiger_invoice_recurring_info', 1, '5', 'end_period', 'End Period', 1, 0, '', 100, 4, 85, 1, 'D~O~OTH~G~start_period~Start Period', 3, 0, 'BAS', 0, '' ), ( 22, 434, 'payment_duration', 'vtiger_invoice_recurring_info', 1, '16', 'payment_duration', 'Payment Duration', 1, 0, '', 100, 5, 85, 1, 'V~O', 3, 0, 'BAS', 0, '' ), ( 22, 435, 'invoice_status', 'vtiger_invoice_recurring_info', 1, '15', 'invoicestatus', 'Invoice Status', 1, 0, '', 100, 6, 85, 1, 'V~M', 3, 0, 'BAS', 0, '' ), ( 23, 436, 'subject', 'vtiger_invoice', 1, '2', 'subject', 'Subject', 1, 0, '', 100, 1, 67, 1, 'V~M', 3, 0, 'BAS', 1, '' ), ( 23, 437, 'salesorderid', 'vtiger_invoice', 1, '80', 'salesorder_id', 'Sales Order', 1, 2, '', 100, 2, 67, 1, 'I~O', 3, 0, 'BAS', 0, '' ), ( 23, 438, 'customerno', 'vtiger_invoice', 1, '1', 'customerno', 'Customer No', 1, 2, '', 100, 3, 67, 1, 'V~O', 3, 0, 'BAS', 1, '' ), ( 23, 439, 'contactid', 'vtiger_invoice', 1, '57', 'contact_id', 'Contact Name', 1, 2, '', 100, 4, 67, 1, 'I~O', 3, 0, 'BAS', 1, '' ), ( 23, 440, 'invoicedate', 'vtiger_invoice', 1, '5', 'invoicedate', 'Invoice Date', 1, 2, '', 100, 5, 67, 1, 'D~O', 3, 0, 'BAS', 1, '' ), ( 23, 441, 'duedate', 'vtiger_invoice', 1, '5', 'duedate', 'Due Date', 1, 2, '', 100, 6, 67, 1, 'D~O', 3, 0, 'BAS', 1, '' ), ( 23, 442, 'purchaseorder', 'vtiger_invoice', 1, '1', 'vtiger_purchaseorder', 'Purchase Order', 1, 2, '', 100, 8, 67, 1, 'V~O', 3, 0, 'BAS', 1, '' ), ( 23, 443, 'adjustment', 'vtiger_invoice', 1, '72', 'txtAdjustment', 'Adjustment', 1, 2, '', 100, 9, 67, 3, 'NN~O', 3, 0, 'BAS', 1, '' ), ( 23, 444, 'salescommission', 'vtiger_invoice', 1, '1', 'salescommission', 'Sales Commission', 1, 2, '', 10, 13, 67, 1, 'N~O', 3, 0, 'BAS', 1, '' ), ( 23, 445, 'exciseduty', 'vtiger_invoice', 1, '1', 'exciseduty', 'Excise Duty', 1, 2, '', 100, 11, 67, 1, 'N~O', 3, 0, 'BAS', 1, '' ), ( 23, 446, 'subtotal', 'vtiger_invoice', 1, '72', 'hdnSubTotal', 'Sub Total', 1, 2, '', 100, 12, 67, 3, 'N~O', 3, 0, 'BAS', 1, '' ), ( 23, 447, 'total', 'vtiger_invoice', 1, '72', 'hdnGrandTotal', 'Total', 1, 2, '', 100, 13, 67, 3, 'N~O', 3, 0, 'BAS', 1, '' ), ( 23, 448, 'taxtype', 'vtiger_invoice', 1, '16', 'hdnTaxType', 'Tax Type', 1, 2, '', 100, 13, 67, 3, 'V~O', 3, 0, 'BAS', 1, '' ), ( 23, 449, 'discount_percent', 'vtiger_invoice', 1, '1', 'hdnDiscountPercent', 'Discount Percent', 1, 2, '', 100, 13, 67, 3, 'N~O', 3, 0, 'BAS', 1, '' ), ( 23, 450, 'discount_amount', 'vtiger_invoice', 1, '72', 'hdnDiscountAmount', 'Discount Amount', 1, 2, '', 100, 13, 67, 3, 'N~O', 3, 0, 'BAS', 1, '' ), ( 23, 451, 's_h_amount', 'vtiger_invoice', 1, '72', 'hdnS_H_Amount', 'S&H Amount', 1, 2, '', 100, 14, 57, 3, 'N~O', 3, 0, 'BAS', 1, '' ), ( 23, 452, 'accountid', 'vtiger_invoice', 1, '73', 'account_id', 'Account Name', 1, 2, '', 100, 14, 67, 1, 'I~M', 3, 0, 'BAS', 1, '' ), ( 23, 453, 'invoicestatus', 'vtiger_invoice', 1, '15', 'invoicestatus', 'Status', 1, 2, '', 100, 15, 67, 1, 'V~O', 3, 0, 'BAS', 1, '' ), ( 23, 454, 'smownerid', 'vtiger_crmentity', 1, '53', 'assigned_user_id', 'Assigned To', 1, 0, '', 100, 16, 67, 1, 'V~M', 3, 0, 'BAS', 1, '' ), ( 23, 455, 'createdtime', 'vtiger_crmentity', 1, '70', 'createdtime', 'Created Time', 1, 0, '', 100, 17, 67, 2, 'DT~O', 3, 0, 'BAS', 0, '' ), ( 23, 456, 'modifiedtime', 'vtiger_crmentity', 1, '70', 'modifiedtime', 'Modified Time', 1, 0, '', 100, 18, 67, 2, 'DT~O', 3, 0, 'BAS', 0, '' ), ( 23, 457, 'modifiedby', 'vtiger_crmentity', 1, '52', 'modifiedby', 'Last Modified By', 1, 0, '', 100, 22, 67, 3, 'V~O', 3, 0, 'BAS', 0, '' ), ( 23, 458, 'currency_id', 'vtiger_invoice', 1, '117', 'currency_id', 'Currency', 1, 2, '1', 100, 19, 67, 3, 'I~O', 3, 0, 'BAS', 1, '' ), ( 23, 459, 'conversion_rate', 'vtiger_invoice', 1, '1', 'conversion_rate', 'Conversion Rate', 1, 2, '1', 100, 20, 67, 3, 'N~O', 3, 0, 'BAS', 1, '' ), ( 23, 460, 'bill_street', 'vtiger_invoicebillads', 1, '24', 'bill_street', 'Billing Address', 1, 2, '', 100, 1, 69, 1, 'V~M', 3, 0, 'BAS', 1, '' ), ( 23, 461, 'ship_street', 'vtiger_invoiceshipads', 1, '24', 'ship_street', 'Shipping Address', 1, 2, '', 100, 2, 69, 1, 'V~M', 3, 0, 'BAS', 1, '' ), ( 23, 462, 'bill_city', 'vtiger_invoicebillads', 1, '1', 'bill_city', 'Billing City', 1, 2, '', 100, 5, 69, 1, 'V~O', 3, 0, 'BAS', 1, '' ), ( 23, 463, 'ship_city', 'vtiger_invoiceshipads', 1, '1', 'ship_city', 'Shipping City', 1, 2, '', 100, 6, 69, 1, 'V~O', 3, 0, 'BAS', 1, '' ), ( 23, 464, 'bill_state', 'vtiger_invoicebillads', 1, '1', 'bill_state', 'Billing State', 1, 2, '', 100, 7, 69, 1, 'V~O', 3, 0, 'BAS', 1, '' ), ( 23, 465, 'ship_state', 'vtiger_invoiceshipads', 1, '1', 'ship_state', 'Shipping State', 1, 2, '', 100, 8, 69, 1, 'V~O', 3, 0, 'BAS', 1, '' ), ( 23, 466, 'bill_code', 'vtiger_invoicebillads', 1, '1', 'bill_code', 'Billing Code', 1, 2, '', 100, 9, 69, 1, 'V~O', 3, 0, 'BAS', 1, '' ), ( 23, 467, 'ship_code', 'vtiger_invoiceshipads', 1, '1', 'ship_code', 'Shipping Code', 1, 2, '', 100, 10, 69, 1, 'V~O', 3, 0, 'BAS', 1, '' ), ( 23, 468, 'bill_country', 'vtiger_invoicebillads', 1, '1', 'bill_country', 'Billing Country', 1, 2, '', 100, 11, 69, 1, 'V~O', 3, 0, 'BAS', 1, '' ), ( 23, 469, 'ship_country', 'vtiger_invoiceshipads', 1, '1', 'ship_country', 'Shipping Country', 1, 2, '', 100, 12, 69, 1, 'V~O', 3, 0, 'BAS', 1, '' ), ( 23, 470, 'bill_pobox', 'vtiger_invoicebillads', 1, '1', 'bill_pobox', 'Billing Po Box', 1, 2, '', 100, 3, 69, 1, 'V~O', 3, 0, 'BAS', 1, '' ), ( 23, 471, 'ship_pobox', 'vtiger_invoiceshipads', 1, '1', 'ship_pobox', 'Shipping Po Box', 1, 2, '', 100, 4, 69, 1, 'V~O', 3, 0, 'BAS', 1, '' ), ( 23, 472, 'description', 'vtiger_crmentity', 1, '19', 'description', 'Description', 1, 2, '', 100, 1, 72, 1, 'V~O', 3, 0, 'ADV', 1, '' ), ( 23, 473, 'terms_conditions', 'vtiger_invoice', 1, '19', 'terms_conditions', 'Terms & Conditions', 1, 2, '', 100, 1, 71, 1, 'V~O', 3, 0, 'ADV', 1, '' ), ( 23, 474, 'invoice_no', 'vtiger_invoice', 1, '4', 'invoice_no', 'Invoice No', 1, 0, '', 100, 3, 67, 1, 'V~O', 3, 0, 'BAS', 0, '' ), ( 29, 475, 'user_name', 'vtiger_users', 1, '106', 'user_name', 'User Name', 1, 0, '', 11, 1, 77, 1, 'V~M', 1, 0, 'BAS', 1, '' ), ( 29, 476, 'is_admin', 'vtiger_users', 1, '156', 'is_admin', 'Admin', 1, 0, '', 3, 2, 77, 1, 'V~O', 1, 0, 'BAS', 1, '' ), ( 29, 477, 'user_password', 'vtiger_users', 1, '99', 'user_password', 'Password', 1, 0, '', 30, 3, 77, 4, 'P~M', 1, 0, 'BAS', 1, '' ), ( 29, 478, 'confirm_password', 'vtiger_users', 1, '99', 'confirm_password', 'Confirm Password', 1, 0, '', 30, 5, 77, 4, 'P~M', 1, 0, 'BAS', 1, '' ), ( 29, 479, 'first_name', 'vtiger_users', 1, '1', 'first_name', 'First Name', 1, 0, '', 30, 7, 77, 1, 'V~O', 1, 0, 'BAS', 1, '' ), ( 29, 480, 'last_name', 'vtiger_users', 1, '2', 'last_name', 'Last Name', 1, 0, '', 30, 9, 77, 1, 'V~M', 1, 0, 'BAS', 1, '' ), ( 29, 481, 'roleid', 'vtiger_user2role', 1, '98', 'roleid', 'Role', 1, 0, '', 200, 11, 77, 1, 'V~M', 1, 0, 'BAS', 1, '' ), ( 29, 482, 'email1', 'vtiger_users', 1, '104', 'email1', 'Email', 1, 0, '', 100, 4, 77, 1, 'E~M', 1, 0, 'BAS', 1, '' ), ( 29, 483, 'status', 'vtiger_users', 1, '115', 'status', 'Status', 1, 0, '', 100, 6, 77, 1, 'V~O', 1, 0, 'BAS', 1, '' ), ( 29, 484, 'activity_view', 'vtiger_users', 1, '16', 'activity_view', 'Default Activity View', 1, 0, '', 100, 12, 77, 1, 'V~O', 1, 0, 'BAS', 1, '' ), ( 29, 485, 'lead_view', 'vtiger_users', 1, '16', 'lead_view', 'Default Lead View', 1, 0, '', 100, 10, 77, 1, 'V~O', 1, 0, 'BAS', 1, '' ), ( 29, 486, 'hour_format', 'vtiger_users', 1, '116', 'hour_format', 'Calendar Hour Format', 1, 0, '', 100, 13, 77, 3, 'V~O', 1, 0, 'BAS', 1, '' ), ( 29, 487, 'end_hour', 'vtiger_users', 1, '116', 'end_hour', 'Day ends at', 1, 0, '', 100, 15, 77, 3, 'V~O', 1, 0, 'BAS', 1, '' ), ( 29, 488, 'start_hour', 'vtiger_users', 1, '116', 'start_hour', 'Day starts at', 1, 0, '', 100, 14, 77, 3, 'V~O', 1, 0, 'BAS', 1, '' ), ( 29, 489, 'title', 'vtiger_users', 1, '1', 'title', 'Title', 1, 0, '', 50, 1, 79, 1, 'V~O', 1, 0, 'BAS', 1, '' ), ( 29, 490, 'phone_work', 'vtiger_users', 1, '11', 'phone_work', 'Office Phone', 1, 0, '', 50, 5, 79, 1, 'V~O', 1, 0, 'BAS', 1, '' ), ( 29, 491, 'department', 'vtiger_users', 1, '1', 'department', 'Department', 1, 0, '', 50, 3, 79, 1, 'V~O', 1, 0, 'BAS', 1, '' ), ( 29, 492, 'phone_mobile', 'vtiger_users', 1, '11', 'phone_mobile', 'Mobile', 1, 0, '', 50, 7, 79, 1, 'V~O', 1, 0, 'BAS', 1, '' ), ( 29, 493, 'reports_to_id', 'vtiger_users', 1, '101', 'reports_to_id', 'Reports To', 1, 0, '', 50, 8, 79, 1, 'V~O', 1, 0, 'BAS', 1, '' ), ( 29, 494, 'phone_other', 'vtiger_users', 1, '11', 'phone_other', 'Other Phone', 1, 0, '', 50, 11, 79, 1, 'V~O', 1, 0, 'BAS', 1, '' ), ( 29, 495, 'email2', 'vtiger_users', 1, '13', 'email2', 'Other Email', 1, 0, '', 100, 4, 79, 1, 'E~O', 1, 0, 'BAS', 1, '' ), ( 29, 496, 'phone_fax', 'vtiger_users', 1, '11', 'phone_fax', 'Fax', 1, 0, '', 50, 2, 79, 1, 'V~O', 1, 0, 'BAS', 1, '' ), ( 29, 497, 'secondaryemail', 'vtiger_users', 1, '13', 'secondaryemail', 'Secondary Email', 1, 0, '', 100, 6, 79, 1, 'E~O', 1, 0, 'BAS', 1, '' ), ( 29, 498, 'phone_home', 'vtiger_users', 1, '11', 'phone_home', 'Home Phone', 1, 0, '', 50, 9, 79, 1, 'V~O', 1, 0, 'BAS', 1, '' ), ( 29, 499, 'date_format', 'vtiger_users', 1, '16', 'date_format', 'Date Format', 1, 0, '', 30, 12, 79, 1, 'V~O', 1, 0, 'BAS', 1, '' ), ( 29, 500, 'signature', 'vtiger_users', 1, '21', 'signature', 'Signature', 1, 0, '', 250, 13, 79, 1, 'V~O', 1, 0, 'BAS', 1, '' ), ( 29, 501, 'description', 'vtiger_users', 1, '21', 'description', 'Documents', 1, 0, '', 250, 14, 79, 1, 'V~O', 1, 0, 'BAS', 1, '' ), ( 29, 502, 'address_street', 'vtiger_users', 1, '21', 'address_street', 'Street Address', 1, 0, '', 250, 1, 80, 1, 'V~O', 1, 0, 'BAS', 1, '' ), ( 29, 503, 'address_city', 'vtiger_users', 1, '1', 'address_city', 'City', 1, 0, '', 100, 3, 80, 1, 'V~O', 1, 0, 'BAS', 1, '' ), ( 29, 504, 'address_state', 'vtiger_users', 1, '1', 'address_state', 'State', 1, 0, '', 100, 5, 80, 1, 'V~O', 1, 0, 'BAS', 1, '' ), ( 29, 505, 'address_postalcode', 'vtiger_users', 1, '1', 'address_postalcode', 'Postal Code', 1, 0, '', 100, 4, 80, 1, 'V~O', 1, 0, 'BAS', 1, '' ), ( 29, 506, 'address_country', 'vtiger_users', 1, '1', 'address_country', 'Country', 1, 0, '', 100, 2, 80, 1, 'V~O', 1, 0, 'BAS', 1, '' ), ( 29, 507, 'accesskey', 'vtiger_users', 1, '3', 'accesskey', 'Webservice Access Key', 1, 0, '', 100, 2, 83, 2, 'V~O', 1, 0, 'BAS', 1, '' ), ( 29, 508, 'time_zone', 'vtiger_users', 1, '16', 'time_zone', 'Time Zone', 1, 0, '', 200, 15, 79, 1, 'V~O', 1, 0, 'BAS', 1, '' ), ( 29, 509, 'currency_id', 'vtiger_users', 1, '117', 'currency_id', 'Currency', 1, 0, '', 100, 1, 78, 1, 'I~O', 1, 0, 'BAS', 1, '' ), ( 29, 510, 'currency_grouping_pattern', 'vtiger_users', 1, '16', 'currency_grouping_pattern', 'Digit Grouping Pattern', 1, 0, '', 100, 2, 78, 1, 'V~O', 1, 0, 'BAS', 1, '<b>Currency - Digit Grouping Pattern</b> <br/><br/>This pattern specifies the format in which the currency separator will be placed.' ), ( 29, 511, 'currency_decimal_separator', 'vtiger_users', 1, '16', 'currency_decimal_separator', 'Decimal Separator', 1, 0, '', 2, 3, 78, 1, 'V~O', 1, 0, 'BAS', 1, '<b>Currency - Decimal Separator</b> <br/><br/>Decimal separator specifies the separator to be used to separate the fractional values from the whole number part. <br/><b>Eg:</b> <br/>. => 123.45 <br/>, => 123,45 <br/>\' => 123\'45 <br/>  => 123 45 <br/>$ => 123$45 <br/>' ), ( 29, 512, 'currency_grouping_separator', 'vtiger_users', 1, '16', 'currency_grouping_separator', 'Digit Grouping Separator', 1, 0, '', 2, 4, 78, 1, 'V~O', 1, 0, 'BAS', 1, '<b>Currency - Grouping Separator</b> <br/><br/>Grouping separator specifies the separator to be used to group the whole number part into hundreds, thousands etc. <br/><b>Eg:</b> <br/>. => 123.456.789 <br/>, => 123,456,789 <br/>\' => 123\'456\'789 <br/>  => 123 456 789 <br/>$ => 123$456$789 <br/>' ), ( 29, 513, 'currency_symbol_placement', 'vtiger_users', 1, '16', 'currency_symbol_placement', 'Symbol Placement', 1, 0, '', 20, 5, 78, 1, 'V~O', 1, 0, 'BAS', 1, '<b>Currency - Symbol Placement</b> <br/><br/>Symbol Placement allows you to configure the position of the currency symbol with respect to the currency value.<br/><b>Eg:</b> <br/>$1.0 => $123,456,789.50 <br/>1.0$ => 123,456,789.50$ <br/>' ), ( 29, 514, 'imagename', 'vtiger_users', 1, '105', 'imagename', 'User Image', 1, 0, '', 250, 10, 82, 1, 'V~O', 1, 0, 'BAS', 1, '' ), ( 29, 515, 'internal_mailer', 'vtiger_users', 1, '56', 'internal_mailer', 'INTERNAL_MAIL_COMPOSER', 1, 0, '', 50, 15, 79, 1, 'V~O', 1, 0, 'BAS', 1, '' ), ( 29, 516, 'theme', 'vtiger_users', 1, '31', 'theme', 'Theme', 1, 0, '', 100, 16, 79, 1, 'V~O', 1, 0, 'BAS', 1, '' ), ( 29, 517, 'language', 'vtiger_users', 1, '32', 'language', 'Language', 1, 0, '', 100, 17, 79, 1, 'V~O', 1, 0, 'BAS', 1, '' ), ( 29, 518, 'reminder_interval', 'vtiger_users', 1, '16', 'reminder_interval', 'Reminder Interval', 1, 0, '', 100, 1, 83, 1, 'V~O', 1, 0, 'BAS', 1, '' ), ( 10, 519, 'from_email', 'vtiger_emaildetails', 1, '12', 'from_email', 'From', 1, 2, '', 100, 1, 21, 3, 'V~M', 3, 0, 'BAS', 0, '' ), ( 10, 520, 'to_email', 'vtiger_emaildetails', 1, '8', 'saved_toid', 'To', 1, 2, '', 100, 2, 21, 1, 'V~M', 3, 0, 'BAS', 0, '' ), ( 10, 521, 'cc_email', 'vtiger_emaildetails', 1, '8', 'ccmail', 'CC', 1, 2, '', 1000, 3, 21, 1, 'V~O', 3, 0, 'BAS', 0, '' ), ( 10, 522, 'bcc_email', 'vtiger_emaildetails', 1, '8', 'bccmail', 'BCC', 1, 2, '', 1000, 4, 21, 1, 'V~O', 3, 0, 'BAS', 0, '' ), ( 10, 523, 'idlists', 'vtiger_emaildetails', 1, '357', 'parent_id', 'Parent ID', 1, 2, '', 1000, 5, 21, 1, 'V~O', 3, 0, 'BAS', 0, '' ), ( 10, 524, 'email_flag', 'vtiger_emaildetails', 1, '16', 'email_flag', 'Email Flag', 1, 2, '', 1000, 6, 21, 3, 'V~O', 3, 0, 'BAS', 0, '' ), ( 30, 525, 'smownerid', 'vtiger_crmentity', 1, '53', 'assigned_user_id', 'Assigned To', 1, 2, '', 100, 4, 88, 1, 'V~M', 2, 2, 'BAS', 1, '' ), ( 30, 526, 'createdtime', 'vtiger_crmentity', 1, '70', 'createdtime', 'Created Time', 1, 0, '', 100, 17, 88, 2, 'V~O', 3, 0, 'BAS', 0, '' ), ( 30, 527, 'modifiedtime', 'vtiger_crmentity', 1, '70', 'modifiedtime', 'Modified Time', 1, 0, '', 100, 18, 88, 2, 'V~O', 3, 0, 'BAS', 0, '' ), ( 30, 528, 'start_date', 'vtiger_servicecontracts', 1, '5', 'start_date', 'Start Date', 1, 2, '', 100, 7, 88, 1, 'D~O', 2, 4, 'BAS', 1, '' ), ( 30, 529, 'end_date', 'vtiger_servicecontracts', 1, '5', 'end_date', 'End Date', 1, 2, '', 100, 11, 88, 2, 'D~O', 3, 0, 'BAS', 0, '' ), ( 30, 530, 'sc_related_to', 'vtiger_servicecontracts', 1, '10', 'sc_related_to', 'Related to', 1, 2, '', 100, 3, 88, 1, 'V~O', 2, 6, 'BAS', 1, '' ), ( 30, 531, 'tracking_unit', 'vtiger_servicecontracts', 1, '15', 'tracking_unit', 'Tracking Unit', 1, 2, '', 100, 6, 88, 1, 'V~O', 2, 7, 'BAS', 1, '' ), ( 30, 532, 'total_units', 'vtiger_servicecontracts', 1, '7', 'total_units', 'Total Units', 1, 2, '', 100, 8, 88, 1, 'V~O', 2, 8, 'BAS', 1, '' ), ( 30, 533, 'used_units', 'vtiger_servicecontracts', 1, '7', 'used_units', 'Used Units', 1, 2, '', 100, 10, 88, 1, 'V~O', 2, 9, 'BAS', 1, '' ), ( 30, 534, 'subject', 'vtiger_servicecontracts', 1, '1', 'subject', 'Subject', 1, 0, '', 100, 1, 88, 1, 'V~M', 0, 1, 'BAS', 1, '' ), ( 30, 535, 'due_date', 'vtiger_servicecontracts', 1, '23', 'due_date', 'Due date', 1, 2, '', 100, 9, 88, 1, 'D~O', 2, 5, 'BAS', 1, '' ), ( 30, 536, 'planned_duration', 'vtiger_servicecontracts', 1, '1', 'planned_duration', 'Planned Duration', 1, 2, '', 100, 13, 88, 2, 'V~O', 3, 0, 'BAS', 0, '' ), ( 30, 537, 'actual_duration', 'vtiger_servicecontracts', 1, '1', 'actual_duration', 'Actual Duration', 1, 2, '', 100, 15, 88, 2, 'V~O', 3, 0, 'BAS', 0, '' ), ( 30, 538, 'contract_status', 'vtiger_servicecontracts', 1, '15', 'contract_status', 'Status', 1, 2, '', 100, 12, 88, 1, 'V~O', 1, 0, 'BAS', 1, '' ), ( 30, 539, 'priority', 'vtiger_servicecontracts', 1, '15', 'contract_priority', 'Priority', 1, 2, '', 100, 14, 88, 1, 'V~O', 1, 0, 'BAS', 1, '' ), ( 30, 540, 'contract_type', 'vtiger_servicecontracts', 1, '15', 'contract_type', 'Type', 1, 2, '', 100, 5, 88, 1, 'V~O', 1, 0, 'BAS', 1, '' ), ( 30, 541, 'progress', 'vtiger_servicecontracts', 1, '9', 'progress', 'Progress', 1, 2, '', 100, 16, 88, 2, 'N~O~2~2', 3, 3, 'BAS', 0, '' ), ( 30, 542, 'contract_no', 'vtiger_servicecontracts', 1, '4', 'contract_no', 'Contract No', 1, 0, '', 100, 2, 88, 1, 'V~O', 3, 0, 'BAS', 0, '' ), ( 30, 543, 'modifiedby', 'vtiger_crmentity', 1, '52', 'modifiedby', 'Last Modified By', 1, 0, '', 100, 17, 88, 3, 'V~O', 3, 0, 'BAS', 0, '' ), ( 39, 544, 'callfrom', 'vtiger_pbxmanager', 1, '2', 'callfrom', 'Call From', 1, 0, '', 100, 1, 90, 1, 'V~M', 1, 0, 'BAS', 1, '' ), ( 39, 545, 'callto', 'vtiger_pbxmanager', 1, '2', 'callto', 'Call To', 1, 0, '', 100, 2, 90, 1, 'V~M', 1, 0, 'BAS', 1, '' ), ( 39, 546, 'timeofcall', 'vtiger_pbxmanager', 1, '2', 'timeofcall', 'Time Of Call', 1, 0, '', 100, 3, 90, 1, 'V~O', 1, 0, 'BAS', 1, '' ), ( 39, 547, 'status', 'vtiger_pbxmanager', 1, '2', 'status', 'Status', 1, 0, '', 100, 4, 90, 1, 'V~O', 1, 0, 'BAS', 1, '' ), ( 29, 548, 'asterisk_extension', 'vtiger_asteriskextensions', 1, '1', 'asterisk_extension', 'Asterisk Extension', 1, 0, '0', 30, 1, 92, 1, 'V~O', 1, 0, 'BAS', 1, '' ), ( 29, 549, 'use_asterisk', 'vtiger_asteriskextensions', 1, '56', 'use_asterisk', ' Receive Incoming Calls', 1, 0, '0', 30, 2, 92, 1, 'C~O', 1, 0, 'BAS', 1, '' ), ( 40, 550, 'servicename', 'vtiger_service', 1, '2', 'servicename', 'Service Name', 1, 0, '', 100, 1, 93, 1, 'V~M', 0, 1, 'BAS', 1, '' ), ( 40, 551, 'service_no', 'vtiger_service', 1, '4', 'service_no', 'Service No', 1, 0, '', 100, 2, 93, 1, 'V~O', 3, 0, 'BAS', 0, '' ), ( 40, 552, 'discontinued', 'vtiger_service', 1, '56', 'discontinued', 'Service Active', 1, 2, '', 100, 4, 93, 1, 'V~O', 2, 3, 'BAS', 1, '' ), ( 40, 553, 'sales_start_date', 'vtiger_service', 1, '5', 'sales_start_date', 'Sales Start Date', 1, 2, '', 100, 9, 93, 1, 'D~O', 1, 0, 'BAS', 1, '' ), ( 40, 554, 'sales_end_date', 'vtiger_service', 1, '5', 'sales_end_date', 'Sales End Date', 1, 2, '', 100, 10, 93, 1, 'D~O~OTH~GE~sales_start_date~Sales Start Date', 1, 0, 'BAS', 1, '' ), ( 40, 555, 'start_date', 'vtiger_service', 1, '5', 'start_date', 'Support Start Date', 1, 2, '', 100, 11, 93, 1, 'D~O', 1, 0, 'BAS', 1, '' ), ( 40, 556, 'expiry_date', 'vtiger_service', 1, '5', 'expiry_date', 'Support Expiry Date', 1, 2, '', 100, 12, 93, 1, 'D~O~OTH~GE~start_date~Start Date', 1, 0, 'BAS', 1, '' ), ( 40, 557, 'website', 'vtiger_service', 1, '17', 'website', 'Website', 1, 2, '', 100, 6, 93, 1, 'V~O', 1, 0, 'BAS', 1, '' ), ( 40, 558, 'createdtime', 'vtiger_crmentity', 1, '70', 'createdtime', 'Created Time', 1, 0, '', 100, 13, 93, 2, 'T~O', 3, 0, 'BAS', 0, '' ), ( 40, 559, 'modifiedtime', 'vtiger_crmentity', 1, '70', 'modifiedtime', 'Modified Time', 1, 0, '', 100, 14, 93, 2, 'T~O', 3, 0, 'BAS', 0, '' ), ( 40, 560, 'modifiedby', 'vtiger_crmentity', 1, '52', 'modifiedby', 'Last Modified By', 1, 0, '', 100, 16, 93, 3, 'V~O', 3, 0, 'BAS', 0, '' ), ( 40, 561, 'service_usageunit', 'vtiger_service', 1, '15', 'service_usageunit', 'Usage Unit', 1, 2, '', 100, 3, 93, 1, 'V~O', 1, 0, 'BAS', 1, '' ), ( 40, 562, 'qty_per_unit', 'vtiger_service', 1, '1', 'qty_per_unit', 'No of Units', 1, 2, '', 100, 5, 93, 1, 'N~O', 1, 0, 'BAS', 1, '' ), ( 40, 563, 'smownerid', 'vtiger_crmentity', 1, '53', 'assigned_user_id', 'Owner', 1, 0, '', 100, 8, 93, 1, 'I~O', 1, 0, 'BAS', 1, '' ), ( 40, 564, 'servicecategory', 'vtiger_service', 1, '15', 'servicecategory', 'Service Category', 1, 2, '', 100, 7, 93, 1, 'V~O', 1, 0, 'BAS', 1, '' ), ( 40, 565, 'unit_price', 'vtiger_service', 1, '72', 'unit_price', 'Price', 1, 2, '', 100, 1, 94, 1, 'N~O', 2, 2, 'BAS', 0, '' ), ( 40, 566, 'taxclass', 'vtiger_service', 1, '83', 'taxclass', 'Tax Class', 1, 2, '', 100, 4, 94, 1, 'V~O', 1, 0, 'BAS', 1, '' ), ( 40, 567, 'commissionrate', 'vtiger_service', 1, '9', 'commissionrate', 'Commission Rate', 1, 2, '', 100, 2, 94, 1, 'N~O', 1, 0, 'BAS', 1, '' ), ( 40, 568, 'description', 'vtiger_crmentity', 1, '19', 'description', 'Description', 1, 2, '', 100, 1, 96, 1, 'V~O', 1, 0, 'BAS', 1, '' ), ( 41, 569, 'smownerid', 'vtiger_crmentity', 1, '53', 'assigned_user_id', 'Assigned To', 1, 0, '', 100, 2, 97, 1, 'V~M', 1, 0, 'BAS', 1, '' ), ( 41, 570, 'createdtime', 'vtiger_crmentity', 1, '70', 'createdtime', 'Created Time', 1, 0, '', 100, 5, 97, 2, 'T~O', 1, 0, 'BAS', 0, '' ), ( 41, 571, 'modifiedtime', 'vtiger_crmentity', 1, '70', 'modifiedtime', 'Modified Time', 1, 0, '', 100, 6, 97, 2, 'T~O', 1, 0, 'BAS', 0, '' ), ( 41, 572, 'modifiedby', 'vtiger_crmentity', 1, '52', 'modifiedby', 'Last Modified By', 1, 0, '', 100, 7, 97, 3, 'V~O', 3, 0, 'BAS', 0, '' ), ( 41, 573, 'message', 'vtiger_smsnotifier', 1, '21', 'message', 'message', 1, 0, '', 100, 1, 97, 1, 'V~M', 1, 0, 'BAS', 1, '' ), ( 43, 574, 'asset_no', 'vtiger_assets', 1, '4', 'asset_no', 'Asset No', 1, 0, '', 100, 2, 100, 1, 'V~O', 3, 0, 'BAS', 0, '' ), ( 43, 575, 'product', 'vtiger_assets', 1, '10', 'product', 'Product Name', 1, 2, '', 100, 3, 100, 1, 'V~M', 0, 3, 'BAS', 1, '' ), ( 43, 576, 'serialnumber', 'vtiger_assets', 1, '2', 'serialnumber', 'Serial Number', 1, 2, '', 100, 4, 100, 1, 'V~M', 0, 5, 'BAS', 1, '' ), ( 43, 577, 'datesold', 'vtiger_assets', 1, '5', 'datesold', 'Date Sold', 1, 2, '', 100, 5, 100, 1, 'D~M~OTH~GE~datesold~Date Sold', 0, 0, 'BAS', 1, '' ), ( 43, 578, 'dateinservice', 'vtiger_assets', 1, '5', 'dateinservice', 'Date in Service', 1, 2, '', 100, 6, 100, 1, 'D~M~OTH~GE~dateinservice~Date in Service', 0, 4, 'BAS', 1, '' ), ( 43, 579, 'assetstatus', 'vtiger_assets', 1, '15', 'assetstatus', 'Status', 1, 2, '', 100, 7, 100, 1, 'V~M', 0, 0, 'BAS', 1, '' ), ( 43, 580, 'tagnumber', 'vtiger_assets', 1, '2', 'tagnumber', 'Tag Number', 1, 2, '', 100, 8, 100, 1, 'V~O', 1, 0, 'BAS', 1, '' ), ( 43, 581, 'invoiceid', 'vtiger_assets', 1, '10', 'invoiceid', 'Invoice Name', 1, 2, '', 100, 9, 100, 1, 'V~O', 1, 0, 'BAS', 1, '' ), ( 43, 582, 'shippingmethod', 'vtiger_assets', 1, '2', 'shippingmethod', 'Shipping Method', 1, 2, '', 100, 10, 100, 1, 'V~O', 1, 0, 'BAS', 1, '' ), ( 43, 583, 'shippingtrackingnumber', 'vtiger_assets', 1, '2', 'shippingtrackingnumber', 'Shipping Tracking Number', 1, 2, '', 100, 11, 100, 1, 'V~O', 1, 0, 'BAS', 1, '' ), ( 43, 584, 'smownerid', 'vtiger_crmentity', 1, '53', 'assigned_user_id', 'Assigned To', 1, 2, '', 100, 4, 100, 1, 'V~M', 0, 2, 'BAS', 1, '' ), ( 43, 585, 'assetname', 'vtiger_assets', 1, '1', 'assetname', 'Asset Name', 1, 0, '', 100, 12, 100, 1, 'V~M', 0, 6, 'BAS', 1, '' ), ( 43, 586, 'account', 'vtiger_assets', 1, '10', 'account', 'Customer Name', 1, 2, '', 100, 13, 100, 1, 'V~M', 0, 0, 'BAS', 1, '' ), ( 43, 587, 'createdtime', 'vtiger_crmentity', 1, '70', 'createdtime', 'Created Time', 1, 0, '', 100, 14, 100, 2, 'T~O', 3, 0, 'BAS', 0, '' ), ( 43, 588, 'modifiedtime', 'vtiger_crmentity', 1, '70', 'modifiedtime', 'Modified Time', 1, 0, '', 100, 15, 100, 2, 'T~O', 3, 0, 'BAS', 0, '' ), ( 43, 589, 'modifiedby', 'vtiger_crmentity', 1, '52', 'modifiedby', 'Last Modified By', 1, 0, '', 100, 16, 100, 3, 'V~O', 3, 0, 'BAS', 0, '' ), ( 43, 590, 'description', 'vtiger_crmentity', 1, '19', 'description', 'Notes', 1, 2, '', 100, 1, 102, 1, 'V~O', 1, 0, 'BAS', 1, '' ), ( 45, 591, 'projectmilestonename', 'vtiger_projectmilestone', 1, '2', 'projectmilestonename', 'Project Milestone Name', 1, 2, '', 100, 1, 103, 1, 'V~M', 0, 1, 'BAS', 1, '' ), ( 45, 592, 'projectmilestonedate', 'vtiger_projectmilestone', 1, '5', 'projectmilestonedate', 'Milestone Date', 1, 2, '', 100, 5, 103, 1, 'D~O', 0, 3, 'BAS', 1, '' ), ( 45, 593, 'projectid', 'vtiger_projectmilestone', 1, '10', 'projectid', 'Related to', 1, 0, '', 100, 4, 103, 1, 'V~M', 0, 4, 'BAS', 1, '' ), ( 45, 594, 'projectmilestonetype', 'vtiger_projectmilestone', 1, '15', 'projectmilestonetype', 'Type', 1, 2, '', 100, 7, 103, 1, 'V~O', 1, 0, 'BAS', 1, '' ), ( 45, 595, 'smownerid', 'vtiger_crmentity', 1, '53', 'assigned_user_id', 'Assigned To', 1, 2, '', 100, 6, 103, 1, 'V~M', 0, 2, 'BAS', 1, '' ), ( 45, 596, 'projectmilestone_no', 'vtiger_projectmilestone', 2, '4', 'projectmilestone_no', 'Project Milestone No', 1, 0, '', 100, 2, 103, 1, 'V~O', 3, 4, 'BAS', 0, '' ), ( 45, 597, 'createdtime', 'vtiger_crmentity', 1, '70', 'createdtime', 'Created Time', 1, 2, '', 100, 1, 104, 2, 'T~O', 1, 0, 'BAS', 1, '' ), ( 45, 598, 'modifiedtime', 'vtiger_crmentity', 1, '70', 'modifiedtime', 'Modified Time', 1, 2, '', 100, 2, 104, 2, 'T~O', 1, 0, 'BAS', 1, '' ), ( 45, 599, 'modifiedby', 'vtiger_crmentity', 1, '52', 'modifiedby', 'Last Modified By', 1, 0, '', 100, 3, 104, 3, 'V~O', 3, 0, 'BAS', 0, '' ), ( 45, 600, 'description', 'vtiger_crmentity', 1, '19', 'description', 'description', 1, 2, '', 100, 1, 105, 1, 'V~O', 1, 0, 'BAS', 1, '' ), ( 46, 601, 'projecttaskname', 'vtiger_projecttask', 1, '2', 'projecttaskname', 'Project Task Name', 1, 2, '', 100, 1, 106, 1, 'V~M', 0, 1, 'BAS', 1, '' ), ( 46, 602, 'projecttasktype', 'vtiger_projecttask', 1, '15', 'projecttasktype', 'Type', 1, 2, '', 100, 4, 106, 1, 'V~O', 1, 0, 'BAS', 1, '' ), ( 46, 603, 'projecttaskpriority', 'vtiger_projecttask', 1, '15', 'projecttaskpriority', 'Priority', 1, 2, '', 100, 3, 106, 1, 'V~O', 1, 0, 'BAS', 1, '' ), ( 46, 604, 'projectid', 'vtiger_projecttask', 1, '10', 'projectid', 'Related to', 1, 0, '', 100, 6, 106, 1, 'V~M', 0, 5, 'BAS', 1, '' ), ( 46, 605, 'smownerid', 'vtiger_crmentity', 1, '53', 'assigned_user_id', 'Assigned To', 1, 2, '', 100, 7, 106, 1, 'V~M', 0, 2, 'BAS', 1, '' ), ( 46, 606, 'projecttasknumber', 'vtiger_projecttask', 1, '7', 'projecttasknumber', 'Project Task Number', 1, 2, '', 100, 5, 106, 1, 'I~O', 1, 0, 'BAS', 1, '' ), ( 46, 607, 'projecttask_no', 'vtiger_projecttask', 2, '4', 'projecttask_no', 'Project Task No', 1, 0, '', 100, 2, 106, 1, 'V~O', 3, 4, 'BAS', 0, '' ), ( 46, 608, 'projecttaskprogress', 'vtiger_projecttask', 1, '15', 'projecttaskprogress', 'Progress', 1, 2, '', 100, 1, 107, 1, 'V~O', 1, 0, 'BAS', 1, '' ), ( 46, 609, 'projecttaskhours', 'vtiger_projecttask', 1, '7', 'projecttaskhours', 'Worked Hours', 1, 2, '', 100, 2, 107, 1, 'V~O', 1, 0, 'BAS', 1, '' ), ( 46, 610, 'startdate', 'vtiger_projecttask', 1, '5', 'startdate', 'Start Date', 1, 2, '', 100, 3, 107, 1, 'D~O', 0, 3, 'BAS', 1, '' ), ( 46, 611, 'enddate', 'vtiger_projecttask', 1, '5', 'enddate', 'End Date', 1, 2, '', 100, 4, 107, 1, 'D~O~OTH~GE~startdate~Start Date', 1, 0, 'BAS', 1, '' ), ( 46, 612, 'createdtime', 'vtiger_crmentity', 1, '70', 'createdtime', 'Created Time', 1, 2, '', 100, 5, 107, 2, 'T~O', 1, 0, 'BAS', 1, '' ), ( 46, 613, 'modifiedtime', 'vtiger_crmentity', 1, '70', 'modifiedtime', 'Modified Time', 1, 2, '', 100, 6, 107, 2, 'T~O', 1, 0, 'BAS', 1, '' ), ( 46, 614, 'modifiedby', 'vtiger_crmentity', 1, '52', 'modifiedby', 'Last Modified By', 1, 0, '', 100, 7, 107, 3, 'V~O', 3, 0, 'BAS', 0, '' ), ( 46, 615, 'description', 'vtiger_crmentity', 1, '19', 'description', 'description', 1, 2, '', 100, 1, 108, 1, 'V~O', 1, 0, 'BAS', 1, '' ), ( 47, 616, 'projectname', 'vtiger_project', 1, '2', 'projectname', 'Project Name', 1, 2, '', 100, 1, 109, 1, 'V~M', 0, 1, 'BAS', 1, '' ), ( 47, 617, 'startdate', 'vtiger_project', 1, '23', 'startdate', 'Start Date', 1, 2, '', 100, 3, 109, 1, 'D~O', 0, 3, 'BAS', 1, '' ), ( 47, 618, 'targetenddate', 'vtiger_project', 1, '23', 'targetenddate', 'Target End Date', 1, 2, '', 100, 5, 109, 1, 'D~O~OTH~GE~startdate~Start Date', 0, 4, 'BAS', 1, '' ), ( 47, 619, 'actualenddate', 'vtiger_project', 1, '23', 'actualenddate', 'Actual End Date', 1, 2, '', 100, 6, 109, 1, 'D~O~OTH~GE~startdate~Start Date', 1, 0, 'BAS', 1, '' ), ( 47, 620, 'projectstatus', 'vtiger_project', 1, '15', 'projectstatus', 'Status', 1, 2, '', 100, 7, 109, 1, 'V~O', 1, 0, 'BAS', 1, '' ), ( 47, 621, 'projecttype', 'vtiger_project', 1, '15', 'projecttype', 'Type', 1, 2, '', 100, 8, 109, 1, 'V~O', 1, 0, 'BAS', 1, '' ), ( 47, 622, 'linktoaccountscontacts', 'vtiger_project', 1, '10', 'linktoaccountscontacts', 'Related to', 1, 2, '', 100, 9, 109, 1, 'V~O', 1, 0, 'BAS', 1, '' ), ( 47, 623, 'smownerid', 'vtiger_crmentity', 1, '53', 'assigned_user_id', 'Assigned To', 1, 2, '', 100, 4, 109, 1, 'V~M', 0, 2, 'BAS', 1, '' ), ( 47, 624, 'project_no', 'vtiger_project', 2, '4', 'project_no', 'Project No', 1, 0, '', 100, 2, 109, 1, 'V~O', 3, 0, 'BAS', 0, '' ), ( 47, 625, 'targetbudget', 'vtiger_project', 1, '7', 'targetbudget', 'Target Budget', 1, 2, '', 100, 1, 110, 1, 'V~O', 1, 0, 'BAS', 1, '' ), ( 47, 626, 'projecturl', 'vtiger_project', 1, '17', 'projecturl', 'Project Url', 1, 2, '', 100, 2, 110, 1, 'V~O', 1, 0, 'BAS', 1, '' ), ( 47, 627, 'projectpriority', 'vtiger_project', 1, '15', 'projectpriority', 'Priority', 1, 2, '', 100, 3, 110, 1, 'V~O', 1, 0, 'BAS', 1, '' ), ( 47, 628, 'progress', 'vtiger_project', 1, '15', 'progress', 'Progress', 1, 2, '', 100, 4, 110, 1, 'V~O', 1, 0, 'BAS', 1, '' ), ( 47, 629, 'createdtime', 'vtiger_crmentity', 1, '70', 'createdtime', 'Created Time', 1, 2, '', 100, 5, 110, 2, 'T~O', 1, 0, 'BAS', 1, '' ), ( 47, 630, 'modifiedtime', 'vtiger_crmentity', 1, '70', 'modifiedtime', 'Modified Time', 1, 2, '', 100, 6, 110, 2, 'T~O', 1, 0, 'BAS', 1, '' ), ( 47, 631, 'modifiedby', 'vtiger_crmentity', 1, '52', 'modifiedby', 'Last Modified By', 1, 0, '', 100, 7, 110, 3, 'V~O', 3, 0, 'BAS', 0, '' ), ( 47, 632, 'description', 'vtiger_crmentity', 1, '19', 'description', 'description', 1, 2, '', 100, 1, 111, 1, 'V~O', 1, 0, 'BAS', 1, '' ), ( 51, 633, 'commentcontent', 'vtiger_modcomments', 1, '19', 'commentcontent', 'Comment', 1, 0, '', 100, 4, 112, 1, 'V~M', 0, 4, 'BAS', 2, '' ), ( 51, 634, 'smownerid', 'vtiger_crmentity', 1, '53', 'assigned_user_id', 'Assigned To', 1, 0, '', 100, 1, 113, 1, 'V~M', 0, 1, 'BAS', 2, '' ), ( 51, 635, 'createdtime', 'vtiger_crmentity', 1, '70', 'createdtime', 'Created Time', 1, 0, '', 100, 5, 113, 2, 'T~O', 0, 2, 'BAS', 0, '' ), ( 51, 636, 'modifiedtime', 'vtiger_crmentity', 1, '70', 'modifiedtime', 'Modified Time', 1, 0, '', 100, 6, 113, 2, 'T~O', 0, 3, 'BAS', 0, '' ), ( 51, 637, 'related_to', 'vtiger_modcomments', 1, '10', 'related_to', 'Related To', 1, 2, '', 100, 2, 113, 1, 'V~M', 2, 5, 'BAS', 2, '' ), ( 51, 638, 'smcreatorid', 'vtiger_crmentity', 1, '52', 'creator', 'Creator', 1, 2, '', 100, 4, 113, 2, 'V~O', 1, 0, 'BAS', 1, '' ), ( 51, 639, 'parent_comments', 'vtiger_modcomments', 1, '10', 'parent_comments', 'Related To Comments', 1, 2, '', 100, 7, 113, 1, 'V~O', 1, 0, 'BAS', 1, '' ), ( 4, 640, 'cf_640', 'vtiger_contactscf', 2, '15', 'cf_640', 'Type of Contact', 0, 2, 'Customer', 100, 2, 4, 1, 'V~O', 2, 10, 'BAS', 1, '' ), ( 4, 641, 'cf_641', 'vtiger_contactscf', 2, '15', 'cf_641', 'US-Visa', 0, 2, '', 100, 1, 115, 1, 'V~O', 1, 0, 'BAS', 1, '' ), ( 4, 642, 'cf_642', 'vtiger_contactscf', 2, '1', 'cf_642', 'Nationality', 0, 2, '', 100, 6, 115, 1, 'V~O~LE~50', 1, 0, 'BAS', 1, '' ), ( 4, 643, 'cf_643', 'vtiger_contactscf', 2, '5', 'cf_643', 'Availability', 0, 2, '', 100, 4, 115, 1, 'D~O', 1, 0, 'BAS', 1, '' ), ( 4, 644, 'cf_644', 'vtiger_contactscf', 2, '1', 'cf_644', 'Primary Skill', 0, 2, '', 100, 5, 115, 1, 'V~O~LE~255', 1, 0, 'BAS', 1, '' ), ( 4, 645, 'cf_645', 'vtiger_contactscf', 2, '1', 'cf_645', 'Secondary Skill', 0, 2, '', 100, 8, 115, 1, 'V~O~LE~255', 1, 0, 'BAS', 1, '' ), ( 4, 646, 'cf_646', 'vtiger_contactscf', 2, '1', 'cf_646', 'Third Skill', 0, 2, '', 100, 7, 115, 1, 'V~O~LE~255', 1, 0, 'BAS', 1, '' ), ( 4, 647, 'cf_647', 'vtiger_contactscf', 2, '21', 'cf_647', 'Others skills and keywords', 0, 2, '', 100, 10, 115, 1, 'V~O', 1, 0, 'BAS', 1, '' ), ( 4, 648, 'cf_648', 'vtiger_contactscf', 2, '1', 'cf_648', 'Current Country of Residency', 0, 2, '', 100, 3, 115, 1, 'V~O~LE~255', 1, 0, 'BAS', 1, '' ), ( 4, 649, 'cf_649', 'vtiger_contactscf', 2, '71', 'cf_649', 'Desired Yearly Salary', 0, 2, '', 100, 9, 115, 1, 'N~O~6,0', 1, 0, 'BAS', 1, '' ), ( 4, 650, 'cf_650', 'vtiger_contactscf', 2, '71', 'cf_650', 'Offered Salary', 0, 2, '', 100, 12, 115, 1, 'N~O~6,0', 1, 0, 'BAS', 1, '' ), ( 4, 651, 'cf_651', 'vtiger_contactscf', 2, '15', 'cf_651', 'Hiring Status', 0, 2, '', 100, 11, 115, 1, 'V~O', 1, 0, 'BAS', 1, '' ), ( 2, 652, 'cf_652', 'vtiger_potentialscf', 2, '15', 'cf_652', 'BRM', 0, 2, 'Athi N', 100, 17, 1, 1, 'V~M', 2, 8, 'BAS', 1, '' ), ( 2, 653, 'cf_653', 'vtiger_potentialscf', 2, '15', 'cf_653', 'Priority', 0, 2, '', 100, 18, 1, 1, 'V~O', 1, 0, 'BAS', 1, '' ), ( 2, 654, 'cf_654', 'vtiger_potentialscf', 2, '15', 'cf_654', 'Location', 0, 2, '', 100, 19, 1, 1, 'V~M', 2, 9, 'BAS', 1, '' ), ( 2, 655, 'cf_655', 'vtiger_potentialscf', 2, '1', 'cf_655', 'Specific Location', 0, 2, '', 100, 21, 1, 1, 'V~M~LE~100', 2, 10, 'BAS', 1, '' ), ( 2, 656, 'cf_656', 'vtiger_potentialscf', 2, '1', 'cf_656', 'Salary Range', 0, 2, '', 100, 20, 1, 1, 'V~M~LE~255', 2, 11, 'BAS', 1, '' ), ( 4, 657, 'cf_657', 'vtiger_contactscf', 2, '71', 'cf_657', 'Rate (USD/hr)', 0, 2, '', 100, 30, 4, 1, 'N~M~4,2', 2, 11, 'BAS', 1, '' ), ( 4, 658, 'cf_658', 'vtiger_contactscf', 2, '1', 'cf_658', 'Emergency Contact Name', 0, 2, '', 100, 1, 116, 1, 'V~O~LE~255', 1, 0, 'BAS', 1, '' ), ( 4, 659, 'cf_659', 'vtiger_contactscf', 2, '11', 'cf_659', 'Emergency Contact Phone', 0, 2, '', 100, 2, 116, 1, 'V~O', 1, 0, 'BAS', 1, '' ), ( 4, 660, 'cf_660', 'vtiger_contactscf', 2, '1', 'cf_660', 'Emergency Contact Relationship', 0, 2, '', 100, 3, 116, 1, 'V~O~LE~255', 1, 0, 'BAS', 1, '' ), ( 4, 661, 'cf_661', 'vtiger_contactscf', 2, '1', 'cf_661', 'Spouse Name', 0, 2, '', 100, 4, 116, 1, 'V~O~LE~255', 1, 0, 'BAS', 1, '' ), ( 4, 662, 'cf_662', 'vtiger_contactscf', 2, '5', 'cf_662', 'Aniv date', 0, 2, '', 100, 5, 116, 1, 'D~O', 1, 0, 'BAS', 1, '' ), ( 4, 663, 'cf_663', 'vtiger_contactscf', 2, '5', 'cf_663', 'Joining Date', 0, 2, '', 100, 2, 117, 1, 'D~O', 1, 0, 'BAS', 1, '' ), ( 4, 664, 'cf_664', 'vtiger_contactscf', 2, '71', 'cf_664', 'Monthly Salary', 0, 2, '', 100, 1, 117, 1, 'N~O~6,2', 1, 0, 'BAS', 1, '' ), ( 4, 665, 'cf_665', 'vtiger_contactscf', 2, '1', 'cf_665', 'Currency', 0, 2, '', 100, 3, 117, 1, 'V~O~LE~10', 1, 0, 'BAS', 1, '' );
/*!40000 ALTER TABLE `vtiger_field` ENABLE KEYS */;
UNLOCK TABLES;

--
-- Table structure for table vtiger_field_seq
--

DROP TABLE IF EXISTS vtiger_field_seq;
SET @saved_cs_client = @@character_set_client;
SET character_set_client = utf8;
CREATE TABLE `vtiger_field_seq` (
  `id` int(11) NOT NULL
) ENGINE=MyISAM DEFAULT CHARSET=utf8;
SET character_set_client = @saved_cs_client;

--
-- Dumping data for table vtiger_field_seq
--

LOCK TABLES `vtiger_field_seq` WRITE;
/*!40000 ALTER TABLE `vtiger_field_seq` DISABLE KEYS */;
INSERT INTO vtiger_field_seq ( ID ) VALUES ( 665 );
/*!40000 ALTER TABLE `vtiger_field_seq` ENABLE KEYS */;
UNLOCK TABLES;

--
-- Table structure for table vtiger_fieldformulas
--

DROP TABLE IF EXISTS vtiger_fieldformulas;
SET @saved_cs_client = @@character_set_client;
SET character_set_client = utf8;
CREATE TABLE `vtiger_fieldformulas` (
  `expressionid` int(11) NOT NULL DEFAULT '0',
  `modulename` varchar(100) DEFAULT NULL,
  `expression_engine` text,
  PRIMARY KEY (`expressionid`)
) ENGINE=InnoDB DEFAULT CHARSET=utf8;
SET character_set_client = @saved_cs_client;

--
-- Dumping data for table vtiger_fieldformulas
--

LOCK TABLES `vtiger_fieldformulas` WRITE;
/*!40000 ALTER TABLE `vtiger_fieldformulas` DISABLE KEYS */;

/*!40000 ALTER TABLE `vtiger_fieldformulas` ENABLE KEYS */;
UNLOCK TABLES;

--
-- Table structure for table vtiger_fieldmodulerel
--

DROP TABLE IF EXISTS vtiger_fieldmodulerel;
SET @saved_cs_client = @@character_set_client;
SET character_set_client = utf8;
CREATE TABLE `vtiger_fieldmodulerel` (
  `fieldid` int(11) NOT NULL,
  `module` varchar(100) NOT NULL,
  `relmodule` varchar(100) NOT NULL,
  `status` varchar(10) DEFAULT NULL,
  `sequence` int(11) DEFAULT NULL
) ENGINE=InnoDB DEFAULT CHARSET=utf8;
SET character_set_client = @saved_cs_client;

--
-- Dumping data for table vtiger_fieldmodulerel
--

LOCK TABLES `vtiger_fieldmodulerel` WRITE;
/*!40000 ALTER TABLE `vtiger_fieldmodulerel` DISABLE KEYS */;
INSERT INTO vtiger_fieldmodulerel ( FIELDID, MODULE, RELMODULE, STATUS, SEQUENCE ) VALUES ( 113, 'Potentials', 'Accounts', '', 0 ), ( 113, 'Potentials', 'Contacts', '', 1 ), ( 530, 'ServiceContracts', 'Contacts', '', 0 ), ( 530, 'ServiceContracts', 'Accounts', '', 0 ), ( 575, 'Assets', 'Products', '', 0 ), ( 581, 'Assets', 'Invoice', '', 0 ), ( 586, 'Assets', 'Accounts', '', 0 ), ( 593, 'ProjectMilestone', 'Project', '', 0 ), ( 604, 'ProjectTask', 'Project', '', 0 ), ( 622, 'Project', 'Accounts', '', 0 ), ( 622, 'Project', 'Contacts', '', 0 ), ( 637, 'ModComments', 'Leads', '', 0 ), ( 637, 'ModComments', 'Contacts', '', 0 ), ( 637, 'ModComments', 'Accounts', '', 0 ), ( 639, 'ModComments', 'ModComments', '', 0 ), ( 637, 'ModComments', 'Potentials', '', 0 ), ( 637, 'ModComments', 'Project', '', 0 ), ( 637, 'ModComments', 'ProjectTask', '', 0 );
/*!40000 ALTER TABLE `vtiger_fieldmodulerel` ENABLE KEYS */;
UNLOCK TABLES;

--
-- Table structure for table vtiger_files
--

DROP TABLE IF EXISTS vtiger_files;
SET @saved_cs_client = @@character_set_client;
SET character_set_client = utf8;
CREATE TABLE `vtiger_files` (
  `id` varchar(36) NOT NULL,
  `name` varchar(36) DEFAULT NULL,
  `content` longblob,
  `deleted` int(1) NOT NULL DEFAULT '0',
  `date_entered` timestamp NOT NULL DEFAULT CURRENT_TIMESTAMP ON UPDATE CURRENT_TIMESTAMP,
  `assigned_user_id` varchar(36) DEFAULT NULL,
  PRIMARY KEY (`id`),
  KEY `files_assigned_user_id_name_deleted_idx` (`assigned_user_id`,`name`,`deleted`)
) ENGINE=InnoDB DEFAULT CHARSET=utf8;
SET character_set_client = @saved_cs_client;

--
-- Dumping data for table vtiger_files
--

LOCK TABLES `vtiger_files` WRITE;
/*!40000 ALTER TABLE `vtiger_files` DISABLE KEYS */;

/*!40000 ALTER TABLE `vtiger_files` ENABLE KEYS */;
UNLOCK TABLES;

--
-- Table structure for table vtiger_freetagged_objects
--

DROP TABLE IF EXISTS vtiger_freetagged_objects;
SET @saved_cs_client = @@character_set_client;
SET character_set_client = utf8;
CREATE TABLE `vtiger_freetagged_objects` (
  `tag_id` int(20) NOT NULL DEFAULT '0',
  `tagger_id` int(20) NOT NULL DEFAULT '0',
  `object_id` int(20) NOT NULL DEFAULT '0',
  `tagged_on` timestamp NOT NULL DEFAULT CURRENT_TIMESTAMP ON UPDATE CURRENT_TIMESTAMP,
  `module` varchar(50) NOT NULL DEFAULT '',
  PRIMARY KEY (`tag_id`,`tagger_id`,`object_id`),
  KEY `freetagged_objects_tag_id_tagger_id_object_id_idx` (`tag_id`,`tagger_id`,`object_id`)
) ENGINE=InnoDB DEFAULT CHARSET=utf8;
SET character_set_client = @saved_cs_client;

--
-- Dumping data for table vtiger_freetagged_objects
--

LOCK TABLES `vtiger_freetagged_objects` WRITE;
/*!40000 ALTER TABLE `vtiger_freetagged_objects` DISABLE KEYS */;

/*!40000 ALTER TABLE `vtiger_freetagged_objects` ENABLE KEYS */;
UNLOCK TABLES;

--
-- Table structure for table vtiger_freetags
--

DROP TABLE IF EXISTS vtiger_freetags;
SET @saved_cs_client = @@character_set_client;
SET character_set_client = utf8;
CREATE TABLE `vtiger_freetags` (
  `id` int(19) NOT NULL,
  `tag` varchar(50) NOT NULL DEFAULT '',
  `raw_tag` varchar(50) NOT NULL DEFAULT '',
  PRIMARY KEY (`id`)
) ENGINE=InnoDB DEFAULT CHARSET=utf8;
SET character_set_client = @saved_cs_client;

--
-- Dumping data for table vtiger_freetags
--

LOCK TABLES `vtiger_freetags` WRITE;
/*!40000 ALTER TABLE `vtiger_freetags` DISABLE KEYS */;

/*!40000 ALTER TABLE `vtiger_freetags` ENABLE KEYS */;
UNLOCK TABLES;

--
-- Table structure for table vtiger_freetags_seq
--

DROP TABLE IF EXISTS vtiger_freetags_seq;
SET @saved_cs_client = @@character_set_client;
SET character_set_client = utf8;
CREATE TABLE `vtiger_freetags_seq` (
  `id` int(11) NOT NULL
) ENGINE=MyISAM DEFAULT CHARSET=utf8;
SET character_set_client = @saved_cs_client;

--
-- Dumping data for table vtiger_freetags_seq
--

LOCK TABLES `vtiger_freetags_seq` WRITE;
/*!40000 ALTER TABLE `vtiger_freetags_seq` DISABLE KEYS */;
INSERT INTO vtiger_freetags_seq ( ID ) VALUES ( 1 );
/*!40000 ALTER TABLE `vtiger_freetags_seq` ENABLE KEYS */;
UNLOCK TABLES;

--
-- Table structure for table vtiger_glacct
--

DROP TABLE IF EXISTS vtiger_glacct;
SET @saved_cs_client = @@character_set_client;
SET character_set_client = utf8;
CREATE TABLE `vtiger_glacct` (
  `glacctid` int(19) NOT NULL AUTO_INCREMENT,
  `glacct` varchar(200) NOT NULL,
  `presence` int(1) NOT NULL DEFAULT '1',
  `picklist_valueid` int(19) NOT NULL DEFAULT '0',
  PRIMARY KEY (`glacctid`),
  UNIQUE KEY `glacct_glacct_idx` (`glacct`)
) ENGINE=InnoDB AUTO_INCREMENT=10 DEFAULT CHARSET=utf8;
SET character_set_client = @saved_cs_client;

--
-- Dumping data for table vtiger_glacct
--

LOCK TABLES `vtiger_glacct` WRITE;
/*!40000 ALTER TABLE `vtiger_glacct` DISABLE KEYS */;
INSERT INTO vtiger_glacct ( GLACCTID, GLACCT, PRESENCE, PICKLIST_VALUEID ) VALUES ( 1, '300-Sales-Software', 1, 51 ), ( 2, '301-Sales-Hardware', 1, 52 ), ( 3, '302-Rental-Income', 1, 53 ), ( 4, '303-Interest-Income', 1, 54 ), ( 5, '304-Sales-Software-Support', 1, 55 ), ( 6, '305-Sales Other', 1, 56 ), ( 7, '306-Internet Sales', 1, 57 ), ( 8, '307-Service-Hardware Labor', 1, 58 ), ( 9, '308-Sales-Books', 1, 59 );
/*!40000 ALTER TABLE `vtiger_glacct` ENABLE KEYS */;
UNLOCK TABLES;

--
-- Table structure for table vtiger_glacct_seq
--

DROP TABLE IF EXISTS vtiger_glacct_seq;
SET @saved_cs_client = @@character_set_client;
SET character_set_client = utf8;
CREATE TABLE `vtiger_glacct_seq` (
  `id` int(11) NOT NULL
) ENGINE=MyISAM DEFAULT CHARSET=utf8;
SET character_set_client = @saved_cs_client;

--
-- Dumping data for table vtiger_glacct_seq
--

LOCK TABLES `vtiger_glacct_seq` WRITE;
/*!40000 ALTER TABLE `vtiger_glacct_seq` DISABLE KEYS */;
INSERT INTO vtiger_glacct_seq ( ID ) VALUES ( 9 );
/*!40000 ALTER TABLE `vtiger_glacct_seq` ENABLE KEYS */;
UNLOCK TABLES;

--
-- Table structure for table vtiger_group2grouprel
--

DROP TABLE IF EXISTS vtiger_group2grouprel;
SET @saved_cs_client = @@character_set_client;
SET character_set_client = utf8;
CREATE TABLE `vtiger_group2grouprel` (
  `groupid` int(19) NOT NULL,
  `containsgroupid` int(19) NOT NULL,
  PRIMARY KEY (`groupid`,`containsgroupid`),
  CONSTRAINT `fk_2_vtiger_group2grouprel` FOREIGN KEY (`groupid`) REFERENCES `vtiger_groups` (`groupid`) ON DELETE CASCADE ON UPDATE CASCADE
) ENGINE=InnoDB DEFAULT CHARSET=utf8;
SET character_set_client = @saved_cs_client;

--
-- Dumping data for table vtiger_group2grouprel
--

LOCK TABLES `vtiger_group2grouprel` WRITE;
/*!40000 ALTER TABLE `vtiger_group2grouprel` DISABLE KEYS */;

/*!40000 ALTER TABLE `vtiger_group2grouprel` ENABLE KEYS */;
UNLOCK TABLES;

--
-- Table structure for table vtiger_group2role
--

DROP TABLE IF EXISTS vtiger_group2role;
SET @saved_cs_client = @@character_set_client;
SET character_set_client = utf8;
CREATE TABLE `vtiger_group2role` (
  `groupid` int(19) NOT NULL,
  `roleid` varchar(255) NOT NULL,
  PRIMARY KEY (`groupid`,`roleid`),
  KEY `fk_2_vtiger_group2role` (`roleid`),
  CONSTRAINT `fk_2_vtiger_group2role` FOREIGN KEY (`roleid`) REFERENCES `vtiger_role` (`roleid`) ON DELETE CASCADE
) ENGINE=InnoDB DEFAULT CHARSET=utf8;
SET character_set_client = @saved_cs_client;

--
-- Dumping data for table vtiger_group2role
--

LOCK TABLES `vtiger_group2role` WRITE;
/*!40000 ALTER TABLE `vtiger_group2role` DISABLE KEYS */;
INSERT INTO vtiger_group2role ( GROUPID, ROLEID ) VALUES ( 2, 'H4' );
/*!40000 ALTER TABLE `vtiger_group2role` ENABLE KEYS */;
UNLOCK TABLES;

--
-- Table structure for table vtiger_group2rs
--

DROP TABLE IF EXISTS vtiger_group2rs;
SET @saved_cs_client = @@character_set_client;
SET character_set_client = utf8;
CREATE TABLE `vtiger_group2rs` (
  `groupid` int(19) NOT NULL,
  `roleandsubid` varchar(255) NOT NULL,
  PRIMARY KEY (`groupid`,`roleandsubid`),
  KEY `fk_2_vtiger_group2rs` (`roleandsubid`),
  CONSTRAINT `fk_2_vtiger_group2rs` FOREIGN KEY (`roleandsubid`) REFERENCES `vtiger_role` (`roleid`) ON DELETE CASCADE
) ENGINE=InnoDB DEFAULT CHARSET=utf8;
SET character_set_client = @saved_cs_client;

--
-- Dumping data for table vtiger_group2rs
--

LOCK TABLES `vtiger_group2rs` WRITE;
/*!40000 ALTER TABLE `vtiger_group2rs` DISABLE KEYS */;
INSERT INTO vtiger_group2rs ( GROUPID, ROLEANDSUBID ) VALUES ( 2, 'H5' );
/*!40000 ALTER TABLE `vtiger_group2rs` ENABLE KEYS */;
UNLOCK TABLES;

--
-- Table structure for table vtiger_groups
--

DROP TABLE IF EXISTS vtiger_groups;
SET @saved_cs_client = @@character_set_client;
SET character_set_client = utf8;
CREATE TABLE `vtiger_groups` (
  `groupid` int(19) NOT NULL,
  `groupname` varchar(100) DEFAULT NULL,
  `description` text,
  PRIMARY KEY (`groupid`),
  UNIQUE KEY `groups_groupname_idx` (`groupname`)
) ENGINE=InnoDB DEFAULT CHARSET=utf8;
SET character_set_client = @saved_cs_client;

--
-- Dumping data for table vtiger_groups
--

LOCK TABLES `vtiger_groups` WRITE;
/*!40000 ALTER TABLE `vtiger_groups` DISABLE KEYS */;
INSERT INTO vtiger_groups ( GROUPID, GROUPNAME, DESCRIPTION ) VALUES ( 2, 'Team Selling', 'Group Related to Sales' ), ( 3, 'Marketing Group', 'Group Related to Marketing Activities' ), ( 4, 'Support Group', 'Group Related to providing Support to Customers' ), ( 8, 'Staffers', 'Opportunities for full time staffing partners' );
/*!40000 ALTER TABLE `vtiger_groups` ENABLE KEYS */;
UNLOCK TABLES;

--
-- Table structure for table vtiger_headers
--

DROP TABLE IF EXISTS vtiger_headers;
SET @saved_cs_client = @@character_set_client;
SET character_set_client = utf8;
CREATE TABLE `vtiger_headers` (
  `fileid` int(3) NOT NULL AUTO_INCREMENT,
  `headernames` varchar(30) NOT NULL,
  PRIMARY KEY (`fileid`)
) ENGINE=InnoDB DEFAULT CHARSET=utf8;
SET character_set_client = @saved_cs_client;

--
-- Dumping data for table vtiger_headers
--

LOCK TABLES `vtiger_headers` WRITE;
/*!40000 ALTER TABLE `vtiger_headers` DISABLE KEYS */;

/*!40000 ALTER TABLE `vtiger_headers` ENABLE KEYS */;
UNLOCK TABLES;

--
-- Table structure for table vtiger_home_layout
--

DROP TABLE IF EXISTS vtiger_home_layout;
SET @saved_cs_client = @@character_set_client;
SET character_set_client = utf8;
CREATE TABLE `vtiger_home_layout` (
  `userid` int(19) NOT NULL,
  `layout` int(19) NOT NULL DEFAULT '4',
  PRIMARY KEY (`userid`)
) ENGINE=InnoDB DEFAULT CHARSET=utf8;
SET character_set_client = @saved_cs_client;

--
-- Dumping data for table vtiger_home_layout
--

LOCK TABLES `vtiger_home_layout` WRITE;
/*!40000 ALTER TABLE `vtiger_home_layout` DISABLE KEYS */;

/*!40000 ALTER TABLE `vtiger_home_layout` ENABLE KEYS */;
UNLOCK TABLES;

--
-- Table structure for table vtiger_homedashbd
--

DROP TABLE IF EXISTS vtiger_homedashbd;
SET @saved_cs_client = @@character_set_client;
SET character_set_client = utf8;
CREATE TABLE `vtiger_homedashbd` (
  `stuffid` int(19) NOT NULL DEFAULT '0',
  `dashbdname` varchar(100) DEFAULT NULL,
  `dashbdtype` varchar(100) DEFAULT NULL,
  PRIMARY KEY (`stuffid`),
  KEY `stuff_stuffid_idx` (`stuffid`),
  CONSTRAINT `fk_1_vtiger_homedashbd` FOREIGN KEY (`stuffid`) REFERENCES `vtiger_homestuff` (`stuffid`) ON DELETE CASCADE
) ENGINE=InnoDB DEFAULT CHARSET=utf8;
SET character_set_client = @saved_cs_client;

--
-- Dumping data for table vtiger_homedashbd
--

LOCK TABLES `vtiger_homedashbd` WRITE;
/*!40000 ALTER TABLE `vtiger_homedashbd` DISABLE KEYS */;

/*!40000 ALTER TABLE `vtiger_homedashbd` ENABLE KEYS */;
UNLOCK TABLES;

--
-- Table structure for table vtiger_homedefault
--

DROP TABLE IF EXISTS vtiger_homedefault;
SET @saved_cs_client = @@character_set_client;
SET character_set_client = utf8;
CREATE TABLE `vtiger_homedefault` (
  `stuffid` int(19) NOT NULL DEFAULT '0',
  `hometype` varchar(30) NOT NULL,
  `maxentries` int(19) DEFAULT NULL,
  `setype` varchar(30) DEFAULT NULL,
  PRIMARY KEY (`stuffid`),
  KEY `stuff_stuffid_idx` (`stuffid`),
  CONSTRAINT `fk_1_vtiger_homedefault` FOREIGN KEY (`stuffid`) REFERENCES `vtiger_homestuff` (`stuffid`) ON DELETE CASCADE
) ENGINE=InnoDB DEFAULT CHARSET=utf8;
SET character_set_client = @saved_cs_client;

--
-- Dumping data for table vtiger_homedefault
--

LOCK TABLES `vtiger_homedefault` WRITE;
/*!40000 ALTER TABLE `vtiger_homedefault` DISABLE KEYS */;
INSERT INTO vtiger_homedefault ( STUFFID, HOMETYPE, MAXENTRIES, SETYPE ) VALUES ( 1, 'ALVT', 5, 'Accounts' ), ( 2, 'HDB', 5, 'Dashboard' ), ( 3, 'PLVT', 5, 'Potentials' ), ( 4, 'QLTQ', 5, 'Quotes' ), ( 5, 'CVLVT', 5, 'NULL' ), ( 6, 'HLT', 5, 'HelpDesk' ), ( 7, 'UA', 5, 'Calendar' ), ( 8, 'GRT', 5, 'NULL' ), ( 9, 'OLTSO', 5, 'SalesOrder' ), ( 10, 'ILTI', 5, 'Invoice' ), ( 11, 'MNL', 5, 'Leads' ), ( 12, 'OLTPO', 5, 'PurchaseOrder' ), ( 13, 'PA', 5, 'Calendar' ), ( 14, 'LTFAQ', 5, 'Faq' ), ( 16, 'ALVT', 5, 'Accounts' ), ( 17, 'HDB', 5, 'Dashboard' ), ( 18, 'PLVT', 5, 'Potentials' ), ( 19, 'QLTQ', 5, 'Quotes' ), ( 20, 'CVLVT', 5, 'NULL' ), ( 21, 'HLT', 5, 'HelpDesk' ), ( 22, 'UA', 5, 'Calendar' ), ( 23, 'GRT', 5, 'NULL' ), ( 24, 'OLTSO', 5, 'SalesOrder' ), ( 25, 'ILTI', 5, 'Invoice' ), ( 26, 'MNL', 5, 'Leads' ), ( 27, 'OLTPO', 5, 'PurchaseOrder' ), ( 28, 'PA', 12, 'Calendar' ), ( 29, 'LTFAQ', 5, 'Faq' ), ( 46, 'ALVT', 5, 'Accounts' ), ( 47, 'HDB', 5, 'Dashboard' ), ( 48, 'PLVT', 5, 'Potentials' ), ( 49, 'QLTQ', 5, 'Quotes' ), ( 50, 'CVLVT', 5, 'NULL' ), ( 51, 'HLT', 5, 'HelpDesk' ), ( 52, 'UA', 5, 'Calendar' ), ( 53, 'GRT', 5, 'NULL' ), ( 54, 'OLTSO', 5, 'SalesOrder' ), ( 55, 'ILTI', 5, 'Invoice' ), ( 56, 'MNL', 5, 'Leads' ), ( 57, 'OLTPO', 5, 'PurchaseOrder' ), ( 58, 'PA', 5, 'Calendar' ), ( 59, 'LTFAQ', 5, 'Faq' ), ( 61, 'ALVT', 5, 'Accounts' ), ( 62, 'HDB', 5, 'Dashboard' ), ( 63, 'PLVT', 5, 'Potentials' ), ( 64, 'QLTQ', 5, 'Quotes' ), ( 65, 'CVLVT', 5, 'NULL' ), ( 66, 'HLT', 5, 'HelpDesk' ), ( 67, 'UA', 5, 'Calendar' ), ( 68, 'GRT', 5, 'NULL' ), ( 69, 'OLTSO', 5, 'SalesOrder' ), ( 70, 'ILTI', 5, 'Invoice' ), ( 71, 'MNL', 5, 'Leads' ), ( 72, 'OLTPO', 5, 'PurchaseOrder' ), ( 73, 'PA', 5, 'Calendar' ), ( 74, 'LTFAQ', 5, 'Faq' ), ( 76, 'ALVT', 5, 'Accounts' ), ( 77, 'HDB', 5, 'Dashboard' ), ( 78, 'PLVT', 5, 'Potentials' ), ( 79, 'QLTQ', 5, 'Quotes' ), ( 80, 'CVLVT', 5, 'NULL' ), ( 81, 'HLT', 5, 'HelpDesk' ), ( 82, 'UA', 5, 'Calendar' ), ( 83, 'GRT', 5, 'NULL' ), ( 84, 'OLTSO', 5, 'SalesOrder' ), ( 85, 'ILTI', 5, 'Invoice' ), ( 86, 'MNL', 5, 'Leads' ), ( 87, 'OLTPO', 5, 'PurchaseOrder' ), ( 88, 'PA', 5, 'Calendar' ), ( 89, 'LTFAQ', 5, 'Faq' ), ( 91, 'ALVT', 5, 'Accounts' ), ( 92, 'HDB', 5, 'Dashboard' ), ( 93, 'PLVT', 5, 'Potentials' ), ( 94, 'QLTQ', 5, 'Quotes' ), ( 95, 'CVLVT', 5, 'NULL' ), ( 96, 'HLT', 5, 'HelpDesk' ), ( 97, 'UA', 5, 'Calendar' ), ( 98, 'GRT', 5, 'NULL' ), ( 99, 'OLTSO', 5, 'SalesOrder' ), ( 100, 'ILTI', 5, 'Invoice' ), ( 101, 'MNL', 5, 'Leads' ), ( 102, 'OLTPO', 5, 'PurchaseOrder' ), ( 103, 'PA', 5, 'Calendar' ), ( 104, 'LTFAQ', 5, 'Faq' ), ( 136, 'ALVT', 5, 'Accounts' ), ( 137, 'HDB', 5, 'Dashboard' ), ( 138, 'PLVT', 5, 'Potentials' ), ( 139, 'QLTQ', 5, 'Quotes' ), ( 140, 'CVLVT', 5, 'NULL' ), ( 141, 'HLT', 5, 'HelpDesk' ), ( 142, 'UA', 5, 'Calendar' ), ( 143, 'GRT', 5, 'NULL' ), ( 144, 'OLTSO', 5, 'SalesOrder' ), ( 145, 'ILTI', 5, 'Invoice' ), ( 146, 'MNL', 5, 'Leads' ), ( 147, 'OLTPO', 5, 'PurchaseOrder' ), ( 148, 'PA', 5, 'Calendar' ), ( 149, 'LTFAQ', 5, 'Faq' ), ( 151, 'ALVT', 5, 'Accounts' ), ( 152, 'HDB', 5, 'Dashboard' ), ( 153, 'PLVT', 5, 'Potentials' ), ( 154, 'QLTQ', 5, 'Quotes' ), ( 155, 'CVLVT', 5, 'NULL' ), ( 156, 'HLT', 5, 'HelpDesk' ), ( 157, 'UA', 5, 'Calendar' ), ( 158, 'GRT', 5, 'NULL' ), ( 159, 'OLTSO', 5, 'SalesOrder' ), ( 160, 'ILTI', 5, 'Invoice' ), ( 161, 'MNL', 5, 'Leads' ), ( 162, 'OLTPO', 5, 'PurchaseOrder' ), ( 163, 'PA', 5, 'Calendar' ), ( 164, 'LTFAQ', 5, 'Faq' ), ( 166, 'ALVT', 5, 'Accounts' ), ( 167, 'HDB', 5, 'Dashboard' ), ( 168, 'PLVT', 5, 'Potentials' ), ( 169, 'QLTQ', 5, 'Quotes' ), ( 170, 'CVLVT', 5, 'NULL' ), ( 171, 'HLT', 5, 'HelpDesk' ), ( 172, 'UA', 5, 'Calendar' ), ( 173, 'GRT', 5, 'NULL' ), ( 174, 'OLTSO', 5, 'SalesOrder' ), ( 175, 'ILTI', 5, 'Invoice' ), ( 176, 'MNL', 5, 'Leads' ), ( 177, 'OLTPO', 5, 'PurchaseOrder' ), ( 178, 'PA', 5, 'Calendar' ), ( 179, 'LTFAQ', 5, 'Faq' ), ( 181, 'ALVT', 5, 'Accounts' ), ( 182, 'HDB', 5, 'Dashboard' ), ( 183, 'PLVT', 5, 'Potentials' ), ( 184, 'QLTQ', 5, 'Quotes' ), ( 185, 'CVLVT', 5, 'NULL' ), ( 186, 'HLT', 5, 'HelpDesk' ), ( 187, 'UA', 5, 'Calendar' ), ( 188, 'GRT', 5, 'NULL' ), ( 189, 'OLTSO', 5, 'SalesOrder' ), ( 190, 'ILTI', 5, 'Invoice' ), ( 191, 'MNL', 5, 'Leads' ), ( 192, 'OLTPO', 5, 'PurchaseOrder' ), ( 193, 'PA', 5, 'Calendar' ), ( 194, 'LTFAQ', 5, 'Faq' ), ( 196, 'ALVT', 5, 'Accounts' ), ( 197, 'HDB', 5, 'Dashboard' ), ( 198, 'PLVT', 5, 'Potentials' ), ( 199, 'QLTQ', 5, 'Quotes' ), ( 200, 'CVLVT', 5, 'NULL' ), ( 201, 'HLT', 5, 'HelpDesk' ), ( 202, 'UA', 5, 'Calendar' ), ( 203, 'GRT', 5, 'NULL' ), ( 204, 'OLTSO', 5, 'SalesOrder' ), ( 205, 'ILTI', 5, 'Invoice' ), ( 206, 'MNL', 5, 'Leads' ), ( 207, 'OLTPO', 5, 'PurchaseOrder' ), ( 208, 'PA', 5, 'Calendar' ), ( 209, 'LTFAQ', 5, 'Faq' ), ( 211, 'ALVT', 5, 'Accounts' ), ( 212, 'HDB', 5, 'Dashboard' ), ( 213, 'PLVT', 5, 'Potentials' ), ( 214, 'QLTQ', 5, 'Quotes' ), ( 215, 'CVLVT', 5, 'NULL' ), ( 216, 'HLT', 5, 'HelpDesk' ), ( 217, 'UA', 5, 'Calendar' ), ( 218, 'GRT', 5, 'NULL' ), ( 219, 'OLTSO', 5, 'SalesOrder' ), ( 220, 'ILTI', 5, 'Invoice' ), ( 221, 'MNL', 5, 'Leads' ), ( 222, 'OLTPO', 5, 'PurchaseOrder' ), ( 223, 'PA', 5, 'Calendar' ), ( 224, 'LTFAQ', 5, 'Faq' );
/*!40000 ALTER TABLE `vtiger_homedefault` ENABLE KEYS */;
UNLOCK TABLES;

--
-- Table structure for table vtiger_homemodule
--

DROP TABLE IF EXISTS vtiger_homemodule;
SET @saved_cs_client = @@character_set_client;
SET character_set_client = utf8;
CREATE TABLE `vtiger_homemodule` (
  `stuffid` int(19) NOT NULL,
  `modulename` varchar(100) DEFAULT NULL,
  `maxentries` int(19) NOT NULL,
  `customviewid` int(19) NOT NULL,
  `setype` varchar(30) NOT NULL,
  PRIMARY KEY (`stuffid`),
  KEY `stuff_stuffid_idx` (`stuffid`),
  CONSTRAINT `fk_1_vtiger_homemodule` FOREIGN KEY (`stuffid`) REFERENCES `vtiger_homestuff` (`stuffid`) ON DELETE CASCADE
) ENGINE=InnoDB DEFAULT CHARSET=utf8;
SET character_set_client = @saved_cs_client;

--
-- Dumping data for table vtiger_homemodule
--

LOCK TABLES `vtiger_homemodule` WRITE;
/*!40000 ALTER TABLE `vtiger_homemodule` DISABLE KEYS */;

/*!40000 ALTER TABLE `vtiger_homemodule` ENABLE KEYS */;
UNLOCK TABLES;

--
-- Table structure for table vtiger_homemoduleflds
--

DROP TABLE IF EXISTS vtiger_homemoduleflds;
SET @saved_cs_client = @@character_set_client;
SET character_set_client = utf8;
CREATE TABLE `vtiger_homemoduleflds` (
  `stuffid` int(19) DEFAULT NULL,
  `fieldname` varchar(100) DEFAULT NULL,
  KEY `stuff_stuffid_idx` (`stuffid`),
  CONSTRAINT `fk_1_vtiger_homemoduleflds` FOREIGN KEY (`stuffid`) REFERENCES `vtiger_homemodule` (`stuffid`) ON DELETE CASCADE
) ENGINE=InnoDB DEFAULT CHARSET=utf8;
SET character_set_client = @saved_cs_client;

--
-- Dumping data for table vtiger_homemoduleflds
--

LOCK TABLES `vtiger_homemoduleflds` WRITE;
/*!40000 ALTER TABLE `vtiger_homemoduleflds` DISABLE KEYS */;

/*!40000 ALTER TABLE `vtiger_homemoduleflds` ENABLE KEYS */;
UNLOCK TABLES;

--
-- Table structure for table vtiger_homereportchart
--

DROP TABLE IF EXISTS vtiger_homereportchart;
SET @saved_cs_client = @@character_set_client;
SET character_set_client = utf8;
CREATE TABLE `vtiger_homereportchart` (
  `stuffid` int(11) NOT NULL,
  `reportid` int(19) DEFAULT NULL,
  `reportcharttype` varchar(100) DEFAULT NULL,
  PRIMARY KEY (`stuffid`)
) ENGINE=InnoDB DEFAULT CHARSET=utf8;
SET character_set_client = @saved_cs_client;

--
-- Dumping data for table vtiger_homereportchart
--

LOCK TABLES `vtiger_homereportchart` WRITE;
/*!40000 ALTER TABLE `vtiger_homereportchart` DISABLE KEYS */;

/*!40000 ALTER TABLE `vtiger_homereportchart` ENABLE KEYS */;
UNLOCK TABLES;

--
-- Table structure for table vtiger_homerss
--

DROP TABLE IF EXISTS vtiger_homerss;
SET @saved_cs_client = @@character_set_client;
SET character_set_client = utf8;
CREATE TABLE `vtiger_homerss` (
  `stuffid` int(19) NOT NULL DEFAULT '0',
  `url` varchar(100) DEFAULT NULL,
  `maxentries` int(19) NOT NULL,
  PRIMARY KEY (`stuffid`),
  KEY `stuff_stuffid_idx` (`stuffid`),
  CONSTRAINT `fk_1_vtiger_homerss` FOREIGN KEY (`stuffid`) REFERENCES `vtiger_homestuff` (`stuffid`) ON DELETE CASCADE
) ENGINE=InnoDB DEFAULT CHARSET=utf8;
SET character_set_client = @saved_cs_client;

--
-- Dumping data for table vtiger_homerss
--

LOCK TABLES `vtiger_homerss` WRITE;
/*!40000 ALTER TABLE `vtiger_homerss` DISABLE KEYS */;

/*!40000 ALTER TABLE `vtiger_homerss` ENABLE KEYS */;
UNLOCK TABLES;

--
-- Table structure for table vtiger_homestuff
--

DROP TABLE IF EXISTS vtiger_homestuff;
SET @saved_cs_client = @@character_set_client;
SET character_set_client = utf8;
CREATE TABLE `vtiger_homestuff` (
  `stuffid` int(19) NOT NULL DEFAULT '0',
  `stuffsequence` int(19) NOT NULL DEFAULT '0',
  `stufftype` varchar(100) DEFAULT NULL,
  `userid` int(19) NOT NULL,
  `visible` int(10) NOT NULL DEFAULT '0',
  `stufftitle` varchar(100) DEFAULT NULL,
  PRIMARY KEY (`stuffid`),
  KEY `stuff_stuffid_idx` (`stuffid`),
  KEY `fk_1_vtiger_homestuff` (`userid`),
  CONSTRAINT `fk_1_vtiger_homestuff` FOREIGN KEY (`userid`) REFERENCES `vtiger_users` (`id`) ON DELETE CASCADE
) ENGINE=InnoDB DEFAULT CHARSET=utf8;
SET character_set_client = @saved_cs_client;

--
-- Dumping data for table vtiger_homestuff
--

LOCK TABLES `vtiger_homestuff` WRITE;
/*!40000 ALTER TABLE `vtiger_homestuff` DISABLE KEYS */;
INSERT INTO vtiger_homestuff ( STUFFID, STUFFSEQUENCE, STUFFTYPE, USERID, VISIBLE, STUFFTITLE ) VALUES ( 1, 1, 'Default', 1, 0, 'Top Accounts' ), ( 2, 2, 'Default', 1, 0, 'Home Page Dashboard' ), ( 3, 3, 'Default', 1, 0, 'Top Potentials' ), ( 4, 4, 'Default', 1, 0, 'Top Quotes' ), ( 5, 5, 'Default', 1, 0, 'Key Metrics' ), ( 6, 6, 'Default', 1, 0, 'Top Trouble Tickets' ), ( 7, 7, 'Default', 1, 0, 'Upcoming Activities' ), ( 8, 8, 'Default', 1, 0, 'My Group Allocation' ), ( 9, 9, 'Default', 1, 0, 'Top Sales Orders' ), ( 10, 10, 'Default', 1, 0, 'Top Invoices' ), ( 11, 11, 'Default', 1, 0, 'My New Leads' ), ( 12, 12, 'Default', 1, 0, 'Top Purchase Orders' ), ( 13, 13, 'Default', 1, 0, 'Pending Activities' ), ( 14, 14, 'Default', 1, 0, 'My Recent FAQs' ), ( 15, 15, 'Tag Cloud', 1, 1, 'Tag Cloud' ), ( 16, 1, 'Default', 5, 0, 'Top Accounts' ), ( 17, 2, 'Default', 5, 0, 'Home Page Dashboard' ), ( 18, 3, 'Default', 5, 0, 'Top Potentials' ), ( 19, 4, 'Default', 5, 0, 'Top Quotes' ), ( 20, 5, 'Default', 5, 0, 'Key Metrics' ), ( 21, 6, 'Default', 5, 0, 'Top Trouble Tickets' ), ( 22, 7, 'Default', 5, 0, 'Upcoming Activities' ), ( 23, 8, 'Default', 5, 0, 'My Group Allocation' ), ( 24, 9, 'Default', 5, 0, 'Top Sales Orders' ), ( 25, 10, 'Default', 5, 0, 'Top Invoices' ), ( 26, 11, 'Default', 5, 0, 'My New Leads' ), ( 27, 12, 'Default', 5, 0, 'Top Purchase Orders' ), ( 28, 13, 'Default', 5, 0, 'Pending Activities' ), ( 29, 14, 'Default', 5, 0, 'My Recent FAQs' ), ( 30, 15, 'Tag Cloud', 5, 1, 'Tag Cloud' ), ( 46, 1, 'Default', 7, 0, 'Top Accounts' ), ( 47, 2, 'Default', 7, 0, 'Home Page Dashboard' ), ( 48, 3, 'Default', 7, 0, 'Top Potentials' ), ( 49, 4, 'Default', 7, 0, 'Top Quotes' ), ( 50, 5, 'Default', 7, 0, 'Key Metrics' ), ( 51, 6, 'Default', 7, 0, 'Top Trouble Tickets' ), ( 52, 7, 'Default', 7, 0, 'Upcoming Activities' ), ( 53, 8, 'Default', 7, 0, 'My Group Allocation' ), ( 54, 9, 'Default', 7, 0, 'Top Sales Orders' ), ( 55, 10, 'Default', 7, 0, 'Top Invoices' ), ( 56, 11, 'Default', 7, 0, 'My New Leads' ), ( 57, 12, 'Default', 7, 0, 'Top Purchase Orders' ), ( 58, 13, 'Default', 7, 0, 'Pending Activities' ), ( 59, 14, 'Default', 7, 0, 'My Recent FAQs' ), ( 60, 15, 'Tag Cloud', 7, 0, 'Tag Cloud' ), ( 61, 1, 'Default', 9, 0, 'Top Accounts' ), ( 62, 2, 'Default', 9, 0, 'Home Page Dashboard' ), ( 63, 3, 'Default', 9, 0, 'Top Potentials' ), ( 64, 4, 'Default', 9, 0, 'Top Quotes' ), ( 65, 5, 'Default', 9, 0, 'Key Metrics' ), ( 66, 6, 'Default', 9, 0, 'Top Trouble Tickets' ), ( 67, 7, 'Default', 9, 0, 'Upcoming Activities' ), ( 68, 8, 'Default', 9, 0, 'My Group Allocation' ), ( 69, 9, 'Default', 9, 0, 'Top Sales Orders' ), ( 70, 10, 'Default', 9, 0, 'Top Invoices' ), ( 71, 11, 'Default', 9, 0, 'My New Leads' ), ( 72, 12, 'Default', 9, 0, 'Top Purchase Orders' ), ( 73, 13, 'Default', 9, 0, 'Pending Activities' ), ( 74, 14, 'Default', 9, 0, 'My Recent FAQs' ), ( 75, 15, 'Tag Cloud', 9, 0, 'Tag Cloud' ), ( 76, 1, 'Default', 10, 0, 'Top Accounts' ), ( 77, 2, 'Default', 10, 0, 'Home Page Dashboard' ), ( 78, 3, 'Default', 10, 0, 'Top Potentials' ), ( 79, 4, 'Default', 10, 0, 'Top Quotes' ), ( 80, 5, 'Default', 10, 0, 'Key Metrics' ), ( 81, 6, 'Default', 10, 0, 'Top Trouble Tickets' ), ( 82, 7, 'Default', 10, 0, 'Upcoming Activities' ), ( 83, 8, 'Default', 10, 0, 'My Group Allocation' ), ( 84, 9, 'Default', 10, 0, 'Top Sales Orders' ), ( 85, 10, 'Default', 10, 0, 'Top Invoices' ), ( 86, 11, 'Default', 10, 0, 'My New Leads' ), ( 87, 12, 'Default', 10, 0, 'Top Purchase Orders' ), ( 88, 13, 'Default', 10, 0, 'Pending Activities' ), ( 89, 14, 'Default', 10, 0, 'My Recent FAQs' ), ( 90, 15, 'Tag Cloud', 10, 0, 'Tag Cloud' ), ( 91, 1, 'Default', 11, 0, 'Top Accounts' ), ( 92, 2, 'Default', 11, 0, 'Home Page Dashboard' ), ( 93, 3, 'Default', 11, 0, 'Top Potentials' ), ( 94, 4, 'Default', 11, 0, 'Top Quotes' ), ( 95, 5, 'Default', 11, 0, 'Key Metrics' ), ( 96, 6, 'Default', 11, 0, 'Top Trouble Tickets' ), ( 97, 7, 'Default', 11, 0, 'Upcoming Activities' ), ( 98, 8, 'Default', 11, 0, 'My Group Allocation' ), ( 99, 9, 'Default', 11, 0, 'Top Sales Orders' ), ( 100, 10, 'Default', 11, 0, 'Top Invoices' ), ( 101, 11, 'Default', 11, 0, 'My New Leads' ), ( 102, 12, 'Default', 11, 0, 'Top Purchase Orders' ), ( 103, 13, 'Default', 11, 0, 'Pending Activities' ), ( 104, 14, 'Default', 11, 0, 'My Recent FAQs' ), ( 105, 15, 'Tag Cloud', 11, 0, 'Tag Cloud' ), ( 136, 1, 'Default', 14, 0, 'Top Accounts' ), ( 137, 2, 'Default', 14, 0, 'Home Page Dashboard' ), ( 138, 3, 'Default', 14, 0, 'Top Potentials' ), ( 139, 4, 'Default', 14, 0, 'Top Quotes' ), ( 140, 5, 'Default', 14, 0, 'Key Metrics' ), ( 141, 6, 'Default', 14, 0, 'Top Trouble Tickets' ), ( 142, 7, 'Default', 14, 0, 'Upcoming Activities' ), ( 143, 8, 'Default', 14, 0, 'My Group Allocation' ), ( 144, 9, 'Default', 14, 0, 'Top Sales Orders' ), ( 145, 10, 'Default', 14, 0, 'Top Invoices' ), ( 146, 11, 'Default', 14, 0, 'My New Leads' ), ( 147, 12, 'Default', 14, 0, 'Top Purchase Orders' ), ( 148, 13, 'Default', 14, 0, 'Pending Activities' ), ( 149, 14, 'Default', 14, 0, 'My Recent FAQs' ), ( 150, 15, 'Tag Cloud', 14, 0, 'Tag Cloud' ), ( 151, 1, 'Default', 15, 0, 'Top Accounts' ), ( 152, 2, 'Default', 15, 0, 'Home Page Dashboard' ), ( 153, 3, 'Default', 15, 0, 'Top Potentials' ), ( 154, 4, 'Default', 15, 0, 'Top Quotes' ), ( 155, 5, 'Default', 15, 0, 'Key Metrics' ), ( 156, 6, 'Default', 15, 0, 'Top Trouble Tickets' ), ( 157, 7, 'Default', 15, 0, 'Upcoming Activities' ), ( 158, 8, 'Default', 15, 0, 'My Group Allocation' ), ( 159, 9, 'Default', 15, 0, 'Top Sales Orders' ), ( 160, 10, 'Default', 15, 0, 'Top Invoices' ), ( 161, 11, 'Default', 15, 0, 'My New Leads' ), ( 162, 12, 'Default', 15, 0, 'Top Purchase Orders' ), ( 163, 13, 'Default', 15, 0, 'Pending Activities' ), ( 164, 14, 'Default', 15, 0, 'My Recent FAQs' ), ( 165, 15, 'Tag Cloud', 15, 0, 'Tag Cloud' ), ( 166, 1, 'Default', 16, 0, 'Top Accounts' ), ( 167, 2, 'Default', 16, 0, 'Home Page Dashboard' ), ( 168, 3, 'Default', 16, 0, 'Top Potentials' ), ( 169, 4, 'Default', 16, 0, 'Top Quotes' ), ( 170, 5, 'Default', 16, 0, 'Key Metrics' ), ( 171, 6, 'Default', 16, 0, 'Top Trouble Tickets' ), ( 172, 7, 'Default', 16, 0, 'Upcoming Activities' ), ( 173, 8, 'Default', 16, 0, 'My Group Allocation' ), ( 174, 9, 'Default', 16, 0, 'Top Sales Orders' ), ( 175, 10, 'Default', 16, 0, 'Top Invoices' ), ( 176, 11, 'Default', 16, 0, 'My New Leads' ), ( 177, 12, 'Default', 16, 0, 'Top Purchase Orders' ), ( 178, 13, 'Default', 16, 0, 'Pending Activities' ), ( 179, 14, 'Default', 16, 0, 'My Recent FAQs' ), ( 180, 15, 'Tag Cloud', 16, 0, 'Tag Cloud' ), ( 181, 1, 'Default', 17, 0, 'Top Accounts' ), ( 182, 2, 'Default', 17, 0, 'Home Page Dashboard' ), ( 183, 3, 'Default', 17, 0, 'Top Potentials' ), ( 184, 4, 'Default', 17, 0, 'Top Quotes' ), ( 185, 5, 'Default', 17, 0, 'Key Metrics' ), ( 186, 6, 'Default', 17, 0, 'Top Trouble Tickets' ), ( 187, 7, 'Default', 17, 0, 'Upcoming Activities' ), ( 188, 8, 'Default', 17, 0, 'My Group Allocation' ), ( 189, 9, 'Default', 17, 0, 'Top Sales Orders' ), ( 190, 10, 'Default', 17, 0, 'Top Invoices' ), ( 191, 11, 'Default', 17, 0, 'My New Leads' ), ( 192, 12, 'Default', 17, 0, 'Top Purchase Orders' ), ( 193, 13, 'Default', 17, 0, 'Pending Activities' ), ( 194, 14, 'Default', 17, 0, 'My Recent FAQs' ), ( 195, 15, 'Tag Cloud', 17, 0, 'Tag Cloud' ), ( 196, 1, 'Default', 18, 0, 'Top Accounts' ), ( 197, 2, 'Default', 18, 0, 'Home Page Dashboard' ), ( 198, 3, 'Default', 18, 0, 'Top Potentials' ), ( 199, 4, 'Default', 18, 0, 'Top Quotes' ), ( 200, 5, 'Default', 18, 0, 'Key Metrics' ), ( 201, 6, 'Default', 18, 0, 'Top Trouble Tickets' ), ( 202, 7, 'Default', 18, 0, 'Upcoming Activities' ), ( 203, 8, 'Default', 18, 0, 'My Group Allocation' ), ( 204, 9, 'Default', 18, 0, 'Top Sales Orders' ), ( 205, 10, 'Default', 18, 0, 'Top Invoices' ), ( 206, 11, 'Default', 18, 0, 'My New Leads' ), ( 207, 12, 'Default', 18, 0, 'Top Purchase Orders' ), ( 208, 13, 'Default', 18, 0, 'Pending Activities' ), ( 209, 14, 'Default', 18, 0, 'My Recent FAQs' ), ( 210, 15, 'Tag Cloud', 18, 0, 'Tag Cloud' ), ( 211, 1, 'Default', 19, 0, 'Top Accounts' ), ( 212, 2, 'Default', 19, 0, 'Home Page Dashboard' ), ( 213, 3, 'Default', 19, 0, 'Top Potentials' ), ( 214, 4, 'Default', 19, 0, 'Top Quotes' ), ( 215, 5, 'Default', 19, 0, 'Key Metrics' ), ( 216, 6, 'Default', 19, 0, 'Top Trouble Tickets' ), ( 217, 7, 'Default', 19, 0, 'Upcoming Activities' ), ( 218, 8, 'Default', 19, 0, 'My Group Allocation' ), ( 219, 9, 'Default', 19, 0, 'Top Sales Orders' ), ( 220, 10, 'Default', 19, 0, 'Top Invoices' ), ( 221, 11, 'Default', 19, 0, 'My New Leads' ), ( 222, 12, 'Default', 19, 0, 'Top Purchase Orders' ), ( 223, 13, 'Default', 19, 0, 'Pending Activities' ), ( 224, 14, 'Default', 19, 0, 'My Recent FAQs' ), ( 225, 15, 'Tag Cloud', 19, 0, 'Tag Cloud' );
/*!40000 ALTER TABLE `vtiger_homestuff` ENABLE KEYS */;
UNLOCK TABLES;

--
-- Table structure for table vtiger_homestuff_seq
--

DROP TABLE IF EXISTS vtiger_homestuff_seq;
SET @saved_cs_client = @@character_set_client;
SET character_set_client = utf8;
CREATE TABLE `vtiger_homestuff_seq` (
  `id` int(11) NOT NULL
) ENGINE=MyISAM DEFAULT CHARSET=utf8;
SET character_set_client = @saved_cs_client;

--
-- Dumping data for table vtiger_homestuff_seq
--

LOCK TABLES `vtiger_homestuff_seq` WRITE;
/*!40000 ALTER TABLE `vtiger_homestuff_seq` DISABLE KEYS */;
INSERT INTO vtiger_homestuff_seq ( ID ) VALUES ( 225 );
/*!40000 ALTER TABLE `vtiger_homestuff_seq` ENABLE KEYS */;
UNLOCK TABLES;

--
-- Table structure for table vtiger_import_5
--

DROP TABLE IF EXISTS vtiger_import_5;
SET @saved_cs_client = @@character_set_client;
SET character_set_client = utf8;
CREATE TABLE `vtiger_import_5` (
  `id` int(11) NOT NULL AUTO_INCREMENT,
  `status` int(11) DEFAULT '0',
  `recordid` int(11) DEFAULT NULL,
  `cf_640` text,
  `firstname` text,
  `lastname` text,
  `title` text,
  `account_id` text,
  `email` text,
  `phone` text,
  PRIMARY KEY (`id`)
) ENGINE=MyISAM AUTO_INCREMENT=94 DEFAULT CHARSET=utf8;
SET character_set_client = @saved_cs_client;

--
-- Dumping data for table vtiger_import_5
--

LOCK TABLES `vtiger_import_5` WRITE;
/*!40000 ALTER TABLE `vtiger_import_5` DISABLE KEYS */;
INSERT INTO vtiger_import_5 ( ID, STATUS, RECORDID, CF_640, FIRSTNAME, LASTNAME, TITLE, ACCOUNT_ID, EMAIL, PHONE ) VALUES ( 1, 1, 203, 'Potential Customer', 'Hari', 'Hari', 'Recruiter', '3Core Systems Inc', 'hari@3coresystems.com', '6304447403' ), ( 2, 1, 204, 'Potential Customer', 'Seane', 'Seane', 'Senior Recruiter', '3Core Systems Inc', 'seane@3coresystems.com', '' ), ( 3, 1, 206, 'Potential Customer', 'Sirisha', 'Emani', 'CEO', 'ACES Datasolutions Inc', 'ajaypulijala@acesdatasolutions.com', '9082515482' ), ( 4, 1, 207, 'Potential Customer', 'Sanjay Ram ', 'Pulijala', 'Account Manager', 'ACES Datasolutions Inc', 'sanjay@acesdatasolutions.com', '+918978993222' ), ( 5, 1, 209, 'Potential Customer', 'Vikram ', 'Kumar', 'Recruiter', 'Amitech Solutions', 'vikramku@gmail.com', '314-925-0806' ), ( 6, 1, 211, 'Potential Customer', 'Balaji ', 'P', 'Sales Manager', 'Apex IT Services LLC', 'bala@apex-its.com', '20041009' ), ( 7, 1, 212, 'Potential Customer', 'Deepak', 'Kakarala', 'Recruiter', 'Apex IT Services LLC', 'Deepak@apex-its.com', '' ), ( 8, 1, 213, 'Potential Customer', 'Annapurna', 'Lakkapragada', 'Recruiter', 'Apex IT Services LLC', 'anu@apex-its.com', '' ), ( 9, 1, 215, 'Potential Customer', 'Narotham R ', 'Alva', 'Recruiter', 'Ariston Tek Inc', 'narotham@aristontek.com', '+1-248-292-8686' ), ( 10, 1, 216, 'Potential Customer', 'Kumar ', 'Krishnamurthy', 'Manager', 'Ariston Tek Inc', 'kumar@aristontek.com', '+1-201-205-2266' ), ( 11, 1, 218, 'Potential Customer', 'Ashvin ', 'Koncharla', 'CEO', 'Arsgs Inc', 'ashvink@arsgs.com', '+1-248-910-7553' ), ( 12, 1, 220, 'Potential Customer', 'Nagendra', 'P', 'President', 'Arthat Technologies Inc', 'nagendra@arthatechinc.com', '2483440361' ), ( 13, 1, 222, 'Potential Customer', 'Afreen ', 'Syeda', 'Accounts Manager', 'Ascentiant International Inc.', 'afreen@ascentiant.com', '760 208 4992' ), ( 14, 1, 224, 'Potential Customer', 'Sunil ', 'Gotla', 'Director', 'ATS Inc', 'sunil@atplweb.com', '8501016007' ), ( 15, 1, 225, 'Potential Customer', 'Raghavendra', 'P', 'Recruiter', 'ATS Inc', 'raghavendra.b@atplweb.com', '9010237111' ), ( 16, 1, 227, 'Potential Customer', 'Laxmi ', 'Patel', 'BDM', 'BMSOFT SYSTEMS', 'laxmi@bmsoftsystems.com', '408-890-2348' ), ( 17, 1, 229, 'Potential Customer', 'Sowjanya ', 'Vullingala', 'Recruiter', 'Business Software Solutions In', 'svullingala@bssus.com', '703-268-4089' ), ( 18, 1, 231, 'Potential Customer', 'Mohammed ', 'Jawed', 'Accounts Manager', 'Cougar Tech Inc', 'jawed@cougartech.us', '510 870 3408' ), ( 19, 1, 232, 'Potential Customer', 'Ravi ', 'Behara', 'Sr. BDM', 'Cougar Tech Inc', 'ravi@cougartech.us', '510 870 2446' ), ( 20, 1, 234, 'Potential Customer', 'Rajesh ', 'Pullagam', 'BDM', 'Digerati Systems Inv', 'rajesh@digerati-systems.com', '734-418-2444' ), ( 21, 1, 235, 'Potential Customer', 'Aditya ', 'Pingili', 'Business Development Manager', 'Digerati Systems Inv', 'aditya@digerati-systems.com', '734-418-2444' ), ( 22, 1, 237, 'Potential Customer', 'CSR ', 'Reddy', 'Mr', 'ERPandERP', 'csr@erpanderp.com', '+919652229397' ), ( 23, 1, 239, 'Potential Customer', 'Naresh ', 'Pujari', 'Recruiter', 'Everest Technologies, Inc.', 'npujari@everesttech.com', '614.408.8148' ), ( 24, 1, 240, 'Potential Customer', 'Ashish ', 'Kumar', 'Recruiter', 'Everest Technologies, Inc.', 'akumar@everesttech.com', '614.408.8117' ), ( 25, 1, 242, 'Potential Customer', 'Charan ', 'Evp', 'BDM', 'Flexeraglobal.com', 'CHARAN@flexeraglobal.com', '8344444474' ), ( 26, 1, 243, 'Potential Customer', 'Kishore', 'P', 'Sr Recruiter', 'Flexeraglobal.com', '', '' ), ( 27, 1, 245, 'Potential Customer', 'Suresh ', 'Vasagiri', 'Sales Manager', 'Fusionways Inc', 'suresh@fusionways.com', '+19253617760' ), ( 28, 1, 247, 'Potential Customer', 'Ilango ', 'Thanapandian', 'Vice-President', 'GALAXY SOLUTIONS INDIA', 'lionilango@gmail.com', '+ 91044-22262101' ), ( 29, 1, 249, 'Potential Customer', 'Bharat', 'P', '', 'Gallop Solutions', 'Bharat.T@Gallop.net', '93907-66666' ), ( 30, 1, 251, 'Potential Customer', 'Srinivas', 'P', 'Accounts Manager', 'Global Info Solutions Inc.', 'srinivas.g@gi-sol.com', '3039970488' ), ( 31, 1, 253, 'Potential Customer', 'Babu', 'P', 'Vice-President', 'HMG America LLC', 'jsmith@hmgamerica.com', '7326451976' ), ( 32, 1, 254, 'Potential Customer', 'Vishnu', 'P', 'BDM', 'HMG America LLC', 'vishnu@hmgamerica.com', '7326451976' ), ( 33, 1, 256, 'Potential Customer', 'Prashanth ', 'Aitha', 'BDM', 'IKON SYSTEMS, INC', 'shan@ikon-systems.com', '+1-217-720-5020 X' ), ( 34, 1, 257, 'Potential Customer', 'Bhargavi', 'P', 'Aitha', 'IKON SYSTEMS, INC', 'bobby@ikon-systems.com', '918341480359' ), ( 35, 1, 259, 'Potential Customer', 'Harish Kumar ', 'Mishra', 'Recruiter', 'IMG Systems Inc.', 'harish@imgsystems.com', '214-774-2315' ), ( 36, 1, 260, 'Potential Customer', 'Prathap', 'P', 'Recruiter', 'IMG Systems Inc.', 'prathap@imgsystems.com', '214-774-2315' ), ( 37, 1, 262, 'Potential Customer', 'Naveen', 'P', 'Recruiter', 'Ind Soft Inc.', 'naveen@indsoft.com', '(630) 324-0006 * 110' ), ( 38, 1, 264, 'Potential Customer', 'Irfan ', 'Ali Khan', 'Recruiter', 'Inspired Infotech', 'irfan04@gmail.com', '(571) 222-6555' ), ( 39, 1, 266, 'Potential Customer', 'Srinivas ', 'Kumar', 'CEO', 'Ishan Technoloiges', 'srinivasarises@gmail.com', '8985917007' ), ( 40, 1, 268, 'Potential Customer', 'Ravi ', 'K', '', 'ITS One', 'ravi.k@itsone.net', '' ), ( 41, 1, 270, 'Potential Customer', 'Ranjit ', 'Kumar', 'BDM', 'KSN Technologies, Inc.', 'jobs@ksntech.com', '+1-219-864-9810 X' ), ( 42, 1, 271, 'Potential Customer', 'Bhaskar ', 'Boilla', 'Accounts Manager', 'KSN Technologies, Inc.', 'jobs@ksntech.com', '+1-219-864-9810 X' ), ( 43, 1, 273, 'Potential Customer', 'Venkat ', 'Davuluri', 'President', 'logicstaff', 'venkat@logicstaff.com', '7702889800' ), ( 44, 1, 275, 'Potential Customer', 'Naresh Kumar ', 'Ragi', 'CEO', 'Maxiltech', 'naresh@maxiltech.com', '+ 91 9885653865' ), ( 45, 1, 277, 'Potential Customer', 'Sandeep ', 'Dhurka', 'CEO', 'MITS IT SERVICES', 'sandeep@mitsit.in', '+ 91-22-24188369' ), ( 46, 1, 279, 'Potential Customer', 'Vinay Kumar ', 'Iruvanti', 'BDM', 'netLogic Solutions,Inc', 'vinay@nlsinc.com', '4088404546' ), ( 47, 1, 280, 'Potential Customer', 'Kavitha ', 'Baru', 'HR Manager', 'netLogic Solutions,Inc', 'kavitha@nlsinc.com', '4087446610' ), ( 48, 1, 281, 'Potential Customer', 'Swathi ', 'Tirunagari', 'BDM', 'netLogic Solutions,Inc', 'swathi@nlsinc.com', '4088404545' ), ( 49, 1, 282, 'Potential Customer', 'Mohammad ', 'Imran', 'Recruiter', 'netLogic Solutions,Inc', 'imran@nlsinc.com', '4088404543' ), ( 50, 1, 283, 'Potential Customer', 'Krishna', 'P', 'Recruiter', 'netLogic Solutions,Inc', 'krishna@nlsinc.com', '4088404544' ), ( 51, 1, 284, 'Potential Customer', 'Phani', 'P', 'Recruiter', 'netLogic Solutions,Inc', 'pmusale@nlsinc.com', '4088404547' ), ( 52, 1, 286, 'Potential Customer', 'Vamsi ', 'Krishna', 'BDM', 'Novateur IT', 'vamsi@novateurit.com', '8096447444' ), ( 53, 1, 288, 'Potential Customer', 'Sukumar ', 'Savaram', 'Director', 'Pearlie LLC', 'sukumar@pearlietech.com', '7183601767' ), ( 54, 1, 289, 'Potential Customer', 'Nolan Lyke', 'Lyke', 'BDM', 'Pearlie LLC', 'nolan@pearlietech.com', '7183602230' ), ( 55, 1, 291, 'Potential Customer', 'Srinivas', 'Krothapalli', 'CEO', 'Pelican IT Group LLC', 'srini@pelicanit.com', '2252911991' ), ( 56, 1, 292, 'Potential Customer', 'Vijay', 'Velaga', 'Manager', 'Pelican IT Group LLC', 'vijay@pelicanit.com', '2252911991' ), ( 57, 1, 293, 'Potential Customer', 'Raja ', 'Ravi', 'Associate', 'Pelican IT Group LLC', 'raja@rsquare.biz', '9849601997' ), ( 58, 1, 294, 'Potential Customer', 'Vardhan', 'P', 'Technical Recruiter', 'Pelican IT Group LLC', 'vardhan@pelicanit.com', '2257561111' ), ( 59, 1, 295, 'Potential Customer', 'Rama', 'Krishna', 'Technical Recruiter', 'Pelican IT Group LLC', 'rama@pelicanit.com', '2257561111' ), ( 60, 1, 297, 'Potential Customer', 'Sreedevi', 'Gopalakrishnan', 'Director', 'Revision Technologies Inc', 'sree@revisiontek.com', '732-202-5228' ), ( 61, 1, 299, 'Potential Customer', 'Deep', 'P', 'Sales Manager', 'RMatrix LLC', 'deep@rmatrix.com', '7325938290' ), ( 62, 1, 301, 'Potential Customer', 'Nirmala', 'Konduru', 'Recruiter', 'Sai Strategic solutions Inc', 'nirmala@saistrategics.com', '501.255.9806' ), ( 63, 1, 302, 'Potential Customer', 'Kishore', 'Konduru', 'Recruiter', 'Sai Strategic solutions Inc', 'nirmala@saistrategics.com', '501.255.9806' ), ( 64, 1, 304, 'Potential Customer', 'Sam', 'Barigeda', 'BDM', 'SBS Corp, Houston, TX', 'sam@mysbscorp.com', '001-281-324-0976' ), ( 65, 1, 306, 'Potential Customer', 'Athimoolam', 'Narayanasamy', 'Recruiter', 'Sintesys LLC', 'athi.narayanasamy@Sintesys.US', '2033085465' ), ( 66, 1, 308, 'Potential Customer', 'Sunny', 'P', 'Accounts Manager', 'Softnet Consulting', 'sunny@softnet-consulting.com', '609-257-6246' ), ( 67, 1, 310, 'Potential Customer', 'Anand', 'Kanthi', 'Accounts Manager', 'STLO', 'anandk@stlogics.com', '317-622-0243' ), ( 68, 1, 311, 'Potential Customer', 'Zaheer Basha', 'Syed', 'Director Of Training', 'STLO', 'zaheerb@stlogics.com', '317-622-0236' ), ( 69, 1, 313, 'Potential Customer', 'Srini', 'Chakravarthy', 'Director', 'Syscom Technologies, Inc.', 'srini@syscomtechinc.com', '703-565-2833' ), ( 70, 1, 314, 'Potential Customer', 'C S Johnson ', 'Maddala', 'Recruiter', 'Syscom Technologies, Inc.', 'shawn@syscomtechinc.com', '703-880-5405' ), ( 71, 1, 315, 'Potential Customer', 'Shawn', 'P', 'Recruiting Lead', 'Syscom Technologies, Inc.', 'shawn@syscomtechinc.com', '' ), ( 72, 1, 317, 'Potential Customer', 'Rajiv', 'Williams', 'Sales Manager', 'Systel Inc', 'rajivw@systelinc.com', '6782509835' ), ( 73, 1, 318, 'Potential Customer', 'Nikhil Raj', 'Garlapally', 'Mr', 'Systel Inc', 'nikhilg@systelinc.com', '6782509857' ), ( 74, 1, 320, 'Potential Customer', 'Nageswar', 'P', 'Director', 'TECHNOCENTRA, INC', 'nageswar@technocentra.com', '919490966040' ), ( 75, 1, 321, 'Potential Customer', 'HABEEB', 'P', 'IT RECRUITER', 'TECHNOCENTRA, INC', 'habeeb@technocentra.com', '309-282-9945' ), ( 76, 1, 322, 'Potential Customer', 'Kiran', 'Booneti', 'Director', 'TECHNOCENTRA, INC', 'kiran@technocentra.com', '309-282-6191' ), ( 77, 1, 323, 'Potential Customer', 'Srikanth', 'P', 'SR IT RECRUITER', 'TECHNOCENTRA, INC', 'srikanth@technocentra.com', '309-740-3260' ), ( 78, 1, 325, 'Potential Customer', 'Sudheer Babu', 'Avinigadda', 'BDM', 'TECHWAVE Consulting Inc', 'bsudheer@techwave.net', '484-252-2741' ), ( 79, 1, 326, 'Potential Customer', 'Karthik', 'Anumasa', 'Sr. Recruiter', 'TECHWAVE Consulting Inc', 'akarthik@techwave.net', '484-252-2851' ), ( 80, 1, 328, 'Potential Customer', 'Sharada', 'Konduri', 'Director', 'TEK Consulting Group.Inc', 'kondurisha@gmail.com', '6304533768' ), ( 81, 2, 0, 'Potential Customer', 'Sunny', 'P', 'Director', 'Therron Consulting LLC', 'techjobs@therronconsulting.com', '415-632-31336' ), ( 82, 2, 0, 'Potential Customer', 'Sunny', 'P', 'Director', 'Therron Consulting LLC', 'techjobs@therronconsulting.com', '415-632-3136' ), ( 83, 1, 330, 'Potential Customer', 'Ramesh', 'Edassery', 'BDM', 'USM Business Systems', 'Rameshe@usmsystems.com', '703-953-1861' ), ( 84, 2, 0, 'Potential Customer', 'Ramesh', 'Edassery', 'Manager - Recruitments & Operations', 'USM Business Systems', 'rameshe@usmsystems.com', '703-953-1861' ), ( 85, 1, 331, 'Potential Customer', 'Mobeen', 'P', 'Recruiter', 'USM Business Systems', 'rameshe@usmsystems.com', '703-953-1861' ), ( 86, 1, 333, 'Potential Customer', 'Mohammed Jahangir', 'Baba', 'Accounts Manager', 'ValueMomentum Inc.', 'jahangir.baba@valuemomentum.biz', '201-256-3566' ), ( 87, 1, 334, 'Potential Customer', 'Sanjeeva Reddy', 'Gutta', 'Team Lead', 'ValueMomentum Inc.', 'sanjeeva.gutta@valuemomentum.biz', '201-256-3566' ), ( 88, 1, 336, 'Potential Customer', 'Rachel', 'P', 'BDM', 'XpertTech Inc', 'rachel@xperttech.com', '781-497-0968' ), ( 89, 1, 337, 'Potential Customer', 'Sanjay', 'Vangani', 'Team Lead', 'XpertTech Inc', 'sanjay@xperttech.com', '781-497-0493' ), ( 90, 1, 339, 'Potential Customer', 'Bhaskar', 'P', 'Director', 'Yochana IT Solutions', 'bhaskar@yochanait.com', '734-274-5608' ), ( 91, 1, 340, 'Potential Customer', 'Chandra', 'P', 'BDM', 'Yochana IT Solutions', 'chandra@yochanait.com', '248-442-9999' ), ( 92, 2, 0, 'Potential Customer', 'Bhaskar', 'P', '', 'Zenith Services', 'Bhaskar@Zenithcad.com', '609-228-7361' ), ( 93, 1, 342, 'Potential Customer', 'Saumil H', 'Patel', 'Account Manager', 'Zolon Tech Limited', 'saumil.patel@zolon.com', '9704686982' );
/*!40000 ALTER TABLE `vtiger_import_5` ENABLE KEYS */;
UNLOCK TABLES;

--
-- Table structure for table vtiger_import_locks
--

DROP TABLE IF EXISTS vtiger_import_locks;
SET @saved_cs_client = @@character_set_client;
SET character_set_client = utf8;
CREATE TABLE `vtiger_import_locks` (
  `vtiger_import_lock_id` int(11) NOT NULL,
  `userid` int(11) NOT NULL,
  `tabid` int(11) NOT NULL,
  `importid` int(11) NOT NULL,
  `locked_since` datetime DEFAULT NULL,
  PRIMARY KEY (`vtiger_import_lock_id`)
) ENGINE=InnoDB DEFAULT CHARSET=utf8;
SET character_set_client = @saved_cs_client;

--
-- Dumping data for table vtiger_import_locks
--

LOCK TABLES `vtiger_import_locks` WRITE;
/*!40000 ALTER TABLE `vtiger_import_locks` DISABLE KEYS */;

/*!40000 ALTER TABLE `vtiger_import_locks` ENABLE KEYS */;
UNLOCK TABLES;

--
-- Table structure for table vtiger_import_locks_seq
--

DROP TABLE IF EXISTS vtiger_import_locks_seq;
SET @saved_cs_client = @@character_set_client;
SET character_set_client = utf8;
CREATE TABLE `vtiger_import_locks_seq` (
  `id` int(11) NOT NULL
) ENGINE=MyISAM DEFAULT CHARSET=utf8;
SET character_set_client = @saved_cs_client;

--
-- Dumping data for table vtiger_import_locks_seq
--

LOCK TABLES `vtiger_import_locks_seq` WRITE;
/*!40000 ALTER TABLE `vtiger_import_locks_seq` DISABLE KEYS */;
INSERT INTO vtiger_import_locks_seq ( ID ) VALUES ( 1 );
/*!40000 ALTER TABLE `vtiger_import_locks_seq` ENABLE KEYS */;
UNLOCK TABLES;

--
-- Table structure for table vtiger_import_maps
--

DROP TABLE IF EXISTS vtiger_import_maps;
SET @saved_cs_client = @@character_set_client;
SET character_set_client = utf8;
CREATE TABLE `vtiger_import_maps` (
  `id` int(19) NOT NULL AUTO_INCREMENT,
  `name` varchar(36) NOT NULL,
  `module` varchar(36) NOT NULL,
  `content` longblob,
  `has_header` int(1) NOT NULL DEFAULT '1',
  `deleted` int(1) NOT NULL DEFAULT '0',
  `date_entered` timestamp NOT NULL DEFAULT CURRENT_TIMESTAMP ON UPDATE CURRENT_TIMESTAMP,
  `date_modified` timestamp NOT NULL DEFAULT '0000-00-00 00:00:00',
  `assigned_user_id` varchar(36) DEFAULT NULL,
  `is_published` varchar(3) NOT NULL DEFAULT 'no',
  PRIMARY KEY (`id`),
  KEY `import_maps_assigned_user_id_module_name_deleted_idx` (`assigned_user_id`,`module`,`name`,`deleted`)
) ENGINE=InnoDB DEFAULT CHARSET=utf8;
SET character_set_client = @saved_cs_client;

--
-- Dumping data for table vtiger_import_maps
--

LOCK TABLES `vtiger_import_maps` WRITE;
/*!40000 ALTER TABLE `vtiger_import_maps` DISABLE KEYS */;

/*!40000 ALTER TABLE `vtiger_import_maps` ENABLE KEYS */;
UNLOCK TABLES;

--
-- Table structure for table vtiger_import_queue
--

DROP TABLE IF EXISTS vtiger_import_queue;
SET @saved_cs_client = @@character_set_client;
SET character_set_client = utf8;
CREATE TABLE `vtiger_import_queue` (
  `importid` int(11) NOT NULL,
  `userid` int(11) NOT NULL,
  `tabid` int(11) NOT NULL,
  `field_mapping` text,
  `default_values` text,
  `merge_type` int(11) DEFAULT NULL,
  `merge_fields` text,
  `status` int(11) DEFAULT '0',
  PRIMARY KEY (`importid`)
) ENGINE=InnoDB DEFAULT CHARSET=utf8;
SET character_set_client = @saved_cs_client;

--
-- Dumping data for table vtiger_import_queue
--

LOCK TABLES `vtiger_import_queue` WRITE;
/*!40000 ALTER TABLE `vtiger_import_queue` DISABLE KEYS */;

/*!40000 ALTER TABLE `vtiger_import_queue` ENABLE KEYS */;
UNLOCK TABLES;

--
-- Table structure for table vtiger_import_queue_seq
--

DROP TABLE IF EXISTS vtiger_import_queue_seq;
SET @saved_cs_client = @@character_set_client;
SET character_set_client = utf8;
CREATE TABLE `vtiger_import_queue_seq` (
  `id` int(11) NOT NULL
) ENGINE=MyISAM DEFAULT CHARSET=utf8;
SET character_set_client = @saved_cs_client;

--
-- Dumping data for table vtiger_import_queue_seq
--

LOCK TABLES `vtiger_import_queue_seq` WRITE;
/*!40000 ALTER TABLE `vtiger_import_queue_seq` DISABLE KEYS */;
INSERT INTO vtiger_import_queue_seq ( ID ) VALUES ( 1 );
/*!40000 ALTER TABLE `vtiger_import_queue_seq` ENABLE KEYS */;
UNLOCK TABLES;

--
-- Table structure for table vtiger_industry
--

DROP TABLE IF EXISTS vtiger_industry;
SET @saved_cs_client = @@character_set_client;
SET character_set_client = utf8;
CREATE TABLE `vtiger_industry` (
  `industryid` int(19) NOT NULL AUTO_INCREMENT,
  `industry` varchar(200) NOT NULL,
  `presence` int(1) NOT NULL DEFAULT '1',
  `picklist_valueid` int(19) NOT NULL DEFAULT '0',
  PRIMARY KEY (`industryid`),
  UNIQUE KEY `industry_industry_idx` (`industry`)
) ENGINE=InnoDB AUTO_INCREMENT=33 DEFAULT CHARSET=utf8;
SET character_set_client = @saved_cs_client;

--
-- Dumping data for table vtiger_industry
--

LOCK TABLES `vtiger_industry` WRITE;
/*!40000 ALTER TABLE `vtiger_industry` DISABLE KEYS */;
INSERT INTO vtiger_industry ( INDUSTRYID, INDUSTRY, PRESENCE, PICKLIST_VALUEID ) VALUES ( 1, '--None--', 1, 60 ), ( 2, 'Apparel', 1, 61 ), ( 3, 'Banking', 1, 62 ), ( 4, 'Biotechnology', 1, 63 ), ( 5, 'Chemicals', 1, 64 ), ( 6, 'Communications', 1, 65 ), ( 7, 'Construction', 1, 66 ), ( 8, 'Consulting', 1, 67 ), ( 9, 'Education', 1, 68 ), ( 10, 'Electronics', 1, 69 ), ( 11, 'Energy', 1, 70 ), ( 12, 'Engineering', 1, 71 ), ( 13, 'Entertainment', 1, 72 ), ( 14, 'Environmental', 1, 73 ), ( 15, 'Finance', 1, 74 ), ( 16, 'Food & Beverage', 1, 75 ), ( 17, 'Government', 1, 76 ), ( 18, 'Healthcare', 1, 77 ), ( 19, 'Hospitality', 1, 78 ), ( 20, 'Insurance', 1, 79 ), ( 21, 'Machinery', 1, 80 ), ( 22, 'Manufacturing', 1, 81 ), ( 23, 'Media', 1, 82 ), ( 24, 'Not For Profit', 1, 83 ), ( 25, 'Recreation', 1, 84 ), ( 26, 'Retail', 1, 85 ), ( 27, 'Shipping', 1, 86 ), ( 28, 'Technology', 1, 87 ), ( 29, 'Telecommunications', 1, 88 ), ( 30, 'Transportation', 1, 89 ), ( 31, 'Utilities', 1, 90 ), ( 32, 'Other', 1, 91 );
/*!40000 ALTER TABLE `vtiger_industry` ENABLE KEYS */;
UNLOCK TABLES;

--
-- Table structure for table vtiger_industry_seq
--

DROP TABLE IF EXISTS vtiger_industry_seq;
SET @saved_cs_client = @@character_set_client;
SET character_set_client = utf8;
CREATE TABLE `vtiger_industry_seq` (
  `id` int(11) NOT NULL
) ENGINE=MyISAM DEFAULT CHARSET=utf8;
SET character_set_client = @saved_cs_client;

--
-- Dumping data for table vtiger_industry_seq
--

LOCK TABLES `vtiger_industry_seq` WRITE;
/*!40000 ALTER TABLE `vtiger_industry_seq` DISABLE KEYS */;
INSERT INTO vtiger_industry_seq ( ID ) VALUES ( 32 );
/*!40000 ALTER TABLE `vtiger_industry_seq` ENABLE KEYS */;
UNLOCK TABLES;

--
-- Table structure for table vtiger_inventory_tandc
--

DROP TABLE IF EXISTS vtiger_inventory_tandc;
SET @saved_cs_client = @@character_set_client;
SET character_set_client = utf8;
CREATE TABLE `vtiger_inventory_tandc` (
  `id` int(19) NOT NULL,
  `type` varchar(30) NOT NULL,
  `tandc` text,
  PRIMARY KEY (`id`)
) ENGINE=InnoDB DEFAULT CHARSET=utf8;
SET character_set_client = @saved_cs_client;

--
-- Dumping data for table vtiger_inventory_tandc
--

LOCK TABLES `vtiger_inventory_tandc` WRITE;
/*!40000 ALTER TABLE `vtiger_inventory_tandc` DISABLE KEYS */;
INSERT INTO vtiger_inventory_tandc ( ID, TYPE, TANDC ) VALUES ( 1, 'Inventory', '\n - Unless otherwise agreed in writing by the supplier all invoices are payable within thirty (30) days of the date of invoice, in the currency of the invoice, drawn on a bank based in India or by such other method as is agreed in advance by the Supplier.\n\n - All prices are not inclusive of VAT which shall be payable in addition by the Customer at the applicable rate.' );
/*!40000 ALTER TABLE `vtiger_inventory_tandc` ENABLE KEYS */;
UNLOCK TABLES;

--
-- Table structure for table vtiger_inventory_tandc_seq
--

DROP TABLE IF EXISTS vtiger_inventory_tandc_seq;
SET @saved_cs_client = @@character_set_client;
SET character_set_client = utf8;
CREATE TABLE `vtiger_inventory_tandc_seq` (
  `id` int(11) NOT NULL
) ENGINE=MyISAM DEFAULT CHARSET=utf8;
SET character_set_client = @saved_cs_client;

--
-- Dumping data for table vtiger_inventory_tandc_seq
--

LOCK TABLES `vtiger_inventory_tandc_seq` WRITE;
/*!40000 ALTER TABLE `vtiger_inventory_tandc_seq` DISABLE KEYS */;
INSERT INTO vtiger_inventory_tandc_seq ( ID ) VALUES ( 1 );
/*!40000 ALTER TABLE `vtiger_inventory_tandc_seq` ENABLE KEYS */;
UNLOCK TABLES;

--
-- Table structure for table vtiger_inventorynotification
--

DROP TABLE IF EXISTS vtiger_inventorynotification;
SET @saved_cs_client = @@character_set_client;
SET character_set_client = utf8;
CREATE TABLE `vtiger_inventorynotification` (
  `notificationid` int(19) NOT NULL AUTO_INCREMENT,
  `notificationname` varchar(200) DEFAULT NULL,
  `notificationsubject` varchar(200) DEFAULT NULL,
  `notificationbody` text,
  `label` varchar(50) DEFAULT NULL,
  `status` varchar(30) DEFAULT NULL,
  PRIMARY KEY (`notificationid`)
) ENGINE=InnoDB AUTO_INCREMENT=4 DEFAULT CHARSET=utf8;
SET character_set_client = @saved_cs_client;

--
-- Dumping data for table vtiger_inventorynotification
--

LOCK TABLES `vtiger_inventorynotification` WRITE;
/*!40000 ALTER TABLE `vtiger_inventorynotification` DISABLE KEYS */;
INSERT INTO vtiger_inventorynotification ( NOTIFICATIONID, NOTIFICATIONNAME, NOTIFICATIONSUBJECT, NOTIFICATIONBODY, LABEL, STATUS ) VALUES ( 1, 'InvoiceNotification', '{PRODUCTNAME} Stock Level is Low', 'Dear {HANDLER},\n\nThe current stock of {PRODUCTNAME} in our warehouse is {CURRENTSTOCK}. Kindly procure required number of units as the stock level is below reorder level {REORDERLEVELVALUE}.\n\nPlease treat this information as Urgent as the invoice is already sent  to the customer.\n\nSeverity: Critical\n\nThanks,\n{CURRENTUSER} ', 'InvoiceNotificationDescription', '' ), ( 2, 'QuoteNotification', 'Quote given for {PRODUCTNAME}', 'Dear {HANDLER},\n\nQuote is generated for {QUOTEQUANTITY} units of {PRODUCTNAME}. The current stock of {PRODUCTNAME} in our warehouse is {CURRENTSTOCK}.\n\nSeverity: Minor\n\nThanks,\n{CURRENTUSER} ', 'QuoteNotificationDescription', '' ), ( 3, 'SalesOrderNotification', 'Sales Order generated for {PRODUCTNAME}', 'Dear {HANDLER},\n\nSalesOrder is generated for {SOQUANTITY} units of {PRODUCTNAME}. The current stock of {PRODUCTNAME} in our warehouse is {CURRENTSTOCK}.\n\nPlease treat this information  with priority as the sales order is already generated.\n\nSeverity: Major\n\nThanks,\n{CURRENTUSER} ', 'SalesOrderNotificationDescription', '' );
/*!40000 ALTER TABLE `vtiger_inventorynotification` ENABLE KEYS */;
UNLOCK TABLES;

--
-- Table structure for table vtiger_inventorynotification_seq
--

DROP TABLE IF EXISTS vtiger_inventorynotification_seq;
SET @saved_cs_client = @@character_set_client;
SET character_set_client = utf8;
CREATE TABLE `vtiger_inventorynotification_seq` (
  `id` int(11) NOT NULL
) ENGINE=MyISAM DEFAULT CHARSET=utf8;
SET character_set_client = @saved_cs_client;

--
-- Dumping data for table vtiger_inventorynotification_seq
--

LOCK TABLES `vtiger_inventorynotification_seq` WRITE;
/*!40000 ALTER TABLE `vtiger_inventorynotification_seq` DISABLE KEYS */;
INSERT INTO vtiger_inventorynotification_seq ( ID ) VALUES ( 3 );
/*!40000 ALTER TABLE `vtiger_inventorynotification_seq` ENABLE KEYS */;
UNLOCK TABLES;

--
-- Table structure for table vtiger_inventoryproductrel
--

DROP TABLE IF EXISTS vtiger_inventoryproductrel;
SET @saved_cs_client = @@character_set_client;
SET character_set_client = utf8;
CREATE TABLE `vtiger_inventoryproductrel` (
  `id` int(19) DEFAULT NULL,
  `productid` int(19) DEFAULT NULL,
  `sequence_no` int(4) DEFAULT NULL,
  `quantity` decimal(25,3) DEFAULT NULL,
  `listprice` decimal(25,3) DEFAULT NULL,
  `discount_percent` decimal(7,3) DEFAULT NULL,
  `discount_amount` decimal(25,3) DEFAULT NULL,
  `comment` varchar(250) DEFAULT NULL,
  `description` text,
  `incrementondel` int(11) NOT NULL DEFAULT '0',
  `lineitem_id` int(11) NOT NULL AUTO_INCREMENT,
  `tax1` decimal(7,3) DEFAULT NULL,
  `tax2` decimal(7,3) DEFAULT NULL,
  `tax3` decimal(7,3) DEFAULT NULL,
  PRIMARY KEY (`lineitem_id`),
  KEY `inventoryproductrel_id_idx` (`id`),
  KEY `inventoryproductrel_productid_idx` (`productid`)
) ENGINE=InnoDB DEFAULT CHARSET=utf8;
SET character_set_client = @saved_cs_client;

--
-- Dumping data for table vtiger_inventoryproductrel
--

LOCK TABLES `vtiger_inventoryproductrel` WRITE;
/*!40000 ALTER TABLE `vtiger_inventoryproductrel` DISABLE KEYS */;

/*!40000 ALTER TABLE `vtiger_inventoryproductrel` ENABLE KEYS */;
UNLOCK TABLES;

--
-- Table structure for table vtiger_inventoryshippingrel
--

DROP TABLE IF EXISTS vtiger_inventoryshippingrel;
SET @saved_cs_client = @@character_set_client;
SET character_set_client = utf8;
CREATE TABLE `vtiger_inventoryshippingrel` (
  `id` int(19) DEFAULT NULL,
  `shtax1` decimal(7,3) DEFAULT NULL,
  `shtax2` decimal(7,3) DEFAULT NULL,
  `shtax3` decimal(7,3) DEFAULT NULL,
  KEY `inventoryishippingrel_id_idx` (`id`)
) ENGINE=InnoDB DEFAULT CHARSET=utf8;
SET character_set_client = @saved_cs_client;

--
-- Dumping data for table vtiger_inventoryshippingrel
--

LOCK TABLES `vtiger_inventoryshippingrel` WRITE;
/*!40000 ALTER TABLE `vtiger_inventoryshippingrel` DISABLE KEYS */;

/*!40000 ALTER TABLE `vtiger_inventoryshippingrel` ENABLE KEYS */;
UNLOCK TABLES;

--
-- Table structure for table vtiger_inventorysubproductrel
--

DROP TABLE IF EXISTS vtiger_inventorysubproductrel;
SET @saved_cs_client = @@character_set_client;
SET character_set_client = utf8;
CREATE TABLE `vtiger_inventorysubproductrel` (
  `id` int(19) NOT NULL,
  `sequence_no` int(10) NOT NULL,
  `productid` int(19) NOT NULL
) ENGINE=InnoDB DEFAULT CHARSET=utf8;
SET character_set_client = @saved_cs_client;

--
-- Dumping data for table vtiger_inventorysubproductrel
--

LOCK TABLES `vtiger_inventorysubproductrel` WRITE;
/*!40000 ALTER TABLE `vtiger_inventorysubproductrel` DISABLE KEYS */;

/*!40000 ALTER TABLE `vtiger_inventorysubproductrel` ENABLE KEYS */;
UNLOCK TABLES;

--
-- Table structure for table vtiger_inventorytaxinfo
--

DROP TABLE IF EXISTS vtiger_inventorytaxinfo;
SET @saved_cs_client = @@character_set_client;
SET character_set_client = utf8;
CREATE TABLE `vtiger_inventorytaxinfo` (
  `taxid` int(3) NOT NULL,
  `taxname` varchar(50) DEFAULT NULL,
  `taxlabel` varchar(50) DEFAULT NULL,
  `percentage` decimal(7,3) DEFAULT NULL,
  `deleted` int(1) DEFAULT NULL,
  PRIMARY KEY (`taxid`),
  KEY `inventorytaxinfo_taxname_idx` (`taxname`)
) ENGINE=InnoDB DEFAULT CHARSET=utf8;
SET character_set_client = @saved_cs_client;

--
-- Dumping data for table vtiger_inventorytaxinfo
--

LOCK TABLES `vtiger_inventorytaxinfo` WRITE;
/*!40000 ALTER TABLE `vtiger_inventorytaxinfo` DISABLE KEYS */;
INSERT INTO vtiger_inventorytaxinfo ( TAXID, TAXNAME, TAXLABEL, PERCENTAGE, DELETED ) VALUES ( 1, 'tax1', 'VAT', 4.500, 0 ), ( 2, 'tax2', 'Sales', 10.000, 0 ), ( 3, 'tax3', 'Service', 12.500, 0 );
/*!40000 ALTER TABLE `vtiger_inventorytaxinfo` ENABLE KEYS */;
UNLOCK TABLES;

--
-- Table structure for table vtiger_inventorytaxinfo_seq
--

DROP TABLE IF EXISTS vtiger_inventorytaxinfo_seq;
SET @saved_cs_client = @@character_set_client;
SET character_set_client = utf8;
CREATE TABLE `vtiger_inventorytaxinfo_seq` (
  `id` int(11) NOT NULL
) ENGINE=MyISAM DEFAULT CHARSET=utf8;
SET character_set_client = @saved_cs_client;

--
-- Dumping data for table vtiger_inventorytaxinfo_seq
--

LOCK TABLES `vtiger_inventorytaxinfo_seq` WRITE;
/*!40000 ALTER TABLE `vtiger_inventorytaxinfo_seq` DISABLE KEYS */;
INSERT INTO vtiger_inventorytaxinfo_seq ( ID ) VALUES ( 3 );
/*!40000 ALTER TABLE `vtiger_inventorytaxinfo_seq` ENABLE KEYS */;
UNLOCK TABLES;

--
-- Table structure for table vtiger_invitees
--

DROP TABLE IF EXISTS vtiger_invitees;
SET @saved_cs_client = @@character_set_client;
SET character_set_client = utf8;
CREATE TABLE `vtiger_invitees` (
  `activityid` int(19) NOT NULL,
  `inviteeid` int(19) NOT NULL,
  PRIMARY KEY (`activityid`,`inviteeid`)
) ENGINE=InnoDB DEFAULT CHARSET=utf8;
SET character_set_client = @saved_cs_client;

--
-- Dumping data for table vtiger_invitees
--

LOCK TABLES `vtiger_invitees` WRITE;
/*!40000 ALTER TABLE `vtiger_invitees` DISABLE KEYS */;
INSERT INTO vtiger_invitees ( ACTIVITYID, INVITEEID ) VALUES ( 6, 5 );
/*!40000 ALTER TABLE `vtiger_invitees` ENABLE KEYS */;
UNLOCK TABLES;

--
-- Table structure for table vtiger_invoice
--

DROP TABLE IF EXISTS vtiger_invoice;
SET @saved_cs_client = @@character_set_client;
SET character_set_client = utf8;
CREATE TABLE `vtiger_invoice` (
  `invoiceid` int(19) NOT NULL DEFAULT '0',
  `subject` varchar(100) DEFAULT NULL,
  `salesorderid` int(19) DEFAULT NULL,
  `customerno` varchar(100) DEFAULT NULL,
  `contactid` int(19) DEFAULT NULL,
  `notes` varchar(100) DEFAULT NULL,
  `invoicedate` date DEFAULT NULL,
  `duedate` date DEFAULT NULL,
  `invoiceterms` varchar(100) DEFAULT NULL,
  `type` varchar(100) DEFAULT NULL,
  `adjustment` decimal(25,3) DEFAULT NULL,
  `salescommission` decimal(25,3) DEFAULT NULL,
  `exciseduty` decimal(25,3) DEFAULT NULL,
  `subtotal` decimal(25,3) DEFAULT NULL,
  `total` decimal(25,3) DEFAULT NULL,
  `taxtype` varchar(25) DEFAULT NULL,
  `discount_percent` decimal(25,3) DEFAULT NULL,
  `discount_amount` decimal(25,3) DEFAULT NULL,
  `s_h_amount` decimal(25,3) DEFAULT NULL,
  `shipping` varchar(100) DEFAULT NULL,
  `accountid` int(19) DEFAULT NULL,
  `terms_conditions` text,
  `purchaseorder` varchar(200) DEFAULT NULL,
  `invoicestatus` varchar(200) DEFAULT NULL,
  `invoice_no` varchar(100) DEFAULT NULL,
  `currency_id` int(19) NOT NULL DEFAULT '1',
  `conversion_rate` decimal(10,3) NOT NULL DEFAULT '1.000',
  PRIMARY KEY (`invoiceid`),
  KEY `invoice_purchaseorderid_idx` (`invoiceid`),
  KEY `fk_2_vtiger_invoice` (`salesorderid`),
  CONSTRAINT `fk_2_vtiger_invoice` FOREIGN KEY (`salesorderid`) REFERENCES `vtiger_salesorder` (`salesorderid`) ON DELETE CASCADE
) ENGINE=InnoDB DEFAULT CHARSET=utf8;
SET character_set_client = @saved_cs_client;

--
-- Dumping data for table vtiger_invoice
--

LOCK TABLES `vtiger_invoice` WRITE;
/*!40000 ALTER TABLE `vtiger_invoice` DISABLE KEYS */;

/*!40000 ALTER TABLE `vtiger_invoice` ENABLE KEYS */;
UNLOCK TABLES;

--
-- Table structure for table vtiger_invoice_recurring_info
--

DROP TABLE IF EXISTS vtiger_invoice_recurring_info;
SET @saved_cs_client = @@character_set_client;
SET character_set_client = utf8;
CREATE TABLE `vtiger_invoice_recurring_info` (
  `salesorderid` int(11) DEFAULT NULL,
  `recurring_frequency` varchar(200) DEFAULT NULL,
  `start_period` date DEFAULT NULL,
  `end_period` date DEFAULT NULL,
  `last_recurring_date` date DEFAULT NULL,
  `payment_duration` varchar(200) DEFAULT NULL,
  `invoice_status` varchar(200) DEFAULT NULL
) ENGINE=InnoDB DEFAULT CHARSET=utf8;
SET character_set_client = @saved_cs_client;

--
-- Dumping data for table vtiger_invoice_recurring_info
--

LOCK TABLES `vtiger_invoice_recurring_info` WRITE;
/*!40000 ALTER TABLE `vtiger_invoice_recurring_info` DISABLE KEYS */;

/*!40000 ALTER TABLE `vtiger_invoice_recurring_info` ENABLE KEYS */;
UNLOCK TABLES;

--
-- Table structure for table vtiger_invoicebillads
--

DROP TABLE IF EXISTS vtiger_invoicebillads;
SET @saved_cs_client = @@character_set_client;
SET character_set_client = utf8;
CREATE TABLE `vtiger_invoicebillads` (
  `invoicebilladdressid` int(19) NOT NULL DEFAULT '0',
  `bill_city` varchar(30) DEFAULT NULL,
  `bill_code` varchar(30) DEFAULT NULL,
  `bill_country` varchar(30) DEFAULT NULL,
  `bill_state` varchar(30) DEFAULT NULL,
  `bill_street` varchar(250) DEFAULT NULL,
  `bill_pobox` varchar(30) DEFAULT NULL,
  PRIMARY KEY (`invoicebilladdressid`),
  CONSTRAINT `fk_1_vtiger_invoicebillads` FOREIGN KEY (`invoicebilladdressid`) REFERENCES `vtiger_invoice` (`invoiceid`) ON DELETE CASCADE
) ENGINE=InnoDB DEFAULT CHARSET=utf8;
SET character_set_client = @saved_cs_client;

--
-- Dumping data for table vtiger_invoicebillads
--

LOCK TABLES `vtiger_invoicebillads` WRITE;
/*!40000 ALTER TABLE `vtiger_invoicebillads` DISABLE KEYS */;

/*!40000 ALTER TABLE `vtiger_invoicebillads` ENABLE KEYS */;
UNLOCK TABLES;

--
-- Table structure for table vtiger_invoicecf
--

DROP TABLE IF EXISTS vtiger_invoicecf;
SET @saved_cs_client = @@character_set_client;
SET character_set_client = utf8;
CREATE TABLE `vtiger_invoicecf` (
  `invoiceid` int(19) NOT NULL DEFAULT '0',
  PRIMARY KEY (`invoiceid`),
  CONSTRAINT `fk_1_vtiger_invoicecf` FOREIGN KEY (`invoiceid`) REFERENCES `vtiger_invoice` (`invoiceid`) ON DELETE CASCADE
) ENGINE=InnoDB DEFAULT CHARSET=utf8;
SET character_set_client = @saved_cs_client;

--
-- Dumping data for table vtiger_invoicecf
--

LOCK TABLES `vtiger_invoicecf` WRITE;
/*!40000 ALTER TABLE `vtiger_invoicecf` DISABLE KEYS */;

/*!40000 ALTER TABLE `vtiger_invoicecf` ENABLE KEYS */;
UNLOCK TABLES;

--
-- Table structure for table vtiger_invoiceshipads
--

DROP TABLE IF EXISTS vtiger_invoiceshipads;
SET @saved_cs_client = @@character_set_client;
SET character_set_client = utf8;
CREATE TABLE `vtiger_invoiceshipads` (
  `invoiceshipaddressid` int(19) NOT NULL DEFAULT '0',
  `ship_city` varchar(30) DEFAULT NULL,
  `ship_code` varchar(30) DEFAULT NULL,
  `ship_country` varchar(30) DEFAULT NULL,
  `ship_state` varchar(30) DEFAULT NULL,
  `ship_street` varchar(250) DEFAULT NULL,
  `ship_pobox` varchar(30) DEFAULT NULL,
  PRIMARY KEY (`invoiceshipaddressid`),
  CONSTRAINT `fk_1_vtiger_invoiceshipads` FOREIGN KEY (`invoiceshipaddressid`) REFERENCES `vtiger_invoice` (`invoiceid`) ON DELETE CASCADE
) ENGINE=InnoDB DEFAULT CHARSET=utf8;
SET character_set_client = @saved_cs_client;

--
-- Dumping data for table vtiger_invoiceshipads
--

LOCK TABLES `vtiger_invoiceshipads` WRITE;
/*!40000 ALTER TABLE `vtiger_invoiceshipads` DISABLE KEYS */;

/*!40000 ALTER TABLE `vtiger_invoiceshipads` ENABLE KEYS */;
UNLOCK TABLES;

--
-- Table structure for table vtiger_invoicestatus
--

DROP TABLE IF EXISTS vtiger_invoicestatus;
SET @saved_cs_client = @@character_set_client;
SET character_set_client = utf8;
CREATE TABLE `vtiger_invoicestatus` (
  `invoicestatusid` int(19) NOT NULL AUTO_INCREMENT,
  `invoicestatus` varchar(200) NOT NULL,
  `presence` int(1) NOT NULL DEFAULT '1',
  `picklist_valueid` int(19) NOT NULL DEFAULT '0',
  PRIMARY KEY (`invoicestatusid`),
  UNIQUE KEY `invoicestatus_invoiestatus_idx` (`invoicestatus`)
) ENGINE=InnoDB AUTO_INCREMENT=7 DEFAULT CHARSET=utf8;
SET character_set_client = @saved_cs_client;

--
-- Dumping data for table vtiger_invoicestatus
--

LOCK TABLES `vtiger_invoicestatus` WRITE;
/*!40000 ALTER TABLE `vtiger_invoicestatus` DISABLE KEYS */;
INSERT INTO vtiger_invoicestatus ( INVOICESTATUSID, INVOICESTATUS, PRESENCE, PICKLIST_VALUEID ) VALUES ( 1, 'AutoCreated', 0, 92 ), ( 2, 'Created', 0, 93 ), ( 3, 'Approved', 0, 94 ), ( 4, 'Sent', 0, 95 ), ( 5, 'Credit Invoice', 0, 96 ), ( 6, 'Paid', 0, 97 );
/*!40000 ALTER TABLE `vtiger_invoicestatus` ENABLE KEYS */;
UNLOCK TABLES;

--
-- Table structure for table vtiger_invoicestatus_seq
--

DROP TABLE IF EXISTS vtiger_invoicestatus_seq;
SET @saved_cs_client = @@character_set_client;
SET character_set_client = utf8;
CREATE TABLE `vtiger_invoicestatus_seq` (
  `id` int(11) NOT NULL
) ENGINE=MyISAM DEFAULT CHARSET=utf8;
SET character_set_client = @saved_cs_client;

--
-- Dumping data for table vtiger_invoicestatus_seq
--

LOCK TABLES `vtiger_invoicestatus_seq` WRITE;
/*!40000 ALTER TABLE `vtiger_invoicestatus_seq` DISABLE KEYS */;
INSERT INTO vtiger_invoicestatus_seq ( ID ) VALUES ( 6 );
/*!40000 ALTER TABLE `vtiger_invoicestatus_seq` ENABLE KEYS */;
UNLOCK TABLES;

--
-- Table structure for table vtiger_invoicestatushistory
--

DROP TABLE IF EXISTS vtiger_invoicestatushistory;
SET @saved_cs_client = @@character_set_client;
SET character_set_client = utf8;
CREATE TABLE `vtiger_invoicestatushistory` (
  `historyid` int(19) NOT NULL AUTO_INCREMENT,
  `invoiceid` int(19) NOT NULL,
  `accountname` varchar(100) DEFAULT NULL,
  `total` decimal(10,0) DEFAULT NULL,
  `invoicestatus` varchar(200) DEFAULT NULL,
  `lastmodified` datetime DEFAULT NULL,
  PRIMARY KEY (`historyid`),
  KEY `invoicestatushistory_invoiceid_idx` (`invoiceid`),
  CONSTRAINT `fk_1_vtiger_invoicestatushistory` FOREIGN KEY (`invoiceid`) REFERENCES `vtiger_invoice` (`invoiceid`) ON DELETE CASCADE
) ENGINE=InnoDB DEFAULT CHARSET=utf8;
SET character_set_client = @saved_cs_client;

--
-- Dumping data for table vtiger_invoicestatushistory
--

LOCK TABLES `vtiger_invoicestatushistory` WRITE;
/*!40000 ALTER TABLE `vtiger_invoicestatushistory` DISABLE KEYS */;

/*!40000 ALTER TABLE `vtiger_invoicestatushistory` ENABLE KEYS */;
UNLOCK TABLES;

--
-- Table structure for table vtiger_language
--

DROP TABLE IF EXISTS vtiger_language;
SET @saved_cs_client = @@character_set_client;
SET character_set_client = utf8;
CREATE TABLE `vtiger_language` (
  `id` int(11) NOT NULL AUTO_INCREMENT,
  `name` varchar(50) DEFAULT NULL,
  `prefix` varchar(10) DEFAULT NULL,
  `label` varchar(30) DEFAULT NULL,
  `lastupdated` datetime DEFAULT NULL,
  `sequence` int(11) DEFAULT NULL,
  `isdefault` int(1) DEFAULT NULL,
  `active` int(1) DEFAULT NULL,
  PRIMARY KEY (`id`)
) ENGINE=InnoDB AUTO_INCREMENT=10 DEFAULT CHARSET=utf8;
SET character_set_client = @saved_cs_client;

--
-- Dumping data for table vtiger_language
--

LOCK TABLES `vtiger_language` WRITE;
/*!40000 ALTER TABLE `vtiger_language` DISABLE KEYS */;
INSERT INTO vtiger_language ( ID, NAME, PREFIX, LABEL, LASTUPDATED, SEQUENCE, ISDEFAULT, ACTIVE ) VALUES ( 1, 'English', 'en_us', 'US English', '2012-08-30 20:51:44', 0, 1, 1 ), ( 2, 'BritishEnglish', 'en_gb', 'British English', '2012-08-30 20:51:44', 0, 0, 1 ), ( 3, 'Mexican Spanish', 'es_mx', 'ES Mexico', '2012-08-30 20:51:44', 0, 0, 1 ), ( 4, 'Spanish', 'es_es', 'ES Spanish', '2012-08-30 20:51:44', 0, 0, 1 ), ( 5, 'Hungarian', 'hu_hu', 'HU Magyar', '2012-08-30 20:51:44', 0, 0, 1 ), ( 6, 'Dutch', 'nl_nl', 'NL-Dutch', '2012-08-30 20:51:44', 0, 0, 1 ), ( 7, 'French', 'fr_fr', 'Francais', '2012-08-30 20:51:44', 0, 0, 1 ), ( 8, 'Deutsch', 'de_de', 'DE Deutsch', '2012-08-30 20:51:44', 0, 0, 1 ), ( 9, 'Brazilian', 'pt_br', 'PT Brasil', '2012-08-30 20:51:44', 0, 0, 1 );
/*!40000 ALTER TABLE `vtiger_language` ENABLE KEYS */;
UNLOCK TABLES;

--
-- Table structure for table vtiger_language_seq
--

DROP TABLE IF EXISTS vtiger_language_seq;
SET @saved_cs_client = @@character_set_client;
SET character_set_client = utf8;
CREATE TABLE `vtiger_language_seq` (
  `id` int(11) NOT NULL
) ENGINE=MyISAM DEFAULT CHARSET=utf8;
SET character_set_client = @saved_cs_client;

--
-- Dumping data for table vtiger_language_seq
--

LOCK TABLES `vtiger_language_seq` WRITE;
/*!40000 ALTER TABLE `vtiger_language_seq` DISABLE KEYS */;
INSERT INTO vtiger_language_seq ( ID ) VALUES ( 9 );
/*!40000 ALTER TABLE `vtiger_language_seq` ENABLE KEYS */;
UNLOCK TABLES;

--
-- Table structure for table vtiger_lar
--

DROP TABLE IF EXISTS vtiger_lar;
SET @saved_cs_client = @@character_set_client;
SET character_set_client = utf8;
CREATE TABLE `vtiger_lar` (
  `larid` int(19) NOT NULL DEFAULT '0',
  `name` varchar(50) NOT NULL,
  `createdby` int(19) NOT NULL DEFAULT '0',
  `createdon` date NOT NULL,
  PRIMARY KEY (`larid`),
  UNIQUE KEY `lar_name_idx` (`name`),
  KEY `lar_createdby_idx` (`createdby`),
  CONSTRAINT `fk_1_vtiger_lar` FOREIGN KEY (`createdby`) REFERENCES `vtiger_users` (`id`) ON DELETE CASCADE
) ENGINE=InnoDB DEFAULT CHARSET=utf8;
SET character_set_client = @saved_cs_client;

--
-- Dumping data for table vtiger_lar
--

LOCK TABLES `vtiger_lar` WRITE;
/*!40000 ALTER TABLE `vtiger_lar` DISABLE KEYS */;

/*!40000 ALTER TABLE `vtiger_lar` ENABLE KEYS */;
UNLOCK TABLES;

--
-- Table structure for table vtiger_lead_view
--

DROP TABLE IF EXISTS vtiger_lead_view;
SET @saved_cs_client = @@character_set_client;
SET character_set_client = utf8;
CREATE TABLE `vtiger_lead_view` (
  `lead_viewid` int(19) NOT NULL AUTO_INCREMENT,
  `lead_view` varchar(200) NOT NULL,
  `sortorderid` int(19) NOT NULL DEFAULT '0',
  `presence` int(1) NOT NULL DEFAULT '1',
  PRIMARY KEY (`lead_viewid`)
) ENGINE=InnoDB AUTO_INCREMENT=4 DEFAULT CHARSET=utf8;
SET character_set_client = @saved_cs_client;

--
-- Dumping data for table vtiger_lead_view
--

LOCK TABLES `vtiger_lead_view` WRITE;
/*!40000 ALTER TABLE `vtiger_lead_view` DISABLE KEYS */;
INSERT INTO vtiger_lead_view ( LEAD_VIEWID, LEAD_VIEW, SORTORDERID, PRESENCE ) VALUES ( 1, 'Today', 0, 1 ), ( 2, 'Last 2 Days', 1, 1 ), ( 3, 'Last Week', 2, 1 );
/*!40000 ALTER TABLE `vtiger_lead_view` ENABLE KEYS */;
UNLOCK TABLES;

--
-- Table structure for table vtiger_lead_view_seq
--

DROP TABLE IF EXISTS vtiger_lead_view_seq;
SET @saved_cs_client = @@character_set_client;
SET character_set_client = utf8;
CREATE TABLE `vtiger_lead_view_seq` (
  `id` int(11) NOT NULL
) ENGINE=MyISAM DEFAULT CHARSET=utf8;
SET character_set_client = @saved_cs_client;

--
-- Dumping data for table vtiger_lead_view_seq
--

LOCK TABLES `vtiger_lead_view_seq` WRITE;
/*!40000 ALTER TABLE `vtiger_lead_view_seq` DISABLE KEYS */;
INSERT INTO vtiger_lead_view_seq ( ID ) VALUES ( 3 );
/*!40000 ALTER TABLE `vtiger_lead_view_seq` ENABLE KEYS */;
UNLOCK TABLES;

--
-- Table structure for table vtiger_leadacctrel
--

DROP TABLE IF EXISTS vtiger_leadacctrel;
SET @saved_cs_client = @@character_set_client;
SET character_set_client = utf8;
CREATE TABLE `vtiger_leadacctrel` (
  `leadid` int(19) NOT NULL DEFAULT '0',
  `accountid` int(19) NOT NULL DEFAULT '0',
  PRIMARY KEY (`leadid`),
  KEY `leadacctrel_accountid_idx` (`accountid`),
  CONSTRAINT `fk_2_vtiger_leadacctrel` FOREIGN KEY (`leadid`) REFERENCES `vtiger_leaddetails` (`leadid`) ON DELETE CASCADE
) ENGINE=InnoDB DEFAULT CHARSET=utf8;
SET character_set_client = @saved_cs_client;

--
-- Dumping data for table vtiger_leadacctrel
--

LOCK TABLES `vtiger_leadacctrel` WRITE;
/*!40000 ALTER TABLE `vtiger_leadacctrel` DISABLE KEYS */;

/*!40000 ALTER TABLE `vtiger_leadacctrel` ENABLE KEYS */;
UNLOCK TABLES;

--
-- Table structure for table vtiger_leadaddress
--

DROP TABLE IF EXISTS vtiger_leadaddress;
SET @saved_cs_client = @@character_set_client;
SET character_set_client = utf8;
CREATE TABLE `vtiger_leadaddress` (
  `leadaddressid` int(19) NOT NULL DEFAULT '0',
  `city` varchar(30) DEFAULT NULL,
  `code` varchar(30) DEFAULT NULL,
  `state` varchar(30) DEFAULT NULL,
  `pobox` varchar(30) DEFAULT NULL,
  `country` varchar(30) DEFAULT NULL,
  `phone` varchar(50) DEFAULT NULL,
  `mobile` varchar(50) DEFAULT NULL,
  `fax` varchar(50) DEFAULT NULL,
  `lane` varchar(250) DEFAULT NULL,
  `leadaddresstype` varchar(30) DEFAULT 'Billing',
  PRIMARY KEY (`leadaddressid`),
  CONSTRAINT `fk_1_vtiger_leadaddress` FOREIGN KEY (`leadaddressid`) REFERENCES `vtiger_leaddetails` (`leadid`) ON DELETE CASCADE
) ENGINE=InnoDB DEFAULT CHARSET=utf8;
SET character_set_client = @saved_cs_client;

--
-- Dumping data for table vtiger_leadaddress
--

LOCK TABLES `vtiger_leadaddress` WRITE;
/*!40000 ALTER TABLE `vtiger_leadaddress` DISABLE KEYS */;
INSERT INTO vtiger_leadaddress ( LEADADDRESSID, CITY, CODE, STATE, POBOX, COUNTRY, PHONE, MOBILE, FAX, LANE, LEADADDRESSTYPE ) VALUES ( 7, '', '', '', '', '', '', '', '', '', 'Billing' );
/*!40000 ALTER TABLE `vtiger_leadaddress` ENABLE KEYS */;
UNLOCK TABLES;

--
-- Table structure for table vtiger_leadcontrel
--

DROP TABLE IF EXISTS vtiger_leadcontrel;
SET @saved_cs_client = @@character_set_client;
SET character_set_client = utf8;
CREATE TABLE `vtiger_leadcontrel` (
  `leadid` int(19) NOT NULL DEFAULT '0',
  `contactid` int(19) NOT NULL DEFAULT '0',
  PRIMARY KEY (`leadid`),
  KEY `leadcontrel_contactid_idx` (`contactid`),
  CONSTRAINT `fk_2_vtiger_leadcontrel` FOREIGN KEY (`leadid`) REFERENCES `vtiger_leaddetails` (`leadid`) ON DELETE CASCADE
) ENGINE=InnoDB DEFAULT CHARSET=utf8;
SET character_set_client = @saved_cs_client;

--
-- Dumping data for table vtiger_leadcontrel
--

LOCK TABLES `vtiger_leadcontrel` WRITE;
/*!40000 ALTER TABLE `vtiger_leadcontrel` DISABLE KEYS */;

/*!40000 ALTER TABLE `vtiger_leadcontrel` ENABLE KEYS */;
UNLOCK TABLES;

--
-- Table structure for table vtiger_leaddetails
--

DROP TABLE IF EXISTS vtiger_leaddetails;
SET @saved_cs_client = @@character_set_client;
SET character_set_client = utf8;
CREATE TABLE `vtiger_leaddetails` (
  `leadid` int(19) NOT NULL,
  `lead_no` varchar(100) NOT NULL,
  `email` varchar(100) DEFAULT NULL,
  `interest` varchar(50) DEFAULT NULL,
  `firstname` varchar(40) DEFAULT NULL,
  `salutation` varchar(200) DEFAULT NULL,
  `lastname` varchar(80) NOT NULL,
  `company` varchar(100) NOT NULL,
  `annualrevenue` int(19) DEFAULT '0',
  `industry` varchar(200) DEFAULT NULL,
  `campaign` varchar(30) DEFAULT NULL,
  `rating` varchar(200) DEFAULT NULL,
  `leadstatus` varchar(50) DEFAULT NULL,
  `leadsource` varchar(200) DEFAULT NULL,
  `converted` int(1) DEFAULT '0',
  `designation` varchar(50) DEFAULT 'SalesMan',
  `licencekeystatus` varchar(50) DEFAULT NULL,
  `space` varchar(250) DEFAULT NULL,
  `comments` text,
  `priority` varchar(50) DEFAULT NULL,
  `demorequest` varchar(50) DEFAULT NULL,
  `partnercontact` varchar(50) DEFAULT NULL,
  `productversion` varchar(20) DEFAULT NULL,
  `product` varchar(50) DEFAULT NULL,
  `maildate` date DEFAULT NULL,
  `nextstepdate` date DEFAULT NULL,
  `fundingsituation` varchar(50) DEFAULT NULL,
  `purpose` varchar(50) DEFAULT NULL,
  `evaluationstatus` varchar(50) DEFAULT NULL,
  `transferdate` date DEFAULT NULL,
  `revenuetype` varchar(50) DEFAULT NULL,
  `noofemployees` int(50) DEFAULT NULL,
  `secondaryemail` varchar(100) DEFAULT NULL,
  `assignleadchk` int(1) DEFAULT '0',
  PRIMARY KEY (`leadid`),
  KEY `leaddetails_converted_leadstatus_idx` (`converted`,`leadstatus`),
  CONSTRAINT `fk_1_vtiger_leaddetails` FOREIGN KEY (`leadid`) REFERENCES `vtiger_crmentity` (`crmid`) ON DELETE CASCADE
) ENGINE=InnoDB DEFAULT CHARSET=utf8;
SET character_set_client = @saved_cs_client;

--
-- Dumping data for table vtiger_leaddetails
--

LOCK TABLES `vtiger_leaddetails` WRITE;
/*!40000 ALTER TABLE `vtiger_leaddetails` DISABLE KEYS */;
INSERT INTO vtiger_leaddetails ( LEADID, LEAD_NO, EMAIL, INTEREST, FIRSTNAME, SALUTATION, LASTNAME, COMPANY, ANNUALREVENUE, INDUSTRY, CAMPAIGN, RATING, LEADSTATUS, LEADSOURCE, CONVERTED, DESIGNATION, LICENCEKEYSTATUS, SPACE, COMMENTS, PRIORITY, DEMOREQUEST, PARTNERCONTACT, PRODUCTVERSION, PRODUCT, MAILDATE, NEXTSTEPDATE, FUNDINGSITUATION, PURPOSE, EVALUATIONSTATUS, TRANSFERDATE, REVENUETYPE, NOOFEMPLOYEES, SECONDARYEMAIL, ASSIGNLEADCHK ) VALUES ( 7, 'LEA1', '', '', 'Teszt', '--None--', 'Lead', 'Test Company', 0, '--None--', '', '--None--', '--None--', 'Cold Call', 0, '', '', '', '', '', '', '', '', '', null, null, '', '', '', null, '', 0, '', 0 );
/*!40000 ALTER TABLE `vtiger_leaddetails` ENABLE KEYS */;
UNLOCK TABLES;

--
-- Table structure for table vtiger_leadpotrel
--

DROP TABLE IF EXISTS vtiger_leadpotrel;
SET @saved_cs_client = @@character_set_client;
SET character_set_client = utf8;
CREATE TABLE `vtiger_leadpotrel` (
  `leadid` int(19) NOT NULL DEFAULT '0',
  `potentialid` int(19) NOT NULL DEFAULT '0',
  PRIMARY KEY (`potentialid`),
  UNIQUE KEY `leadpotrel_leadid_idx` (`leadid`),
  CONSTRAINT `fk_2_vtiger_leadpotrel` FOREIGN KEY (`potentialid`) REFERENCES `vtiger_potential` (`potentialid`) ON DELETE CASCADE
) ENGINE=InnoDB DEFAULT CHARSET=utf8;
SET character_set_client = @saved_cs_client;

--
-- Dumping data for table vtiger_leadpotrel
--

LOCK TABLES `vtiger_leadpotrel` WRITE;
/*!40000 ALTER TABLE `vtiger_leadpotrel` DISABLE KEYS */;

/*!40000 ALTER TABLE `vtiger_leadpotrel` ENABLE KEYS */;
UNLOCK TABLES;

--
-- Table structure for table vtiger_leadscf
--

DROP TABLE IF EXISTS vtiger_leadscf;
SET @saved_cs_client = @@character_set_client;
SET character_set_client = utf8;
CREATE TABLE `vtiger_leadscf` (
  `leadid` int(19) NOT NULL DEFAULT '0',
  PRIMARY KEY (`leadid`),
  CONSTRAINT `fk_1_vtiger_leadscf` FOREIGN KEY (`leadid`) REFERENCES `vtiger_leaddetails` (`leadid`) ON DELETE CASCADE
) ENGINE=InnoDB DEFAULT CHARSET=utf8;
SET character_set_client = @saved_cs_client;

--
-- Dumping data for table vtiger_leadscf
--

LOCK TABLES `vtiger_leadscf` WRITE;
/*!40000 ALTER TABLE `vtiger_leadscf` DISABLE KEYS */;
INSERT INTO vtiger_leadscf ( LEADID ) VALUES ( 7 );
/*!40000 ALTER TABLE `vtiger_leadscf` ENABLE KEYS */;
UNLOCK TABLES;

--
-- Table structure for table vtiger_leadsource
--

DROP TABLE IF EXISTS vtiger_leadsource;
SET @saved_cs_client = @@character_set_client;
SET character_set_client = utf8;
CREATE TABLE `vtiger_leadsource` (
  `leadsourceid` int(19) NOT NULL AUTO_INCREMENT,
  `leadsource` varchar(200) NOT NULL,
  `presence` int(1) NOT NULL DEFAULT '1',
  `picklist_valueid` int(19) NOT NULL DEFAULT '0',
  PRIMARY KEY (`leadsourceid`)
) ENGINE=InnoDB AUTO_INCREMENT=23 DEFAULT CHARSET=utf8;
SET character_set_client = @saved_cs_client;

--
-- Dumping data for table vtiger_leadsource
--

LOCK TABLES `vtiger_leadsource` WRITE;
/*!40000 ALTER TABLE `vtiger_leadsource` DISABLE KEYS */;
INSERT INTO vtiger_leadsource ( LEADSOURCEID, LEADSOURCE, PRESENCE, PICKLIST_VALUEID ) VALUES ( 1, '--None--', 1, 98 ), ( 2, 'Cold Call', 1, 99 ), ( 3, 'Existing Customer', 1, 100 ), ( 4, 'Self Generated', 1, 101 ), ( 5, 'Employee', 1, 102 ), ( 6, 'Partner', 1, 103 ), ( 7, 'Public Relations', 1, 104 ), ( 8, 'Direct Mail', 1, 105 ), ( 9, 'Conference', 1, 106 ), ( 10, 'Trade Show', 1, 107 ), ( 11, 'Web Site', 1, 108 ), ( 12, 'Word of mouth', 1, 109 ), ( 13, 'Other', 1, 110 ), ( 14, 'Monster', 1, 310 ), ( 15, 'OCC', 1, 311 ), ( 16, 'Computrabajo', 1, 312 ), ( 17, 'Linked In', 1, 313 ), ( 18, 'Facebook', 1, 314 ), ( 19, 'Networking', 1, 315 ), ( 20, 'Events', 1, 316 ), ( 21, 'Others', 1, 317 ), ( 22, 'TechFetch', 1, 325 );
/*!40000 ALTER TABLE `vtiger_leadsource` ENABLE KEYS */;
UNLOCK TABLES;

--
-- Table structure for table vtiger_leadsource_seq
--

DROP TABLE IF EXISTS vtiger_leadsource_seq;
SET @saved_cs_client = @@character_set_client;
SET character_set_client = utf8;
CREATE TABLE `vtiger_leadsource_seq` (
  `id` int(11) NOT NULL
) ENGINE=MyISAM DEFAULT CHARSET=utf8;
SET character_set_client = @saved_cs_client;

--
-- Dumping data for table vtiger_leadsource_seq
--

LOCK TABLES `vtiger_leadsource_seq` WRITE;
/*!40000 ALTER TABLE `vtiger_leadsource_seq` DISABLE KEYS */;
INSERT INTO vtiger_leadsource_seq ( ID ) VALUES ( 22 );
/*!40000 ALTER TABLE `vtiger_leadsource_seq` ENABLE KEYS */;
UNLOCK TABLES;

--
-- Table structure for table vtiger_leadstage
--

DROP TABLE IF EXISTS vtiger_leadstage;
SET @saved_cs_client = @@character_set_client;
SET character_set_client = utf8;
CREATE TABLE `vtiger_leadstage` (
  `leadstageid` int(19) NOT NULL AUTO_INCREMENT,
  `stage` varchar(200) NOT NULL,
  `sortorderid` int(19) NOT NULL DEFAULT '0',
  `presence` int(1) NOT NULL DEFAULT '1',
  PRIMARY KEY (`leadstageid`),
  UNIQUE KEY `leadstage_stage_idx` (`stage`)
) ENGINE=InnoDB DEFAULT CHARSET=utf8;
SET character_set_client = @saved_cs_client;

--
-- Dumping data for table vtiger_leadstage
--

LOCK TABLES `vtiger_leadstage` WRITE;
/*!40000 ALTER TABLE `vtiger_leadstage` DISABLE KEYS */;

/*!40000 ALTER TABLE `vtiger_leadstage` ENABLE KEYS */;
UNLOCK TABLES;

--
-- Table structure for table vtiger_leadstatus
--

DROP TABLE IF EXISTS vtiger_leadstatus;
SET @saved_cs_client = @@character_set_client;
SET character_set_client = utf8;
CREATE TABLE `vtiger_leadstatus` (
  `leadstatusid` int(19) NOT NULL AUTO_INCREMENT,
  `leadstatus` varchar(200) NOT NULL,
  `presence` int(1) NOT NULL DEFAULT '1',
  `picklist_valueid` int(19) NOT NULL DEFAULT '0',
  PRIMARY KEY (`leadstatusid`)
) ENGINE=InnoDB AUTO_INCREMENT=13 DEFAULT CHARSET=utf8;
SET character_set_client = @saved_cs_client;

--
-- Dumping data for table vtiger_leadstatus
--

LOCK TABLES `vtiger_leadstatus` WRITE;
/*!40000 ALTER TABLE `vtiger_leadstatus` DISABLE KEYS */;
INSERT INTO vtiger_leadstatus ( LEADSTATUSID, LEADSTATUS, PRESENCE, PICKLIST_VALUEID ) VALUES ( 1, '--None--', 1, 111 ), ( 2, 'Attempted to Contact', 1, 112 ), ( 3, 'Cold', 1, 113 ), ( 4, 'Contact in Future', 1, 114 ), ( 5, 'Contacted', 1, 115 ), ( 6, 'Hot', 1, 116 ), ( 7, 'Junk Lead', 1, 117 ), ( 8, 'Lost Lead', 1, 118 ), ( 9, 'Not Contacted', 1, 119 ), ( 10, 'Pre Qualified', 1, 120 ), ( 11, 'Qualified', 1, 121 ), ( 12, 'Warm', 1, 122 );
/*!40000 ALTER TABLE `vtiger_leadstatus` ENABLE KEYS */;
UNLOCK TABLES;

--
-- Table structure for table vtiger_leadstatus_seq
--

DROP TABLE IF EXISTS vtiger_leadstatus_seq;
SET @saved_cs_client = @@character_set_client;
SET character_set_client = utf8;
CREATE TABLE `vtiger_leadstatus_seq` (
  `id` int(11) NOT NULL
) ENGINE=MyISAM DEFAULT CHARSET=utf8;
SET character_set_client = @saved_cs_client;

--
-- Dumping data for table vtiger_leadstatus_seq
--

LOCK TABLES `vtiger_leadstatus_seq` WRITE;
/*!40000 ALTER TABLE `vtiger_leadstatus_seq` DISABLE KEYS */;
INSERT INTO vtiger_leadstatus_seq ( ID ) VALUES ( 12 );
/*!40000 ALTER TABLE `vtiger_leadstatus_seq` ENABLE KEYS */;
UNLOCK TABLES;

--
-- Table structure for table vtiger_leadsubdetails
--

DROP TABLE IF EXISTS vtiger_leadsubdetails;
SET @saved_cs_client = @@character_set_client;
SET character_set_client = utf8;
CREATE TABLE `vtiger_leadsubdetails` (
  `leadsubscriptionid` int(19) NOT NULL DEFAULT '0',
  `website` varchar(255) DEFAULT NULL,
  `callornot` int(1) DEFAULT '0',
  `readornot` int(1) DEFAULT '0',
  `empct` int(10) DEFAULT '0',
  PRIMARY KEY (`leadsubscriptionid`),
  CONSTRAINT `fk_1_vtiger_leadsubdetails` FOREIGN KEY (`leadsubscriptionid`) REFERENCES `vtiger_leaddetails` (`leadid`) ON DELETE CASCADE
) ENGINE=InnoDB DEFAULT CHARSET=utf8;
SET character_set_client = @saved_cs_client;

--
-- Dumping data for table vtiger_leadsubdetails
--

LOCK TABLES `vtiger_leadsubdetails` WRITE;
/*!40000 ALTER TABLE `vtiger_leadsubdetails` DISABLE KEYS */;
INSERT INTO vtiger_leadsubdetails ( LEADSUBSCRIPTIONID, WEBSITE, CALLORNOT, READORNOT, EMPCT ) VALUES ( 7, '', 0, 0, 0 );
/*!40000 ALTER TABLE `vtiger_leadsubdetails` ENABLE KEYS */;
UNLOCK TABLES;

--
-- Table structure for table vtiger_licencekeystatus
--

DROP TABLE IF EXISTS vtiger_licencekeystatus;
SET @saved_cs_client = @@character_set_client;
SET character_set_client = utf8;
CREATE TABLE `vtiger_licencekeystatus` (
  `licencekeystatusid` int(19) NOT NULL AUTO_INCREMENT,
  `licencekeystatus` varchar(200) NOT NULL,
  `sortorderid` int(19) NOT NULL DEFAULT '0',
  `presence` int(1) NOT NULL DEFAULT '1',
  PRIMARY KEY (`licencekeystatusid`)
) ENGINE=InnoDB DEFAULT CHARSET=utf8;
SET character_set_client = @saved_cs_client;

--
-- Dumping data for table vtiger_licencekeystatus
--

LOCK TABLES `vtiger_licencekeystatus` WRITE;
/*!40000 ALTER TABLE `vtiger_licencekeystatus` DISABLE KEYS */;

/*!40000 ALTER TABLE `vtiger_licencekeystatus` ENABLE KEYS */;
UNLOCK TABLES;

--
-- Table structure for table vtiger_links
--

DROP TABLE IF EXISTS vtiger_links;
SET @saved_cs_client = @@character_set_client;
SET character_set_client = utf8;
CREATE TABLE `vtiger_links` (
  `linkid` int(11) NOT NULL,
  `tabid` int(11) DEFAULT NULL,
  `linktype` varchar(20) DEFAULT NULL,
  `linklabel` varchar(30) DEFAULT NULL,
  `linkurl` varchar(255) DEFAULT NULL,
  `linkicon` varchar(100) DEFAULT NULL,
  `sequence` int(11) DEFAULT NULL,
  `handler_path` varchar(128) DEFAULT NULL,
  `handler_class` varchar(32) DEFAULT NULL,
  `handler` varchar(32) DEFAULT NULL,
  PRIMARY KEY (`linkid`),
  KEY `link_tabidtype_idx` (`tabid`,`linktype`)
) ENGINE=InnoDB DEFAULT CHARSET=utf8;
SET character_set_client = @saved_cs_client;

--
-- Dumping data for table vtiger_links
--

LOCK TABLES `vtiger_links` WRITE;
/*!40000 ALTER TABLE `vtiger_links` DISABLE KEYS */;
INSERT INTO vtiger_links ( LINKID, TABID, LINKTYPE, LINKLABEL, LINKURL, LINKICON, SEQUENCE, HANDLER_PATH, HANDLER_CLASS, HANDLER ) VALUES ( 1, 6, 'DETAILVIEWBASIC', 'LBL_ADD_NOTE', 'index.php?module=Documents&action=EditView&return_module=$MODULE$&return_action=DetailView&return_id=$RECORD$&parent_id=$RECORD$', 'themes/images/bookMark.gif', 0, '', '', '' ), ( 2, 6, 'DETAILVIEWBASIC', 'LBL_SHOW_ACCOUNT_HIERARCHY', 'index.php?module=Accounts&action=AccountHierarchy&accountid=$RECORD$', '', 0, '', '', '' ), ( 3, 7, 'DETAILVIEWBASIC', 'LBL_ADD_NOTE', 'index.php?module=Documents&action=EditView&return_module=$MODULE$&return_action=DetailView&return_id=$RECORD$&parent_id=$RECORD$', 'themes/images/bookMark.gif', 0, '', '', '' ), ( 4, 4, 'DETAILVIEWBASIC', 'LBL_ADD_NOTE', 'index.php?module=Documents&action=EditView&return_module=$MODULE$&return_action=DetailView&return_id=$RECORD$&parent_id=$RECORD$', 'themes/images/bookMark.gif', 0, '', '', '' ), ( 5, 31, 'HEADERSCRIPT', 'ModTrackerCommon_JS', 'modules/ModTracker/ModTrackerCommon.js', '', 0, '', '', '' ), ( 6, 41, 'DETAILVIEWBASIC', 'LBL_CHECK_STATUS', 'javascript:SMSNotifier.checkstatus($RECORD$)', 'themes/images/reload.gif', 0, '', '', '' ), ( 8, 41, 'HEADERSCRIPT', 'SMSNotifierCommonJS', 'modules/SMSNotifier/SMSNotifierCommon.js', '', 0, '', '', '' ), ( 9, 7, 'LISTVIEWBASIC', 'Send SMS', 'SMSNotifierCommon.displaySelectWizard(this, \'$MODULE$\');', '', 0, '', '', '' ), ( 10, 7, 'DETAILVIEWBASIC', 'Send SMS', 'javascript:SMSNotifierCommon.displaySelectWizard_DetailView(\'$MODULE$\', \'$RECORD$\');', '', 0, '', '', '' ), ( 11, 4, 'LISTVIEWBASIC', 'Send SMS', 'SMSNotifierCommon.displaySelectWizard(this, \'$MODULE$\');', '', 0, '', '', '' ), ( 12, 4, 'DETAILVIEWBASIC', 'Send SMS', 'javascript:SMSNotifierCommon.displaySelectWizard_DetailView(\'$MODULE$\', \'$RECORD$\');', '', 0, '', '', '' ), ( 13, 6, 'LISTVIEWBASIC', 'Send SMS', 'SMSNotifierCommon.displaySelectWizard(this, \'$MODULE$\');', '', 0, '', '', '' ), ( 14, 6, 'DETAILVIEWBASIC', 'Send SMS', 'javascript:SMSNotifierCommon.displaySelectWizard_DetailView(\'$MODULE$\', \'$RECORD$\');', '', 0, '', '', '' ), ( 15, 44, 'HEADERSCRIPT', 'ToolTip_HeaderScript', 'modules/Tooltip/TooltipHeaderScript.js', '', 0, '', '', '' ), ( 16, 46, 'DETAILVIEWBASIC', 'Add Note', 'index.php?module=Documents&action=EditView&return_module=ProjectTask&return_action=DetailView&return_id=$RECORD$&parent_id=$RECORD$', '', 0, '', '', '' ), ( 17, 47, 'DETAILVIEWBASIC', 'Add Project Task', 'index.php?module=ProjectTask&action=EditView&projectid=$RECORD$&return_module=Project&return_action=DetailView&return_id=$RECORD$', '', 0, '', '', '' ), ( 18, 47, 'DETAILVIEWBASIC', 'Add Note', 'index.php?module=Documents&action=EditView&return_module=Project&return_action=DetailView&return_id=$RECORD$&parent_id=$RECORD$', '', 1, '', '', '' ), ( 19, 51, 'HEADERSCRIPT', 'ModCommentsCommonHeaderScript', 'modules/ModComments/ModCommentsCommon.js', '', 0, '', '', '' ), ( 20, 7, 'DETAILVIEWWIDGET', 'DetailViewBlockCommentWidget', 'block://ModComments:modules/ModComments/ModComments.php', '', 0, '', '', '' ), ( 21, 4, 'DETAILVIEWWIDGET', 'DetailViewBlockCommentWidget', 'block://ModComments:modules/ModComments/ModComments.php', '', 0, '', '', '' ), ( 22, 6, 'DETAILVIEWWIDGET', 'DetailViewBlockCommentWidget', 'block://ModComments:modules/ModComments/ModComments.php', '', 0, '', '', '' ), ( 23, 2, 'DETAILVIEWWIDGET', 'DetailViewBlockCommentWidget', 'block://ModComments:modules/ModComments/ModComments.php', '', 0, '', '', '' ), ( 24, 47, 'DETAILVIEWWIDGET', 'DetailViewBlockCommentWidget', 'block://ModComments:modules/ModComments/ModComments.php', '', 0, '', '', '' ), ( 25, 46, 'DETAILVIEWWIDGET', 'DetailViewBlockCommentWidget', 'block://ModComments:modules/ModComments/ModComments.php', '', 0, '', '', '' );
/*!40000 ALTER TABLE `vtiger_links` ENABLE KEYS */;
UNLOCK TABLES;

--
-- Table structure for table vtiger_links_seq
--

DROP TABLE IF EXISTS vtiger_links_seq;
SET @saved_cs_client = @@character_set_client;
SET character_set_client = utf8;
CREATE TABLE `vtiger_links_seq` (
  `id` int(11) NOT NULL
) ENGINE=MyISAM DEFAULT CHARSET=utf8;
SET character_set_client = @saved_cs_client;

--
-- Dumping data for table vtiger_links_seq
--

LOCK TABLES `vtiger_links_seq` WRITE;
/*!40000 ALTER TABLE `vtiger_links_seq` DISABLE KEYS */;
INSERT INTO vtiger_links_seq ( ID ) VALUES ( 25 );
/*!40000 ALTER TABLE `vtiger_links_seq` ENABLE KEYS */;
UNLOCK TABLES;

--
-- Table structure for table vtiger_loginhistory
--

DROP TABLE IF EXISTS vtiger_loginhistory;
SET @saved_cs_client = @@character_set_client;
SET character_set_client = utf8;
CREATE TABLE `vtiger_loginhistory` (
  `login_id` int(11) NOT NULL AUTO_INCREMENT,
  `user_name` varchar(25) NOT NULL,
  `user_ip` varchar(25) NOT NULL,
  `logout_time` timestamp NOT NULL DEFAULT CURRENT_TIMESTAMP ON UPDATE CURRENT_TIMESTAMP,
  `login_time` timestamp NOT NULL DEFAULT '0000-00-00 00:00:00',
  `status` varchar(25) DEFAULT NULL,
  PRIMARY KEY (`login_id`)
) ENGINE=InnoDB AUTO_INCREMENT=630 DEFAULT CHARSET=utf8;
SET character_set_client = @saved_cs_client;

--
-- Dumping data for table vtiger_loginhistory
--

LOCK TABLES `vtiger_loginhistory` WRITE;
/*!40000 ALTER TABLE `vtiger_loginhistory` DISABLE KEYS */;
INSERT INTO vtiger_loginhistory ( LOGIN_ID, USER_NAME, USER_IP, LOGOUT_TIME, LOGIN_TIME, STATUS ) VALUES ( 1, 'admin', '69.117.70.183', '2012-08-30 21:57:41', '2012-08-30 21:42:53', 'Signed off' ), ( 2, 'ilgalvezh', '69.117.70.183', '2012-08-30 22:50:19', '2012-08-30 21:57:50', 'Signed off' ), ( 3, 'Kathy', '69.117.70.183', '2012-08-30 23:02:22', '2012-08-30 22:50:27', 'Signed off' ), ( 4, 'ilgalvezh', '69.117.70.183', '2012-08-31 02:36:58', '2012-08-30 23:02:25', 'Signed off' ), ( 5, 'ilgalvezh', '69.117.70.183', '2012-08-31 02:38:53', '2012-08-31 02:37:02', 'Signed off' ), ( 6, 'ilgalvezh', '69.117.70.183', '2012-08-31 02:40:46', '2012-08-31 02:39:17', 'Signed off' ), ( 7, 'Kathy', '69.117.70.183', '0000-00-00 00:00:00', '2012-08-31 02:40:55', 'Signed in' ), ( 8, 'ilgalvezh', '69.117.70.183', '0000-00-00 00:00:00', '2012-10-19 19:32:59', 'Signed in' ), ( 9, 'ilgalvezh', '69.117.70.183', '0000-00-00 00:00:00', '2012-10-19 19:43:58', 'Signed in' ), ( 10, 'ilgalvezh', '69.117.66.139', '0000-00-00 00:00:00', '2012-11-05 16:54:57', 'Signed in' ), ( 11, 'ilgalvezh', '69.117.66.139', '0000-00-00 00:00:00', '2012-11-06 18:25:10', 'Signed in' ), ( 12, 'anarayanasamy', '116.202.132.239', '0000-00-00 00:00:00', '2012-11-06 19:43:22', 'Signed in' ), ( 13, 'ilgalvezh', '69.117.66.139', '0000-00-00 00:00:00', '2012-11-07 21:33:15', 'Signed in' ), ( 14, 'ilgalvezh', '69.117.66.139', '0000-00-00 00:00:00', '2012-11-08 20:17:48', 'Signed in' ), ( 15, 'anarayanasamy', '180.215.10.149', '0000-00-00 00:00:00', '2012-11-08 21:36:11', 'Signed in' ), ( 16, 'anarayanasamy', '116.203.138.243', '0000-00-00 00:00:00', '2012-11-09 14:53:29', 'Signed in' ), ( 17, 'ilgalvezh', '69.117.66.139', '0000-00-00 00:00:00', '2012-11-09 17:05:21', 'Signed in' ), ( 18, 'anarayanasamy', '180.215.68.197', '0000-00-00 00:00:00', '2012-11-12 17:04:39', 'Signed in' ), ( 19, 'ilgalvezh', '69.117.66.139', '0000-00-00 00:00:00', '2012-11-12 17:09:59', 'Signed in' ), ( 20, 'anarayanasamy', '116.202.106.105', '0000-00-00 00:00:00', '2012-11-13 13:51:55', 'Signed in' ), ( 21, 'ilgalvezh', '69.117.66.139', '0000-00-00 00:00:00', '2012-11-13 14:37:10', 'Signed in' ), ( 22, 'ilgalvezh', '69.117.66.139', '0000-00-00 00:00:00', '2012-11-14 14:25:00', 'Signed in' ), ( 23, 'anarayanasamy', '116.202.143.26', '0000-00-00 00:00:00', '2012-11-14 14:57:43', 'Signed in' ), ( 24, 'ilgalvezh', '69.117.66.139', '0000-00-00 00:00:00', '2012-11-14 19:09:30', 'Signed in' ), ( 25, 'ilgalvezh', '69.117.66.139', '0000-00-00 00:00:00', '2012-11-14 20:22:34', 'Signed in' ), ( 26, 'anarayanasamy', '116.202.109.183', '0000-00-00 00:00:00', '2012-11-15 22:18:40', 'Signed in' ), ( 27, 'ilgalvezh', '69.117.66.139', '0000-00-00 00:00:00', '2012-11-16 14:19:03', 'Signed in' ), ( 28, 'anarayanasamy', '116.202.103.117', '0000-00-00 00:00:00', '2012-11-19 21:34:24', 'Signed in' ), ( 29, 'ilgalvezh', '69.117.66.139', '0000-00-00 00:00:00', '2012-11-20 19:47:50', 'Signed in' ), ( 30, 'ilgalvezh', '69.117.66.139', '0000-00-00 00:00:00', '2012-11-27 20:34:09', 'Signed in' ), ( 31, 'anarayanasamy', '116.203.141.173', '0000-00-00 00:00:00', '2012-11-29 16:05:55', 'Signed in' ), ( 32, 'anarayanasamy', '180.215.67.68', '0000-00-00 00:00:00', '2012-11-30 15:02:12', 'Signed in' ), ( 33, 'anarayanasamy', '180.215.12.101', '0000-00-00 00:00:00', '2012-12-03 20:17:45', 'Signed in' ), ( 34, 'anarayanasamy', '180.215.24.41', '0000-00-00 00:00:00', '2012-12-04 16:24:13', 'Signed in' ), ( 35, 'anarayanasamy', '116.203.138.51', '2012-12-04 19:34:45', '2012-12-04 19:33:13', 'Signed off' ), ( 36, 'anarayanasamy', '116.203.138.51', '2012-12-04 23:22:16', '2012-12-04 19:34:58', 'Signed off' ), ( 37, 'ilgalvezh', '69.117.66.139', '0000-00-00 00:00:00', '2012-12-10 16:01:31', 'Signed in' ), ( 38, 'ilgalvezh', '69.117.66.139', '0000-00-00 00:00:00', '2012-12-10 16:50:32', 'Signed in' ), ( 39, 'ilgalvezh', '69.117.66.139', '0000-00-00 00:00:00', '2012-12-10 18:22:03', 'Signed in' ), ( 40, 'ilgalvezh', '69.117.66.139', '0000-00-00 00:00:00', '2012-12-13 17:41:58', 'Signed in' ), ( 41, 'ilgalvezh', '69.117.66.139', '2012-12-18 19:02:07', '2012-12-18 18:09:24', 'Signed off' ), ( 42, 'IQuality', '69.117.66.139', '2012-12-18 19:07:10', '2012-12-18 19:02:16', 'Signed off' ), ( 43, 'ilgalvezh', '69.117.66.139', '2012-12-18 19:09:50', '2012-12-18 19:07:15', 'Signed off' ), ( 44, 'IQuality', '69.117.66.139', '2012-12-18 19:10:23', '2012-12-18 19:09:58', 'Signed off' ), ( 45, 'ilgalvezh', '69.117.66.139', '2012-12-18 19:38:38', '2012-12-18 19:10:28', 'Signed off' ), ( 46, 'IQuality', '69.117.66.139', '2012-12-18 19:39:17', '2012-12-18 19:38:42', 'Signed off' ), ( 47, 'ilgalvezh', '69.117.66.139', '2012-12-18 19:42:02', '2012-12-18 19:39:24', 'Signed off' ), ( 48, 'IQuality', '69.117.66.139', '2012-12-18 19:42:22', '2012-12-18 19:42:06', 'Signed off' ), ( 49, 'ilgalvezh', '69.117.66.139', '2012-12-18 19:43:04', '2012-12-18 19:42:26', 'Signed off' ), ( 50, 'IQuality', '69.117.66.139', '2012-12-18 19:44:21', '2012-12-18 19:43:09', 'Signed off' ), ( 51, 'ilgalvezh', '69.117.66.139', '2012-12-18 19:50:37', '2012-12-18 19:44:26', 'Signed off' ), ( 52, 'IQuality', '69.117.66.139', '2012-12-18 19:51:28', '2012-12-18 19:50:42', 'Signed off' ), ( 53, 'ilgalvezh', '69.117.66.139', '2012-12-19 01:52:43', '2012-12-18 19:51:33', 'Signed off' ), ( 54, 'ilgalvezh', '50.29.3.106', '0000-00-00 00:00:00', '2012-12-18 22:07:17', 'Signed in' ), ( 55, 'ilgalvezh', '69.117.66.139', '2012-12-19 20:41:51', '2012-12-19 01:52:49', 'Signed off' ), ( 56, 'ilgalvezh', '87.119.100.150', '0000-00-00 00:00:00', '2012-12-19 02:52:46', 'Signed in' ), ( 57, 'ilgalvezh', '87.119.100.150', '0000-00-00 00:00:00', '2012-12-19 17:12:13', 'Signed in' ), ( 58, 'IQuality', '69.117.66.139', '2012-12-19 20:43:25', '2012-12-19 20:41:56', 'Signed off' ), ( 59, 'ilgalvezh', '69.117.66.139', '2012-12-20 17:13:39', '2012-12-19 20:43:30', 'Signed off' ), ( 60, 'vbadillo', '83.165.10.145', '2012-12-19 23:29:51', '2012-12-19 22:30:08', 'Signed off' ), ( 61, 'IQuality', '69.117.66.139', '2012-12-20 17:14:18', '2012-12-20 17:13:44', 'Signed off' ), ( 62, 'ilgalvezh', '69.117.66.139', '0000-00-00 00:00:00', '2012-12-20 17:14:24', 'Signed in' ), ( 63, 'ilgalvezh', '87.119.100.150', '0000-00-00 00:00:00', '2012-12-20 17:51:04', 'Signed in' ), ( 64, 'anarayanasamy', '116.202.128.53', '0000-00-00 00:00:00', '2012-12-21 18:17:54', 'Signed in' ), ( 65, 'anarayanasamy', '116.203.128.21', '0000-00-00 00:00:00', '2013-01-04 22:33:21', 'Signed in' ), ( 66, 'anarayanasamy', '180.215.4.208', '0000-00-00 00:00:00', '2013-01-07 23:25:09', 'Signed in' ), ( 67, 'ilgalvezh', '69.117.66.139', '0000-00-00 00:00:00', '2013-01-08 03:13:43', 'Signed in' ), ( 68, 'anarayanasamy', '180.215.69.81', '0000-00-00 00:00:00', '2013-01-08 14:20:47', 'Signed in' ), ( 69, 'vbadillo', '213.60.184.247', '0000-00-00 00:00:00', '2013-01-08 14:44:14', 'Signed in' ), ( 70, 'vbadillo', '83.165.10.145', '0000-00-00 00:00:00', '2013-01-08 17:15:30', 'Signed in' ), ( 71, 'ilgalvezh', '69.117.66.139', '0000-00-00 00:00:00', '2013-01-09 18:22:39', 'Signed in' ), ( 72, 'anarayanasamy', '180.215.18.129', '0000-00-00 00:00:00', '2013-01-11 16:50:47', 'Signed in' ), ( 73, 'vbadillo', '213.60.184.247', '0000-00-00 00:00:00', '2013-01-15 10:12:49', 'Signed in' ), ( 74, 'anarayanasamy', '116.203.131.29', '0000-00-00 00:00:00', '2013-01-15 14:34:50', 'Signed in' ), ( 75, 'ilgalvezh', '69.117.66.139', '0000-00-00 00:00:00', '2013-01-15 14:35:13', 'Signed in' ), ( 76, 'vbadillo', '213.60.184.247', '2013-01-15 15:11:10', '2013-01-15 14:35:47', 'Signed off' ), ( 77, 'ilgalvezh', '69.117.66.139', '0000-00-00 00:00:00', '2013-01-16 17:35:05', 'Signed in' ), ( 78, 'ilgalvezh', '69.117.66.139', '0000-00-00 00:00:00', '2013-01-16 20:31:19', 'Signed in' ), ( 79, 'ilgalvezh', '69.117.66.139', '0000-00-00 00:00:00', '2013-01-20 04:16:23', 'Signed in' ), ( 80, 'anarayanasamy', '180.215.13.185', '0000-00-00 00:00:00', '2013-01-21 17:04:28', 'Signed in' ), ( 81, 'ilgalvezh', '69.117.66.139', '0000-00-00 00:00:00', '2013-01-25 22:08:58', 'Signed in' ), ( 82, 'anarayanasamy', '116.203.141.228', '0000-00-00 00:00:00', '2013-01-28 15:31:18', 'Signed in' ), ( 83, 'vbadillo', '213.60.184.247', '0000-00-00 00:00:00', '2013-01-29 14:53:58', 'Signed in' ), ( 84, 'ilgalvezh', '69.117.66.139', '0000-00-00 00:00:00', '2013-02-06 14:34:57', 'Signed in' ), ( 85, 'anarayanasamy', '116.202.109.138', '0000-00-00 00:00:00', '2013-02-07 22:09:15', 'Signed in' ), ( 86, 'ilgalvezh', '69.117.66.139', '0000-00-00 00:00:00', '2013-02-08 19:54:43', 'Signed in' ), ( 87, 'ilgalvezh', '69.117.66.139', '0000-00-00 00:00:00', '2013-02-12 18:17:38', 'Signed in' ), ( 88, 'anarayanasamy', '116.202.100.70', '0000-00-00 00:00:00', '2013-02-15 15:42:08', 'Signed in' ), ( 89, 'ilgalvezh', '69.117.66.139', '0000-00-00 00:00:00', '2013-02-18 19:10:26', 'Signed in' ), ( 90, 'ilgalvezh', '69.117.66.139', '2013-02-19 23:03:47', '2013-02-19 22:55:51', 'Signed off' ), ( 91, 'IQuality', '69.117.66.139', '2013-02-19 23:04:46', '2013-02-19 23:03:56', 'Signed off' ), ( 92, 'iquality2', '69.117.66.139', '2013-02-19 23:05:26', '2013-02-19 23:05:01', 'Signed off' ), ( 93, 'ilgalvezh', '69.117.66.139', '2013-02-19 23:08:30', '2013-02-19 23:05:31', 'Signed off' ), ( 94, 'IQuality', '69.117.66.139', '2013-02-19 23:10:05', '2013-02-19 23:08:43', 'Signed off' ), ( 95, 'iquality2', '69.117.66.139', '2013-02-19 23:10:37', '2013-02-19 23:10:12', 'Signed off' ), ( 96, 'ilgalvezh', '69.117.66.139', '2013-02-19 23:11:31', '2013-02-19 23:10:43', 'Signed off' ), ( 97, 'IQuality', '69.117.66.139', '2013-02-19 23:12:21', '2013-02-19 23:11:45', 'Signed off' ), ( 98, 'ilgalvezh', '69.117.66.139', '2013-02-19 23:15:37', '2013-02-19 23:12:27', 'Signed off' ), ( 99, 'IQuality', '69.117.66.139', '2013-02-19 23:16:42', '2013-02-19 23:15:51', 'Signed off' ), ( 100, 'ilgalvezh', '69.117.66.139', '2013-02-19 23:40:01', '2013-02-19 23:16:55', 'Signed off' ), ( 101, 'IQuality', '69.117.66.139', '2013-02-19 23:41:03', '2013-02-19 23:40:07', 'Signed off' ), ( 102, 'ilgalvezh', '69.117.66.139', '2013-02-19 23:43:46', '2013-02-19 23:41:11', 'Signed off' ), ( 103, 'IQuality', '69.117.66.139', '2013-02-19 23:44:30', '2013-02-19 23:43:54', 'Signed off' ), ( 104, 'ilgalvezh', '69.117.66.139', '2013-02-19 23:48:24', '2013-02-19 23:44:42', 'Signed off' ), ( 105, 'IQuality', '69.117.66.139', '2013-02-19 23:49:31', '2013-02-19 23:48:29', 'Signed off' ), ( 106, 'ilgalvezh', '69.117.66.139', '2013-02-20 00:06:49', '2013-02-19 23:49:37', 'Signed off' ), ( 107, 'ilgalvezh', '69.117.66.139', '2013-02-20 00:07:22', '2013-02-20 00:06:55', 'Signed off' ), ( 108, 'IQuality', '69.117.66.139', '2013-02-20 00:08:51', '2013-02-20 00:07:32', 'Signed off' ), ( 109, 'ilgalvezh', '69.117.66.139', '2013-02-20 00:09:53', '2013-02-20 00:09:00', 'Signed off' ), ( 110, 'IQuality', '69.117.66.139', '2013-02-20 00:10:55', '2013-02-20 00:10:02', 'Signed off' ), ( 111, 'ilgalvezh', '69.117.66.139', '2013-02-20 00:19:25', '2013-02-20 00:11:06', 'Signed off' ), ( 112, 'IQuality', '69.117.66.139', '2013-02-20 02:06:41', '2013-02-20 00:19:30', 'Signed off' ), ( 113, 'ilgalvezh', '69.117.66.139', '2013-02-20 16:20:36', '2013-02-20 02:06:46', 'Signed off' ), ( 114, 'anarayanasamy', '116.202.128.197', '0000-00-00 00:00:00', '2013-02-20 15:16:41', 'Signed in' ), ( 115, 'ilgalvezh', '69.117.66.139', '2013-02-20 16:21:05', '2013-02-20 16:20:44', 'Signed off' ), ( 116, 'IQuality', '69.117.66.139', '2013-02-20 16:21:58', '2013-02-20 16:21:12', 'Signed off' ), ( 117, 'ilgalvezh', '69.117.66.139', '0000-00-00 00:00:00', '2013-02-20 16:22:04', 'Signed in' ), ( 118, 'anarayanasamy', '180.215.22.37', '0000-00-00 00:00:00', '2013-02-25 20:20:31', 'Signed in' ), ( 119, 'ilgalvezh', '69.117.66.139', '0000-00-00 00:00:00', '2013-02-26 15:52:35', 'Signed in' ), ( 120, 'anarayanasamy', '116.202.134.3', '2013-02-26 17:34:56', '2013-02-26 17:26:03', 'Signed off' ), ( 121, 'ilgalvezh', '69.117.66.139', '2013-02-26 17:34:57', '2013-02-26 17:26:04', 'Signed off' ), ( 122, 'anarayanasamy', '69.117.66.139', '2013-02-26 17:40:39', '2013-02-26 17:35:04', 'Signed off' ), ( 123, 'anarayanasamy', '116.202.134.3', '0000-00-00 00:00:00', '2013-02-26 17:35:08', 'Signed in' ), ( 124, 'ilgalvezh', '69.117.66.139', '0000-00-00 00:00:00', '2013-02-26 17:40:52', 'Signed in' ), ( 125, 'ilgalvezh', '69.117.66.139', '0000-00-00 00:00:00', '2013-02-26 21:30:14', 'Signed in' ), ( 126, 'anarayanasamy', '180.215.110.142', '0000-00-00 00:00:00', '2013-02-27 14:54:55', 'Signed in' ), ( 127, 'ilgalvezh', '69.117.66.139', '0000-00-00 00:00:00', '2013-02-27 17:03:51', 'Signed in' ), ( 128, 'mkhan', '69.133.36.194', '2013-02-27 21:12:54', '2013-02-27 17:32:24', 'Signed off' ), ( 129, 'amaxwell', '117.217.140.180', '0000-00-00 00:00:00', '2013-02-27 18:20:54', 'Signed in' ), ( 130, 'ilgalvezh', '69.117.66.139', '0000-00-00 00:00:00', '2013-03-05 17:02:44', 'Signed in' ), ( 131, 'ilgalvezh', '69.117.66.139', '0000-00-00 00:00:00', '2013-03-05 19:36:05', 'Signed in' ), ( 132, 'ilgalvezh', '69.117.66.139', '0000-00-00 00:00:00', '2013-03-05 21:52:47', 'Signed in' ), ( 133, 'ilgalvezh', '69.117.66.139', '0000-00-00 00:00:00', '2013-03-07 17:41:29', 'Signed in' ), ( 134, 'anarayanasamy', '116.202.104.154', '2013-03-08 18:48:04', '2013-03-08 18:25:13', 'Signed off' ), ( 135, 'anarayanasamy', '116.202.104.154', '0000-00-00 00:00:00', '2013-03-08 20:39:59', 'Signed in' ), ( 136, 'anarayanasamy', '180.215.8.215', '0000-00-00 00:00:00', '2013-03-11 15:15:34', 'Signed in' ), ( 137, 'mkhan', '69.133.36.194', '2013-03-11 22:01:45', '2013-03-11 21:21:18', 'Signed off' ), ( 138, 'mkhan', '69.133.36.194', '2013-03-12 19:26:00', '2013-03-12 16:26:00', 'Signed off' ), ( 139, 'ilgalvezh', '69.117.66.139', '0000-00-00 00:00:00', '2013-03-12 19:00:15', 'Signed in' ), ( 140, 'mkhan', '69.133.36.194', '2013-03-12 20:33:14', '2013-03-12 20:28:55', 'Signed off' ), ( 141, 'mkhan', '69.133.36.194', '2013-03-12 21:27:30', '2013-03-12 21:12:27', 'Signed off' ), ( 142, 'anarayanasamy', '116.202.106.213', '0000-00-00 00:00:00', '2013-03-13 16:58:47', 'Signed in' ), ( 143, 'anarayanasamy', '116.202.130.21', '0000-00-00 00:00:00', '2013-03-15 18:09:27', 'Signed in' ), ( 144, 'ilgalvezh', '69.117.66.139', '0000-00-00 00:00:00', '2013-03-18 12:10:36', 'Signed in' ), ( 145, 'ilgalvezh', '69.117.66.139', '0000-00-00 00:00:00', '2013-03-18 21:22:26', 'Signed in' ), ( 146, 'anarayanasamy', '116.203.133.4', '0000-00-00 00:00:00', '2013-03-19 19:36:59', 'Signed in' ), ( 147, 'ilgalvezh', '69.117.66.139', '0000-00-00 00:00:00', '2013-03-20 18:51:30', 'Signed in' ), ( 148, 'anarayanasamy', '180.215.87.220', '0000-00-00 00:00:00', '2013-03-21 20:31:15', 'Signed in' ), ( 149, 'ilgalvezh', '189.136.3.87', '0000-00-00 00:00:00', '2013-03-23 17:10:36', 'Signed in' ), ( 150, 'ilgalvezh', '201.145.246.75', '0000-00-00 00:00:00', '2013-03-25 13:38:10', 'Signed in' ), ( 151, 'mkhan', '69.133.36.194', '2013-03-25 20:31:48', '2013-03-25 14:32:18', 'Signed off' ), ( 152, 'ilgalvezh', '201.145.246.75', '0000-00-00 00:00:00', '2013-03-25 16:08:07', 'Signed in' ), ( 153, 'anarayanasamy', '180.215.12.164', '0000-00-00 00:00:00', '2013-03-25 18:41:25', 'Signed in' ), ( 154, 'ilgalvezh', '201.145.246.75', '0000-00-00 00:00:00', '2013-03-25 22:10:03', 'Signed in' ), ( 155, 'mkhan', '69.133.36.194', '2013-03-26 18:27:17', '2013-03-26 17:20:26', 'Signed off' ), ( 156, 'ilgalvezh', '201.153.95.235', '0000-00-00 00:00:00', '2013-03-26 19:58:22', 'Signed in' ), ( 157, 'ilgalvezh', '201.153.95.235', '0000-00-00 00:00:00', '2013-03-26 19:58:28', 'Signed in' ), ( 158, 'ilgalvezh', '187.207.199.2', '0000-00-00 00:00:00', '2013-04-01 15:11:09', 'Signed in' ), ( 159, 'mkhan', '69.133.36.194', '0000-00-00 00:00:00', '2013-04-02 14:48:59', 'Signed in' ), ( 160, 'ilgalvezh', '187.207.199.2', '0000-00-00 00:00:00', '2013-04-02 21:59:57', 'Signed in' ), ( 161, 'ilgalvezh', '189.136.20.83', '0000-00-00 00:00:00', '2013-04-03 15:22:03', 'Signed in' ), ( 162, 'mkhan', '69.133.36.194', '2013-04-03 20:52:24', '2013-04-03 15:47:54', 'Signed off' ), ( 163, 'ilgalvezh', '187.207.199.2', '0000-00-00 00:00:00', '2013-04-04 00:46:22', 'Signed in' ), ( 164, 'ilgalvezh', '187.207.199.2', '0000-00-00 00:00:00', '2013-04-04 17:36:56', 'Signed in' ), ( 165, 'ilgalvezh', '69.117.64.3', '0000-00-00 00:00:00', '2013-04-10 12:53:39', 'Signed in' ), ( 166, 'ilgalvezh', '69.117.64.3', '0000-00-00 00:00:00', '2013-04-16 18:00:14', 'Signed in' ), ( 167, 'anarayanasamy', '180.215.22.253', '0000-00-00 00:00:00', '2013-04-16 18:00:34', 'Signed in' ), ( 168, 'anarayanasamy', '180.215.22.253', '2013-04-16 21:16:27', '2013-04-16 21:07:48', 'Signed off' ), ( 169, 'anarayanasamy', '180.215.22.253', '0000-00-00 00:00:00', '2013-04-16 21:16:45', 'Signed in' ), ( 170, 'ilgalvezh', '69.117.64.3', '0000-00-00 00:00:00', '2013-04-17 15:36:09', 'Signed in' ), ( 171, 'mkhan', '69.133.36.194', '2013-04-17 16:57:55', '2013-04-17 16:48:29', 'Signed off' ), ( 172, 'mkhan', '69.133.36.194', '2013-04-17 20:30:53', '2013-04-17 17:10:20', 'Signed off' ), ( 173, 'anarayanasamy', '180.215.4.181', '0000-00-00 00:00:00', '2013-04-18 13:59:13', 'Signed in' ), ( 174, 'ilgalvezh', '69.117.64.3', '0000-00-00 00:00:00', '2013-04-18 13:59:38', 'Signed in' ), ( 175, 'ilgalvezh', '69.117.64.3', '0000-00-00 00:00:00', '2013-04-23 16:29:15', 'Signed in' ), ( 176, 'anarayanasamy', '116.202.137.137', '0000-00-00 00:00:00', '2013-04-23 18:35:21', 'Signed in' ), ( 177, 'ilgalvezh', '69.117.64.3', '2013-04-25 22:16:26', '2013-04-25 15:06:38', 'Signed off' ), ( 178, 'IQuality', '69.117.64.3', '2013-04-25 22:18:38', '2013-04-25 22:16:35', 'Signed off' ), ( 179, 'ilgalvezh', '69.117.64.3', '2013-04-25 22:31:28', '2013-04-25 22:18:43', 'Signed off' ), ( 180, 'IQuality', '69.117.64.3', '2013-04-25 22:37:47', '2013-04-25 22:31:34', 'Signed off' ), ( 181, 'ilgalvezh', '69.117.64.3', '2013-04-26 17:56:51', '2013-04-25 22:37:52', 'Signed off' ), ( 182, 'IQuality', '69.117.64.3', '2013-04-26 21:44:57', '2013-04-26 17:57:02', 'Signed off' ), ( 183, 'IQuality', '201.103.133.5', '0000-00-00 00:00:00', '2013-04-26 17:58:20', 'Signed in' ), ( 184, 'IQuality', '201.103.133.5', '0000-00-00 00:00:00', '2013-04-26 18:17:32', 'Signed in' ), ( 185, 'zaik', '183.83.162.97', '2013-04-26 21:00:03', '2013-04-26 20:36:59', 'Signed off' ), ( 186, 'anarayanasamy', '180.215.28.18', '2013-04-26 20:53:26', '2013-04-26 20:50:16', 'Signed off' ), ( 187, 'zaik', '180.215.28.18', '2013-04-26 20:55:14', '2013-04-26 20:53:50', 'Signed off' ), ( 188, 'ilgalvezh', '69.117.64.3', '2013-04-26 21:50:11', '2013-04-26 21:45:16', 'Signed off' ), ( 189, 'zaik', '180.215.28.18', '2013-04-26 21:47:24', '2013-04-26 21:46:30', 'Signed off' ), ( 190, 'zaik', '180.215.28.18', '2013-04-26 21:51:29', '2013-04-26 21:47:39', 'Signed off' ), ( 191, 'zaiksintesys', '69.117.64.3', '2013-04-26 21:50:32', '2013-04-26 21:50:16', 'Signed off' ), ( 192, 'ilgalvezh', '69.117.64.3', '0000-00-00 00:00:00', '2013-04-26 21:50:37', 'Signed in' ), ( 193, 'zaik', '180.215.28.18', '2013-04-26 21:52:30', '2013-04-26 21:51:35', 'Signed off' ), ( 194, 'zaik', '202.65.130.154', '0000-00-00 00:00:00', '2013-04-29 15:35:41', 'Signed in' ), ( 195, 'anarayanasamy', '116.202.129.8', '0000-00-00 00:00:00', '2013-04-29 16:07:22', 'Signed in' ), ( 196, 'zaik', '202.65.130.154', '0000-00-00 00:00:00', '2013-04-29 16:11:32', 'Signed in' ), ( 197, 'zaik', '202.65.130.154', '2013-04-29 20:43:50', '2013-04-29 19:30:08', 'Signed off' ), ( 198, 'ilgalvezh', '69.117.64.3', '0000-00-00 00:00:00', '2013-04-29 20:07:35', 'Signed in' ), ( 199, 'ilgalvezh', '69.117.64.3', '2013-04-30 16:03:31', '2013-04-30 15:52:45', 'Signed off' ), ( 200, 'mrodriguez', '69.117.64.3', '0000-00-00 00:00:00', '2013-04-30 16:04:04', 'Signed in' ), ( 201, 'zaik', '202.65.130.154', '2013-04-30 20:31:56', '2013-04-30 19:58:35', 'Signed off' ), ( 202, 'ilgalvezh', '69.117.64.3', '0000-00-00 00:00:00', '2013-05-01 15:26:13', 'Signed in' ), ( 203, 'zaik', '202.65.130.154', '2013-05-01 16:57:04', '2013-05-01 16:41:26', 'Signed off' ), ( 204, 'mrodriguez', '201.173.175.106', '0000-00-00 00:00:00', '2013-05-01 21:34:49', 'Signed in' ), ( 205, 'ilgalvezh', '69.117.64.3', '0000-00-00 00:00:00', '2013-05-02 14:31:55', 'Signed in' ), ( 206, 'IQuality', '201.103.91.167', '2013-05-02 17:36:25', '2013-05-02 17:07:02', 'Signed off' ), ( 207, 'IQuality', '201.103.91.167', '0000-00-00 00:00:00', '2013-05-02 18:14:04', 'Signed in' ), ( 208, 'mrodriguez', '187.162.137.34', '0000-00-00 00:00:00', '2013-05-02 19:54:15', 'Signed in' ), ( 209, 'mrodriguez', '187.162.137.34', '0000-00-00 00:00:00', '2013-05-03 15:09:34', 'Signed in' ), ( 210, 'mrodriguez', '187.162.137.34', '0000-00-00 00:00:00', '2013-05-03 15:09:41', 'Signed in' ), ( 211, 'mrodriguez', '187.162.137.34', '0000-00-00 00:00:00', '2013-05-03 20:40:27', 'Signed in' ), ( 212, 'mrodriguez', '189.159.154.236', '0000-00-00 00:00:00', '2013-05-04 22:40:59', 'Signed in' ), ( 213, 'mrodriguez', '187.162.137.34', '0000-00-00 00:00:00', '2013-05-06 12:58:30', 'Signed in' ), ( 214, 'mrodriguez', '187.162.137.34', '0000-00-00 00:00:00', '2013-05-06 15:19:26', 'Signed in' ), ( 215, 'anarayanasamy', '116.202.139.247', '0000-00-00 00:00:00', '2013-05-06 15:49:42', 'Signed in' ), ( 216, 'mrodriguez', '187.162.137.34', '0000-00-00 00:00:00', '2013-05-06 16:19:18', 'Signed in' ), ( 217, 'mrodriguez', '201.173.175.106', '0000-00-00 00:00:00', '2013-05-06 19:25:00', 'Signed in' ), ( 218, 'mrodriguez', '201.173.175.106', '0000-00-00 00:00:00', '2013-05-06 21:26:55', 'Signed in' ), ( 219, 'mrodriguez', '201.173.175.106', '0000-00-00 00:00:00', '2013-05-06 22:48:04', 'Signed in' ), ( 220, 'mrodriguez', '187.162.137.34', '0000-00-00 00:00:00', '2013-05-07 13:37:12', 'Signed in' ), ( 221, 'ilgalvezh', '69.117.64.3', '0000-00-00 00:00:00', '2013-05-07 13:53:21', 'Signed in' ), ( 222, 'anarayanasamy', '180.215.106.104', '0000-00-00 00:00:00', '2013-05-07 15:58:39', 'Signed in' ), ( 223, 'ilgalvezh', '69.117.64.3', '0000-00-00 00:00:00', '2013-05-07 19:04:37', 'Signed in' ), ( 224, 'ilgalvezh', '69.117.64.3', '0000-00-00 00:00:00', '2013-05-07 19:04:38', 'Signed in' ), ( 225, 'ilgalvezh', '69.117.64.3', '0000-00-00 00:00:00', '2013-05-07 19:35:47', 'Signed in' ), ( 226, 'mrodriguez', '201.173.175.106', '0000-00-00 00:00:00', '2013-05-07 19:57:00', 'Signed in' ), ( 227, 'mrodriguez', '201.173.175.106', '0000-00-00 00:00:00', '2013-05-07 22:16:57', 'Signed in' ), ( 228, 'ilgalvezh', '69.117.64.3', '0000-00-00 00:00:00', '2013-05-08 14:19:11', 'Signed in' ), ( 229, 'mrodriguez', '187.162.137.34', '0000-00-00 00:00:00', '2013-05-08 14:29:19', 'Signed in' ), ( 230, 'anarayanasamy', '116.203.136.110', '0000-00-00 00:00:00', '2013-05-08 15:30:43', 'Signed in' ), ( 231, 'mrodriguez', '187.162.137.34', '0000-00-00 00:00:00', '2013-05-08 16:01:25', 'Signed in' ), ( 232, 'IQuality', '201.103.72.220', '0000-00-00 00:00:00', '2013-05-08 16:40:47', 'Signed in' ), ( 233, 'mrodriguez', '187.162.137.34', '0000-00-00 00:00:00', '2013-05-08 17:44:03', 'Signed in' ), ( 234, 'mrodriguez', '201.173.175.106', '0000-00-00 00:00:00', '2013-05-08 21:11:53', 'Signed in' ), ( 235, 'anarayanasamy', '116.202.104.13', '0000-00-00 00:00:00', '2013-05-09 14:41:00', 'Signed in' ), ( 236, 'mrodriguez', '187.162.137.34', '0000-00-00 00:00:00', '2013-05-09 15:12:07', 'Signed in' ), ( 237, 'zaik', '202.65.130.154', '2013-05-09 19:17:07', '2013-05-09 19:09:06', 'Signed off' ), ( 238, 'mrodriguez', '187.162.137.34', '0000-00-00 00:00:00', '2013-05-09 20:34:25', 'Signed in' ), ( 239, 'anarayanasamy', '180.215.69.194', '0000-00-00 00:00:00', '2013-05-10 14:03:20', 'Signed in' ), ( 240, 'mrodriguez', '187.162.137.34', '0000-00-00 00:00:00', '2013-05-10 14:39:46', 'Signed in' ), ( 241, 'mrodriguez', '187.162.137.34', '0000-00-00 00:00:00', '2013-05-10 16:23:13', 'Signed in' ), ( 242, 'mrodriguez', '201.173.175.106', '0000-00-00 00:00:00', '2013-05-10 20:38:38', 'Signed in' ), ( 243, 'mrodriguez', '201.173.175.106', '0000-00-00 00:00:00', '2013-05-11 01:11:39', 'Signed in' ), ( 244, 'mrodriguez', '201.173.175.106', '0000-00-00 00:00:00', '2013-05-12 16:49:07', 'Signed in' ), ( 245, 'mrodriguez', '187.162.137.34', '0000-00-00 00:00:00', '2013-05-13 14:10:01', 'Signed in' ), ( 246, 'anarayanasamy', '116.202.131.204', '0000-00-00 00:00:00', '2013-05-13 14:53:39', 'Signed in' ), ( 247, 'mrodriguez', '187.162.137.34', '0000-00-00 00:00:00', '2013-05-13 16:17:47', 'Signed in' ), ( 248, 'ilgalvezh', '69.117.64.3', '0000-00-00 00:00:00', '2013-05-13 16:43:11', 'Signed in' ), ( 249, 'mrodriguez', '201.173.175.106', '0000-00-00 00:00:00', '2013-05-13 20:01:57', 'Signed in' ), ( 250, 'mrodriguez', '201.173.175.106', '0000-00-00 00:00:00', '2013-05-13 21:59:25', 'Signed in' ), ( 251, 'mrodriguez', '187.162.137.34', '0000-00-00 00:00:00', '2013-05-14 14:49:28', 'Signed in' ), ( 252, 'mrodriguez', '187.162.137.34', '0000-00-00 00:00:00', '2013-05-14 14:49:38', 'Signed in' ), ( 253, 'mrodriguez', '187.162.137.34', '0000-00-00 00:00:00', '2013-05-14 14:49:38', 'Signed in' ), ( 254, 'IQuality', '201.137.5.154', '0000-00-00 00:00:00', '2013-05-14 22:00:07', 'Signed in' ), ( 255, 'mrodriguez', '187.162.137.34', '0000-00-00 00:00:00', '2013-05-15 15:18:05', 'Signed in' ), ( 256, 'mrodriguez', '187.162.137.34', '0000-00-00 00:00:00', '2013-05-15 16:25:12', 'Signed in' ), ( 257, 'mrodriguez', '201.173.175.106', '0000-00-00 00:00:00', '2013-05-15 22:35:37', 'Signed in' ), ( 258, 'mrodriguez', '201.173.175.106', '0000-00-00 00:00:00', '2013-05-16 02:06:31', 'Signed in' ), ( 259, 'mrodriguez', '201.172.201.103', '0000-00-00 00:00:00', '2013-05-16 14:45:31', 'Signed in' ), ( 260, 'anarayanasamy', '180.215.65.164', '0000-00-00 00:00:00', '2013-05-16 20:04:19', 'Signed in' ), ( 261, 'mrodriguez', '201.173.175.106', '0000-00-00 00:00:00', '2013-05-16 20:15:08', 'Signed in' ), ( 262, 'mrodriguez', '201.173.175.106', '0000-00-00 00:00:00', '2013-05-16 21:46:23', 'Signed in' ), ( 263, 'ilgalvezh', '69.117.64.3', '0000-00-00 00:00:00', '2013-05-16 23:23:40', 'Signed in' ), ( 264, 'mrodriguez', '201.173.175.106', '0000-00-00 00:00:00', '2013-05-17 02:39:07', 'Signed in' ), ( 265, 'mrodriguez', '187.162.137.34', '0000-00-00 00:00:00', '2013-05-17 14:05:17', 'Signed in' ), ( 266, 'ilgalvezh', '69.117.64.3', '0000-00-00 00:00:00', '2013-05-17 17:16:50', 'Signed in' ), ( 267, 'mrodriguez', '201.173.175.106', '0000-00-00 00:00:00', '2013-05-17 20:16:36', 'Signed in' ), ( 268, 'mrodriguez', '201.173.175.106', '0000-00-00 00:00:00', '2013-05-17 20:51:32', 'Signed in' ), ( 269, 'mrodriguez', '189.153.42.151', '0000-00-00 00:00:00', '2013-05-19 17:30:36', 'Signed in' ), ( 270, 'ilgalvezh', '69.117.64.3', '0000-00-00 00:00:00', '2013-05-20 13:01:22', 'Signed in' ), ( 271, 'mrodriguez', '187.162.137.34', '0000-00-00 00:00:00', '2013-05-20 14:35:35', 'Signed in' ), ( 272, 'mrodriguez', '187.162.137.34', '0000-00-00 00:00:00', '2013-05-20 16:39:51', 'Signed in' ), ( 273, 'anarayanasamy', '180.215.1.65', '0000-00-00 00:00:00', '2013-05-20 18:30:34', 'Signed in' ), ( 274, 'mrodriguez', '201.173.175.106', '0000-00-00 00:00:00', '2013-05-20 19:54:41', 'Signed in' ), ( 275, 'mrodriguez', '201.173.175.106', '0000-00-00 00:00:00', '2013-05-20 22:28:54', 'Signed in' ), ( 276, 'anarayanasamy', '116.203.140.103', '0000-00-00 00:00:00', '2013-05-21 10:58:12', 'Signed in' ), ( 277, 'ilgalvezh', '69.117.64.3', '0000-00-00 00:00:00', '2013-05-21 13:59:33', 'Signed in' ), ( 278, 'mrodriguez', '187.162.137.34', '0000-00-00 00:00:00', '2013-05-21 14:56:00', 'Signed in' ), ( 279, 'anarayanasamy', '116.203.140.103', '0000-00-00 00:00:00', '2013-05-21 15:29:55', 'Signed in' ), ( 280, 'mrodriguez', '187.162.137.34', '0000-00-00 00:00:00', '2013-05-21 15:31:57', 'Signed in' ), ( 281, 'mrodriguez', '187.162.137.34', '0000-00-00 00:00:00', '2013-05-21 16:16:57', 'Signed in' ), ( 282, 'mrodriguez', '201.173.175.106', '0000-00-00 00:00:00', '2013-05-21 20:30:57', 'Signed in' ), ( 283, 'mrodriguez', '201.173.175.106', '0000-00-00 00:00:00', '2013-05-21 21:00:57', 'Signed in' ), ( 284, 'mrodriguez', '201.173.175.106', '0000-00-00 00:00:00', '2013-05-21 21:43:51', 'Signed in' ), ( 285, 'anarayanasamy', '180.215.18.77', '0000-00-00 00:00:00', '2013-05-22 02:18:52', 'Signed in' ), ( 286, 'mrodriguez', '187.162.137.34', '0000-00-00 00:00:00', '2013-05-22 14:50:19', 'Signed in' ), ( 287, 'mrodriguez', '187.162.137.34', '0000-00-00 00:00:00', '2013-05-22 15:22:37', 'Signed in' ), ( 288, 'mrodriguez', '187.162.137.34', '0000-00-00 00:00:00', '2013-05-22 15:30:39', 'Signed in' ), ( 289, 'mrodriguez', '187.162.137.34', '0000-00-00 00:00:00', '2013-05-22 15:52:39', 'Signed in' ), ( 290, 'mrodriguez', '187.162.137.34', '0000-00-00 00:00:00', '2013-05-22 18:06:34', 'Signed in' ), ( 291, 'anarayanasamy', '180.215.106.204', '0000-00-00 00:00:00', '2013-05-22 19:06:10', 'Signed in' ), ( 292, 'mrodriguez', '201.173.175.106', '0000-00-00 00:00:00', '2013-05-22 20:03:47', 'Signed in' ), ( 293, 'mrodriguez', '187.162.137.34', '0000-00-00 00:00:00', '2013-05-23 15:15:00', 'Signed in' ), ( 294, 'mrodriguez', '187.162.137.34', '0000-00-00 00:00:00', '2013-05-23 16:02:18', 'Signed in' ), ( 295, 'mrodriguez', '187.162.137.34', '0000-00-00 00:00:00', '2013-05-23 17:08:12', 'Signed in' ), ( 296, 'mrodriguez', '187.162.137.34', '0000-00-00 00:00:00', '2013-05-23 17:59:41', 'Signed in' ), ( 297, 'mrodriguez', '201.173.175.106', '0000-00-00 00:00:00', '2013-05-23 20:38:32', 'Signed in' ), ( 298, 'ilgalvezh', '69.117.64.3', '0000-00-00 00:00:00', '2013-05-23 23:35:40', 'Signed in' ), ( 299, 'mrodriguez', '201.172.201.103', '0000-00-00 00:00:00', '2013-05-24 13:27:56', 'Signed in' ), ( 300, 'ilgalvezh', '69.117.64.3', '0000-00-00 00:00:00', '2013-05-24 13:49:45', 'Signed in' ), ( 301, 'anarayanasamy', '180.215.67.193', '0000-00-00 00:00:00', '2013-05-24 14:13:36', 'Signed in' ), ( 302, 'mrodriguez', '201.172.201.103', '0000-00-00 00:00:00', '2013-05-24 14:55:24', 'Signed in' ), ( 303, 'mrodriguez', '201.172.201.103', '0000-00-00 00:00:00', '2013-05-24 15:14:58', 'Signed in' ), ( 304, 'mrodriguez', '201.172.201.103', '0000-00-00 00:00:00', '2013-05-24 16:08:35', 'Signed in' ), ( 305, 'mrodriguez', '201.173.175.106', '0000-00-00 00:00:00', '2013-05-24 20:27:37', 'Signed in' ), ( 306, 'mrodriguez', '201.173.175.106', '0000-00-00 00:00:00', '2013-05-24 20:31:14', 'Signed in' ), ( 307, 'mrodriguez', '201.173.175.106', '0000-00-00 00:00:00', '2013-05-24 21:09:58', 'Signed in' ), ( 308, 'ilgalvezh', '69.117.64.3', '0000-00-00 00:00:00', '2013-05-27 12:30:17', 'Signed in' ), ( 309, 'mrodriguez', '187.162.137.34', '0000-00-00 00:00:00', '2013-05-27 14:50:26', 'Signed in' ), ( 310, 'anarayanasamy', '116.203.128.156', '0000-00-00 00:00:00', '2013-05-28 11:46:53', 'Signed in' ), ( 311, 'mrodriguez', '187.162.137.34', '0000-00-00 00:00:00', '2013-05-28 15:22:22', 'Signed in' ), ( 312, 'ilgalvezh', '69.117.64.3', '0000-00-00 00:00:00', '2013-05-28 16:15:13', 'Signed in' ), ( 313, 'mrodriguez', '201.173.175.106', '0000-00-00 00:00:00', '2013-05-28 20:31:25', 'Signed in' ), ( 314, 'anarayanasamy', '180.215.6.188', '0000-00-00 00:00:00', '2013-05-29 13:54:04', 'Signed in' ), ( 315, 'mrodriguez', '187.162.137.34', '0000-00-00 00:00:00', '2013-05-29 14:24:20', 'Signed in' ), ( 316, 'ilgalvezh', '69.117.64.3', '0000-00-00 00:00:00', '2013-05-29 14:24:31', 'Signed in' ), ( 317, 'IQuality', '201.103.75.248', '2013-05-29 17:31:16', '2013-05-29 17:26:40', 'Signed off' ), ( 318, 'mrodriguez', '201.173.175.106', '0000-00-00 00:00:00', '2013-05-29 22:30:39', 'Signed in' ), ( 319, 'anarayanasamy', '180.215.105.75', '0000-00-00 00:00:00', '2013-05-30 11:36:16', 'Signed in' ), ( 320, 'ilgalvezh', '69.117.64.3', '0000-00-00 00:00:00', '2013-05-30 13:38:21', 'Signed in' ), ( 321, 'mrodriguez', '201.173.175.106', '0000-00-00 00:00:00', '2013-05-30 13:57:33', 'Signed in' ), ( 322, 'mrodriguez', '201.173.175.106', '0000-00-00 00:00:00', '2013-05-30 17:56:35', 'Signed in' ), ( 323, 'mrodriguez', '187.162.137.34', '0000-00-00 00:00:00', '2013-05-30 20:28:39', 'Signed in' ), ( 324, 'mrodriguez', '187.162.137.34', '0000-00-00 00:00:00', '2013-05-30 22:37:30', 'Signed in' ), ( 325, 'mrodriguez', '187.162.137.34', '0000-00-00 00:00:00', '2013-05-31 14:26:25', 'Signed in' ), ( 326, 'ilgalvezh', '69.117.64.3', '0000-00-00 00:00:00', '2013-05-31 19:34:25', 'Signed in' ), ( 327, 'mrodriguez', '201.173.175.106', '0000-00-00 00:00:00', '2013-05-31 20:06:20', 'Signed in' ), ( 328, 'mrodriguez', '201.173.175.106', '0000-00-00 00:00:00', '2013-06-01 22:22:01', 'Signed in' ), ( 329, 'ilgalvezh', '69.117.65.123', '0000-00-00 00:00:00', '2013-06-03 13:03:03', 'Signed in' ), ( 330, 'anarayanasamy', '180.215.2.172', '0000-00-00 00:00:00', '2013-06-03 16:05:57', 'Signed in' ), ( 331, 'mrodriguez', '187.162.137.34', '0000-00-00 00:00:00', '2013-06-03 16:45:49', 'Signed in' ), ( 332, 'mrodriguez', '187.162.137.34', '0000-00-00 00:00:00', '2013-06-03 17:24:01', 'Signed in' ), ( 333, 'mrodriguez', '201.173.175.106', '0000-00-00 00:00:00', '2013-06-03 20:06:05', 'Signed in' ), ( 334, 'mrodriguez', '201.173.175.106', '0000-00-00 00:00:00', '2013-06-03 20:41:25', 'Signed in' ), ( 335, 'mrodriguez', '201.173.175.106', '0000-00-00 00:00:00', '2013-06-03 21:10:16', 'Signed in' ), ( 336, 'mrodriguez', '201.173.175.106', '0000-00-00 00:00:00', '2013-06-03 21:39:23', 'Signed in' ), ( 337, 'mrodriguez', '201.173.175.106', '0000-00-00 00:00:00', '2013-06-03 23:56:06', 'Signed in' ), ( 338, 'mrodriguez', '201.173.175.106', '0000-00-00 00:00:00', '2013-06-04 03:01:48', 'Signed in' ), ( 339, 'IQuality', '189.242.241.156', '0000-00-00 00:00:00', '2013-06-04 06:54:23', 'Signed in' ), ( 340, 'anarayanasamy', '180.215.111.173', '0000-00-00 00:00:00', '2013-06-04 13:27:35', 'Signed in' ), ( 341, 'mrodriguez', '201.173.175.106', '0000-00-00 00:00:00', '2013-06-04 15:38:31', 'Signed in' ), ( 342, 'mrodriguez', '201.173.175.106', '0000-00-00 00:00:00', '2013-06-04 16:20:24', 'Signed in' ), ( 343, 'mrodriguez', '201.173.175.106', '0000-00-00 00:00:00', '2013-06-04 17:04:14', 'Signed in' ), ( 344, 'mrodriguez', '201.173.175.106', '0000-00-00 00:00:00', '2013-06-04 20:27:07', 'Signed in' ), ( 345, 'mrodriguez', '201.173.175.106', '0000-00-00 00:00:00', '2013-06-04 21:22:20', 'Signed in' ), ( 346, 'IQuality', '189.242.241.156', '0000-00-00 00:00:00', '2013-06-04 21:40:58', 'Signed in' ), ( 347, 'IQuality', '201.103.75.248', '2013-06-04 22:23:57', '2013-06-04 21:52:17', 'Signed off' ), ( 348, 'ilgalvezh', '50.145.253.65', '0000-00-00 00:00:00', '2013-06-05 09:41:19', 'Signed in' ), ( 349, 'mrodriguez', '201.173.175.106', '0000-00-00 00:00:00', '2013-06-05 16:00:54', 'Signed in' ), ( 350, 'mrodriguez', '201.173.175.106', '0000-00-00 00:00:00', '2013-06-05 17:26:34', 'Signed in' ), ( 351, 'mrodriguez', '201.173.175.106', '0000-00-00 00:00:00', '2013-06-05 20:03:11', 'Signed in' ), ( 352, 'mrodriguez', '201.173.175.106', '0000-00-00 00:00:00', '2013-06-06 21:26:30', 'Signed in' ), ( 353, 'mrodriguez', '201.173.175.106', '0000-00-00 00:00:00', '2013-06-07 14:01:46', 'Signed in' ), ( 354, 'mrodriguez', '201.173.175.106', '0000-00-00 00:00:00', '2013-06-07 19:32:26', 'Signed in' ), ( 355, 'mrodriguez', '201.173.175.106', '0000-00-00 00:00:00', '2013-06-07 20:13:29', 'Signed in' ), ( 356, 'mrodriguez', '201.173.175.106', '0000-00-00 00:00:00', '2013-06-07 21:17:49', 'Signed in' ), ( 357, 'mrodriguez', '201.173.175.106', '0000-00-00 00:00:00', '2013-06-07 21:41:48', 'Signed in' ), ( 358, 'mrodriguez', '201.173.175.106', '0000-00-00 00:00:00', '2013-06-07 21:47:00', 'Signed in' ), ( 359, 'anarayanasamy', '116.203.136.14', '0000-00-00 00:00:00', '2013-06-10 14:26:04', 'Signed in' ), ( 360, 'mrodriguez', '201.173.175.106', '0000-00-00 00:00:00', '2013-06-10 15:12:47', 'Signed in' ), ( 361, 'ilgalvezh', '69.117.65.123', '0000-00-00 00:00:00', '2013-06-10 15:54:16', 'Signed in' ), ( 362, 'mrodriguez', '201.173.175.106', '0000-00-00 00:00:00', '2013-06-10 21:12:00', 'Signed in' ), ( 363, 'mrodriguez', '201.173.175.106', '0000-00-00 00:00:00', '2013-06-11 15:05:21', 'Signed in' ), ( 364, 'mrodriguez', '201.173.175.106', '0000-00-00 00:00:00', '2013-06-11 15:44:59', 'Signed in' ), ( 365, 'mrodriguez', '201.173.175.106', '0000-00-00 00:00:00', '2013-06-11 15:55:22', 'Signed in' ), ( 366, 'mrodriguez', '201.173.175.106', '0000-00-00 00:00:00', '2013-06-11 16:00:09', 'Signed in' ), ( 367, 'ilgalvezh', '69.117.65.123', '0000-00-00 00:00:00', '2013-06-11 16:40:35', 'Signed in' ), ( 368, 'mrodriguez', '201.173.175.106', '0000-00-00 00:00:00', '2013-06-11 18:19:28', 'Signed in' ), ( 369, 'mrodriguez', '201.173.175.106', '0000-00-00 00:00:00', '2013-06-11 20:00:42', 'Signed in' ), ( 370, 'mrodriguez', '201.173.175.106', '0000-00-00 00:00:00', '2013-06-11 22:33:02', 'Signed in' ), ( 371, 'mrodriguez', '201.173.175.106', '0000-00-00 00:00:00', '2013-06-12 14:47:56', 'Signed in' ), ( 372, 'IQuality', '201.103.75.248', '0000-00-00 00:00:00', '2013-06-12 16:13:42', 'Signed in' ), ( 373, 'anarayanasamy', '116.203.141.183', '0000-00-00 00:00:00', '2013-06-12 18:24:20', 'Signed in' ), ( 374, 'mrodriguez', '201.173.175.106', '0000-00-00 00:00:00', '2013-06-12 20:11:06', 'Signed in' ), ( 375, 'mrodriguez', '201.173.175.106', '0000-00-00 00:00:00', '2013-06-12 20:34:02', 'Signed in' ), ( 376, 'mrodriguez', '201.173.175.106', '0000-00-00 00:00:00', '2013-06-12 21:53:33', 'Signed in' ), ( 377, 'mrodriguez', '201.173.175.106', '0000-00-00 00:00:00', '2013-06-13 05:31:50', 'Signed in' ), ( 378, 'mrodriguez', '201.173.175.106', '0000-00-00 00:00:00', '2013-06-13 14:12:55', 'Signed in' ), ( 379, 'mrodriguez', '201.173.175.106', '0000-00-00 00:00:00', '2013-06-13 14:59:37', 'Signed in' ), ( 380, 'mrodriguez', '201.173.175.106', '0000-00-00 00:00:00', '2013-06-13 17:25:03', 'Signed in' ), ( 381, 'mrodriguez', '201.173.175.106', '0000-00-00 00:00:00', '2013-06-13 20:34:43', 'Signed in' ), ( 382, 'ilgalvezh', '69.117.65.123', '0000-00-00 00:00:00', '2013-06-13 20:52:29', 'Signed in' ), ( 383, 'anarayanasamy', '116.203.141.35', '0000-00-00 00:00:00', '2013-06-13 20:53:46', 'Signed in' ), ( 384, 'mrodriguez', '201.173.175.106', '0000-00-00 00:00:00', '2013-06-13 20:56:00', 'Signed in' ), ( 385, 'mrodriguez', '201.173.175.106', '0000-00-00 00:00:00', '2013-06-14 13:37:31', 'Signed in' ), ( 386, 'ilgalvezh', '69.117.65.123', '0000-00-00 00:00:00', '2013-06-15 00:43:33', 'Signed in' ), ( 387, 'anarayanasamy', '180.215.87.77', '0000-00-00 00:00:00', '2013-06-17 09:21:18', 'Signed in' ), ( 388, 'mrodriguez', '201.173.175.106', '0000-00-00 00:00:00', '2013-06-17 15:07:09', 'Signed in' ), ( 389, 'anarayanasamy', '180.215.86.163', '0000-00-00 00:00:00', '2013-06-18 13:25:30', 'Signed in' ), ( 390, 'anarayanasamy', '180.215.71.251', '0000-00-00 00:00:00', '2013-06-19 18:26:26', 'Signed in' ), ( 391, 'ilgalvezh', '69.117.65.123', '0000-00-00 00:00:00', '2013-06-20 11:03:45', 'Signed in' ), ( 392, 'anarayanasamy', '180.215.9.216', '0000-00-00 00:00:00', '2013-06-20 14:22:53', 'Signed in' ), ( 393, 'ilgalvezh', '69.117.65.123', '0000-00-00 00:00:00', '2013-06-21 14:35:19', 'Signed in' ), ( 394, 'mrodriguez', '187.162.137.34', '0000-00-00 00:00:00', '2013-06-21 14:36:20', 'Signed in' ), ( 395, 'ilgalvezh', '69.117.70.103', '0000-00-00 00:00:00', '2013-06-24 14:11:12', 'Signed in' ), ( 396, 'mrodriguez', '201.173.175.106', '0000-00-00 00:00:00', '2013-06-24 17:42:10', 'Signed in' ), ( 397, 'anarayanasamy', '180.215.105.2', '0000-00-00 00:00:00', '2013-06-24 20:42:56', 'Signed in' ), ( 398, 'mrodriguez', '201.173.175.106', '0000-00-00 00:00:00', '2013-06-24 22:21:11', 'Signed in' ), ( 399, 'mrodriguez', '187.162.137.34', '0000-00-00 00:00:00', '2013-06-25 13:58:55', 'Signed in' ), ( 400, 'mrodriguez', '201.172.201.103', '0000-00-00 00:00:00', '2013-06-25 15:51:23', 'Signed in' ), ( 401, 'anarayanasamy', '180.215.29.180', '0000-00-00 00:00:00', '2013-06-26 13:07:04', 'Signed in' ), ( 402, 'mrodriguez', '201.173.175.106', '0000-00-00 00:00:00', '2013-06-26 14:51:30', 'Signed in' ), ( 403, 'anarayanasamy', '180.215.17.80', '0000-00-00 00:00:00', '2013-06-26 20:15:37', 'Signed in' ), ( 404, 'mrodriguez', '187.162.137.34', '0000-00-00 00:00:00', '2013-06-26 20:23:40', 'Signed in' ), ( 405, 'ilgalvezh', '69.117.70.103', '0000-00-00 00:00:00', '2013-06-28 13:19:17', 'Signed in' ), ( 406, 'mrodriguez', '201.173.175.106', '0000-00-00 00:00:00', '2013-06-28 14:23:51', 'Signed in' ), ( 407, 'anarayanasamy', '116.202.129.213', '0000-00-00 00:00:00', '2013-06-28 16:24:00', 'Signed in' ), ( 408, 'mrodriguez', '201.173.175.106', '0000-00-00 00:00:00', '2013-06-28 18:55:35', 'Signed in' ), ( 409, 'anarayanasamy', '180.215.65.190', '0000-00-00 00:00:00', '2013-07-01 10:16:38', 'Signed in' ), ( 410, 'mrodriguez', '201.173.175.106', '0000-00-00 00:00:00', '2013-07-01 13:25:59', 'Signed in' ), ( 411, 'ilgalvezh', '69.117.70.103', '0000-00-00 00:00:00', '2013-07-01 15:20:03', 'Signed in' ), ( 412, 'mrodriguez', '201.173.175.106', '0000-00-00 00:00:00', '2013-07-01 16:46:10', 'Signed in' ), ( 413, 'mrodriguez', '201.173.175.106', '0000-00-00 00:00:00', '2013-07-01 19:51:54', 'Signed in' ), ( 414, 'mrodriguez', '201.173.175.106', '0000-00-00 00:00:00', '2013-07-02 00:57:48', 'Signed in' ), ( 415, 'mrodriguez', '201.173.175.106', '0000-00-00 00:00:00', '2013-07-02 13:41:49', 'Signed in' ), ( 416, 'anarayanasamy', '180.215.30.229', '0000-00-00 00:00:00', '2013-07-02 13:53:19', 'Signed in' ), ( 417, 'ilgalvezh', '69.117.70.103', '0000-00-00 00:00:00', '2013-07-02 15:13:00', 'Signed in' ), ( 418, 'mrodriguez', '201.173.175.106', '0000-00-00 00:00:00', '2013-07-02 16:36:36', 'Signed in' ), ( 419, 'anarayanasamy', '116.202.139.117', '0000-00-00 00:00:00', '2013-07-03 10:32:02', 'Signed in' ), ( 420, 'ilgalvezh', '69.117.70.103', '0000-00-00 00:00:00', '2013-07-03 14:25:20', 'Signed in' ), ( 421, 'ilgalvezh', '69.117.70.103', '0000-00-00 00:00:00', '2013-07-03 15:39:42', 'Signed in' ), ( 422, 'mrodriguez', '201.173.175.106', '0000-00-00 00:00:00', '2013-07-04 14:28:48', 'Signed in' ), ( 423, 'mrodriguez', '201.172.201.103', '0000-00-00 00:00:00', '2013-07-04 19:21:19', 'Signed in' ), ( 424, 'anarayanasamy', '116.203.136.136', '0000-00-00 00:00:00', '2013-07-08 18:36:44', 'Signed in' ), ( 425, 'anarayanasamy', '116.203.136.136', '0000-00-00 00:00:00', '2013-07-08 19:49:57', 'Signed in' ), ( 426, 'mrodriguez', '201.173.175.106', '0000-00-00 00:00:00', '2013-07-08 19:51:25', 'Signed in' ), ( 427, 'mrodriguez', '201.173.175.106', '0000-00-00 00:00:00', '2013-07-08 21:54:36', 'Signed in' ), ( 428, 'ilgalvezh', '69.117.70.103', '0000-00-00 00:00:00', '2013-07-09 15:43:10', 'Signed in' ), ( 429, 'anarayanasamy', '116.203.128.105', '0000-00-00 00:00:00', '2013-07-09 15:45:02', 'Signed in' ), ( 430, 'mrodriguez', '201.173.175.106', '0000-00-00 00:00:00', '2013-07-10 15:07:54', 'Signed in' ), ( 431, 'mrodriguez', '201.173.175.106', '0000-00-00 00:00:00', '2013-07-10 15:17:33', 'Signed in' ), ( 432, 'IQuality', '201.103.75.248', '0000-00-00 00:00:00', '2013-07-10 15:55:06', 'Signed in' ), ( 433, 'ilgalvezh', '69.117.70.103', '0000-00-00 00:00:00', '2013-07-10 16:04:53', 'Signed in' ), ( 434, 'ilgalvezh', '69.117.70.103', '0000-00-00 00:00:00', '2013-07-11 14:36:04', 'Signed in' ), ( 435, 'anarayanasamy', '116.202.137.73', '0000-00-00 00:00:00', '2013-07-11 14:58:25', 'Signed in' ), ( 436, 'mrodriguez', '201.173.175.106', '0000-00-00 00:00:00', '2013-07-11 16:44:58', 'Signed in' ), ( 437, 'mrodriguez', '201.173.175.106', '0000-00-00 00:00:00', '2013-07-12 17:35:18', 'Signed in' ), ( 438, 'mrodriguez', '201.173.175.106', '0000-00-00 00:00:00', '2013-07-12 20:20:46', 'Signed in' ), ( 439, 'ilgalvezh', '69.117.70.103', '0000-00-00 00:00:00', '2013-07-15 20:55:23', 'Signed in' ), ( 440, 'mrodriguez', '201.173.175.106', '0000-00-00 00:00:00', '2013-07-16 13:08:15', 'Signed in' ), ( 441, 'mrodriguez', '201.173.175.106', '0000-00-00 00:00:00', '2013-07-16 13:08:16', 'Signed in' ), ( 442, 'anarayanasamy', '116.203.135.240', '0000-00-00 00:00:00', '2013-07-16 13:31:32', 'Signed in' ), ( 443, 'mrodriguez', '201.173.175.106', '0000-00-00 00:00:00', '2013-07-16 14:00:57', 'Signed in' ), ( 444, 'ilgalvezh', '69.117.70.103', '0000-00-00 00:00:00', '2013-07-16 14:19:22', 'Signed in' ), ( 445, 'mrodriguez', '201.173.175.106', '0000-00-00 00:00:00', '2013-07-16 19:53:53', 'Signed in' ), ( 446, 'anarayanasamy', '180.215.28.243', '0000-00-00 00:00:00', '2013-07-16 19:56:57', 'Signed in' ), ( 447, 'anarayanasamy', '116.203.140.251', '0000-00-00 00:00:00', '2013-07-17 13:52:31', 'Signed in' ), ( 448, 'ilgalvezh', '69.117.70.103', '0000-00-00 00:00:00', '2013-07-17 14:28:14', 'Signed in' ), ( 449, 'mrodriguez', '201.173.175.106', '0000-00-00 00:00:00', '2013-07-17 14:33:08', 'Signed in' ), ( 450, 'mrodriguez', '201.173.175.106', '0000-00-00 00:00:00', '2013-07-17 15:30:57', 'Signed in' ), ( 451, 'mrodriguez', '201.173.175.106', '0000-00-00 00:00:00', '2013-07-17 16:33:53', 'Signed in' ), ( 452, 'mrodriguez', '201.173.175.106', '0000-00-00 00:00:00', '2013-07-17 16:34:44', 'Signed in' ), ( 453, 'mrodriguez', '201.173.175.106', '0000-00-00 00:00:00', '2013-07-17 16:34:45', 'Signed in' ), ( 454, 'mrodriguez', '201.173.175.106', '0000-00-00 00:00:00', '2013-07-17 18:24:03', 'Signed in' ), ( 455, 'mrodriguez', '201.173.175.106', '0000-00-00 00:00:00', '2013-07-17 20:32:23', 'Signed in' ), ( 456, 'mrodriguez', '187.162.152.128', '0000-00-00 00:00:00', '2013-07-18 13:31:10', 'Signed in' ), ( 457, 'anarayanasamy', '180.215.29.202', '0000-00-00 00:00:00', '2013-07-18 13:49:35', 'Signed in' ), ( 458, 'ilgalvezh', '69.117.70.103', '0000-00-00 00:00:00', '2013-07-18 14:29:31', 'Signed in' ), ( 459, 'ilgalvezh', '69.117.70.103', '0000-00-00 00:00:00', '2013-07-18 14:40:18', 'Signed in' ), ( 460, 'mrodriguez', '187.162.152.128', '0000-00-00 00:00:00', '2013-07-18 17:33:07', 'Signed in' ), ( 461, 'mrodriguez', '187.162.152.128', '0000-00-00 00:00:00', '2013-07-18 20:17:15', 'Signed in' ), ( 462, 'ilgalvezh', '69.117.70.103', '0000-00-00 00:00:00', '2013-07-19 14:23:24', 'Signed in' ), ( 463, 'anarayanasamy', '116.202.171.162', '0000-00-00 00:00:00', '2013-07-19 14:24:02', 'Signed in' ), ( 464, 'mrodriguez', '201.173.175.106', '0000-00-00 00:00:00', '2013-07-19 14:24:37', 'Signed in' ), ( 465, 'mrodriguez', '201.173.175.106', '0000-00-00 00:00:00', '2013-07-19 14:45:46', 'Signed in' ), ( 466, 'mrodriguez', '201.173.175.106', '0000-00-00 00:00:00', '2013-07-22 13:57:45', 'Signed in' ), ( 467, 'ilgalvezh', '69.117.70.103', '0000-00-00 00:00:00', '2013-07-22 14:09:54', 'Signed in' ), ( 468, 'anarayanasamy', '116.203.130.248', '0000-00-00 00:00:00', '2013-07-22 14:10:51', 'Signed in' ), ( 469, 'mrodriguez', '201.173.175.106', '0000-00-00 00:00:00', '2013-07-22 14:10:56', 'Signed in' ), ( 470, 'mrodriguez', '201.173.175.106', '0000-00-00 00:00:00', '2013-07-22 16:01:18', 'Signed in' ), ( 471, 'mrodriguez', '201.173.175.106', '0000-00-00 00:00:00', '2013-07-23 15:09:57', 'Signed in' ), ( 472, 'ilgalvezh', '69.117.70.103', '0000-00-00 00:00:00', '2013-07-23 17:38:04', 'Signed in' ), ( 473, 'anarayanasamy', '180.215.70.82', '2013-07-24 21:11:26', '2013-07-24 14:17:49', 'Signed off' ), ( 474, 'mrodriguez', '201.173.175.106', '0000-00-00 00:00:00', '2013-07-24 14:37:51', 'Signed in' ), ( 475, 'zaik', '180.215.70.82', '2013-07-24 21:12:29', '2013-07-24 21:11:48', 'Signed off' ), ( 476, 'anarayanasamy', '180.215.70.82', '2013-07-24 21:13:08', '2013-07-24 21:12:39', 'Signed off' ), ( 477, 'mrodriguez', '201.173.175.106', '0000-00-00 00:00:00', '2013-07-24 21:12:53', 'Signed in' ), ( 478, 'anarayanasamy', '180.215.70.82', '0000-00-00 00:00:00', '2013-07-24 21:13:47', 'Signed in' ), ( 479, 'mrodriguez', '201.173.175.106', '0000-00-00 00:00:00', '2013-07-24 22:47:09', 'Signed in' ), ( 480, 'mrodriguez', '201.173.175.106', '0000-00-00 00:00:00', '2013-07-25 19:10:29', 'Signed in' ), ( 481, 'anarayanasamy', '180.215.13.99', '0000-00-00 00:00:00', '2013-07-25 19:55:24', 'Signed in' ), ( 482, 'mrodriguez', '201.173.175.106', '0000-00-00 00:00:00', '2013-07-26 13:32:30', 'Signed in' ), ( 483, 'ilgalvezh', '69.117.70.103', '0000-00-00 00:00:00', '2013-07-26 14:03:08', 'Signed in' ), ( 484, 'anarayanasamy', '116.202.166.175', '0000-00-00 00:00:00', '2013-07-26 14:22:54', 'Signed in' ), ( 485, 'anarayanasamy', '180.215.26.134', '0000-00-00 00:00:00', '2013-07-29 14:10:37', 'Signed in' ), ( 486, 'mrodriguez', '201.173.175.106', '0000-00-00 00:00:00', '2013-07-29 14:34:21', 'Signed in' ), ( 487, 'ilgalvezh', '69.117.70.103', '2013-07-29 20:52:17', '2013-07-29 20:38:18', 'Signed off' ), ( 488, 'ilgalvezh', '69.117.70.103', '0000-00-00 00:00:00', '2013-07-29 20:52:22', 'Signed in' ), ( 489, 'anarayanasamy', '116.202.141.209', '0000-00-00 00:00:00', '2013-07-31 13:07:56', 'Signed in' ), ( 490, 'ilgalvezh', '69.117.70.103', '0000-00-00 00:00:00', '2013-07-31 15:42:52', 'Signed in' ), ( 491, 'ilgalvezh', '69.117.70.103', '0000-00-00 00:00:00', '2013-07-31 20:37:08', 'Signed in' ), ( 492, 'mrodriguez', '201.173.175.106', '0000-00-00 00:00:00', '2013-08-01 15:02:44', 'Signed in' ), ( 493, 'anarayanasamy', '116.202.162.173', '0000-00-00 00:00:00', '2013-08-01 18:31:46', 'Signed in' ), ( 494, 'mrodriguez', '187.162.152.128', '0000-00-00 00:00:00', '2013-08-02 17:19:00', 'Signed in' ), ( 495, 'anarayanasamy', '180.215.104.47', '0000-00-00 00:00:00', '2013-08-05 14:45:23', 'Signed in' ), ( 496, 'mrodriguez', '201.173.175.106', '0000-00-00 00:00:00', '2013-08-06 13:33:38', 'Signed in' ), ( 497, 'ilgalvezh', '69.117.70.103', '0000-00-00 00:00:00', '2013-08-06 13:42:44', 'Signed in' ), ( 498, 'mrodriguez', '201.173.175.106', '0000-00-00 00:00:00', '2013-08-06 14:17:39', 'Signed in' ), ( 499, 'mrodriguez', '201.173.175.106', '0000-00-00 00:00:00', '2013-08-06 17:41:11', 'Signed in' ), ( 500, 'ilgalvezh', '69.117.70.103', '0000-00-00 00:00:00', '2013-08-07 13:21:30', 'Signed in' ), ( 501, 'mrodriguez', '201.173.175.106', '0000-00-00 00:00:00', '2013-08-07 13:27:36', 'Signed in' ), ( 502, 'mrodriguez', '201.173.175.106', '0000-00-00 00:00:00', '2013-08-07 17:40:51', 'Signed in' ), ( 503, 'mrodriguez', '201.173.175.106', '0000-00-00 00:00:00', '2013-08-07 20:04:01', 'Signed in' ), ( 504, 'mrodriguez', '201.173.175.106', '0000-00-00 00:00:00', '2013-08-07 21:46:12', 'Signed in' ), ( 505, 'anarayanasamy', '116.202.136.108', '0000-00-00 00:00:00', '2013-08-08 14:03:38', 'Signed in' ), ( 506, 'mrodriguez', '201.172.201.103', '0000-00-00 00:00:00', '2013-08-08 14:12:12', 'Signed in' ), ( 507, 'anarayanasamy', '116.202.136.108', '0000-00-00 00:00:00', '2013-08-08 18:33:03', 'Signed in' ), ( 508, 'mrodriguez', '187.162.152.128', '0000-00-00 00:00:00', '2013-08-08 22:13:09', 'Signed in' ), ( 509, 'mrodriguez', '187.162.152.128', '0000-00-00 00:00:00', '2013-08-09 13:48:15', 'Signed in' ), ( 510, 'ilgalvezh', '69.117.70.103', '0000-00-00 00:00:00', '2013-08-12 14:23:32', 'Signed in' ), ( 511, 'ilgalvezh', '69.117.70.103', '0000-00-00 00:00:00', '2013-08-13 14:56:01', 'Signed in' ), ( 512, 'anarayanasamy', '116.203.137.151', '0000-00-00 00:00:00', '2013-08-15 15:23:24', 'Signed in' ), ( 513, 'anarayanasamy', '180.215.4.247', '0000-00-00 00:00:00', '2013-08-19 13:46:40', 'Signed in' ), ( 514, 'ilgalvezh', '69.117.70.103', '0000-00-00 00:00:00', '2013-08-19 16:27:23', 'Signed in' ), ( 515, 'ilgalvezh', '69.117.70.103', '0000-00-00 00:00:00', '2013-08-21 14:58:35', 'Signed in' ), ( 516, 'ilgalvezh', '69.117.70.103', '0000-00-00 00:00:00', '2013-08-23 15:57:23', 'Signed in' ), ( 517, 'anarayanasamy', '116.203.133.254', '0000-00-00 00:00:00', '2013-08-23 21:13:52', 'Signed in' ), ( 518, 'anarayanasamy', '180.215.68.156', '0000-00-00 00:00:00', '2013-08-26 10:55:23', 'Signed in' ), ( 519, 'ilgalvezh', '69.117.70.103', '0000-00-00 00:00:00', '2013-08-26 11:21:06', 'Signed in' ), ( 520, 'ilgalvezh', '69.117.70.103', '0000-00-00 00:00:00', '2013-08-27 14:15:18', 'Signed in' ), ( 521, 'anarayanasamy', '116.202.171.228', '0000-00-00 00:00:00', '2013-08-27 15:23:10', 'Signed in' ), ( 522, 'anarayanasamy', '116.202.171.228', '0000-00-00 00:00:00', '2013-08-27 20:02:01', 'Signed in' ), ( 523, 'ilgalvezh', '69.117.70.103', '0000-00-00 00:00:00', '2013-08-28 16:48:57', 'Signed in' ), ( 524, 'anarayanasamy', '116.202.165.39', '0000-00-00 00:00:00', '2013-08-30 11:25:05', 'Signed in' ), ( 525, 'ilgalvezh', '69.117.70.103', '0000-00-00 00:00:00', '2013-08-30 13:07:51', 'Signed in' ), ( 526, 'ilgalvezh', '69.117.70.103', '0000-00-00 00:00:00', '2013-09-04 13:23:22', 'Signed in' ), ( 527, 'ilgalvezh', '69.117.70.103', '0000-00-00 00:00:00', '2013-09-05 18:37:40', 'Signed in' ), ( 528, 'anarayanasamy', '180.215.23.103', '0000-00-00 00:00:00', '2013-09-06 16:27:21', 'Signed in' ), ( 529, 'ilgalvezh', '69.117.70.103', '0000-00-00 00:00:00', '2013-09-07 02:47:25', 'Signed in' ), ( 530, 'ilgalvezh', '69.117.70.103', '0000-00-00 00:00:00', '2013-09-10 11:24:07', 'Signed in' ), ( 531, 'ilgalvezh', '69.117.70.103', '0000-00-00 00:00:00', '2013-09-11 12:43:25', 'Signed in' ), ( 532, 'ilgalvezh', '69.117.70.103', '0000-00-00 00:00:00', '2013-09-11 16:44:15', 'Signed in' ), ( 533, 'ilgalvezh', '69.117.70.103', '0000-00-00 00:00:00', '2013-09-13 13:09:32', 'Signed in' ), ( 534, 'anarayanasamy', '116.202.170.216', '0000-00-00 00:00:00', '2013-09-13 14:36:31', 'Signed in' ), ( 535, 'ilgalvezh', '69.117.70.103', '0000-00-00 00:00:00', '2013-09-13 16:07:59', 'Signed in' ), ( 536, 'ilgalvezh', '69.117.70.103', '0000-00-00 00:00:00', '2013-09-16 12:43:00', 'Signed in' ), ( 537, 'ilgalvezh', '69.117.70.103', '0000-00-00 00:00:00', '2013-09-16 21:50:12', 'Signed in' ), ( 538, 'ilgalvezh', '69.117.70.103', '0000-00-00 00:00:00', '2013-09-17 22:27:07', 'Signed in' ), ( 539, 'anarayanasamy', '180.215.19.2', '0000-00-00 00:00:00', '2013-09-18 12:46:27', 'Signed in' ), ( 540, 'ilgalvezh', '69.117.70.103', '0000-00-00 00:00:00', '2013-09-23 18:23:57', 'Signed in' ), ( 541, 'ilgalvezh', '69.117.70.103', '0000-00-00 00:00:00', '2013-09-24 14:42:31', 'Signed in' ), ( 542, 'ilgalvezh', '69.117.70.103', '0000-00-00 00:00:00', '2013-09-25 19:27:01', 'Signed in' ), ( 543, 'ilgalvezh', '170.163.138.98', '0000-00-00 00:00:00', '2013-09-26 21:08:59', 'Signed in' ), ( 544, 'ilgalvezh', '69.117.70.103', '0000-00-00 00:00:00', '2013-10-01 22:51:56', 'Signed in' ), ( 545, 'anarayanasamy', '180.215.85.212', '0000-00-00 00:00:00', '2013-10-02 06:39:45', 'Signed in' ), ( 546, 'ilgalvezh', '69.117.70.103', '0000-00-00 00:00:00', '2013-10-02 15:21:40', 'Signed in' ), ( 547, 'anarayanasamy', '180.215.67.50', '0000-00-00 00:00:00', '2013-10-02 17:34:49', 'Signed in' ), ( 548, 'ilgalvezh', '69.117.70.103', '0000-00-00 00:00:00', '2013-10-11 18:26:03', 'Signed in' ), ( 549, 'ilgalvezh', '69.117.70.103', '0000-00-00 00:00:00', '2013-10-14 14:06:00', 'Signed in' ), ( 550, 'jlquiroz', '184.91.193.252', '0000-00-00 00:00:00', '2013-10-14 14:26:08', 'Signed in' ), ( 551, 'ilgalvezh', '69.117.70.103', '0000-00-00 00:00:00', '2013-10-15 22:08:33', 'Signed in' ), ( 552, 'ilgalvezh', '69.117.70.103', '0000-00-00 00:00:00', '2013-10-17 18:41:21', 'Signed in' ), ( 553, 'ilgalvezh', '69.117.70.103', '0000-00-00 00:00:00', '2013-10-18 13:42:23', 'Signed in' ), ( 554, 'anarayanasamy', '116.202.128.106', '0000-00-00 00:00:00', '2013-10-18 15:06:03', 'Signed in' ), ( 555, 'ilgalvezh', '69.117.70.103', '0000-00-00 00:00:00', '2013-10-22 16:54:36', 'Signed in' ), ( 556, 'ilgalvezh', '69.117.70.103', '0000-00-00 00:00:00', '2013-10-24 21:53:19', 'Signed in' ), ( 557, 'ilgalvezh', '69.117.70.103', '0000-00-00 00:00:00', '2013-10-30 02:07:19', 'Signed in' ), ( 558, 'anarayanasamy', '116.202.131.96', '0000-00-00 00:00:00', '2013-10-30 15:01:09', 'Signed in' ), ( 559, 'ilgalvezh', '69.117.70.103', '0000-00-00 00:00:00', '2013-10-30 19:24:22', 'Signed in' ), ( 560, 'anarayanasamy', '116.202.142.231', '0000-00-00 00:00:00', '2013-10-31 00:12:16', 'Signed in' ), ( 561, 'ilgalvezh', '69.117.70.103', '0000-00-00 00:00:00', '2013-10-31 15:18:00', 'Signed in' ), ( 562, 'ilgalvezh', '69.117.70.103', '0000-00-00 00:00:00', '2013-11-05 15:40:34', 'Signed in' ), ( 563, 'anarayanasamy', '116.202.160.98', '0000-00-00 00:00:00', '2013-11-05 16:41:57', 'Signed in' ), ( 564, 'anarayanasamy', '116.202.107.224', '2013-11-08 16:34:30', '2013-11-08 16:21:10', 'Signed off' ), ( 565, 'anarayanasamy', '116.202.136.247', '0000-00-00 00:00:00', '2013-11-15 18:45:38', 'Signed in' ), ( 566, 'anarayanasamy', '180.215.174.32', '0000-00-00 00:00:00', '2013-11-21 15:33:08', 'Signed in' ), ( 567, 'ilgalvezh', '69.117.70.103', '0000-00-00 00:00:00', '2013-11-21 18:22:28', 'Signed in' ), ( 568, 'ilgalvezh', '69.117.70.103', '0000-00-00 00:00:00', '2013-11-25 19:39:21', 'Signed in' ), ( 569, 'asgalvezh', '184.91.193.252', '0000-00-00 00:00:00', '2013-11-25 19:42:05', 'Signed in' ), ( 570, 'asgalvezh', '184.91.193.252', '0000-00-00 00:00:00', '2013-11-26 19:23:48', 'Signed in' ), ( 571, 'anarayanasamy', '180.215.157.123', '0000-00-00 00:00:00', '2013-11-27 15:32:34', 'Signed in' ), ( 572, 'asgalvezh', '184.91.193.252', '0000-00-00 00:00:00', '2013-11-27 15:42:00', 'Signed in' ), ( 573, 'asgalvezh', '184.91.193.252', '0000-00-00 00:00:00', '2013-11-27 15:42:12', 'Signed in' ), ( 574, 'anarayanasamy', '180.215.157.123', '0000-00-00 00:00:00', '2013-11-27 18:16:24', 'Signed in' ), ( 575, 'anarayanasamy', '116.202.106.181', '0000-00-00 00:00:00', '2013-12-02 16:23:18', 'Signed in' ), ( 576, 'asgalvezh', '184.91.193.252', '0000-00-00 00:00:00', '2013-12-02 17:03:47', 'Signed in' ), ( 577, 'asgalvezh', '184.91.193.252', '0000-00-00 00:00:00', '2013-12-02 19:17:49', 'Signed in' ), ( 578, 'asgalvezh', '184.91.193.252', '0000-00-00 00:00:00', '2013-12-03 17:32:47', 'Signed in' ), ( 579, 'asgalvezh', '184.91.193.252', '0000-00-00 00:00:00', '2013-12-04 22:42:05', 'Signed in' ), ( 580, 'asgalvezh', '184.91.193.252', '0000-00-00 00:00:00', '2013-12-05 19:44:42', 'Signed in' ), ( 581, 'ilgalvezh', '69.117.70.103', '0000-00-00 00:00:00', '2013-12-09 18:19:17', 'Signed in' ), ( 582, 'anarayanasamy', '180.215.17.114', '0000-00-00 00:00:00', '2013-12-11 18:01:17', 'Signed in' ), ( 583, 'ilgalvezh', '69.117.70.103', '0000-00-00 00:00:00', '2013-12-11 18:01:25', 'Signed in' ), ( 584, 'asgalvezh', '184.91.193.252', '0000-00-00 00:00:00', '2013-12-11 20:02:33', 'Signed in' ), ( 585, 'anarayanasamy', '116.202.137.99', '0000-00-00 00:00:00', '2013-12-12 15:37:56', 'Signed in' ), ( 586, 'asgalvezh', '184.91.193.252', '0000-00-00 00:00:00', '2013-12-12 16:50:58', 'Signed in' ), ( 587, 'anarayanasamy', '180.215.64.164', '0000-00-00 00:00:00', '2013-12-13 16:17:30', 'Signed in' ), ( 588, 'ilgalvezh', '69.117.70.103', '0000-00-00 00:00:00', '2013-12-13 20:12:52', 'Signed in' ), ( 589, 'anarayanasamy', '116.202.162.26', '0000-00-00 00:00:00', '2013-12-16 19:36:20', 'Signed in' ), ( 590, 'ilgalvezh', '69.117.70.103', '0000-00-00 00:00:00', '2013-12-16 19:38:07', 'Signed in' ), ( 591, 'anarayanasamy', '116.202.163.22', '0000-00-00 00:00:00', '2013-12-18 18:32:58', 'Signed in' ), ( 592, 'ilgalvezh', '69.117.70.103', '0000-00-00 00:00:00', '2013-12-19 17:06:20', 'Signed in' ), ( 593, 'asgalvezh', '184.91.193.252', '0000-00-00 00:00:00', '2013-12-20 22:54:03', 'Signed in' ), ( 594, 'ilgalvezh', '68.194.119.35', '0000-00-00 00:00:00', '2014-01-06 14:23:04', 'Signed in' ), ( 595, 'anarayanasamy', '116.202.111.66', '0000-00-00 00:00:00', '2014-01-06 14:36:08', 'Signed in' ), ( 596, 'ilgalvezh', '68.194.119.35', '0000-00-00 00:00:00', '2014-01-06 21:08:08', 'Signed in' ), ( 597, 'ilgalvezh', '68.194.119.35', '0000-00-00 00:00:00', '2014-01-07 15:03:28', 'Signed in' ), ( 598, 'anarayanasamy', '180.215.97.170', '0000-00-00 00:00:00', '2014-01-08 12:56:31', 'Signed in' ), ( 599, 'anarayanasamy', '180.215.24.188', '0000-00-00 00:00:00', '2014-01-08 19:08:00', 'Signed in' ), ( 600, 'ilgalvezh', '68.194.119.35', '0000-00-00 00:00:00', '2014-01-08 19:08:40', 'Signed in' ), ( 601, 'ilgalvezh', '68.194.119.35', '0000-00-00 00:00:00', '2014-01-09 15:20:40', 'Signed in' ), ( 602, 'ilgalvezh', '68.194.119.35', '0000-00-00 00:00:00', '2014-01-10 15:09:06', 'Signed in' ), ( 603, 'anarayanasamy', '180.215.24.26', '0000-00-00 00:00:00', '2014-01-14 17:28:46', 'Signed in' ), ( 604, 'anarayanasamy', '180.215.96.73', '0000-00-00 00:00:00', '2014-01-15 16:35:02', 'Signed in' ), ( 605, 'anarayanasamy', '116.202.169.83', '0000-00-00 00:00:00', '2014-01-17 01:30:23', 'Signed in' ), ( 606, 'anarayanasamy', '180.215.6.12', '0000-00-00 00:00:00', '2014-01-21 14:18:26', 'Signed in' ), ( 607, 'asgalvezh', '184.91.193.252', '0000-00-00 00:00:00', '2014-01-21 17:02:46', 'Signed in' ), ( 608, 'ilgalvezh', '201.141.171.81', '0000-00-00 00:00:00', '2014-01-21 23:51:26', 'Signed in' ), ( 609, 'ilgalvezh', '189.137.235.51', '0000-00-00 00:00:00', '2014-01-27 15:22:17', 'Signed in' ), ( 610, 'anarayanasamy', '180.215.80.253', '0000-00-00 00:00:00', '2014-01-27 15:22:30', 'Signed in' ), ( 611, 'asgalvezh', '184.91.193.252', '0000-00-00 00:00:00', '2014-01-30 17:53:32', 'Signed in' ), ( 612, 'asgalvezh', '184.91.193.252', '0000-00-00 00:00:00', '2014-02-03 15:42:40', 'Signed in' ), ( 613, 'ilgalvezh', '187.207.175.76', '0000-00-00 00:00:00', '2014-02-04 16:11:03', 'Signed in' ), ( 614, 'anarayanasamy', '187.207.175.76', '0000-00-00 00:00:00', '2014-02-04 16:11:05', 'Signed in' ), ( 615, 'asgalvezh', '184.91.193.252', '0000-00-00 00:00:00', '2014-02-05 15:21:29', 'Signed in' ), ( 616, 'asgalvezh', '184.91.193.252', '0000-00-00 00:00:00', '2014-02-05 22:47:19', 'Signed in' ), ( 617, 'anarayanasamy', '187.207.175.76', '0000-00-00 00:00:00', '2014-02-05 22:54:29', 'Signed in' ), ( 618, 'anarayanasamy', '187.207.175.76', '0000-00-00 00:00:00', '2014-02-07 18:04:47', 'Signed in' ), ( 619, 'anarayanasamy', '187.191.6.173', '0000-00-00 00:00:00', '2014-02-12 20:33:13', 'Signed in' ), ( 620, 'anarayanasamy', '187.191.6.207', '0000-00-00 00:00:00', '2014-02-13 23:40:45', 'Signed in' ), ( 621, 'anarayanasamy', '189.203.218.32', '0000-00-00 00:00:00', '2014-02-27 22:20:45', 'Signed in' ), ( 622, 'anarayanasamy', '187.191.6.53', '0000-00-00 00:00:00', '2014-03-10 21:31:09', 'Signed in' ), ( 623, 'anarayanasamy', '201.151.108.33', '0000-00-00 00:00:00', '2014-03-17 23:15:28', 'Signed in' ), ( 624, 'ilgalvezh', '187.135.122.5', '0000-00-00 00:00:00', '2014-03-19 23:30:25', 'Signed in' ), ( 625, 'anarayanasamy', '189.203.218.244', '0000-00-00 00:00:00', '2014-03-21 21:16:25', 'Signed in' ), ( 626, 'ilgalvezh', '68.194.119.35', '0000-00-00 00:00:00', '2014-03-26 17:49:42', 'Signed in' ), ( 627, 'anarayanasamy', '201.151.108.33', '0000-00-00 00:00:00', '2014-03-26 17:52:15', 'Signed in' ), ( 628, 'anarayanasamy', '189.203.218.93', '0000-00-00 00:00:00', '2014-04-07 21:01:00', 'Signed in' ), ( 629, 'ilgalvezh', '68.194.119.35', '0000-00-00 00:00:00', '2014-04-08 14:30:22', 'Signed in' );
/*!40000 ALTER TABLE `vtiger_loginhistory` ENABLE KEYS */;
UNLOCK TABLES;

--
-- Table structure for table vtiger_mail_accounts
--

DROP TABLE IF EXISTS vtiger_mail_accounts;
SET @saved_cs_client = @@character_set_client;
SET character_set_client = utf8;
CREATE TABLE `vtiger_mail_accounts` (
  `account_id` int(11) NOT NULL,
  `user_id` int(11) NOT NULL,
  `display_name` varchar(50) DEFAULT NULL,
  `mail_id` varchar(50) DEFAULT NULL,
  `account_name` varchar(50) DEFAULT NULL,
  `mail_protocol` varchar(20) DEFAULT NULL,
  `mail_username` varchar(50) NOT NULL,
  `mail_password` varchar(250) NOT NULL,
  `mail_servername` varchar(50) DEFAULT NULL,
  `box_refresh` int(10) DEFAULT NULL,
  `mails_per_page` int(10) DEFAULT NULL,
  `ssltype` varchar(50) DEFAULT NULL,
  `sslmeth` varchar(50) DEFAULT NULL,
  `int_mailer` int(1) DEFAULT '0',
  `status` varchar(10) DEFAULT NULL,
  `set_default` int(2) DEFAULT NULL,
  PRIMARY KEY (`account_id`)
) ENGINE=InnoDB DEFAULT CHARSET=utf8;
SET character_set_client = @saved_cs_client;

--
-- Dumping data for table vtiger_mail_accounts
--

LOCK TABLES `vtiger_mail_accounts` WRITE;
/*!40000 ALTER TABLE `vtiger_mail_accounts` DISABLE KEYS */;
INSERT INTO vtiger_mail_accounts ( ACCOUNT_ID, USER_ID, DISPLAY_NAME, MAIL_ID, ACCOUNT_NAME, MAIL_PROTOCOL, MAIL_USERNAME, MAIL_PASSWORD, MAIL_SERVERNAME, BOX_REFRESH, MAILS_PER_PAGE, SSLTYPE, SSLMETH, INT_MAILER, STATUS, SET_DEFAULT ) VALUES ( 1, 5, 'ivan.galvez@sintesys.us', '', 'ivan.galvez@sintesys.us', 'IMAP4', 'ivan.galvez@sintesys.us', 'z87Oz87Pz87Pzs7Oz87Oz8_Ozs_Pz8_Oz87Oz87Ozs_Pz87Oz8_Pzs_Pzs7Pzs7Pz8_Ozs_Pz8_Pz87Oz8_Ozs_Ozs_Pzs7Oz87Oz8_Pz87Pzs7Pzs7Pz8_Ozs7Pzs7Pz87Oz8_Oz87Pzs7Ozs_Ozw..', 'mail.sintesys.us', 300000, 20, 'ssl', 'novalidate-cert', 0, '1', 0 ), ( 2, 6, 'kathy@sintesys.us', '', 'kathy@sintesys.us', 'IMAP4', 'kathy@sintesys.us', 'z87Oz87Pzs7Pzs7Pz8_Pzs_Ozs7Pzs_Pz87Oz87Pz8_Pzs7Ozs_Pzg..', 'mail.sintesys.us', 300000, 20, 'ssl', 'novalidate-cert', 0, '1', 0 );
/*!40000 ALTER TABLE `vtiger_mail_accounts` ENABLE KEYS */;
UNLOCK TABLES;

--
-- Table structure for table vtiger_mailmanager_mailattachments
--

DROP TABLE IF EXISTS vtiger_mailmanager_mailattachments;
SET @saved_cs_client = @@character_set_client;
SET character_set_client = utf8;
CREATE TABLE `vtiger_mailmanager_mailattachments` (
  `userid` int(11) DEFAULT NULL,
  `muid` int(11) DEFAULT NULL,
  `aname` varchar(100) DEFAULT NULL,
  `lastsavedtime` int(11) DEFAULT NULL,
  `attachid` int(19) NOT NULL,
  `path` varchar(200) NOT NULL,
  KEY `userid_muid_idx` (`userid`,`muid`)
) ENGINE=InnoDB DEFAULT CHARSET=utf8;
SET character_set_client = @saved_cs_client;

--
-- Dumping data for table vtiger_mailmanager_mailattachments
--

LOCK TABLES `vtiger_mailmanager_mailattachments` WRITE;
/*!40000 ALTER TABLE `vtiger_mailmanager_mailattachments` DISABLE KEYS */;

/*!40000 ALTER TABLE `vtiger_mailmanager_mailattachments` ENABLE KEYS */;
UNLOCK TABLES;

--
-- Table structure for table vtiger_mailmanager_mailrecord
--

DROP TABLE IF EXISTS vtiger_mailmanager_mailrecord;
SET @saved_cs_client = @@character_set_client;
SET character_set_client = utf8;
CREATE TABLE `vtiger_mailmanager_mailrecord` (
  `userid` int(11) DEFAULT NULL,
  `mfrom` varchar(255) DEFAULT NULL,
  `mto` varchar(255) DEFAULT NULL,
  `mcc` varchar(500) DEFAULT NULL,
  `mbcc` varchar(500) DEFAULT NULL,
  `mdate` varchar(20) DEFAULT NULL,
  `msubject` varchar(500) DEFAULT NULL,
  `mbody` text,
  `mcharset` varchar(10) DEFAULT NULL,
  `misbodyhtml` int(1) DEFAULT NULL,
  `mplainmessage` int(1) DEFAULT NULL,
  `mhtmlmessage` int(1) DEFAULT NULL,
  `muniqueid` varchar(500) DEFAULT NULL,
  `mbodyparsed` int(1) DEFAULT NULL,
  `muid` int(11) DEFAULT NULL,
  `lastsavedtime` int(11) DEFAULT NULL,
  KEY `userid_lastsavedtime_idx` (`userid`,`lastsavedtime`),
  KEY `userid_muid_idx` (`userid`,`muid`)
) ENGINE=InnoDB DEFAULT CHARSET=utf8;
SET character_set_client = @saved_cs_client;

--
-- Dumping data for table vtiger_mailmanager_mailrecord
--

LOCK TABLES `vtiger_mailmanager_mailrecord` WRITE;
/*!40000 ALTER TABLE `vtiger_mailmanager_mailrecord` DISABLE KEYS */;
INSERT INTO vtiger_mailmanager_mailrecord ( USERID, MFROM, MTO, MCC, MBCC, MDATE, MSUBJECT, MBODY, MCHARSET, MISBODYHTML, MPLAINMESSAGE, MHTMLMESSAGE, MUNIQUEID, MBODYPARSED, MUID, LASTSAVEDTIME ) VALUES ( 5, '[\"ivan.galvez@sintesys.us\"]', '[\"ivan.galvez@sintesys.us\"]', '[]', '[]', '1346364420', 'Test mail about the mail server configuration.', 'Dear ilgalvezh, <br><br><b> This is a test mail sent to confirm if a mail is actually being sent through the smtp server that you have configured. </b><br>Feel free to delete this mail.<br><br>Thanks  and  Regards,<br> Team vTiger <br><br><br><br>Ivan Galvez<br />\r\nivan.galvez@sintesys.us<br />\r\nwww.sintesys.us<br />\r\nM 203.400.9916\r\n\r\n\r\n<br><br>', 'utf-8', 1, 0, 0, '<90acd2a3567fd36c7fc0f31d4b3c7f78@184.154.167.98>', 1, 475, 1346365214 ), ( 6, '[\"geri@voxprofessionals.com\"]', '[\"ivan.galvez@sintesys.us\"]', '[\"Kathy@sintesys.us\"]', '[]', '1345598215', 'Re: White Paper', '<font face=\"trebuchet ms,sans-serif\"><br>Thanks for sharing Ivan!<br><br><br clear=\"all\"></font><div style=\"color:rgb(0,0,0);font-family:trebuchet ms,sans-serif;font-style:normal;font-variant:normal;font-weight:normal;letter-spacing:normal;line-height:normal;text-indent:0px;text-transform:none;white-space:normal;word-spacing:0px;font-size:small\">\r\n\r\nTo Your Success,</div><div style=\"color:rgb(0,0,0);font-family:trebuchet ms,sans-serif;font-style:normal;font-variant:normal;font-weight:normal;letter-spacing:normal;line-height:normal;text-indent:0px;text-transform:none;white-space:normal;word-spacing:0px;font-size:small\">\r\n\r\n<br></div><div style=\"color:rgb(0,0,0);font-family:trebuchet ms,sans-serif;font-style:normal;font-variant:normal;font-weight:normal;letter-spacing:normal;line-height:normal;text-indent:0px;text-transform:none;white-space:normal;word-spacing:0px;font-size:small\">\r\n\r\nGerald Garcia</div><div style=\"color:rgb(0,0,0);font-family:trebuchet ms,sans-serif;font-style:normal;font-variant:normal;font-weight:normal;letter-spacing:normal;line-height:normal;text-indent:0px;text-transform:none;white-space:normal;word-spacing:0px;font-size:small\">\r\n\r\nFreelance Inside Sales Specialist</div><div style=\"color:rgb(0,0,0);font-family:trebuchet ms,sans-serif;font-style:normal;font-variant:normal;font-weight:normal;letter-spacing:normal;line-height:normal;text-indent:0px;text-transform:none;white-space:normal;word-spacing:0px;font-size:small\">\r\n\r\nOutbound Cold Calling Service - Lead Generation and Appointment Setting</div><div style=\"color:rgb(0,0,0);font-family:trebuchet ms,sans-serif;font-style:normal;font-variant:normal;font-weight:normal;letter-spacing:normal;line-height:normal;text-indent:0px;text-transform:none;white-space:normal;word-spacing:0px;font-size:small\">\r\n\r\nOffice: (310)-438-7898</div><div style=\"color:rgb(0,0,0);font-family:trebuchet ms,sans-serif;font-style:normal;font-variant:normal;font-weight:normal;letter-spacing:normal;line-height:normal;text-indent:0px;text-transform:none;white-space:normal;word-spacing:0px;font-size:small\">\r\n\r\nEmail:<a href=\"mailto:geri@voxprofessionals.com\" target=\"_blank\">geri@voxprofessionals.com</a></div><div style=\"color:rgb(0,0,0);font-family:trebuchet ms,sans-serif;font-style:normal;font-variant:normal;font-weight:normal;letter-spacing:normal;line-height:normal;text-indent:0px;text-transform:none;white-space:normal;word-spacing:0px;font-size:small\">\r\n\r\n<br></div><div style=\"color:rgb(0,0,0);font-family:trebuchet ms,sans-serif;font-style:normal;font-variant:normal;font-weight:normal;letter-spacing:normal;line-height:normal;text-indent:0px;text-transform:none;white-space:normal;word-spacing:0px;font-size:small\">\r\n\r\n<div>--</div><div><br></div><div>This message contains confidential information and is intended only for the recipient. If you are not the intended recipient, you should not disseminate, distribute or copy this e-mail. If you have received this e-mail by mistake delete this e-mail from your system. E-mail transmission cannot be guaranteed to be secure or error-free as information could be intercepted, corrupted, lost, destroyed, arrive late or incomplete, or contain viruses. The sender therefore does not accept liability for any errors or omissions in the contents of this message, which arise as a result of e-mail transmission.</div>\r\n\r\n</div><br style=\"font-family:trebuchet ms,sans-serif\"><br>\r\n<br><br><div class=\"gmail_quote\">On Tue, Aug 21, 2012 at 5:57 PM, Galvez, Ivan (Sintesys) <span dir=\"ltr\">&lt;<a href=\"mailto:ivan.galvez@sintesys.us\" target=\"_blank\">ivan.galvez@sintesys.us</a>&gt;</span> wrote:<br><blockquote class=\"gmail_quote\" style=\"margin:0 0 0 .8ex;border-left:1px #ccc solid;padding-left:1ex\">\r\n\r\n<div link=\"blue\" vlink=\"purple\" lang=\"EN-US\"><div><p class=\"MsoNormal\">Geri / Kathy,<u></u><u></u></p><p class=\"MsoNormal\"><u></u><u></u></p><p class=\"MsoNormal\">Here is a white paper on one of the projects we performed for a customer. I hope it helps you understand better some of the things we do.<u></u><u></u></p>\r\n\r\n<p class=\"MsoNormal\"><u></u><u></u></p><p class=\"MsoNormal\">Ivan<u></u><u></u></p><p class=\"MsoNormal\"><u></u><u></u></p><p class=\"MsoNormal\"><u></u><u></u></p><p class=\"MsoNormal\"><u></u><u></u></p><p class=\"MsoNormal\">\r\n\r\n<span lang=\"ES-MX\">Ivan Galvez<u></u><u></u></span></p><p class=\"MsoNormal\"><span lang=\"ES-MX\"><a href=\"mailto:Ivan.galvez@sintesys.us\" target=\"_blank\"><span style=\"color:blue\">Ivan.galvez@sintesys.us</span></a><u></u><u></u></span></p>\r\n\r\n<p class=\"MsoNormal\"><a href=\"http://www.sintesys.us\" target=\"_blank\"><span style=\"color:blue\">www.sintesys.us</span></a><u></u><u></u></p><p class=\"MsoNormal\">M <a href=\"tel:203%20400%209916\" value=\"+12034009916\" target=\"_blank\">203 400 9916</a><u></u><u></u></p>\r\n\r\n<p class=\"MsoNormal\"><u></u><u></u></p><p class=\"MsoNormal\">Twitter: ilgalvezh<u></u><u></u></p><p class=\"MsoNormal\"><span lang=\"ES-MX\">Skype: ilgalvezh</span><span lang=\"ES-MX\"><u></u><u></u></span></p><p class=\"MsoNormal\">\r\n\r\n<u></u><u></u></p></div></div></blockquote></div><br>\r\n<br><br>', 'iso-8859-1', 1, 0, 0, '<CAFp5rfC0+hmia+M5ndFt+oaZ1MYrrAcJdJeQP3iqZe9+j8-yng@mail.gmail.com>', 1, 5, 1346367098 ), ( 6, '[\"ivan.galvez@sintesys.us\"]', '[\"kathy@sintesys.us\"]', '[]', '[]', '1346367006', 'User Login Details', 'Dear Chen,<br><br>Please Click <a href=\'http://sintesys.us/vtiger\' target=\'_blank\'>here</a> to Login<br><br>User Name : Kathy<br>Password : Kathy<br>Role Name : Sales Man<br><br>Thanks,<br>ilgalvezh\r\n\r\n\r\n<br><br>', 'utf-8', 1, 0, 0, '<6d255a5603fe5e3801826d82b5e5b450@184.154.167.98>', 1, 6, 1346367134 );
/*!40000 ALTER TABLE `vtiger_mailmanager_mailrecord` ENABLE KEYS */;
UNLOCK TABLES;

--
-- Table structure for table vtiger_mailmanager_mailrel
--

DROP TABLE IF EXISTS vtiger_mailmanager_mailrel;
SET @saved_cs_client = @@character_set_client;
SET character_set_client = utf8;
CREATE TABLE `vtiger_mailmanager_mailrel` (
  `mailuid` varchar(999) DEFAULT NULL,
  `crmid` int(11) DEFAULT NULL,
  `emailid` int(11) DEFAULT NULL
) ENGINE=InnoDB DEFAULT CHARSET=utf8;
SET character_set_client = @saved_cs_client;

--
-- Dumping data for table vtiger_mailmanager_mailrel
--

LOCK TABLES `vtiger_mailmanager_mailrel` WRITE;
/*!40000 ALTER TABLE `vtiger_mailmanager_mailrel` DISABLE KEYS */;

/*!40000 ALTER TABLE `vtiger_mailmanager_mailrel` ENABLE KEYS */;
UNLOCK TABLES;

--
-- Table structure for table vtiger_mailscanner
--

DROP TABLE IF EXISTS vtiger_mailscanner;
SET @saved_cs_client = @@character_set_client;
SET character_set_client = utf8;
CREATE TABLE `vtiger_mailscanner` (
  `scannerid` int(11) NOT NULL AUTO_INCREMENT,
  `scannername` varchar(30) DEFAULT NULL,
  `server` varchar(100) DEFAULT NULL,
  `protocol` varchar(10) DEFAULT NULL,
  `username` varchar(255) DEFAULT NULL,
  `password` varchar(255) DEFAULT NULL,
  `ssltype` varchar(10) DEFAULT NULL,
  `sslmethod` varchar(30) DEFAULT NULL,
  `connecturl` varchar(255) DEFAULT NULL,
  `searchfor` varchar(10) DEFAULT NULL,
  `markas` varchar(10) DEFAULT NULL,
  `isvalid` int(1) DEFAULT NULL,
  PRIMARY KEY (`scannerid`)
) ENGINE=InnoDB DEFAULT CHARSET=utf8;
SET character_set_client = @saved_cs_client;

--
-- Dumping data for table vtiger_mailscanner
--

LOCK TABLES `vtiger_mailscanner` WRITE;
/*!40000 ALTER TABLE `vtiger_mailscanner` DISABLE KEYS */;

/*!40000 ALTER TABLE `vtiger_mailscanner` ENABLE KEYS */;
UNLOCK TABLES;

--
-- Table structure for table vtiger_mailscanner_actions
--

DROP TABLE IF EXISTS vtiger_mailscanner_actions;
SET @saved_cs_client = @@character_set_client;
SET character_set_client = utf8;
CREATE TABLE `vtiger_mailscanner_actions` (
  `actionid` int(11) NOT NULL AUTO_INCREMENT,
  `scannerid` int(11) DEFAULT NULL,
  `actiontype` varchar(10) DEFAULT NULL,
  `module` varchar(30) DEFAULT NULL,
  `lookup` varchar(30) DEFAULT NULL,
  `sequence` int(11) DEFAULT NULL,
  PRIMARY KEY (`actionid`)
) ENGINE=InnoDB DEFAULT CHARSET=utf8;
SET character_set_client = @saved_cs_client;

--
-- Dumping data for table vtiger_mailscanner_actions
--

LOCK TABLES `vtiger_mailscanner_actions` WRITE;
/*!40000 ALTER TABLE `vtiger_mailscanner_actions` DISABLE KEYS */;

/*!40000 ALTER TABLE `vtiger_mailscanner_actions` ENABLE KEYS */;
UNLOCK TABLES;

--
-- Table structure for table vtiger_mailscanner_folders
--

DROP TABLE IF EXISTS vtiger_mailscanner_folders;
SET @saved_cs_client = @@character_set_client;
SET character_set_client = utf8;
CREATE TABLE `vtiger_mailscanner_folders` (
  `folderid` int(11) NOT NULL AUTO_INCREMENT,
  `scannerid` int(11) DEFAULT NULL,
  `foldername` varchar(255) DEFAULT NULL,
  `lastscan` varchar(30) DEFAULT NULL,
  `rescan` int(1) DEFAULT NULL,
  `enabled` int(1) DEFAULT NULL,
  PRIMARY KEY (`folderid`)
) ENGINE=InnoDB DEFAULT CHARSET=utf8;
SET character_set_client = @saved_cs_client;

--
-- Dumping data for table vtiger_mailscanner_folders
--

LOCK TABLES `vtiger_mailscanner_folders` WRITE;
/*!40000 ALTER TABLE `vtiger_mailscanner_folders` DISABLE KEYS */;

/*!40000 ALTER TABLE `vtiger_mailscanner_folders` ENABLE KEYS */;
UNLOCK TABLES;

--
-- Table structure for table vtiger_mailscanner_ids
--

DROP TABLE IF EXISTS vtiger_mailscanner_ids;
SET @saved_cs_client = @@character_set_client;
SET character_set_client = utf8;
CREATE TABLE `vtiger_mailscanner_ids` (
  `scannerid` int(11) DEFAULT NULL,
  `messageid` text,
  `crmid` int(11) DEFAULT NULL
) ENGINE=InnoDB DEFAULT CHARSET=utf8;
SET character_set_client = @saved_cs_client;

--
-- Dumping data for table vtiger_mailscanner_ids
--

LOCK TABLES `vtiger_mailscanner_ids` WRITE;
/*!40000 ALTER TABLE `vtiger_mailscanner_ids` DISABLE KEYS */;

/*!40000 ALTER TABLE `vtiger_mailscanner_ids` ENABLE KEYS */;
UNLOCK TABLES;

--
-- Table structure for table vtiger_mailscanner_ruleactions
--

DROP TABLE IF EXISTS vtiger_mailscanner_ruleactions;
SET @saved_cs_client = @@character_set_client;
SET character_set_client = utf8;
CREATE TABLE `vtiger_mailscanner_ruleactions` (
  `ruleid` int(11) DEFAULT NULL,
  `actionid` int(11) DEFAULT NULL
) ENGINE=InnoDB DEFAULT CHARSET=utf8;
SET character_set_client = @saved_cs_client;

--
-- Dumping data for table vtiger_mailscanner_ruleactions
--

LOCK TABLES `vtiger_mailscanner_ruleactions` WRITE;
/*!40000 ALTER TABLE `vtiger_mailscanner_ruleactions` DISABLE KEYS */;

/*!40000 ALTER TABLE `vtiger_mailscanner_ruleactions` ENABLE KEYS */;
UNLOCK TABLES;

--
-- Table structure for table vtiger_mailscanner_rules
--

DROP TABLE IF EXISTS vtiger_mailscanner_rules;
SET @saved_cs_client = @@character_set_client;
SET character_set_client = utf8;
CREATE TABLE `vtiger_mailscanner_rules` (
  `ruleid` int(11) NOT NULL AUTO_INCREMENT,
  `scannerid` int(11) DEFAULT NULL,
  `fromaddress` varchar(255) DEFAULT NULL,
  `toaddress` varchar(255) DEFAULT NULL,
  `subjectop` varchar(20) DEFAULT NULL,
  `subject` varchar(255) DEFAULT NULL,
  `bodyop` varchar(20) DEFAULT NULL,
  `body` varchar(255) DEFAULT NULL,
  `matchusing` varchar(5) DEFAULT NULL,
  `sequence` int(11) DEFAULT NULL,
  PRIMARY KEY (`ruleid`)
) ENGINE=InnoDB DEFAULT CHARSET=utf8;
SET character_set_client = @saved_cs_client;

--
-- Dumping data for table vtiger_mailscanner_rules
--

LOCK TABLES `vtiger_mailscanner_rules` WRITE;
/*!40000 ALTER TABLE `vtiger_mailscanner_rules` DISABLE KEYS */;

/*!40000 ALTER TABLE `vtiger_mailscanner_rules` ENABLE KEYS */;
UNLOCK TABLES;

--
-- Table structure for table vtiger_manufacturer
--

DROP TABLE IF EXISTS vtiger_manufacturer;
SET @saved_cs_client = @@character_set_client;
SET character_set_client = utf8;
CREATE TABLE `vtiger_manufacturer` (
  `manufacturerid` int(19) NOT NULL AUTO_INCREMENT,
  `manufacturer` varchar(200) NOT NULL,
  `presence` int(1) NOT NULL DEFAULT '1',
  `picklist_valueid` int(19) NOT NULL DEFAULT '0',
  PRIMARY KEY (`manufacturerid`),
  UNIQUE KEY `manufacturer_manufacturer_idx` (`manufacturer`)
) ENGINE=InnoDB AUTO_INCREMENT=5 DEFAULT CHARSET=utf8;
SET character_set_client = @saved_cs_client;

--
-- Dumping data for table vtiger_manufacturer
--

LOCK TABLES `vtiger_manufacturer` WRITE;
/*!40000 ALTER TABLE `vtiger_manufacturer` DISABLE KEYS */;
INSERT INTO vtiger_manufacturer ( MANUFACTURERID, MANUFACTURER, PRESENCE, PICKLIST_VALUEID ) VALUES ( 1, '--None--', 1, 123 ), ( 2, 'AltvetPet Inc.', 1, 124 ), ( 3, 'LexPon Inc.', 1, 125 ), ( 4, 'MetBeat Corp', 1, 126 );
/*!40000 ALTER TABLE `vtiger_manufacturer` ENABLE KEYS */;
UNLOCK TABLES;

--
-- Table structure for table vtiger_manufacturer_seq
--

DROP TABLE IF EXISTS vtiger_manufacturer_seq;
SET @saved_cs_client = @@character_set_client;
SET character_set_client = utf8;
CREATE TABLE `vtiger_manufacturer_seq` (
  `id` int(11) NOT NULL
) ENGINE=MyISAM DEFAULT CHARSET=utf8;
SET character_set_client = @saved_cs_client;

--
-- Dumping data for table vtiger_manufacturer_seq
--

LOCK TABLES `vtiger_manufacturer_seq` WRITE;
/*!40000 ALTER TABLE `vtiger_manufacturer_seq` DISABLE KEYS */;
INSERT INTO vtiger_manufacturer_seq ( ID ) VALUES ( 4 );
/*!40000 ALTER TABLE `vtiger_manufacturer_seq` ENABLE KEYS */;
UNLOCK TABLES;

--
-- Table structure for table vtiger_mobile_alerts
--

DROP TABLE IF EXISTS vtiger_mobile_alerts;
SET @saved_cs_client = @@character_set_client;
SET character_set_client = utf8;
CREATE TABLE `vtiger_mobile_alerts` (
  `id` int(11) NOT NULL AUTO_INCREMENT,
  `handler_path` varchar(500) DEFAULT NULL,
  `handler_class` varchar(50) DEFAULT NULL,
  `sequence` int(11) DEFAULT NULL,
  `deleted` int(11) NOT NULL DEFAULT '0',
  PRIMARY KEY (`id`)
) ENGINE=InnoDB AUTO_INCREMENT=19 DEFAULT CHARSET=utf8;
SET character_set_client = @saved_cs_client;

--
-- Dumping data for table vtiger_mobile_alerts
--

LOCK TABLES `vtiger_mobile_alerts` WRITE;
/*!40000 ALTER TABLE `vtiger_mobile_alerts` DISABLE KEYS */;
INSERT INTO vtiger_mobile_alerts ( ID, HANDLER_PATH, HANDLER_CLASS, SEQUENCE, DELETED ) VALUES ( 12, 'modules/Mobile/api/ws/models/alerts/IdleTicketsOfMine.php', 'Mobile_WS_AlertModel_IdleTicketsOfMine', 0, 0 ), ( 13, 'modules/Mobile/api/ws/models/alerts/NewTicketOfMine.php', 'Mobile_WS_AlertModel_NewTicketOfMine', 0, 0 ), ( 14, 'modules/Mobile/api/ws/models/alerts/PendingTicketsOfMine.php', 'Mobile_WS_AlertModel_PendingTicketsOfMine', 0, 0 ), ( 15, 'modules/Mobile/api/ws/models/alerts/PotentialsDueIn5Days.php', 'Mobile_WS_AlertModel_PotentialsDueIn5Days', 0, 0 ), ( 16, 'modules/Mobile/api/ws/models/alerts/EventsOfMineToday.php', 'Mobile_WS_AlertModel_EventsOfMineToday', 0, 0 ), ( 17, 'modules/Mobile/api/ws/models/alerts/ProjectTasksOfMine.php', 'Mobile_WS_AlertModel_ProjectTasksOfMine', 0, 0 ), ( 18, 'modules/Mobile/api/ws/models/alerts/Projects.php', 'Mobile_WS_AlertModel_Projects', 0, 0 );
/*!40000 ALTER TABLE `vtiger_mobile_alerts` ENABLE KEYS */;
UNLOCK TABLES;

--
-- Table structure for table vtiger_modcomments
--

DROP TABLE IF EXISTS vtiger_modcomments;
SET @saved_cs_client = @@character_set_client;
SET character_set_client = utf8;
CREATE TABLE `vtiger_modcomments` (
  `modcommentsid` int(11) DEFAULT NULL,
  `commentcontent` text,
  `related_to` varchar(100) NOT NULL,
  `parent_comments` varchar(100) DEFAULT NULL
) ENGINE=InnoDB DEFAULT CHARSET=utf8;
SET character_set_client = @saved_cs_client;

--
-- Dumping data for table vtiger_modcomments
--

LOCK TABLES `vtiger_modcomments` WRITE;
/*!40000 ALTER TABLE `vtiger_modcomments` DISABLE KEYS */;
INSERT INTO vtiger_modcomments ( MODCOMMENTSID, COMMENTCONTENT, RELATED_TO, PARENT_COMMENTS ) VALUES ( 25, 'Waiting for the inteview on the week of November 26th', '24', '' ), ( 26, 'Just another update', '24', '' ), ( 28, 'We have sent the resume of Priya but was rejected, ad well as Ektas.  Se went Varuns resume but we had communication issues with the GC. Need to reschedule interview.', '27', '' ), ( 40, 'Ivan - I interviewed Hemanti and she did very well in the interview. I will promote her with Doyensys.', '37', '' ), ( 112, 'A new temporary SOW for 15 day was sent to Netex on 01/14/2013  (service valid until Jan 31st 2013)', '111', '' ), ( 118, 'Sent her the format and she will send updated resume...', '117', '' ), ( 130, 'Has been interviewed for TranSigma. Good candidate. He expects 30,000 bu Honorarios. Asked to provide resume.', '129', '' ), ( 132, 'We did an offer for 60K net plus flight twice a month plus reloc expenses bud declined.\n\nHe needs full travel and living expenses plus the 60K.', '131', '' ), ( 133, 'Ekta isproposed but probably that will be lost as too much time has elapsed\nMilind has been sent for Interview\n\nThere are also a few positions available for Nasdaq', '14', '' ), ( 134, 'The requirement got changed for a US Citizen that is IDM. We got the resume of Walker Rowe but he is not available, only in Chile or Mexico. He is a US Citizen.', '106', '' ), ( 135, 'The opportunity got cold and LNT is no longer pursuing', '107', '' ), ( 136, 'Still waiting for the response on Panasia... they are no longer responding emails...', '109', '' ), ( 137, 'We sent 2 resumes, have not gheard back from Transigma. need to Follow up.', '114', '' ), ( 139, 'His expectations are 45,000 MXP Net. And not willing to go to the US for more than 4 months, unless a salary of 8,000 after taxes is provided,', '138', '' ), ( 147, 'We have sent: \n \nDaron - Didnt respond\nJoseph - Lacked Spring\nVarun - Not interested in the position\nMilind - Rejected\nRachit - Screen reject. No feedback.\nSatya - Made it on the second round but she is on hold after second interview\nEkta - Need to talk to her.\nDavid Lemus - In progress\n', '146', '' ), ( 148, 'Sent to 2 vendors that are working on this.', '146', '' ), ( 150, 'We have sent Ajay Upadhyay. They will do the interview after 24th of February.\n\nWe have a second caididate but will not be officialy sent. Pankaj Kaul', '149', '' ), ( 152, 'Iker and Francisco were rejected. Iker has too much experience.', '151', '' ), ( 157, 'rate 80/hr', '156', '' ), ( 160, 'We have submitted the following resumes\n1) Mr. Hiren Kumar - Interview pending\n2) Ms. Ayde Soto - Screening Pending from Mahindra\n3) Mr. Juan Manuel - Screening pending from Mahindra\n4) Mr. Sergio - Screening pending from Mahindra\n', '159', '' ), ( 162, 'Working with Mr. Sarang on the full time requirement.', '161', '' ), ( 169, 'Confirmado para cita 22 de Febrero a las 9 AM EST', '142', '' ), ( 170, 'Sent an email to Saikron asking about the status of Juan. ', '109', '' ), ( 174, 'Reply from Sai...\n\nHi Ivan,\n\nThat position has not moved forward for all our followup. That said, I keep getting IDAM positions from that group so I am trying to see if we can fit Juan into one of the upcoming positions\n\nI will keep you posted. \n\nRegards\n\nSai\n', '109', '' ), ( 183, 'resume has been uploaded in taleo', '180', '' ), ( 190, 'Proficient in PP and VC. Not proficient in APO. He wants 400 USD/day. Has been sent at a rate of 73 USD/hr. He provides invoice.', '187', '' ), ( 347, 'We have posted in linkedin, facebook and some networking.', '346', '' ), ( 351, 'Varun have been put on hold for future requirements. He is a SAS Admin candidate, which is niche in the market.', '348', '' ), ( 449, 'we provided the resume of Erwin Cortez. Birla is asking for a rate of 50 USD/hr. We sent an email to Erqin trying to Negotiate.', '448', '' ), ( 451, 'We have submitted Juan Sarro for contracting position and also Sergio Paniagua. Sergio didnt make it. Juan is still pending because HExaware Mexico did not like his attitude or something, however this is the only option they currently have.', '450', '' ), ( 456, 'We currently have Sergio Paniagua, waiting for an interview still. This is a full time position.', '149', '' ), ( 457, 'We have submitted Sergio Paniagua.', '151', '' ), ( 458, 'We have Ajay, Oscar and Patricia for this requirement.', '427', '' ), ( 461, 'We have sent:\n\nPaul (rejected because he was already there)\n\nGagandeep Singh, and\nJaganMohan', '460', '' ), ( 463, 'We have sent also jaganmohan for this requirement.', '462', '' ), ( 469, 'I submitted the resume of Pavan Kumar to Bill. We will speak tomorrow morning.', '446', '' ), ( 470, 'Sent linkedin inmail to VijayaRaju K., Pradeep R.\nWaiting for answer', '468', '' ), ( 472, 'Currently we are executing interview for Raj Kakathi and Percy with hexaware...', '471', '' ), ( 477, 'Hast 2 years of experience in total in Ab initio, He has been working in support for the last year.\n\nHe is a very senior BI resource, and he thinks he can do great in Ab Initio.\n\nAvailable in 3 to 4 weeks.', '475', '' ), ( 478, 'Submitted Mr. Chandrakanth B for this requirement. Waiting for the Interview schedule.', '466', '' ), ( 479, 'he has interview scheduled with the customer .....', '475', '' ), ( 480, 'I sent a sample of the letter of intent to see if he is interested in joining for the position.', '476', '' ), ( 486, 'Envi el CV de Pedro Castellanos.', '460', '' ), ( 488, 'Submitted two candidate:\n\nGuillermo Ruy Huerta Barbosa : resume sent to Mr. Rajesh \nSalil Deshpande : Interviewed by MAhindra panel members today. Waiting for the feedback.', '487', '' ), ( 494, 'We have sent 3 resumes:\n- Pedro Castellanos\n- Jose Corona\n- Eduardo Garcia', '473', '' ), ( 496, 'We have submitted his resume to LNT but has not yet been interviewed....', '495', '' ), ( 564, 'His son got sick and cannot travel anymore....', '474', '' ), ( 571, 'Very very strong in Windows driver development... Workes with all the required technologies.\n\nCurrently has a company with other consultants...\n\nFull Time - Seeking 165K \n\nContracting - 165/hr - depends on the type of works.. \n\n------------------------------\n', '468', '' ), ( 576, 'Paula has 5+ years of experience in Siebel, in different roles, starting with Data Migration, continuing with development and configuration. She also is an Oracle expert. She has Canadian work permit and her expectations are 80K.... Athi will interview her in order to validate the english.', '575', '' ), ( 668, 'He expects 75K and is looking for an opportunity in the US', '667', '' ), ( 695, 'We have proposed Ricardo, Arturo, Alejandro Samaniego and Moshfiq', '694', '' ), ( 696, 'We sent all information 7/16 we are waiting to hear from them...', '694', '' ), ( 699, 'Submitted Kasandra and Arturo', '698', '' ), ( 700, 'We have submitted 2 resumes. They were on a higher rate. They called Vimal on the first round and within 2 weeks we should have the next one.', '641', '' ), ( 702, 'We have submitted 2 candidates. They are looking for ODI Architect.', '601', '' ), ( 703, 'Sent an email to Odin to ask for recommendations', '601', '' ), ( 708, 'We have submitted Marge Flores.... no updates as of now...', '602', '' ), ( 709, 'We have submitted all candidates....\n\nArturo and Alejandro continued the process.... \n\nFirst option Alejandro second Arturo.', '692', '' ), ( 710, 'Arturo - 80\nAlejandro - 70', '692', '' ), ( 711, 'Correcting... Arturo - 75 / Arturo 70', '692', '' ), ( 712, 'Arturos profile is going well... This is going smoothly....', '694', '' ), ( 713, 'Alejandro and Moshfiq are still moving on...', '694', '' ), ( 714, 'Arturo 85 / Alejandro 70 / Moshfiq 80', '694', '' ), ( 715, 'Ricardo Rejected\n', '692', '' ), ( 728, 'Client didnt process Mr. Arturo and Mr. Alejandro resume', '692', '' ), ( 766, 'We have send Monica Gomez, and she will take the second round of interview.', '765', '' ), ( 798, 'Contact hoy a Alejandro Arellano para preguntar sobre el trmite de la visa.  Comet que lo iba a pensar y me dara una respuesta hoy por la tarde debido a que ya no me haba contctado con l.  ', '404', '' ), ( 801, 'We have sent Kinich. TCS is evaluating... They will likely not do C2C but un process of negotiation.', '800', '' );
/*!40000 ALTER TABLE `vtiger_modcomments` ENABLE KEYS */;
UNLOCK TABLES;

--
-- Table structure for table vtiger_modcommentscf
--

DROP TABLE IF EXISTS vtiger_modcommentscf;
SET @saved_cs_client = @@character_set_client;
SET character_set_client = utf8;
CREATE TABLE `vtiger_modcommentscf` (
  `modcommentsid` int(11) NOT NULL,
  PRIMARY KEY (`modcommentsid`)
) ENGINE=InnoDB DEFAULT CHARSET=utf8;
SET character_set_client = @saved_cs_client;

--
-- Dumping data for table vtiger_modcommentscf
--

LOCK TABLES `vtiger_modcommentscf` WRITE;
/*!40000 ALTER TABLE `vtiger_modcommentscf` DISABLE KEYS */;
INSERT INTO vtiger_modcommentscf ( MODCOMMENTSID ) VALUES ( 25 ), ( 26 ), ( 28 ), ( 40 ), ( 112 ), ( 118 ), ( 130 ), ( 132 ), ( 133 ), ( 134 ), ( 135 ), ( 136 ), ( 137 ), ( 139 ), ( 147 ), ( 148 ), ( 150 ), ( 152 ), ( 157 ), ( 160 ), ( 162 ), ( 169 ), ( 170 ), ( 174 ), ( 183 ), ( 190 ), ( 347 ), ( 351 ), ( 449 ), ( 451 ), ( 456 ), ( 457 ), ( 458 ), ( 461 ), ( 463 ), ( 469 ), ( 470 ), ( 472 ), ( 477 ), ( 478 ), ( 479 ), ( 480 ), ( 486 ), ( 488 ), ( 494 ), ( 496 ), ( 564 ), ( 571 ), ( 576 ), ( 668 ), ( 695 ), ( 696 ), ( 699 ), ( 700 ), ( 702 ), ( 703 ), ( 708 ), ( 709 ), ( 710 ), ( 711 ), ( 712 ), ( 713 ), ( 714 ), ( 715 ), ( 728 ), ( 766 ), ( 798 ), ( 801 );
/*!40000 ALTER TABLE `vtiger_modcommentscf` ENABLE KEYS */;
UNLOCK TABLES;

--
-- Table structure for table vtiger_modentity_num
--

DROP TABLE IF EXISTS vtiger_modentity_num;
SET @saved_cs_client = @@character_set_client;
SET character_set_client = utf8;
CREATE TABLE `vtiger_modentity_num` (
  `num_id` int(19) NOT NULL,
  `semodule` varchar(50) NOT NULL,
  `prefix` varchar(50) NOT NULL DEFAULT '',
  `start_id` varchar(50) NOT NULL,
  `cur_id` varchar(50) NOT NULL,
  `active` varchar(2) NOT NULL,
  PRIMARY KEY (`num_id`),
  UNIQUE KEY `num_idx` (`num_id`),
  KEY `semodule_active_idx` (`semodule`,`active`)
) ENGINE=InnoDB DEFAULT CHARSET=utf8;
SET character_set_client = @saved_cs_client;

--
-- Dumping data for table vtiger_modentity_num
--

LOCK TABLES `vtiger_modentity_num` WRITE;
/*!40000 ALTER TABLE `vtiger_modentity_num` DISABLE KEYS */;
INSERT INTO vtiger_modentity_num ( NUM_ID, SEMODULE, PREFIX, START_ID, CUR_ID, ACTIVE ) VALUES ( 1, 'Leads', 'LEA', '1', '2', '1' ), ( 2, 'Accounts', 'ACC', '1', '79', '1' ), ( 3, 'Campaigns', 'CAM', '1', '2', '1' ), ( 4, 'Contacts', 'CON', '1', '261', '1' ), ( 5, 'Potentials', 'POT', '1', '94', '1' ), ( 6, 'HelpDesk', 'TT', '1', '1', '1' ), ( 7, 'Quotes', 'QUO', '1', '1', '1' ), ( 8, 'SalesOrder', 'SO', '1', '1', '1' ), ( 9, 'PurchaseOrder', 'PO', '1', '1', '1' ), ( 10, 'Invoice', 'INV', '1', '1', '1' ), ( 11, 'Products', 'PRO', '1', '1', '1' ), ( 12, 'Vendors', 'VEN', '1', '1', '1' ), ( 13, 'PriceBooks', 'PB', '1', '1', '1' ), ( 14, 'Faq', 'FAQ', '1', '1', '1' ), ( 15, 'Documents', 'DOC', '1', '134', '1' ), ( 16, 'ServiceContracts', 'SERCON', '1', '2', '1' ), ( 17, 'Services', 'SER', '1', '1', '1' ), ( 18, 'ProjectTask', 'TSK', '1', '8', '1' );
/*!40000 ALTER TABLE `vtiger_modentity_num` ENABLE KEYS */;
UNLOCK TABLES;

--
-- Table structure for table vtiger_modentity_num_seq
--

DROP TABLE IF EXISTS vtiger_modentity_num_seq;
SET @saved_cs_client = @@character_set_client;
SET character_set_client = utf8;
CREATE TABLE `vtiger_modentity_num_seq` (
  `id` int(11) NOT NULL
) ENGINE=MyISAM DEFAULT CHARSET=utf8;
SET character_set_client = @saved_cs_client;

--
-- Dumping data for table vtiger_modentity_num_seq
--

LOCK TABLES `vtiger_modentity_num_seq` WRITE;
/*!40000 ALTER TABLE `vtiger_modentity_num_seq` DISABLE KEYS */;
INSERT INTO vtiger_modentity_num_seq ( ID ) VALUES ( 18 );
/*!40000 ALTER TABLE `vtiger_modentity_num_seq` ENABLE KEYS */;
UNLOCK TABLES;

--
-- Table structure for table vtiger_modtracker_basic
--

DROP TABLE IF EXISTS vtiger_modtracker_basic;
SET @saved_cs_client = @@character_set_client;
SET character_set_client = utf8;
CREATE TABLE `vtiger_modtracker_basic` (
  `id` int(20) NOT NULL,
  `crmid` int(20) DEFAULT NULL,
  `module` varchar(50) DEFAULT NULL,
  `whodid` int(20) DEFAULT NULL,
  `changedon` datetime DEFAULT NULL,
  `status` int(1) DEFAULT '0',
  PRIMARY KEY (`id`)
) ENGINE=InnoDB DEFAULT CHARSET=utf8;
SET character_set_client = @saved_cs_client;

--
-- Dumping data for table vtiger_modtracker_basic
--

LOCK TABLES `vtiger_modtracker_basic` WRITE;
/*!40000 ALTER TABLE `vtiger_modtracker_basic` DISABLE KEYS */;

/*!40000 ALTER TABLE `vtiger_modtracker_basic` ENABLE KEYS */;
UNLOCK TABLES;

--
-- Table structure for table vtiger_modtracker_detail
--

DROP TABLE IF EXISTS vtiger_modtracker_detail;
SET @saved_cs_client = @@character_set_client;
SET character_set_client = utf8;
CREATE TABLE `vtiger_modtracker_detail` (
  `id` int(11) DEFAULT NULL,
  `fieldname` varchar(100) DEFAULT NULL,
  `prevalue` text,
  `postvalue` text
) ENGINE=InnoDB DEFAULT CHARSET=utf8;
SET character_set_client = @saved_cs_client;

--
-- Dumping data for table vtiger_modtracker_detail
--

LOCK TABLES `vtiger_modtracker_detail` WRITE;
/*!40000 ALTER TABLE `vtiger_modtracker_detail` DISABLE KEYS */;

/*!40000 ALTER TABLE `vtiger_modtracker_detail` ENABLE KEYS */;
UNLOCK TABLES;

--
-- Table structure for table vtiger_modtracker_tabs
--

DROP TABLE IF EXISTS vtiger_modtracker_tabs;
SET @saved_cs_client = @@character_set_client;
SET character_set_client = utf8;
CREATE TABLE `vtiger_modtracker_tabs` (
  `tabid` int(11) NOT NULL,
  `visible` int(11) DEFAULT '0',
  PRIMARY KEY (`tabid`)
) ENGINE=InnoDB DEFAULT CHARSET=utf8;
SET character_set_client = @saved_cs_client;

--
-- Dumping data for table vtiger_modtracker_tabs
--

LOCK TABLES `vtiger_modtracker_tabs` WRITE;
/*!40000 ALTER TABLE `vtiger_modtracker_tabs` DISABLE KEYS */;

/*!40000 ALTER TABLE `vtiger_modtracker_tabs` ENABLE KEYS */;
UNLOCK TABLES;

--
-- Table structure for table vtiger_notebook_contents
--

DROP TABLE IF EXISTS vtiger_notebook_contents;
SET @saved_cs_client = @@character_set_client;
SET character_set_client = utf8;
CREATE TABLE `vtiger_notebook_contents` (
  `userid` int(19) NOT NULL,
  `notebookid` int(19) NOT NULL,
  `contents` text
) ENGINE=InnoDB DEFAULT CHARSET=utf8;
SET character_set_client = @saved_cs_client;

--
-- Dumping data for table vtiger_notebook_contents
--

LOCK TABLES `vtiger_notebook_contents` WRITE;
/*!40000 ALTER TABLE `vtiger_notebook_contents` DISABLE KEYS */;

/*!40000 ALTER TABLE `vtiger_notebook_contents` ENABLE KEYS */;
UNLOCK TABLES;

--
-- Table structure for table vtiger_notes
--

DROP TABLE IF EXISTS vtiger_notes;
SET @saved_cs_client = @@character_set_client;
SET character_set_client = utf8;
CREATE TABLE `vtiger_notes` (
  `notesid` int(19) NOT NULL DEFAULT '0',
  `note_no` varchar(100) NOT NULL,
  `title` varchar(50) NOT NULL,
  `filename` varchar(200) DEFAULT NULL,
  `notecontent` text,
  `folderid` int(19) NOT NULL DEFAULT '1',
  `filetype` varchar(50) DEFAULT NULL,
  `filelocationtype` varchar(5) DEFAULT NULL,
  `filedownloadcount` int(19) DEFAULT NULL,
  `filestatus` int(19) DEFAULT NULL,
  `filesize` int(19) NOT NULL DEFAULT '0',
  `fileversion` varchar(50) DEFAULT NULL,
  PRIMARY KEY (`notesid`),
  KEY `notes_title_idx` (`title`),
  KEY `notes_notesid_idx` (`notesid`),
  CONSTRAINT `fk_1_vtiger_notes` FOREIGN KEY (`notesid`) REFERENCES `vtiger_crmentity` (`crmid`) ON DELETE CASCADE
) ENGINE=InnoDB DEFAULT CHARSET=utf8;
SET character_set_client = @saved_cs_client;

--
-- Dumping data for table vtiger_notes
--

LOCK TABLES `vtiger_notes` WRITE;
/*!40000 ALTER TABLE `vtiger_notes` DISABLE KEYS */;
INSERT INTO vtiger_notes ( NOTESID, NOTE_NO, TITLE, FILENAME, NOTECONTENT, FOLDERID, FILETYPE, FILELOCATIONTYPE, FILEDOWNLOADCOUNT, FILESTATUS, FILESIZE, FILEVERSION ) VALUES ( 20, 'DOC1', 'Resume', 'EktaRes_Aug2012.doc', '<p>&nbsp;&nbsp;&nbsp;&nbsp;&nbsp;&nbsp;&nbsp;&nbsp;&nbsp;&nbsp;&nbsp;&nbsp;&nbsp;&nbsp;&nbsp;&nbsp;&nbsp;&nbsp;&nbsp;&nbsp;&nbsp;&nbsp;&nbsp;&nbsp;&nbsp;&nbsp;&nbsp;&nbsp;&nbsp;&nbsp;&nbsp;&nbsp;&nbsp;&nbsp;&nbsp;&nbsp;&nbsp;&nbsp;&nbsp;&nbsp;&nbsp;&nbsp;&nbsp;&nbsp;&nbsp;&nbsp;&nbsp;&nbsp;&nbsp;&nbsp;&nbsp;&nbsp;&nbsp;&nbsp;&nbsp;&nbsp;&nbsp;&nbsp;&nbsp;&nbsp;&nbsp;&nbsp;&nbsp;&nbsp;&nbsp;&nbsp;&nbsp;&nbsp;&nbsp;&nbsp;&nbsp;&nbsp;&nbsp;&nbsp;&nbsp; <strong>EKTA BHATIA</strong></p><p>&nbsp;</p><p><img height=\"2\" src=\"file:///C:\\Users\\ILGALV~1\\AppData\\Local\\Temp\\msohtmlclip1\\01\\clip_image001.gif\" width=\"655\" /></p><br clear=\"ALL\" />\r\n<p><strong>Summary:</strong></p><p style=\"margin-left:9.0pt;\">&middot;&nbsp;&nbsp; 2+ year of management experience in leading teams and managing small to large scale projects.</p><p style=\"margin-left:9.0pt;\">&middot;&nbsp;&nbsp; Proven track record of successful and on-time delivery of projects.</p><p style=\"margin-left:9.0pt;\">&middot;&nbsp;&nbsp; 11+ years of IT experience in various programming languages such as shell scripting, JAVA and C++ with a Master&rsquo;s degree in Computer Science</p><p style=\"margin-left:9.0pt;\">&middot;&nbsp;&nbsp; Experience in programming using JAVA, JDBC, Hibernate, Spring, Servlets, Java-script and JavaServer pages. Experience in database design, web design and implementation</p><p style=\"margin-left:9.0pt;\">&middot;&nbsp;&nbsp; Excellent analytical skills and communication ability and sharp learning curve for new technologies</p><p>&nbsp;</p><p><strong>Awards:</strong></p><p style=\"margin-left:.25in;\">&middot;&nbsp;&nbsp;&nbsp;&nbsp;&nbsp;&nbsp;&nbsp;&nbsp; Won 4 &ldquo;Above and Beyond&rdquo; awards for multiple successful projects and excellent support at US Airways.</p><p style=\"margin-left:.25in;\">&middot;&nbsp;&nbsp;&nbsp;&nbsp;&nbsp;&nbsp;&nbsp;&nbsp; Won the Chairman&rsquo;s award for the project that not only help us bring our publication process in-house but also provided the users with one of the most advanced process to publish a schedule.</p><p>&nbsp;</p><p><strong>Software/Technologies</strong>:</p><p style=\"margin-left:71.25pt;\">&middot;&nbsp;&nbsp;&nbsp;&nbsp;&nbsp;&nbsp;&nbsp;&nbsp;&nbsp;&nbsp;&nbsp;&nbsp; Java, J2EE, JSP, Spring, XML, UML, HTML, PL/SQL, Java Script, Weblogic, Tomcat</p><p style=\"margin-left:71.25pt;\">&middot;&nbsp;&nbsp;&nbsp;&nbsp;&nbsp;&nbsp;&nbsp;&nbsp;&nbsp;&nbsp;&nbsp;&nbsp; Shell scripting, Mainframe</p><p style=\"margin-left:71.25pt;\">&middot;&nbsp;&nbsp;&nbsp;&nbsp;&nbsp;&nbsp;&nbsp;&nbsp;&nbsp;&nbsp;&nbsp;&nbsp; Oracle, PL/SQL, JDBC</p><p><strong>Operating Systems</strong>: Unix (Solaris), Windows&#39; 95, WindowsXP and WinNT</p><p>&nbsp;</p><p><strong>Work Experience:</strong></p><p>Dec &rsquo;06 &ndash; to Date: <strong>Team Lead / Senior Developer&nbsp;&nbsp;&nbsp;&nbsp;&nbsp;&nbsp;&nbsp;&nbsp;&nbsp;&nbsp;&nbsp;&nbsp;&nbsp;&nbsp;&nbsp;&nbsp;&nbsp;&nbsp;&nbsp;&nbsp;&nbsp;&nbsp;&nbsp;&nbsp;&nbsp;&nbsp;&nbsp;&nbsp;&nbsp;&nbsp;&nbsp;&nbsp;&nbsp;&nbsp;&nbsp;&nbsp;&nbsp;&nbsp;&nbsp;&nbsp;&nbsp;&nbsp;&nbsp;&nbsp;&nbsp;&nbsp;&nbsp;&nbsp;&nbsp;&nbsp;&nbsp;&nbsp;&nbsp;&nbsp;&nbsp;&nbsp;&nbsp;&nbsp;&nbsp;&nbsp;&nbsp;&nbsp;&nbsp;&nbsp;&nbsp;&nbsp;&nbsp; </strong>US Airways</p><p>US Airways is one of the 5 largest airlines in US. As a lead of the IT Scheduling team, responsibilities include project management, customer relationship management, people management and vendor management.</p><p style=\"margin-left:.5in;\">&middot;&nbsp;&nbsp;&nbsp;&nbsp;&nbsp;&nbsp;&nbsp;&nbsp; Currently leading an IT team that supports the Scheduling and Planning business group of 30+ members and 100+ users. In addition to supporting current projects, responsibilities also include evaluating scope of improvements in current business and IT processes and suggest new projects accordingly.</p><p style=\"margin-left:.5in;\">&middot;&nbsp;&nbsp;&nbsp;&nbsp;&nbsp;&nbsp;&nbsp;&nbsp; Won 4 &ldquo;Above and Beyond&rdquo; and 1 Chairman&#39;s awards for various projects.</p><p>Accomplishments:</p><p style=\"margin-left:.5in;\">&middot;&nbsp;&nbsp;&nbsp;&nbsp;&nbsp;&nbsp;&nbsp;&nbsp; Started the process improvement by moving the Scheduling team to a new application that would help them with their Scheduling needs. This project required understanding business needs, deciding on the servers&rsquo; configurations, setting up new servers, installing the new application and then training the users on the new application. We support this application 24X7.</p><p style=\"margin-left:.5in;\">&middot;&nbsp;&nbsp;&nbsp;&nbsp;&nbsp;&nbsp;&nbsp;&nbsp; Then led the team as the architect/designer and lead developer for the publication project that saves the company over 750K in yearly costs. This project allows the business to publish schedules for the entire airline to over 40 vendors and users in a timely and accurate way which was earlier being done by a 3<sup>rd</sup> party. Addition of any new codeshare partner to the process is done with minimal code changes which would earlier cost over 20K.</p><p style=\"margin-left:.5in;\">&middot;&nbsp;&nbsp;&nbsp;&nbsp;&nbsp;&nbsp;&nbsp;&nbsp; Currently leading the team through a web interface project that would enhance the publication process by eliminating the need of Subject Matter Experts. Involved with all aspects of the project like budget approvals, project planning, working with business to gather all requirements, design and development. This project will also reduce the risks of errors with the help of additional features like reports and error checks.</p><p>Other Projects:</p><p style=\"margin-left:.5in;\">&middot;&nbsp;&nbsp;&nbsp;&nbsp;&nbsp;&nbsp;&nbsp;&nbsp; Worked closely with business to design a Gate Chart web application that would help business users schedule flights based on the number of gates available at each airport. Then worked with the developers to ensure all business needs were met and the project was completed successfully on time.</p><p style=\"margin-left:.5in;\">&middot;&nbsp;&nbsp;&nbsp;&nbsp;&nbsp;&nbsp;&nbsp;&nbsp; Worked as a lead developer on a schedule comparison web project that helps business users compare schedules using different parameters.</p><p style=\"margin-left:.5in;\">&middot;&nbsp;&nbsp;&nbsp;&nbsp;&nbsp;&nbsp;&nbsp;&nbsp; Continue to evaluate and work with various vendors to ensure the best service and products for our business users. This includes evaluating new hardware requirements for new products or versions and implementing upgrades.</p><p><strong>Environment:</strong>Java, Spring, hibernate, Shell scripting, Unix, Oracle, PL/SQL, tomcat</p><p style=\"margin-left:.25in;\">&nbsp;</p><p>Nov &rsquo;06 &ndash; Dec &rsquo;06: <strong>Senior Software Developer</strong> &nbsp;&nbsp;&nbsp;&nbsp;&nbsp;&nbsp;&nbsp;&nbsp;&nbsp;&nbsp;&nbsp;&nbsp;&nbsp;&nbsp;&nbsp;&nbsp;&nbsp;&nbsp;&nbsp;&nbsp;&nbsp;&nbsp;&nbsp;&nbsp;&nbsp;&nbsp;&nbsp;&nbsp;&nbsp;&nbsp;&nbsp;&nbsp;&nbsp;&nbsp;&nbsp;&nbsp;&nbsp;&nbsp;&nbsp;&nbsp;&nbsp;&nbsp;&nbsp;&nbsp;&nbsp;&nbsp;&nbsp;&nbsp;&nbsp;&nbsp;&nbsp;&nbsp;&nbsp; Pegasus Solutions</p><p style=\"margin-left:.5in;\">&middot;&nbsp;&nbsp;&nbsp;&nbsp;&nbsp;&nbsp;&nbsp;&nbsp; Worked to design and code the process through which various forms of booking requests for the hospitality industry would be accepted and then formatted in a standard form that would be accepted by the central system</p><p><strong>Environment:&nbsp;</strong>Java, XML, unit testing</p><p>&nbsp;</p><p>July &rsquo;05 &ndash; August &rsquo;06: <strong>Senior Software Developer</strong>&nbsp;&nbsp;&nbsp;&nbsp;&nbsp;&nbsp;&nbsp;&nbsp;&nbsp;&nbsp;&nbsp;&nbsp;&nbsp;&nbsp;&nbsp;&nbsp;&nbsp;&nbsp;&nbsp;&nbsp;&nbsp;&nbsp;&nbsp;&nbsp;&nbsp;&nbsp;&nbsp;&nbsp;&nbsp;&nbsp;&nbsp;&nbsp;&nbsp;&nbsp;&nbsp;&nbsp;&nbsp;&nbsp;&nbsp;&nbsp;&nbsp;&nbsp;&nbsp;&nbsp;&nbsp;&nbsp;&nbsp;&nbsp;&nbsp;&nbsp;&nbsp;&nbsp;&nbsp;&nbsp; EDS; Plano, TX</p><p>IntradaPro is an EDS application used by MCI to enter orders for local and long distance telephone service.</p>\r\n<ul>\r\n	<li>\r\n		Worked on server side code to write programs that query databases and generate reports on a monthly and yearly basis. This task included the entire cycle of design, coding and testing.</li>\r\n	<li>\r\n		Worked on shell scripts that are used to extract data from various MCI servers which are used for various reporting reasons.</li>\r\n	<li>\r\n		Worked on production support issues which included monitoring server processes on a regular basis, recovery processes when a server is down etc.</li>\r\n</ul>\r\n<p><strong>Environment:&nbsp;</strong>Java, Servlets, Oracle,&nbsp;Eclipse, Websphere, Toad</p><p>&nbsp;</p><p>May &rsquo;04 &ndash; Jan &rsquo;05: <strong>Web Developer/ Computer Support</strong> &nbsp;&nbsp;&nbsp;&nbsp;&nbsp;&nbsp;&nbsp;&nbsp;&nbsp;&nbsp;&nbsp;&nbsp;&nbsp;&nbsp;&nbsp;&nbsp;&nbsp;&nbsp;&nbsp;&nbsp;&nbsp;&nbsp;&nbsp;&nbsp;&nbsp;&nbsp; Texstar Benefits; Dallas, TX</p><p style=\"margin-left:.5in;\">&middot;&nbsp;&nbsp;&nbsp;&nbsp;&nbsp;&nbsp;&nbsp;&nbsp; Worked on the design and implementation of the insurance company website using JAVA.</p><p style=\"margin-left:.5in;\">&middot;&nbsp;&nbsp;&nbsp;&nbsp;&nbsp;&nbsp;&nbsp;&nbsp; Designed and implemented customer and sales information database that would help the Sales team maintain their insurance orders and customer information.</p><p><strong>Environment:&nbsp;</strong>Java, Oracle</p><p>&nbsp;</p><p>Dec &rsquo;00 &ndash; April &rsquo;01: <strong>Senior Software Programmer</strong> &nbsp;&nbsp;&nbsp;&nbsp;&nbsp;&nbsp;&nbsp;&nbsp;&nbsp;&nbsp;&nbsp;&nbsp;&nbsp;&nbsp;&nbsp;&nbsp;&nbsp;&nbsp;&nbsp;&nbsp;&nbsp;&nbsp;&nbsp;&nbsp;&nbsp;&nbsp;&nbsp;&nbsp;&nbsp;&nbsp;&nbsp;&nbsp;&nbsp; Globalstar; San Jose, CA</p>\r\n<ul>\r\n	<li>\r\n		Basic responsibility included coding, testing and maintaining applications&#39; code that helped with better utilization of satellite phones using JAVA and shell scripts on a UNIX platform.</li>\r\n	<li>\r\n		Played an important role in designing a new file type that provided data for the satellites. The work involved extracting data from the database, validating the data and then storing it in a file that was transferred to the satellites for processing.</li>\r\n</ul>\r\n<p><strong>Environment:&nbsp;</strong>Java, Unix, Oracle</p><p>&nbsp;</p><p>March &rsquo;99 &ndash; Aug &rsquo;00: <strong>Software Programmer</strong> &nbsp;&nbsp;&nbsp;&nbsp;&nbsp;&nbsp;&nbsp;&nbsp;&nbsp;&nbsp;&nbsp;&nbsp;&nbsp;&nbsp;&nbsp;&nbsp;&nbsp;&nbsp;&nbsp;&nbsp;&nbsp;&nbsp; Concord Communications; Marlboro, MA</p>\r\n<ul>\r\n	<li>\r\n		Played a key role in the entire project cycle. Responsibility included design, implementation and testing of the Distributed System that helped multiple servers interact with each other for data exchange and other activities.</li>\r\n	<li>\r\n		Design and implementation of the Distributed system included changes to the database schema and the existing code using Java, C++ and embedded SQL. This required detailed understanding of the database internals.</li>\r\n	<li>\r\n		Adapted existing code to aid in transition from Ingres to Oracle as back end database.</li>\r\n	<li>\r\n		Made significant improvements to the application&rsquo;s UI. Worked on code enhancements, shell scripting to achieve better response times.</li>\r\n	<li>\r\n		Mentored juniors on technical skills regarding the Distributed System on a routine basis.</li>\r\n</ul>\r\n<p><strong>Environment:&nbsp;</strong>C++, Unix, Oracle, Ingres, ClearCase</p><p>&nbsp;</p><p>June &rsquo;98 &ndash; Sept &rsquo;98: <strong>Software Programmer</strong> &nbsp;&nbsp;&nbsp;&nbsp;&nbsp;&nbsp;&nbsp;&nbsp;&nbsp;&nbsp;&nbsp;&nbsp;&nbsp;&nbsp;&nbsp;&nbsp;&nbsp;&nbsp;&nbsp;&nbsp;&nbsp;&nbsp;&nbsp;&nbsp;&nbsp;&nbsp;&nbsp;&nbsp;&nbsp;&nbsp;&nbsp;&nbsp;&nbsp; Artis Corporation; Worcester, MA</p>\r\n<ul>\r\n	<li>\r\n		Played a key role in the design of a project that would reduce the upgrading time of different call centers. The design was then implemented using C++ and Oracle.</li>\r\n	<li>\r\n		Worked on the improvement of the existing time card database to add additional functionality using Microsoft Access.</li>\r\n</ul>\r\n<p><strong>Environment:&nbsp;</strong>C++, Oracle, Microsoft Access</p><p>&nbsp;</p><p>June &rsquo;96 &ndash; July &rsquo;97: <strong>Software Programmer </strong>&nbsp;&nbsp;&nbsp;&nbsp;&nbsp;&nbsp;&nbsp;&nbsp;&nbsp;&nbsp;&nbsp;&nbsp;&nbsp;&nbsp;&nbsp;&nbsp;&nbsp;&nbsp;&nbsp;&nbsp;&nbsp;&nbsp;&nbsp;&nbsp; Plus Channel India Ltd.; Bombay, India</p>\r\n<ul>\r\n	<li>\r\n		Designed and implemented a registration system for a school using Oracle.</li>\r\n	<li>\r\n		Designed and implemented &quot;Airline Ticket Reservation&quot; system using C++.</li>\r\n</ul>\r\n<p><strong>Environment:&nbsp;</strong>C++, C, Oracle</p><p>&nbsp;</p><p><strong>Education:</strong></p><p>Aug &lsquo;99 - Dec &lsquo;99: Brandeis University; MA: <strong>Advanced Java Certification; GPA: 4.0</strong></p><p>Aug &lsquo;97 - Dec &lsquo;98: Worcester Polytechnic Institute; MA: <strong>Masters in Computer Science</strong>; <strong>GPA: 3.3</strong></p><p>July &lsquo;92 - May &lsquo;96: University of Bombay: <strong>Bachelors of Engineering (Computer Science)</strong></p>', 1, 'application/msword', 'I', 0, 1, 40448, '' ), ( 32, 'DOC2', 'Deepa Resume', 'Deepa_Krishnan.docx', '<p align=\"center\">&nbsp;</p><p align=\"center\"><strong>Deepa Krishnan&nbsp;&nbsp;&nbsp;&nbsp;&nbsp;&nbsp;&nbsp; </strong></p><p align=\"center\">&nbsp;</p><p align=\"center\">&nbsp;</p><p align=\"center\" style=\"margin-left:-45.0pt;\"><strong>&nbsp;&nbsp;&nbsp;&nbsp;&nbsp;&nbsp;&nbsp;&nbsp;&nbsp;&nbsp;&nbsp;&nbsp;&nbsp;&nbsp; &nbsp;&nbsp;&nbsp;&nbsp;&nbsp;&nbsp;&nbsp;&nbsp;&nbsp;&nbsp;&nbsp; SUMMARY</strong></p><p style=\"margin-left:.25in;\">7+ years of experience in PeopleSoft HRMS Implementation, Customization, Interfaces, Reporting, Production Support and maintenance&nbsp;&nbsp;</p><p style=\"margin-left:.25in;\">Technical expert in using Application Designer, PeopleCode, Application Engine, SQR, Component Interface, Process Scheduler, PS Query, PeopleSoft Security, Process Monitor, Data Mover, File Layout, Integration Broker, XML Publisher</p><p style=\"margin-left:.25in;\">Strong working knowledge of PeopleSoft HR application and Modules like Core HR, Benefit Administration, Talent Acquisition, Payroll, Time &amp; Labor,E-Performance</p><p style=\"margin-left:.25in;\">Working knowledge of Software Development Life Cycle (SDLC), having complete understanding of various phases like Requirements, Analysis/Design, Development and Testing</p><p style=\"margin-left:.25in;\">Well versed in using SQL, PL/SQL for Oracle applications (ERP) testing</p><p style=\"margin-left:.25in;\">Excellent knowledge of QA Principles and SEI CMM levels</p><p style=\"margin-left:.25in;\">Creating Test plan/ Test strategy, estimating QA tasks, tracking QA progress and assisting QA managers in improving QA process</p><p style=\"margin-left:.25in;\">For systems enhancements, performing fit/gap analysis, and writing functional specifications based on requirements.</p><p style=\"margin-left:.25in;\">Understand the functional requirements and prepare Technical specifications.</p><p style=\"margin-left:.25in;\">Independent and self-motivated with the ability to handle multiple tasks and ability to prioritize, take initiative and work well under pressure</p><p>&nbsp;</p><p align=\"center\" style=\"margin-left:-45.0pt;\"><strong>&nbsp;&nbsp;&nbsp;&nbsp;&nbsp;&nbsp;&nbsp;&nbsp;&nbsp;&nbsp;&nbsp;&nbsp;&nbsp;&nbsp; TECHNICAL SKILLS</strong></p>\r\n<table border=\"0\" cellpadding=\"0\" cellspacing=\"0\">\r\n	<tbody>\r\n		<tr>\r\n			<td style=\"width:295px;height:23px;\">\r\n				<p style=\"margin-left:.6in;\">&nbsp;&nbsp;&nbsp;&nbsp;&nbsp;&nbsp;&nbsp;&nbsp;&nbsp;&nbsp;&nbsp;&nbsp;&nbsp;&nbsp; ERP&nbsp;&nbsp;&nbsp;&nbsp;&nbsp;&nbsp;&nbsp;&nbsp;&nbsp;&nbsp;&nbsp;&nbsp;&nbsp;&nbsp;&nbsp;&nbsp;&nbsp;&nbsp;&nbsp;&nbsp;&nbsp;&nbsp;&nbsp;&nbsp;</p></td>\r\n			<td style=\"width:297px;height:23px;\">\r\n				<p>&nbsp; PeopleSoft&nbsp; HCM/HRMS 9.1/9.0/8.9 /8.8/8.3</p></td>\r\n		</tr>\r\n		<tr>\r\n			<td style=\"width:295px;height:37px;\">\r\n				<p>Development Tools&nbsp;&nbsp;</p></td>\r\n			<td style=\"width:297px;height:37px;\">\r\n				<p>Application Designer, Application Engine, Process Scheduler, PS Query, Tree Manager, File Layout, Component Interface, Integration broker, Data Mover and People Code.</p></td>\r\n		</tr>\r\n		<tr>\r\n			<td style=\"width:295px;height:40px;\">\r\n				<p>Reporting Tools&nbsp;</p></td>\r\n			<td style=\"width:297px;height:40px;\">\r\n				<p>PS/ query, XML publisher, SQR</p></td>\r\n		</tr>\r\n		<tr>\r\n			<td style=\"width:295px;height:37px;\">\r\n				<p>RDMS&nbsp;&nbsp;&nbsp;&nbsp;&nbsp;&nbsp;&nbsp;&nbsp;&nbsp;&nbsp;&nbsp;&nbsp;&nbsp;&nbsp;&nbsp;&nbsp;&nbsp;&nbsp;&nbsp;&nbsp;&nbsp;</p></td>\r\n			<td style=\"width:297px;height:37px;\">\r\n				<p>Oracle 9i, Ms SQL Server</p></td>\r\n		</tr>\r\n		<tr>\r\n			<td style=\"width:295px;height:21px;\">\r\n				<p>Languages</p></td>\r\n			<td style=\"width:297px;height:21px;\">\r\n				<p>SQL, PL/SQL</p></td>\r\n		</tr>\r\n		<tr>\r\n			<td style=\"width:295px;height:35px;\">\r\n				<p>Other Tools</p></td>\r\n			<td style=\"width:297px;height:35px;\">\r\n				<p>Mercury Quality center, Toad , Oracle SQL Developer, Abinitio &ndash; GDE 1.4 , Kronos WFC , DCM 6.0,Unix Shell Scripting</p></td>\r\n		</tr>\r\n	</tbody>\r\n</table>\r\n<p>&nbsp;</p><p>&nbsp;</p><p>&nbsp;</p><p align=\"center\"><strong>PROFESSIONAL COURSES/ TRAINING</strong></p><p style=\"margin-left:.25in;\">In-house PeopleSoft Technical training like People Tools me / People Tools II 8.48, Application Engine 8.48, Integration Tools.</p><p style=\"margin-left:.25in;\">In-house PeopleSoft Functional HCM training&nbsp; in Core HR,Talent Acquisition, Benefits Administration , Payroll for North America, Time &amp; Labor</p><p align=\"center\"><strong>EXPERIENCE</strong></p><p>&nbsp;</p><p><strong>Client: CapitalOne, VA&nbsp;&nbsp;&nbsp;&nbsp;&nbsp;&nbsp;&nbsp;&nbsp;&nbsp;&nbsp;&nbsp;&nbsp;&nbsp;&nbsp;&nbsp;&nbsp;&nbsp;&nbsp;&nbsp;&nbsp;&nbsp;&nbsp;&nbsp;&nbsp;&nbsp;&nbsp;&nbsp;&nbsp;&nbsp;&nbsp;&nbsp;&nbsp;&nbsp;&nbsp;&nbsp;&nbsp;&nbsp;&nbsp;&nbsp;&nbsp;&nbsp;&nbsp;&nbsp;&nbsp;&nbsp;&nbsp;&nbsp;&nbsp;&nbsp;&nbsp;&nbsp;&nbsp;&nbsp;&nbsp;&nbsp;&nbsp;&nbsp;&nbsp;&nbsp;&nbsp;&nbsp;&nbsp;&nbsp;&nbsp;&nbsp;&nbsp;&nbsp;&nbsp;&nbsp;&nbsp;&nbsp; Jan 11 to till date</strong></p><p>Capital One Financial Corp.&nbsp;is a U.S.-based&nbsp;<a href=\"http://en.wikipedia.org/wiki/Bank_holding_company%20/%20Bank%20holding%20company\">bank holding company</a>&nbsp;specializing in&nbsp;<a href=\"http://en.wikipedia.org/wiki/Credit_cards%20/%20Credit%20cards\">credit cards</a>,&nbsp;<a href=\"http://en.wikipedia.org/wiki/Mortgage_loan%20/%20Mortgage%20loan\">home loans</a>,&nbsp;<a href=\"http://en.wikipedia.org/wiki/Auto_loan%20/%20Auto%20loan\">auto loans</a>,&nbsp;banking and&nbsp;<a href=\"http://en.wikipedia.org/wiki/Savings_account%20/%20Savings%20account\">savings</a>&nbsp;products.</p><p><strong>Environment:</strong>PeopleSoft HCM 9.1, People Tools 8.51, Modules &ndash; Core HR, Benefits Administration, NA Payroll, Time and Labor</p><p><strong>Data Integration Project&nbsp;&nbsp;&nbsp;&nbsp;&nbsp;&nbsp;&nbsp;&nbsp;&nbsp;&nbsp;&nbsp;&nbsp;&nbsp;&nbsp;&nbsp;&nbsp;&nbsp;&nbsp;&nbsp;&nbsp;&nbsp;&nbsp;&nbsp;&nbsp;&nbsp;&nbsp;&nbsp;&nbsp;&nbsp;&nbsp;&nbsp;&nbsp;&nbsp;&nbsp;&nbsp;&nbsp;&nbsp;&nbsp;&nbsp;&nbsp;&nbsp;&nbsp; &nbsp;&nbsp; &nbsp;&nbsp;&nbsp;&nbsp;&nbsp;&nbsp;&nbsp;&nbsp;&nbsp;&nbsp;&nbsp;&nbsp;&nbsp;&nbsp;&nbsp;&nbsp;&nbsp;&nbsp;&nbsp;&nbsp; &nbsp;&nbsp;&nbsp;&nbsp;&nbsp;&nbsp;&nbsp;Dec 11 to till date</strong></p><p><strong>People soft Techno Functional consultant</strong></p><p>This project is about the Data Integration of two credit card companies HSBC and ING Direct to Capital One HR System. This involved the loading of data and remediation of interfaces to include/exclude the new companies.Configure new companies, Benefits and Payroll for the data loaded.</p><p><strong>Responsibilities:</strong></p><p style=\"margin-left:.5in;\">Performed Techno Functional Lead role for Interfaces and Benefits Module at client&rsquo;s location.</p><p style=\"margin-left:.5in;\">Gather and document data and business process related information from client, customers and core users</p><p style=\"margin-left:.5in;\">Preparation of Technical Specifications based on Functional specs and Unit Test and Implementation plans.</p><p style=\"margin-left:.5in;\">Worked on several outbound and inbound interface remediations.</p><p style=\"margin-left:.5in;\">Smooth transition of project, interaction with client.</p><p style=\"margin-left:.5in;\">Development of Conversion Program (Application Engine &ndash; Component Interface) to load the Data.</p><p style=\"margin-left:.5in;\">Loading data using Excel to CI for Personal Data, Job Data , Leave Accrual, Direct Deposit and Garnishments</p><p style=\"margin-left:.5in;\">Worked on Custom SQRs, App Engines, People Code and other People Tool objects.</p><p style=\"margin-left:.5in;\">Developed Queries using PS Query and export the results with Microsoft Excel to perform further calculations and develop reports.</p><p style=\"margin-left:.5in;\">Created online customizations using People Code and People Tools objects.</p><p style=\"margin-left:.5in;\">Co-ordination with offshore team of five members</p><p style=\"margin-left:.5in;\">Involved in testing cycles and creating test plans.</p><p style=\"margin-left:.5in;\">Involved in the new company setup configuration.</p><p style=\"margin-left:.5in;\">Configuration of new Benefit Program, Eligibility Rules, and Event Rule Setup</p><p style=\"margin-left:.5in;\">Data preparation and executing pay cycles for Payroll Testing</p><p style=\"margin-left:.5in;\">Setting up of data for timesheets and loading Time data for Payroll Processing</p><p style=\"margin-left:.25in;\">&nbsp;</p><p style=\"margin-left:.25in;\">&nbsp;</p><p style=\"margin-left:.25in;\">&nbsp;</p><p><strong>Peoplesoft HRMS Upgrade from 8.8 to 9.1&nbsp;&nbsp;&nbsp;&nbsp;&nbsp;&nbsp;&nbsp;&nbsp;&nbsp;&nbsp;&nbsp;&nbsp;&nbsp;&nbsp;&nbsp;&nbsp;&nbsp;&nbsp;&nbsp;&nbsp;&nbsp;&nbsp;&nbsp;&nbsp;&nbsp;&nbsp;&nbsp;&nbsp;&nbsp;&nbsp;&nbsp;&nbsp;&nbsp;&nbsp;&nbsp; &nbsp;&nbsp;&nbsp;&nbsp;&nbsp;&nbsp;&nbsp;&nbsp; Jan 11 to Nov 11</strong></p><p><strong>People soft Technical Lead</strong></p><p>This project involved the Upgrade from Peoplesoft HRMS 8.8 to HCM 9.1 and Peopletools 8.48 to 8.51. The scope included the modules Core HR, ESS, MSS, E-Performance, and Benefits Administration</p><p><strong>Environment:</strong>PeopleSoft HCM 9.1,Peoplesoft HRMS 8.8, People Tools 8.51, People Tools 8.48, Peoplesoft modules - Core HR, ESS/MSS, Benefits Administration</p><p><strong>Responsibilities:</strong></p><p style=\"margin-left:.5in;\">Lead the Offshore Team of five members for the Modules ESS,MSS,Benefits Administration</p><p style=\"margin-left:.5in;\">Participated in requirements and fit/gap analysis, customization, rationalization, report and customization specifications, conversion validation, prototype, troubleshoot, system configuration</p><p style=\"margin-left:.5in;\">Prepared&nbsp; Technical Design document for the ESS/MSS Module</p><p style=\"margin-left:.5in;\">Actively involved in retrofitting complex custom objects like Application Package, Pages, Records and Fields in Benefits and ESS/MSS Module</p><p style=\"margin-left:.5in;\">Assisted the team members in the retrofitting of simple and medium complexity objects</p><p style=\"margin-left:.5in;\">Review the deliverables including code changes, Test results before moving to QA and user testing</p><p style=\"margin-left:.5in;\">Actively involved in documenting, testing the new and redesigning the existing functionality for all the business</p><p style=\"margin-left:.5in;\">Writing, testing and keying various test scenarios</p><p style=\"margin-left:.5in;\">Unit testing and preparation of Unit test case documents</p><p style=\"margin-left:.5in;\">End-to-End AWE Configuration for MSS Module</p><p style=\"margin-left:.5in;\">Provided support and resolved the Post-production defects</p><p style=\"margin-left:.25in;\">&nbsp;</p><p>&nbsp;</p><br clear=\"all\" />\r\n<p><strong>Client: Keybank, OH&nbsp;&nbsp;&nbsp;&nbsp;&nbsp;&nbsp;&nbsp;&nbsp;&nbsp;&nbsp;&nbsp;&nbsp;&nbsp;&nbsp;&nbsp;&nbsp;&nbsp;&nbsp;&nbsp;&nbsp;&nbsp;&nbsp;&nbsp;&nbsp;&nbsp;&nbsp;&nbsp;&nbsp;&nbsp;&nbsp;&nbsp;&nbsp;&nbsp;&nbsp;&nbsp;&nbsp;&nbsp;&nbsp;&nbsp;&nbsp;&nbsp;&nbsp;&nbsp;&nbsp;&nbsp;&nbsp;&nbsp;&nbsp;&nbsp;&nbsp;&nbsp;&nbsp;&nbsp;&nbsp;&nbsp;&nbsp;&nbsp;&nbsp;&nbsp;&nbsp;&nbsp;&nbsp;&nbsp;&nbsp;&nbsp;&nbsp;&nbsp;&nbsp;&nbsp;&nbsp;&nbsp;&nbsp;&nbsp;&nbsp;&nbsp;&nbsp;&nbsp;&nbsp;&nbsp; Oct</strong><strong>06 to Dec 10</strong></p><p>&nbsp;</p><p>Keybank is one of the nation&#39;s largest bank-based financial services companies. Involved in the production support and maintenance of Peoplesoft HRMS 8.8 and Upgrade of PeopleSoft HCM from version 8.8 to 9.0, and support and maintenance of Peoplesoft HCM 9.0. These projects involved fixing up of production defects and doing major and minor enhancements.</p><p><strong>Peoplesoft Support and Maintenance for HRMS 9.0&nbsp;&nbsp;&nbsp;&nbsp;&nbsp;&nbsp;&nbsp; &nbsp;&nbsp;&nbsp;&nbsp;&nbsp;&nbsp;&nbsp;&nbsp;&nbsp;&nbsp;&nbsp;&nbsp;&nbsp;&nbsp;&nbsp;&nbsp;&nbsp; May 09 to Dec 10</strong></p><p><strong>Peoplesoft Techno Functional Consultant</strong></p><p>This project involved the Support and maintenance of Peoplesoft 9.0 with modules Core HR, Talent Acquisition, ESS/MSS, Benefits Administration, and NA Payroll. Supported the Time Entry System - Kronos Workforce Central 6.0.</p><p><strong>Environment:</strong></p><p>HCM 9.0, PeopleTools 8.48, Peoplesoft Modules &ndash; Core HR, Benefits Administration, Talent Acquisition, NA Payroll</p><p><strong>Responsibilities:</strong></p><p style=\"margin-left:.5in;\">Performed the SME role at the client location</p><p style=\"margin-left:.5in;\">Work closely with client to replicate the issue and provide resolution to the problem with a quick turnaround time</p><p style=\"margin-left:.5in;\">Gather functional requirements from Business Team for the enhancements</p><p style=\"margin-left:.5in;\">Map the functional requirements to technical requirements and coordinate with offshore team</p><p style=\"margin-left:.5in;\">Review the deliverables including code changes, Test results before moving to QA and user testing</p><p style=\"margin-left:.5in;\">Actively involved in documenting, testing the new and redesigning the existing functionality for all the business</p><p style=\"margin-left:.5in;\">Involved in writing, testing and keying various test scenarios</p><p style=\"margin-left:.5in;\">Provide On-Call support</p><p style=\"margin-left:.5in;\">Resolving Ad-Hoc User queries</p><p style=\"margin-left:.5in;\">Monitor Support Mailbox and resolving the issues /provide clarification</p><p style=\"margin-left:.5in;\">Communicate with other QA analysts and end users how testing will be conducted.</p><p style=\"margin-left:.5in;\">Implement Tax Update and Oracle Bundles/Patches</p><p style=\"margin-left:.5in;\">Constructive planning for the multiple test case execution with the limited pay cycle execution during System testing and User Acceptance testing</p><p style=\"margin-left:.5in;\">Provide Support to&nbsp; Kronos Workforce Central 6.0 and DCM 6.0</p><p style=\"margin-left:.5in;\">Provide Support to 2 critical programs in Abinitio which uses Peoplesoft Data.</p><br clear=\"all\" />\r\n<p><strong>Peoplesoft Support and Maintenance for HRMS 8.8 &nbsp;&nbsp;&nbsp;&nbsp;&nbsp;&nbsp;&nbsp;&nbsp;&nbsp;&nbsp;&nbsp;&nbsp;&nbsp;&nbsp;&nbsp;&nbsp;&nbsp;&nbsp; &nbsp;&nbsp;&nbsp;&nbsp;&nbsp;&nbsp;&nbsp;&nbsp;Oct 06 to May 09</strong></p><p><strong>People soft Techno Functional consultant</strong></p><p>&nbsp;</p><p>This project involved the Support and maintenance of Peoplesoft 8.8 with modules Core HR, Talent Acquisition, ESS/MSS, Benefits Administration, and NA Payroll. Also involved in the PeopleSoft Upgrade Project from HRMS 8.8 to 9.0</p><p style=\"margin-left:.25in;\">&nbsp;</p><p><strong>Environment:</strong></p><p>HRMS 8.8, PeopleTools 8.42, Peoplesoft Modules &ndash; Core HR, Benefits Administration, Talent Acquisition, NA Payroll</p><p>&nbsp;</p><p><strong>Responsibilities:</strong></p><p style=\"margin-left:.5in;\">Fixing up of Production defects</p><p style=\"margin-left:.5in;\">Support around 250 Batch Jobs</p><p style=\"margin-left:.5in;\">Provide On-Call support</p><p style=\"margin-left:.5in;\">Understand the Functional Specification and prepare the technical design document for the new enhancements</p><p style=\"margin-left:.5in;\">Design and develop the code for major and minor enhancements</p><p style=\"margin-left:.5in;\">&middot;&nbsp;&nbsp;&nbsp; Actively involved in the customization of objects using&nbsp; components , pages,</p><p style=\"margin-left:.5in;\">Records, fields, Peoplecode, Application Engine, Component Interface, File Layouts</p><p style=\"margin-left:.5in;\">Create new custom reports using SQR, App Engines</p><p style=\"margin-left:.5in;\">Create new PS Queries and handling the People Tools Security</p><p style=\"margin-left:.5in;\">Review the deliverables including code changes and do peer review</p><p style=\"margin-left:.5in;\">Actively involved in documenting, testing the new and redesigning the existing functionality for all the business</p><p style=\"margin-left:.5in;\">Communicate with other QA analysts and end users</p><p style=\"margin-left:.5in;\">Involved in running pay-cycle for performing unit testing</p><p style=\"margin-left:.5in;\">Co-ordinate with offshore to help them understand the requirement and do the development</p><p style=\"margin-left:.5in;\">Bridging the offshore and the Business Users to facilitate the testing for Production defects</p><p style=\"margin-left:.5in;\">Involved in the FTP Conversion project for which I coordinated with approximately 15 vendors for the transition from one FTP server to another FTP server</p><p style=\"margin-left:.5in;\">Involved in the fixing up of defects raised in System Testing and User Acceptance Testing for the Upgrade Project from Peoplesoft HRMS 8.8 to HCM 9.0</p><p style=\"margin-left:.25in;\">&nbsp;</p><p><strong>Client: Office Depot&nbsp;&nbsp;&nbsp;&nbsp;&nbsp;&nbsp;&nbsp;&nbsp;&nbsp;&nbsp;&nbsp;&nbsp;&nbsp;&nbsp;&nbsp;&nbsp;&nbsp;&nbsp;&nbsp;&nbsp;&nbsp;&nbsp;&nbsp;&nbsp;&nbsp;&nbsp;&nbsp;&nbsp;&nbsp;&nbsp;&nbsp;&nbsp;&nbsp;&nbsp;&nbsp;&nbsp;&nbsp;&nbsp;&nbsp;&nbsp;&nbsp;&nbsp;&nbsp;&nbsp;&nbsp;&nbsp;&nbsp;&nbsp;&nbsp;&nbsp;&nbsp;&nbsp;&nbsp;&nbsp;&nbsp;&nbsp;&nbsp;&nbsp; &nbsp;&nbsp;&nbsp;&nbsp;&nbsp;&nbsp;&nbsp;&nbsp;&nbsp;&nbsp;&nbsp;&nbsp;&nbsp;&nbsp;&nbsp;&nbsp;&nbsp;&nbsp;&nbsp;&nbsp;&nbsp;&nbsp;&nbsp;&nbsp;&nbsp;&nbsp;&nbsp;&nbsp;Jul</strong><strong>06 to Sep 06</strong></p><p>&nbsp;</p><p><strong>Peoplesoft HRMS Upgrade from 8.3 to 8.9</strong></p><p><strong>Peoplesoft Technical Consultant</strong></p><p>Office Depot, Inc. is a global supplier of office products and services. This project involved the Upgrade of PeopleSoft HRMS from version 8.3 to 8.9</p><p><strong>Environment:</strong></p><p>HRMS 8.3, 8.8, PeopleTools 8.47, PeopleTools 8.19, Peoplesoft Modules &ndash; Core HR, Talent Acquisition.</p><p>&nbsp;</p><p><strong>Responsibilities:</strong></p><p style=\"margin-left:.5in;\">Worked in the retrofitting of custom objects like Pages, Records, and Fields.</p><p style=\"margin-left:.5in;\">Retrofitting PS Queries.</p><p style=\"margin-left:.5in;\">Preparing Unit test case document for the changes made.</p><p style=\"margin-left:.5in;\">Fixing up of defects raised in System Testing and User acceptance testing.</p><p style=\"margin-left:.5in;\">Providing post production support after the Go-Live.</p><p style=\"margin-left:.25in;\">&nbsp;</p><p style=\"margin-left:.25in;\">&nbsp;</p><p><strong>Client: H-E-B&nbsp;&nbsp;&nbsp;&nbsp;&nbsp;&nbsp;&nbsp;&nbsp;&nbsp;&nbsp;&nbsp;&nbsp;&nbsp;&nbsp;&nbsp;&nbsp;&nbsp;&nbsp;&nbsp;&nbsp;&nbsp;&nbsp;&nbsp;&nbsp;&nbsp;&nbsp;&nbsp;&nbsp;&nbsp;&nbsp;&nbsp;&nbsp;&nbsp;&nbsp;&nbsp;&nbsp;&nbsp;&nbsp;&nbsp;&nbsp;&nbsp;&nbsp;&nbsp;&nbsp;&nbsp;&nbsp;&nbsp;&nbsp;&nbsp;&nbsp;&nbsp;&nbsp;&nbsp;&nbsp;&nbsp;&nbsp; &nbsp;&nbsp;&nbsp;&nbsp;&nbsp;&nbsp;&nbsp;&nbsp;&nbsp;&nbsp;&nbsp;&nbsp;&nbsp;&nbsp;&nbsp;&nbsp;&nbsp;&nbsp;&nbsp;&nbsp;&nbsp;&nbsp;&nbsp;&nbsp;&nbsp;&nbsp;&nbsp;&nbsp;&nbsp;&nbsp;&nbsp;&nbsp;&nbsp;&nbsp;&nbsp;&nbsp;&nbsp;&nbsp;&nbsp;&nbsp;&nbsp;&nbsp;Dec05 to Jul</strong><strong>06 </strong></p><p>&nbsp;</p><p><strong>Peoplesoft HRMS Upgrade from 8.3 to 8.9</strong></p><p><strong>Peoplesoft Technical Consultant</strong></p><p>H-E-B is one of the largest independent food retailers in the US. This project involved the Upgrade of PeopleSoft HRMS from version 8.3 to 8.9</p><p><strong>Environment:</strong></p><p>HRMS 8.3, 8.8, PeopleTools 8.46, PeopleTools 8.19, Peoplesoft Modules &ndash; Core HR, Talent Acquisition, E-Performance.</p><p>&nbsp;</p><p><strong>Responsibilities:</strong></p><p style=\"margin-left:.5in;\">Worked in the retrofitting of custom objects like Pages, Records, and Fields.</p><p style=\"margin-left:.5in;\">Retrofitting PS Queries.</p><p style=\"margin-left:.5in;\">Involved in retrofitting of about 100 SQR&rsquo;s</p><p style=\"margin-left:.5in;\">Perform Unit testing of the Interfaces and document the test results.</p><p style=\"margin-left:.5in;\">Fixing up of defects raised in System Testing and User acceptance testing.</p><p style=\"margin-left:.5in;\">Providing post production support after the Go-Live.</p><p>&nbsp;</p><p><strong>Education: &nbsp;&nbsp;&nbsp; </strong>Bachelors in Computer Science and Engineering (BE &ndash; CSE), Anna University.</p><p>&nbsp;</p>', 1, 'application/vnd.openxmlformats-officedocument.word', 'I', 0, 1, 23912, '' ), ( 35, 'DOC3', 'Balaji Ramamurthy', 'BalajiRamaJuly2012_(1)_(4).doc', '', 1, 'application/msword', 'I', 0, 1, 120832, '' ), ( 38, 'DOC4', 'Hemanti Thackeray', 'Hemanti_Thackeray.docx', '', 1, 'application/vnd.openxmlformats-officedocument.word', 'I', 1, 1, 20807, '' ), ( 42, 'DOC5', 'David Ovidio Enrique Lemus Alcantar', 'David_Lemus.docx', '<h1>\r\n	David Ovidio Enrique Lemus Alcantar</h1>\r\n<p align=\"center\">4007 N 55th AVE, Phoenix, AZ.</p><p align=\"center\">Phone: (602) 702-3505</p><p align=\"center\">E-mail: <a href=\"mailto:lemusdav@gmail.com\">lemusdav@gmail.com</a></p><p align=\"center\">Migratory Status: Green Card allowed for working in U.S.A.</p><p align=\"center\">&nbsp;</p>\r\n<h2 align=\"center\">\r\n	PROFILE</h2>\r\n<table border=\"1\" cellpadding=\"0\" cellspacing=\"0\">\r\n	<tbody>\r\n		<tr>\r\n			<td style=\"width:638px;\">\r\n				<p style=\"margin-left:.5in;\">&middot;&nbsp;&nbsp;&nbsp;&nbsp;&nbsp;&nbsp;&nbsp;&nbsp; 4 years of experience developing on Web technology (Java J2EE, Java Servlets, JavaScript, AJAX, JSON, JSP) as a Programmer analyst.</p></td>\r\n		</tr>\r\n		<tr>\r\n			<td style=\"width:638px;\">\r\n				<p style=\"margin-left:.5in;\">&middot;&nbsp;&nbsp;&nbsp;&nbsp;&nbsp;&nbsp;&nbsp;&nbsp; 1+ as project leader and IT manager, analyzing the requirements from the enterprise, mainly in the footwear industry, developing Web and desktop applications.</p><p style=\"margin-left:.5in;\">&middot;&nbsp;&nbsp;&nbsp;&nbsp;&nbsp;&nbsp;&nbsp;&nbsp; 2+ Years as computer programmer (Other languages)</p><p style=\"margin-left:.5in;\">&middot;&nbsp;&nbsp;&nbsp;&nbsp;&nbsp;&nbsp;&nbsp;&nbsp; 7+ Years as IT consultant</p></td>\r\n		</tr>\r\n	</tbody>\r\n</table>\r\n<p>&nbsp;</p>\r\n<h2 align=\"center\">\r\n	PROFESSIONAL EXPERIENCE</h2>\r\n<p>&nbsp;</p>\r\n<table border=\"1\" cellpadding=\"0\" cellspacing=\"0\" style=\"width:655px;\" width=\"655\">\r\n	<tbody>\r\n		<tr>\r\n			<td colspan=\"2\" style=\"width:211px;\">\r\n				<p align=\"center\">&nbsp;</p><p align=\"center\"><strong>SOFTTEK</strong></p><p align=\"center\">&nbsp;</p></td>\r\n			<td style=\"width:120px;\">\r\n				<p align=\"center\">&nbsp;</p><p align=\"center\"><strong>Aguascalientes, Mexico</strong></p></td>\r\n			<td style=\"width:156px;\">\r\n				<p align=\"center\">&nbsp;</p><p align=\"center\"><strong>Software Engineer</strong></p></td>\r\n			<td style=\"width:87px;\">\r\n				<p align=\"center\">&nbsp;</p><p align=\"center\"><strong>May 2012</strong></p></td>\r\n			<td style=\"width:81px;\">\r\n				<p align=\"center\">&nbsp;</p><p align=\"center\"><strong>June 2012</strong></p></td>\r\n		</tr>\r\n		<tr>\r\n			<td colspan=\"6\" style=\"width:655px;\">\r\n				<p style=\"margin-left:.25in;\">&middot;&nbsp;&nbsp;&nbsp;&nbsp;&nbsp;&nbsp;&nbsp;&nbsp; Software Engineer in Awareness and Training IT Security Project, analyzing and generating charts and reports about users and employees to GE Capital.</p><p style=\"margin-left:.25in;\">&middot;&nbsp;&nbsp;&nbsp;&nbsp;&nbsp;&nbsp;&nbsp;&nbsp; Implementation of a System to control the statistics of Awareness and Training IT, using Oracle APEX.</p><p style=\"margin-left:.25in;\">&nbsp;</p><p style=\"margin-left:.25in;\">&nbsp;</p></td>\r\n		</tr>\r\n		<tr>\r\n			<td style=\"width:151px;\">\r\n				<p><u>Functional Experience:</u></p></td>\r\n			<td colspan=\"5\" style=\"width:504px;\">\r\n				<p>Web development experience.</p></td>\r\n		</tr>\r\n		<tr>\r\n			<td style=\"width:151px;\">\r\n				<p><u>Tools:</u></p></td>\r\n			<td colspan=\"5\" style=\"width:504px;\">\r\n				<p>Oracle APEX, Oracle 11g, SharePoint, MS Excel.</p></td>\r\n		</tr>\r\n		<tr height=\"0\">\r\n			<td>\r\n				&nbsp;</td>\r\n			<td>\r\n				&nbsp;</td>\r\n			<td>\r\n				&nbsp;</td>\r\n			<td>\r\n				&nbsp;</td>\r\n			<td>\r\n				&nbsp;</td>\r\n			<td>\r\n				&nbsp;</td>\r\n		</tr>\r\n	</tbody>\r\n</table>\r\n<p>&nbsp;</p>\r\n<table border=\"1\" cellpadding=\"0\" cellspacing=\"0\" style=\"width:655px;\" width=\"655\">\r\n	<tbody>\r\n		<tr>\r\n			<td colspan=\"2\" style=\"width:211px;\">\r\n				<p>&nbsp;</p><p><strong>Secretar&iacute;a de Educaci&oacute;n de Guanajuato</strong></p><p>&nbsp;</p></td>\r\n			<td style=\"width:120px;\">\r\n				<p>&nbsp;</p><p><strong>Guanajuato, Mexico</strong></p></td>\r\n			<td style=\"width:130px;\">\r\n				<p>&nbsp;</p><p><strong>Programmer</strong></p></td>\r\n			<td style=\"width:122px;\">\r\n				<p>&nbsp;</p><p><strong>August 2011 </strong></p></td>\r\n			<td style=\"width:.75in;\">\r\n				<p>&nbsp;</p><p><strong>May 2012</strong></p></td>\r\n		</tr>\r\n		<tr>\r\n			<td colspan=\"6\" style=\"width:655px;\">\r\n				<p style=\"margin-left:.25in;\">&middot;&nbsp;&nbsp;&nbsp;&nbsp;&nbsp;&nbsp;&nbsp;&nbsp; Software Developer in the module of license movements for teachers in the State of Guanajuato, validating the possible cases for licensing, calculate the payment, benefits, debts, etc., for each job position of the teacher and generating a temporal position depending the case.&nbsp;&nbsp;</p><p style=\"margin-left:.25in;\">&middot;&nbsp;&nbsp;&nbsp;&nbsp;&nbsp;&nbsp;&nbsp;&nbsp; Software Developer in the module of Resumption of work after a license, getting the correct movement of the substitute teacher and generating the corresponding payment and adjust for the original teacher.</p><p style=\"margin-left:.25in;\">&middot;&nbsp;&nbsp;&nbsp;&nbsp;&nbsp;&nbsp;&nbsp;&nbsp; Software developer in finalization by batch of each one of the pending movement for the teachers, applying the corresponding validations and cases.</p><p style=\"margin-left:.25in;\">&nbsp;</p></td>\r\n		</tr>\r\n		<tr>\r\n			<td style=\"width:151px;\">\r\n				<p><u>Functional Experience:</u></p></td>\r\n			<td colspan=\"5\" style=\"width:504px;\">\r\n				<p>Web development experience.</p></td>\r\n		</tr>\r\n		<tr>\r\n			<td style=\"width:151px;\">\r\n				<p><u>Tools:</u></p></td>\r\n			<td colspan=\"5\" style=\"width:504px;\">\r\n				<p>Java, JSP, J2EE, jQuery, AJAX, JSON, HTML, Weblogic, Oracle 11g, Informix 9.40C2, Windows 7.</p></td>\r\n		</tr>\r\n		<tr height=\"0\">\r\n			<td>\r\n				&nbsp;</td>\r\n			<td>\r\n				&nbsp;</td>\r\n			<td>\r\n				&nbsp;</td>\r\n			<td>\r\n				&nbsp;</td>\r\n			<td>\r\n				&nbsp;</td>\r\n			<td>\r\n				&nbsp;</td>\r\n		</tr>\r\n	</tbody>\r\n</table>\r\n<p>&nbsp;</p>\r\n<table border=\"1\" cellpadding=\"0\" cellspacing=\"0\" style=\"width:655px;\" width=\"655\">\r\n	<tbody>\r\n		<tr>\r\n			<td colspan=\"2\" style=\"width:211px;\">\r\n				<p>&nbsp;</p><p><strong>Colecciones de Glamour S.A. de C.V.</strong></p><p>&nbsp;</p></td>\r\n			<td style=\"width:120px;\">\r\n				<p>&nbsp;</p><p><strong>Le&oacute;n, Mexico</strong></p></td>\r\n			<td style=\"width:130px;\">\r\n				<p>&nbsp;</p><p><strong>IT Manager</strong></p></td>\r\n			<td style=\"width:104px;\">\r\n				<p>&nbsp;</p><p><strong>July 2010</strong></p></td>\r\n			<td style=\"width:90px;\">\r\n				<p>&nbsp;</p><p><strong>August 2011</strong></p></td>\r\n		</tr>\r\n		<tr>\r\n			<td colspan=\"6\" style=\"width:655px;\">\r\n				<p style=\"margin-left:.25in;\">&middot;&nbsp;&nbsp;&nbsp;&nbsp;&nbsp;&nbsp;&nbsp;&nbsp; Manager of IT resources in general, analyzing the requirements and generating strategies to improve the IT infrastructure as Data, Voice and Security of the entire enterprise.</p><p style=\"margin-left:.25in;\">&middot;&nbsp;&nbsp;&nbsp;&nbsp;&nbsp;&nbsp;&nbsp;&nbsp; Responsible of analysis, design and develop in the actual ERP and the migration to WEB JSP based system, coordinating one person in the department.</p><p style=\"margin-left:.25in;\">&middot;&nbsp;&nbsp;&nbsp;&nbsp;&nbsp;&nbsp;&nbsp;&nbsp; Software development of an assistance control system web based and card reader.</p><p style=\"margin-left:.25in;\">&nbsp;</p></td>\r\n		</tr>\r\n		<tr>\r\n			<td style=\"width:151px;\">\r\n				<p><u>Functional Experience:</u></p></td>\r\n			<td colspan=\"5\" style=\"width:504px;\">\r\n				<p>IT manager and software develop. Detection of troubles and needs about IT in general. Control and detection of new functionality in fabrication process.</p></td>\r\n		</tr>\r\n		<tr>\r\n			<td style=\"width:151px;\">\r\n				<p><u>Tools:</u></p></td>\r\n			<td colspan=\"5\" style=\"width:504px;\">\r\n				<p>Java-JSP, jQuery, AJAX, JSON, Dream weaver, HTML, SisInf, Oracle, MS Word, Linux Red Hat Enterprise Edition</p></td>\r\n		</tr>\r\n		<tr height=\"0\">\r\n			<td>\r\n				&nbsp;</td>\r\n			<td>\r\n				&nbsp;</td>\r\n			<td>\r\n				&nbsp;</td>\r\n			<td>\r\n				&nbsp;</td>\r\n			<td>\r\n				&nbsp;</td>\r\n			<td>\r\n				&nbsp;</td>\r\n		</tr>\r\n	</tbody>\r\n</table>\r\n<p>&nbsp;</p><p>&nbsp;</p><p>&nbsp;</p><p>&nbsp;</p><p>&nbsp;</p><p>&nbsp;</p>\r\n<table border=\"1\" cellpadding=\"0\" cellspacing=\"0\" style=\"width:655px;\" width=\"655\">\r\n	<tbody>\r\n		<tr>\r\n			<td colspan=\"2\" style=\"width:211px;\">\r\n				<p>&nbsp;</p><p><strong>CDI (Comisi&oacute;n Nacional para el Desarrollo de los Pueblos Ind&iacute;genas) &ndash;&nbsp; Porto MX</strong></p><p>&nbsp;</p></td>\r\n			<td style=\"width:120px;\">\r\n				<p>&nbsp;</p><p><strong>Distrito Federal, Mexico</strong></p></td>\r\n			<td style=\"width:111px;\">\r\n				<p>&nbsp;</p><p><strong>JAVA Developer</strong></p></td>\r\n			<td style=\"width:113px;\">\r\n				<p>&nbsp;</p><p><strong>September 2009</strong></p></td>\r\n			<td style=\"width:100px;\">\r\n				<p>&nbsp;</p><p><strong>January 2010</strong></p></td>\r\n		</tr>\r\n		<tr>\r\n			<td colspan=\"6\" style=\"width:655px;\">\r\n				<p style=\"margin-left:.25in;\">&middot;&nbsp;&nbsp;&nbsp;&nbsp;&nbsp;&nbsp;&nbsp;&nbsp; Software Engineer in the development of adaptation of module for SIM (Sistema Integral de Mujeres) of the new requirements for year 2010, controlling and following the status for the indigenous women&rsquo;s projects.</p><p style=\"margin-left:.25in;\">&nbsp;</p></td>\r\n		</tr>\r\n		<tr>\r\n			<td style=\"width:151px;\">\r\n				<p><u>Functional Experience:</u></p></td>\r\n			<td colspan=\"5\" style=\"width:504px;\">\r\n				<p>Web development experience, installation and configuration of develop ambient.</p></td>\r\n		</tr>\r\n		<tr>\r\n			<td style=\"width:151px;\">\r\n				<p><u>Tools:</u></p></td>\r\n			<td colspan=\"5\" style=\"width:504px;\">\r\n				<p>Sybase, JSP, SO/XP, Maven, Eclipse, Subversion, Crystal Reports</p></td>\r\n		</tr>\r\n		<tr height=\"0\">\r\n			<td>\r\n				&nbsp;</td>\r\n			<td>\r\n				&nbsp;</td>\r\n			<td>\r\n				&nbsp;</td>\r\n			<td>\r\n				&nbsp;</td>\r\n			<td>\r\n				&nbsp;</td>\r\n			<td>\r\n				&nbsp;</td>\r\n		</tr>\r\n	</tbody>\r\n</table>\r\n<p>&nbsp;</p>\r\n<table border=\"1\" cellpadding=\"0\" cellspacing=\"0\" style=\"width:655px;\" width=\"655\">\r\n	<tbody>\r\n		<tr>\r\n			<td colspan=\"2\" style=\"width:210px;\">\r\n				<p>&nbsp;</p><p><strong>Soluciones Corporativas al Comercio Exterior</strong></p><p>&nbsp;</p></td>\r\n			<td style=\"width:119px;\">\r\n				<p>&nbsp;</p><p><strong>Le&oacute;n, Mexico</strong></p></td>\r\n			<td style=\"width:123px;\">\r\n				<p>&nbsp;</p><p><strong>Project Leader</strong></p></td>\r\n			<td style=\"width:94px;\">\r\n				<p>&nbsp;</p><p><strong>March 2009</strong></p></td>\r\n			<td style=\"width:109px;\">\r\n				<p>&nbsp;</p><p><strong>September 2009</strong></p></td>\r\n		</tr>\r\n		<tr>\r\n			<td colspan=\"6\" style=\"width:655px;\">\r\n				<p style=\"margin-left:.25in;\">&middot;&nbsp;&nbsp;&nbsp;&nbsp;&nbsp;&nbsp;&nbsp;&nbsp; Project leader, migrating a desktop application to web based system. Software Engineer in the maintenance of an inventory of external commerce system.</p><p style=\"margin-left:.25in;\">&middot;&nbsp;&nbsp;&nbsp;&nbsp;&nbsp;&nbsp;&nbsp;&nbsp; Software Engineer in the design and develop of a system to import and export movements for Texas Instruments and Gran Emyco (Footwear Industry), for extraction of products from customs.</p><p style=\"margin-left:.25in;\">&nbsp;</p></td>\r\n		</tr>\r\n		<tr>\r\n			<td style=\"width:150px;\">\r\n				<p><u>Functional Experience:</u></p></td>\r\n			<td colspan=\"5\" style=\"width:505px;\">\r\n				<p>Project software Leadership. Coordinating a team of 2 developers.</p></td>\r\n		</tr>\r\n		<tr>\r\n			<td style=\"width:150px;\">\r\n				<p><u>Tools:</u></p></td>\r\n			<td colspan=\"5\" style=\"width:505px;\">\r\n				<p>PHP, MySQL, jQuery, AJAX, Enterprise Architect, Visual Basic 6.0, SQL 2000, flash, Dreamweaver.</p><p>&nbsp;</p></td>\r\n		</tr>\r\n		<tr height=\"0\">\r\n			<td>\r\n				&nbsp;</td>\r\n			<td>\r\n				&nbsp;</td>\r\n			<td>\r\n				&nbsp;</td>\r\n			<td>\r\n				&nbsp;</td>\r\n			<td>\r\n				&nbsp;</td>\r\n			<td>\r\n				&nbsp;</td>\r\n		</tr>\r\n	</tbody>\r\n</table>\r\n<p>&nbsp;</p>\r\n<table border=\"1\" cellpadding=\"0\" cellspacing=\"0\" style=\"width:655px;\" width=\"655\">\r\n	<tbody>\r\n		<tr>\r\n			<td colspan=\"2\" style=\"width:187px;\">\r\n				<p>&nbsp;</p><p><strong>Corporativo Mu&ntilde;oz C. y Asociados</strong></p><p>&nbsp;</p></td>\r\n			<td style=\"width:113px;\">\r\n				<p>&nbsp;</p><p><strong>Le&oacute;n, Mexico</strong></p></td>\r\n			<td style=\"width:123px;\">\r\n				<p>&nbsp;</p><p><strong>DBA &ndash; Technical Support</strong></p></td>\r\n			<td style=\"width:113px;\">\r\n				<p>&nbsp;</p><p><strong>February 2007</strong></p></td>\r\n			<td style=\"width:119px;\">\r\n				<p>&nbsp;</p><p><strong>December 2007</strong></p></td>\r\n		</tr>\r\n		<tr>\r\n			<td colspan=\"6\" style=\"width:655px;\">\r\n				<p style=\"margin-left:.25in;\">&middot;&nbsp;&nbsp;&nbsp;&nbsp;&nbsp;&nbsp;&nbsp;&nbsp; Database administration, configuration and maintenance to the databases of the callcenter.</p><p style=\"margin-left:.25in;\">&middot;&nbsp;&nbsp;&nbsp;&nbsp;&nbsp;&nbsp;&nbsp;&nbsp; Administration of reminders and VoIP Servers.</p><p style=\"margin-left:.25in;\">&middot;&nbsp;&nbsp;&nbsp;&nbsp;&nbsp;&nbsp;&nbsp;&nbsp; Programming and administration of Data Transformation Services</p><p style=\"margin-left:.25in;\">&middot;&nbsp;&nbsp;&nbsp;&nbsp;&nbsp;&nbsp;&nbsp;&nbsp; IT technical support and develop of small applications.</p><p style=\"margin-left:.25in;\">&middot;&nbsp;&nbsp;&nbsp;&nbsp;&nbsp;&nbsp;&nbsp;&nbsp; Generate reports and data extractions.</p><p style=\"margin-left:.25in;\">&nbsp;</p></td>\r\n		</tr>\r\n		<tr>\r\n			<td style=\"width:151px;\">\r\n				<p><u>Functional Experience:</u></p></td>\r\n			<td colspan=\"5\" style=\"width:504px;\">\r\n				<p>Data Base Administration. Technical support.</p></td>\r\n		</tr>\r\n		<tr>\r\n			<td style=\"width:151px;\">\r\n				<p><u>Tools:</u></p></td>\r\n			<td colspan=\"5\" style=\"width:504px;\">\r\n				<p>MS-SQL 2000,2003, Windows Storage 2003, Crystal Reports, NUXIBA technologies.</p></td>\r\n		</tr>\r\n		<tr height=\"0\">\r\n			<td>\r\n				&nbsp;</td>\r\n			<td>\r\n				&nbsp;</td>\r\n			<td>\r\n				&nbsp;</td>\r\n			<td>\r\n				&nbsp;</td>\r\n			<td>\r\n				&nbsp;</td>\r\n			<td>\r\n				&nbsp;</td>\r\n		</tr>\r\n	</tbody>\r\n</table>\r\n<h2 align=\"center\">\r\n	&nbsp;</h2>\r\n<table border=\"1\" cellpadding=\"0\" cellspacing=\"0\" style=\"width:655px;\" width=\"655\">\r\n	<tbody>\r\n		<tr>\r\n			<td colspan=\"2\" style=\"width:187px;\">\r\n				<p>&nbsp;</p><p><strong>Freelance</strong></p><p>&nbsp;</p></td>\r\n			<td style=\"width:123px;\">\r\n				<p>&nbsp;</p><p><strong>Le&oacute;n, Mexico</strong></p></td>\r\n			<td style=\"width:123px;\">\r\n				<p>&nbsp;</p><p><strong>IT Consultant</strong></p></td>\r\n			<td style=\"width:104px;\">\r\n				<p>&nbsp;</p><p><strong>April 2004</strong></p></td>\r\n			<td style=\"width:119px;\">\r\n				<p>&nbsp;</p><p><strong>September 2012</strong></p></td>\r\n		</tr>\r\n		<tr>\r\n			<td colspan=\"6\" style=\"width:655px;\">\r\n				<p style=\"margin-left:.25in;\">&middot;&nbsp;&nbsp;&nbsp;&nbsp;&nbsp;&nbsp;&nbsp;&nbsp; Preventive and corrective maintenance service for pc, laptop, printers and video games as independent professional.</p><p style=\"margin-left:.25in;\">&middot;&nbsp;&nbsp;&nbsp;&nbsp;&nbsp;&nbsp;&nbsp;&nbsp; Remote support and On-site for troubleshooting for home, offices and small business.</p><p style=\"margin-left:.25in;\">&middot;&nbsp;&nbsp;&nbsp;&nbsp;&nbsp;&nbsp;&nbsp;&nbsp; Installation, configuration and maintenance of CCTV for particular and small business giving the correspondent support and post service.</p><p style=\"margin-left:.25in;\">&nbsp;</p></td>\r\n		</tr>\r\n		<tr>\r\n			<td style=\"width:151px;\">\r\n				<p><u>Functional Experience:</u></p></td>\r\n			<td colspan=\"5\" style=\"width:504px;\">\r\n				<p>Support and maintenance service. Detection and correction of damages in pc and laptop. Installation and configuration of CCTV systems and remote access.</p></td>\r\n		</tr>\r\n		<tr>\r\n			<td style=\"width:151px;\">\r\n				<p><u>Tools:</u></p></td>\r\n			<td colspan=\"5\" style=\"width:504px;\">\r\n				<p>WinVNC, TeamViewer, Norton Partition Magic, WiFi, Cisco, etc.</p></td>\r\n		</tr>\r\n		<tr height=\"0\">\r\n			<td>\r\n				&nbsp;</td>\r\n			<td>\r\n				&nbsp;</td>\r\n			<td>\r\n				&nbsp;</td>\r\n			<td>\r\n				&nbsp;</td>\r\n			<td>\r\n				&nbsp;</td>\r\n			<td>\r\n				&nbsp;</td>\r\n		</tr>\r\n	</tbody>\r\n</table>\r\n<p>&nbsp;</p>\r\n<h2 align=\"center\">\r\n	&nbsp;</h2>\r\n<p>&nbsp;</p><p>&nbsp;</p><p>&nbsp;</p><p>&nbsp;</p><p>&nbsp;</p><p>&nbsp;</p><p>&nbsp;</p><p>&nbsp;</p><p>&nbsp;</p>\r\n<h2 align=\"center\">\r\n	EDUCATION</h2>\r\n<table border=\"1\" cellpadding=\"0\" cellspacing=\"0\">\r\n	<tbody>\r\n		<tr>\r\n			<td style=\"width:379px;\">\r\n				<p>&nbsp;</p><p><strong>Universidad Tecnol&oacute;gica de Le&oacute;n - UNIDEG</strong></p></td>\r\n			<td style=\"width:132px;\">\r\n				<p>&nbsp;</p><p><strong>Le&oacute;n, Mexico</strong></p></td>\r\n			<td style=\"width:127px;\">\r\n				<p>&nbsp;</p><p><strong>2004- 2008</strong></p></td>\r\n		</tr>\r\n		<tr>\r\n			<td style=\"width:379px;\">\r\n				<p>Bachelor in Computer Systems Engineering and Telematics</p></td>\r\n			<td style=\"width:132px;\">\r\n				<p>&nbsp;</p></td>\r\n			<td style=\"width:127px;\">\r\n				<p>&nbsp;</p></td>\r\n		</tr>\r\n	</tbody>\r\n</table>\r\n<p>&nbsp;</p>\r\n<h2 align=\"center\">\r\n	PROFESIONAL DEVELOPMENT</h2>\r\n<table border=\"1\" cellpadding=\"0\" cellspacing=\"0\">\r\n	<tbody>\r\n		<tr>\r\n			<td style=\"width:379px;\">\r\n				<p>&nbsp;</p><p>Oracle ADF, JDeveloper</p></td>\r\n			<td style=\"width:132px;\">\r\n				<p>&nbsp;</p><p>Softeknia</p></td>\r\n			<td style=\"width:127px;\">\r\n				<p>&nbsp;</p><p>Jul 2011</p></td>\r\n		</tr>\r\n		<tr>\r\n			<td style=\"width:379px;\">\r\n				<p>Struts Fundaments</p></td>\r\n			<td style=\"width:132px;\">\r\n				<p>Porto MX.</p></td>\r\n			<td style=\"width:127px;\">\r\n				<p>Oct 2009</p></td>\r\n		</tr>\r\n		<tr>\r\n			<td style=\"width:379px;\">\r\n				<p>Web fundaments, JAVA</p></td>\r\n			<td style=\"width:132px;\">\r\n				<p>Porto MX</p></td>\r\n			<td style=\"width:127px;\">\r\n				<p>Nov 2009</p></td>\r\n		</tr>\r\n		<tr>\r\n			<td style=\"width:379px;\">\r\n				<p>Programming Architecture and Standards</p></td>\r\n			<td style=\"width:132px;\">\r\n				<p>Porto MX.</p></td>\r\n			<td style=\"width:127px;\">\r\n				<p>Dec 2009</p></td>\r\n		</tr>\r\n		<tr>\r\n			<td style=\"width:379px;\">\r\n				<p>Microsoft Office Specialist</p></td>\r\n			<td style=\"width:132px;\">\r\n				<p>UTL-UNIDEG</p></td>\r\n			<td style=\"width:127px;\">\r\n				<p>Sep 2006</p></td>\r\n		</tr>\r\n		<tr>\r\n			<td style=\"width:379px;\">\r\n				<p>CCNA Cisco Systems</p></td>\r\n			<td style=\"width:132px;\">\r\n				<p>UTL-UNIDEG</p></td>\r\n			<td style=\"width:127px;\">\r\n				<p>2004 - 2006</p></td>\r\n		</tr>\r\n		<tr>\r\n			<td style=\"width:379px;\">\r\n				<p>TSP (Team Software Process)</p></td>\r\n			<td style=\"width:132px;\">\r\n				<p>Quarksoft</p></td>\r\n			<td style=\"width:127px;\">\r\n				<p>2006</p></td>\r\n		</tr>\r\n		<tr>\r\n			<td style=\"width:379px;\">\r\n				<p>PSP (Personal Software Process)</p></td>\r\n			<td style=\"width:132px;\">\r\n				<p>Quarksoft</p></td>\r\n			<td style=\"width:127px;\">\r\n				<p>2006</p></td>\r\n		</tr>\r\n	</tbody>\r\n</table>\r\n<p>&nbsp;</p>\r\n<h2 align=\"center\">\r\n	LANGUAGES</h2>\r\n<table border=\"1\" cellpadding=\"0\" cellspacing=\"0\">\r\n	<tbody>\r\n		<tr>\r\n			<td style=\"width:638px;\">\r\n				<p>&nbsp;</p><p>Spanish native, English basic</p></td>\r\n		</tr>\r\n	</tbody>\r\n</table>\r\n<p>&nbsp;</p>\r\n<h2 align=\"center\">\r\n	TECHNICAL/MANAGERIAL SKILLS</h2>\r\n<table border=\"1\" cellpadding=\"0\" cellspacing=\"0\">\r\n	<tbody>\r\n		<tr>\r\n			<td style=\"width:163px;\">\r\n				<p>&nbsp;</p><p>Primary Profile:</p></td>\r\n			<td style=\"width:475px;\">\r\n				<p>&nbsp;</p><p>Software Engineer Analyst for Java web based systems</p></td>\r\n		</tr>\r\n		<tr>\r\n			<td style=\"width:163px;\">\r\n				<p>Secondary Profile:</p></td>\r\n			<td style=\"width:475px;\">\r\n				<p>Technical Support</p></td>\r\n		</tr>\r\n		<tr>\r\n			<td style=\"width:163px;\">\r\n				<p>Hardware:</p></td>\r\n			<td style=\"width:475px;\">\r\n				<p>PC, laptop, scanner, printer, projector, bar code and card readers.</p></td>\r\n		</tr>\r\n		<tr>\r\n			<td style=\"width:163px;\">\r\n				<p>Operating Systems:</p></td>\r\n			<td style=\"width:475px;\">\r\n				<p>Windows 7 and older versions and Linux</p></td>\r\n		</tr>\r\n		<tr>\r\n			<td style=\"width:163px;\">\r\n				<p>Programming Languages:</p></td>\r\n			<td style=\"width:475px;\">\r\n				<p>Java (4 years), JSP, EJB, Servlets, J2EE, jQuery, Swing, JavaScript, HTML, Visual Basic 6.0, .NET, PHP, C#.</p></td>\r\n		</tr>\r\n		<tr>\r\n			<td style=\"width:163px;\">\r\n				<p>Databases:</p></td>\r\n			<td style=\"width:475px;\">\r\n				<p>Oracle, MySql, SQL, Informix, Sybase.</p></td>\r\n		</tr>\r\n		<tr>\r\n			<td style=\"width:163px;\">\r\n				<p>App. Servers:</p></td>\r\n			<td style=\"width:475px;\">\r\n				<p>Weblogic Server 11g, Tomcat, Apache.</p></td>\r\n		</tr>\r\n		<tr>\r\n			<td style=\"width:163px;\">\r\n				<p>Other:</p></td>\r\n			<td style=\"width:475px;\">\r\n				<p>JDeveloper IDE, Eclipse IDE, UML, Netbeans IDE, Rational Rose, Subversion Version Control System, Macromedia Flash, Frontpage, Dreamweaver,MS Office, MS Visio, MS Project, Enterprise Architect.</p></td>\r\n		</tr>\r\n	</tbody>\r\n</table>\r\n<p>&nbsp;</p>', 1, 'application/vnd.openxmlformats-officedocument.word', 'I', 0, 1, 27039, '' ), ( 45, 'DOC6', 'Baltazar Tadeo Quiroz Islas', 'Baltazar_Quiroz_Resume.docx', '', 1, 'application/vnd.openxmlformats-officedocument.word', 'I', 1, 1, 74293, '' ), ( 67, 'DOC7', 'Juan Manuel Sarr Prez', 'Juan_Manuel_Sarr_Prez_Identity_6_years.docx', '', 1, 'application/vnd.openxmlformats-officedocument.word', 'I', 0, 1, 22801, '' ), ( 70, 'DOC8', 'Alejandro Grijalva', 'Alejandro_Grijalva.docx', '', 1, 'application/vnd.openxmlformats-officedocument.word', 'I', 0, 1, 21041, '' ), ( 73, 'DOC9', 'Tyron Orlando Resume', 'TayronVargasResume.docx', '<table align=\"left\" border=\"1\" cellpadding=\"0\" cellspacing=\"0\" width=\"621\">\r\n	<tbody>\r\n		<tr>\r\n			<td style=\"width:133px;height:.2in;\">\r\n				<p align=\"left\">Profile Summary:</p></td>\r\n			<td style=\"width:488px;height:.2in;\">\r\n				<p>Seven years of experience developing web applications with .NET technologies, JavaScript and XML with backend of SQL DB Queries and TSQL-Objects. Four years of experience developing extraction transformation and loading data applications using PL/SQL Queries and Objects. Three years of experience working with web applications with ASP, CSS, VBScript and VB 6. Some experience with projects using DTS and XAML.</p><p>&nbsp;</p><p>&nbsp;</p><p align=\"left\"><strong>Troubleshooting &amp; Issue Resolution&nbsp; /&nbsp;&nbsp; Implementation &amp;&nbsp; Migration / Development &amp; Deployment /&nbsp; Process Improvement </strong></p></td>\r\n		</tr>\r\n		<tr>\r\n			<td style=\"width:133px;height:.2in;\">\r\n				<p align=\"left\">Visa Status</p></td>\r\n			<td style=\"width:488px;height:.2in;\">\r\n				<p align=\"left\">TN Visa &ndash; sponsor HCL</p></td>\r\n		</tr>\r\n		<tr>\r\n			<td style=\"width:133px;height:.2in;\">\r\n				<p align=\"left\">Current Location</p></td>\r\n			<td style=\"width:488px;height:.2in;\">\r\n				<p align=\"left\">Guadalajara, Jalisco. M&eacute;xico</p></td>\r\n		</tr>\r\n		<tr>\r\n			<td style=\"width:133px;height:.2in;\">\r\n				<p align=\"left\">Educational Qualifications</p></td>\r\n			<td style=\"width:488px;height:.2in;\">\r\n				<table align=\"left\" border=\"1\" cellpadding=\"0\" cellspacing=\"0\" width=\"486\">\r\n					<tbody>\r\n						<tr>\r\n							<td style=\"width:117px;height:18px;\">\r\n								<p align=\"left\" style=\"margin-left:3.1pt;\"><strong><em>Qualification (Course)</em></strong></p></td>\r\n							<td style=\"width:201px;height:18px;\">\r\n								<p align=\"left\" style=\"margin-left:1.35pt;\"><strong><em>University</em></strong></p></td>\r\n							<td style=\"width:168px;height:18px;\">\r\n								<p align=\"left\" style=\"margin-left:.05in;\"><strong><em>Passing Yr.</em></strong></p></td>\r\n						</tr>\r\n						<tr>\r\n							<td style=\"width:117px;height:18px;\">\r\n								<p align=\"left\" style=\"margin-left:3.1pt;\"><strong><em>Information Technology Engineer</em></strong></p></td>\r\n							<td style=\"width:201px;height:18px;\">\r\n								<p align=\"left\" style=\"margin-left:1.35pt;\"><strong><em>Instituto Politecnico Nacional</em></strong></p></td>\r\n							<td style=\"width:168px;height:18px;\">\r\n								<p align=\"left\" style=\"margin-left:.05in;\"><strong><em>2003</em></strong></p></td>\r\n						</tr>\r\n					</tbody>\r\n				</table>\r\n				<p align=\"left\">&nbsp;</p></td>\r\n		</tr>\r\n		<tr>\r\n			<td style=\"width:133px;height:.2in;\">\r\n				<p align=\"left\">Certifications</p></td>\r\n			<td style=\"width:488px;height:.2in;\">\r\n				<p>TS: Microsoft .NET Framework 3.5, ASP.NET Application Development</p><p>TS: Microsoft .NET Framework - Application Development Foundation</p><p>&nbsp;</p><p><a href=\"https://mcp.microsoft.com/authenticate/validatemcp.aspx\">https://mcp.microsoft.com/authenticate/validatemcp.aspx</a><br />\r\n				Transcript ID: 956417</p><p>Access Code: Tayron2MCTSNet</p></td>\r\n		</tr>\r\n		<tr>\r\n			<td style=\"width:133px;height:.2in;\">\r\n				<p align=\"left\">Work Experience</p><p align=\"left\">&nbsp;</p></td>\r\n			<td style=\"width:488px;height:.2in;\">\r\n				<table align=\"left\" border=\"1\" cellpadding=\"0\" cellspacing=\"0\" width=\"486\">\r\n					<tbody>\r\n						<tr>\r\n							<td style=\"width:144px;height:17px;\">\r\n								<p align=\"left\"><strong><em>Organization</em></strong></p></td>\r\n							<td style=\"width:173px;height:17px;\">\r\n								<p align=\"left\"><strong><em>Last played Role</em></strong></p></td>\r\n							<td style=\"width:170px;height:17px;\">\r\n								<p align=\"left\"><strong><em>Service Period</em></strong></p></td>\r\n						</tr>\r\n						<tr>\r\n							<td style=\"width:144px;height:17px;\">\r\n								<p align=\"left\"><strong>HCL</strong></p><p align=\"left\"><strong>Client:</strong></p><p align=\"left\"><strong>Microsoft</strong></p></td>\r\n							<td style=\"width:173px;height:17px;\">\r\n								<p align=\"left\">Sr. Software &nbsp;Engineer</p></td>\r\n							<td style=\"width:170px;height:17px;\">\r\n								<p align=\"left\">May 2012 - current</p></td>\r\n						</tr>\r\n						<tr>\r\n							<td style=\"width:144px;height:17px;\">\r\n								<p align=\"left\"><strong>Hildebrando</strong></p><p align=\"left\"><strong>Client: Esurance</strong></p></td>\r\n							<td style=\"width:173px;height:17px;\">\r\n								<p align=\"left\">Sr. Software &nbsp;Engineer</p></td>\r\n							<td style=\"width:170px;height:17px;\">\r\n								<p align=\"left\">November 2011 &ndash; June 2012</p></td>\r\n						</tr>\r\n						<tr>\r\n							<td style=\"width:144px;height:17px;\">\r\n								<p align=\"left\"><strong>Softtek</strong></p><p align=\"left\"><strong>Client:</strong></p><p align=\"left\"><strong>GE Treasury</strong></p></td>\r\n							<td style=\"width:173px;height:17px;\">\r\n								<p align=\"left\">Sr. Software &nbsp;Engineer</p></td>\r\n							<td style=\"width:170px;height:17px;\">\r\n								<p align=\"left\">February 2010 &ndash;&nbsp; November 2011</p></td>\r\n						</tr>\r\n						<tr>\r\n							<td style=\"width:144px;height:17px;\">\r\n								<p align=\"left\"><strong>Softtek</strong></p><p align=\"left\"><strong>Client:</strong></p><p align=\"left\"><strong>Groupex - CMT</strong></p></td>\r\n							<td style=\"width:173px;height:17px;\">\r\n								<p align=\"left\">Software &nbsp;Engineer</p></td>\r\n							<td style=\"width:170px;height:17px;\">\r\n								<p align=\"left\">Jun 2004 &ndash;</p><p align=\"left\">February 2010</p></td>\r\n						</tr>\r\n					</tbody>\r\n				</table>\r\n				<p align=\"left\">&nbsp;</p></td>\r\n		</tr>\r\n		<tr>\r\n			<td style=\"width:133px;height:.2in;\">\r\n				<p>Skill set</p></td>\r\n			<td style=\"width:488px;height:.2in;\">\r\n				<table align=\"left\" border=\"1\" cellpadding=\"0\" cellspacing=\"0\" width=\"491\">\r\n					<tbody>\r\n						<tr>\r\n							<td style=\"width:141px;height:17px;\">\r\n								<p align=\"left\"><strong><em>No.</em></strong></p></td>\r\n							<td style=\"width:132px;height:17px;\">\r\n								<p align=\"left\"><strong><em>Skill</em></strong></p></td>\r\n							<td style=\"width:217px;height:17px;\">\r\n								<p align=\"left\"><strong><em>Experience/ Conversant/ Familiar</em></strong></p></td>\r\n						</tr>\r\n						<tr>\r\n							<td style=\"width:141px;height:17px;\">\r\n								<p align=\"left\"><strong>1</strong></p></td>\r\n							<td style=\"width:132px;height:17px;\">\r\n								<p align=\"left\">C#</p></td>\r\n							<td style=\"width:217px;height:17px;\">\r\n								<p align=\"left\"><strong><em>Experience</em></strong></p></td>\r\n						</tr>\r\n						<tr>\r\n							<td style=\"width:141px;height:17px;\">\r\n								<p align=\"left\"><strong>2</strong></p></td>\r\n							<td style=\"width:132px;height:17px;\">\r\n								<p align=\"left\">SQL Server 2005 / 2008</p></td>\r\n							<td style=\"width:217px;height:17px;\">\r\n								<p align=\"left\"><strong><em>Experience</em></strong></p></td>\r\n						</tr>\r\n						<tr>\r\n							<td style=\"width:141px;height:17px;\">\r\n								<p align=\"left\"><strong>3</strong></p></td>\r\n							<td style=\"width:132px;height:17px;\">\r\n								<p align=\"left\">ASP.NET</p></td>\r\n							<td style=\"width:217px;height:17px;\">\r\n								<p align=\"left\"><strong><em>Experience</em></strong></p></td>\r\n						</tr>\r\n						<tr>\r\n							<td style=\"width:141px;height:17px;\">\r\n								<p align=\"left\"><strong>4</strong></p></td>\r\n							<td style=\"width:132px;height:17px;\">\r\n								<p align=\"left\">HTML</p></td>\r\n							<td style=\"width:217px;height:17px;\">\r\n								<p align=\"left\"><strong><em>Experience</em></strong></p></td>\r\n						</tr>\r\n						<tr>\r\n							<td style=\"width:141px;height:17px;\">\r\n								<p align=\"left\"><strong>5</strong></p></td>\r\n							<td style=\"width:132px;height:17px;\">\r\n								<p align=\"left\">XML</p></td>\r\n							<td style=\"width:217px;height:17px;\">\r\n								<p align=\"left\"><strong><em>Experience</em></strong></p></td>\r\n						</tr>\r\n						<tr>\r\n							<td style=\"width:141px;height:17px;\">\r\n								<p align=\"left\"><strong>6</strong></p></td>\r\n							<td style=\"width:132px;height:17px;\">\r\n								<p align=\"left\">PL/SQL</p></td>\r\n							<td style=\"width:217px;height:17px;\">\r\n								<p align=\"left\"><strong><em>Experience</em></strong></p></td>\r\n						</tr>\r\n						<tr>\r\n							<td style=\"width:141px;height:17px;\">\r\n								<p align=\"left\"><strong>7</strong></p></td>\r\n							<td style=\"width:132px;height:17px;\">\r\n								<p align=\"left\">JavaScript</p></td>\r\n							<td style=\"width:217px;height:17px;\">\r\n								<p align=\"left\"><strong><em>Conversant</em></strong></p></td>\r\n						</tr>\r\n						<tr>\r\n							<td style=\"width:141px;height:17px;\">\r\n								<p align=\"left\"><strong>8</strong></p></td>\r\n							<td style=\"width:132px;height:17px;\">\r\n								<p align=\"left\">CSS</p></td>\r\n							<td style=\"width:217px;height:17px;\">\r\n								<p align=\"left\"><strong><em>Conversant</em></strong></p></td>\r\n						</tr>\r\n						<tr>\r\n							<td style=\"width:141px;height:17px;\">\r\n								<p align=\"left\"><strong>9</strong></p></td>\r\n							<td style=\"width:132px;height:17px;\">\r\n								<p align=\"left\">WebServices</p></td>\r\n							<td style=\"width:217px;height:17px;\">\r\n								<p align=\"left\"><strong><em>Familiar</em></strong></p></td>\r\n						</tr>\r\n						<tr>\r\n							<td style=\"width:141px;height:17px;\">\r\n								<p align=\"left\"><strong>10</strong></p></td>\r\n							<td style=\"width:132px;height:17px;\">\r\n								<p align=\"left\">XML to Linq</p></td>\r\n							<td style=\"width:217px;height:17px;\">\r\n								<p align=\"left\"><strong><em>Familiar</em></strong></p></td>\r\n						</tr>\r\n						<tr>\r\n							<td style=\"width:141px;height:17px;\">\r\n								<p align=\"left\"><strong>11</strong></p></td>\r\n							<td style=\"width:132px;height:17px;\">\r\n								<p align=\"left\">XSLT</p></td>\r\n							<td style=\"width:217px;height:17px;\">\r\n								<p align=\"left\"><strong><em>Familiar</em></strong></p></td>\r\n						</tr>\r\n						<tr>\r\n							<td style=\"width:141px;height:17px;\">\r\n								<p align=\"left\"><strong>12</strong></p></td>\r\n							<td style=\"width:132px;height:17px;\">\r\n								<p align=\"left\">HTML5</p></td>\r\n							<td style=\"width:217px;height:17px;\">\r\n								<p align=\"left\"><strong><em>familiar</em></strong></p></td>\r\n						</tr>\r\n						<tr>\r\n							<td style=\"width:141px;height:17px;\">\r\n								<p align=\"left\"><strong>13</strong></p></td>\r\n							<td style=\"width:132px;height:17px;\">\r\n								<p align=\"left\">XAML</p></td>\r\n							<td style=\"width:217px;height:17px;\">\r\n								<p align=\"left\"><strong><em>Familiar</em></strong></p></td>\r\n						</tr>\r\n						<tr>\r\n							<td style=\"width:141px;height:17px;\">\r\n								<p align=\"left\"><strong>14</strong></p></td>\r\n							<td style=\"width:132px;height:17px;\">\r\n								<p align=\"left\">Silverlight 4.0 for Windows Phone</p></td>\r\n							<td style=\"width:217px;height:17px;\">\r\n								<p align=\"left\"><strong><em>Familiar</em></strong></p></td>\r\n						</tr>\r\n						<tr>\r\n							<td style=\"width:141px;height:17px;\">\r\n								<p align=\"left\"><strong>15</strong></p></td>\r\n							<td style=\"width:132px;height:17px;\">\r\n								<p align=\"left\">Windows 8 app development</p></td>\r\n							<td style=\"width:217px;height:17px;\">\r\n								<p align=\"left\"><strong><em>Familiar</em></strong></p></td>\r\n						</tr>\r\n						<tr>\r\n							<td style=\"width:141px;height:17px;\">\r\n								<p align=\"left\"><strong>16</strong></p></td>\r\n							<td style=\"width:132px;height:17px;\">\r\n								<p align=\"left\">ASP. NET MVC 3</p></td>\r\n							<td style=\"width:217px;height:17px;\">\r\n								<p align=\"left\"><strong><em>Familiar</em></strong></p></td>\r\n						</tr>\r\n						<tr>\r\n							<td style=\"width:141px;height:17px;\">\r\n								<p align=\"left\"><strong>17</strong></p></td>\r\n							<td style=\"width:132px;height:17px;\">\r\n								<p align=\"left\">WCF</p></td>\r\n							<td style=\"width:217px;height:17px;\">\r\n								<p align=\"left\"><strong><em>Familiar</em></strong></p></td>\r\n						</tr>\r\n					</tbody>\r\n				</table>\r\n				<p align=\"left\">&nbsp;</p></td>\r\n		</tr>\r\n		<tr>\r\n			<td style=\"width:133px;height:.2in;\">\r\n				<p align=\"left\">Awards &amp; Achievements</p></td>\r\n			<td style=\"width:488px;height:.2in;\">\r\n				<p align=\"left\">&nbsp;</p><p align=\"left\"><strong>GE &ndash;Softtek VOC (Voice of the Customer) Award, In grateful Appreciation of Outstanding Service and Dedication (2011)</strong></p></td>\r\n		</tr>\r\n	</tbody>\r\n</table>\r\n<p>&nbsp;</p>\r\n<table border=\"1\" cellpadding=\"0\" cellspacing=\"0\">\r\n	<tbody>\r\n		<tr>\r\n			<td colspan=\"4\" style=\"width:614px;height:30px;\">\r\n				<p align=\"left\"><strong>Project Details </strong></p></td>\r\n		</tr>\r\n		<tr>\r\n			<td colspan=\"4\" style=\"width:614px;height:30px;\">\r\n				<p align=\"left\"><strong>Project name : Microsoft training&nbsp; (may 2012 &ndash; Current)</strong></p></td>\r\n		</tr>\r\n		<tr>\r\n			<td style=\"width:145px;\">\r\n				<p><strong>Client </strong></p></td>\r\n			<td style=\"width:220px;\">\r\n				<h1>\r\n					Microsoft</h1>\r\n			</td>\r\n			<td style=\"width:82px;\">\r\n				<p><strong>Team Size</strong></p></td>\r\n			<td style=\"width:166px;\">\r\n				<h1>\r\n					10</h1>\r\n			</td>\r\n		</tr>\r\n		<tr>\r\n			<td style=\"width:145px;\">\r\n				<p><strong>Project&nbsp; Description</strong></p></td>\r\n			<td colspan=\"3\" style=\"width:469px;\">\r\n				<p>This project was about training to apply for Microsoft interviews</p></td>\r\n		</tr>\r\n		<tr>\r\n			<td style=\"width:145px;\">\r\n				<p><strong>Languages/ Technologies/Tools</strong></p></td>\r\n			<td colspan=\"3\" style=\"width:469px;\">\r\n				<p><strong>.</strong><strong>NET Framework 3.0, 4.0, C#, ASP.NET, SQL Server 2008, JavaScript, CSS, XML,&nbsp; WCF, MVC.</strong></p></td>\r\n		</tr>\r\n		<tr>\r\n			<td style=\"width:145px;\">\r\n				<p><strong>Role</strong></p></td>\r\n			<td colspan=\"3\" style=\"width:469px;\">\r\n				<p><strong>Software Engineer Sr.</strong></p></td>\r\n		</tr>\r\n		<tr>\r\n			<td style=\"width:145px;\">\r\n				<p><strong>Responsibilities</strong></p></td>\r\n			<td colspan=\"3\" style=\"width:469px;\">\r\n				<p style=\"margin-left:.5in;\">&middot;&nbsp;&nbsp;&nbsp;&nbsp;&nbsp;&nbsp; To learn about new Microsoft technologies</p><p style=\"margin-left:.5in;\">&middot;&nbsp;&nbsp;&nbsp;&nbsp;&nbsp;&nbsp; Working in problem solving</p><p style=\"margin-left:.5in;\">&middot;&nbsp;&nbsp;&nbsp;&nbsp;&nbsp;&nbsp; Working with algorithms</p></td>\r\n		</tr>\r\n	</tbody>\r\n</table>\r\n<p>&nbsp;</p>\r\n<table border=\"1\" cellpadding=\"0\" cellspacing=\"0\">\r\n	<tbody>\r\n		<tr>\r\n			<td colspan=\"4\" style=\"width:614px;height:30px;\">\r\n				<p align=\"left\"><strong>Project name : Ins OP&nbsp; (Nov 2011 &ndash; May 2012)</strong></p></td>\r\n		</tr>\r\n		<tr>\r\n			<td style=\"width:145px;\">\r\n				<p><strong>Client </strong></p></td>\r\n			<td style=\"width:220px;\">\r\n				<h1>\r\n					Esurance Inc.</h1>\r\n			</td>\r\n			<td style=\"width:82px;\">\r\n				<p><strong>Team Size</strong></p></td>\r\n			<td style=\"width:166px;\">\r\n				<h1>\r\n					30</h1>\r\n			</td>\r\n		</tr>\r\n		<tr>\r\n			<td style=\"width:145px;\">\r\n				<p><strong>Project&nbsp; Description</strong></p></td>\r\n			<td colspan=\"3\" style=\"width:469px;\">\r\n				<p>This project was about <strong>integrating new functionalities</strong> and <strong>fixing defects</strong> in the mission-critical <strong>web applications</strong> of the company.</p><p>&nbsp;</p><p>The task of developing a set of new functionalities was done every month. The development cycle started with understanding a Business Requirement Document. In this stage we had to read the document thoroughly and clarify with business personnel possible ambiguities and contradictions. Then I received the technical design document draft, I had to review the specified the changes in code and configuration to be clear in the changes that will be applied and also, those changes have to complain with the BRD. After this, coding was ready to be written. Then we had to perform an integration testing in order to verify that functionalities were implemented correctly.</p><p>&nbsp;</p><p>There was another application console-based in which I received the BRD document and the TDD and I had to develop the solution to send the customer&acute;s policies information to the state where the insurance was issued via FTP or to develop some fixes for bug.</p><p>&nbsp;</p><p>For <strong>live site bugs</strong>, I received an email in which the bug number in bugzila was mentioned, so I had to go there and look for the information related to the bug, then I had to try to replicate the bug or ask for more information to replicate the bug, once I knew what is causing the bug, I analyzed the bug and I had to proposed one solution.</p></td>\r\n		</tr>\r\n		<tr>\r\n			<td style=\"width:145px;\">\r\n				<p><strong>Languages/ Technologies/Tools</strong></p></td>\r\n			<td colspan=\"3\" style=\"width:469px;\">\r\n				<p><strong>.</strong><strong>NET Framework 1.1, 3.0, C#, ASP.NET, SQL Server 2008, JavaScript, CSS, XML,&nbsp; IBM Rational ClearCase, Bugzila, Outlook, Beyond Compare and NetMeeting.</strong></p></td>\r\n		</tr>\r\n		<tr>\r\n			<td style=\"width:145px;\">\r\n				<p><strong>Role</strong></p></td>\r\n			<td colspan=\"3\" style=\"width:469px;\">\r\n				<p><strong>Software Engineer Sr.</strong></p></td>\r\n		</tr>\r\n		<tr>\r\n			<td style=\"width:145px;\">\r\n				<p><strong>Responsibilities</strong></p></td>\r\n			<td colspan=\"3\" style=\"width:469px;\">\r\n				<p style=\"margin-left:.5in;\">&nbsp;</p><p style=\"margin-left:.5in;\">&middot;&nbsp;&nbsp;&nbsp;&nbsp;&nbsp;&nbsp; <strong>Analyze and understand business requirements</strong>.</p><p style=\"margin-left:.5in;\">&middot;&nbsp;&nbsp;&nbsp;&nbsp;&nbsp;&nbsp; Maintain clear communication with business.</p><p style=\"margin-left:.5in;\">&middot;&nbsp;&nbsp;&nbsp;&nbsp;&nbsp;&nbsp; Technical design new functionalities by inspecting the existed several layers of application code and taking the best coding decisions considering good practices and performance.</p><p style=\"margin-left:.5in;\">&middot;&nbsp;&nbsp;&nbsp;&nbsp;&nbsp;&nbsp; Design and integrate new database tables if required by business needs.</p><p style=\"margin-left:.5in;\">&middot;&nbsp;&nbsp;&nbsp;&nbsp;&nbsp;&nbsp; Write SQL store procedures, functions and scripts as required.</p><p style=\"margin-left:.5in;\">&middot;&nbsp;&nbsp;&nbsp;&nbsp;&nbsp;&nbsp; Write <strong>integration test cases</strong>.</p><p style=\"margin-left:.5in;\">&middot;&nbsp;&nbsp;&nbsp;&nbsp;&nbsp;&nbsp; Research about the causes of defects and fix them accordingly.</p><p style=\"margin-left:.5in;\">&middot;&nbsp;&nbsp;&nbsp;&nbsp;&nbsp;&nbsp; Check-in and document code modifications in clear case.</p><p>&nbsp;</p></td>\r\n		</tr>\r\n	</tbody>\r\n</table>\r\n<p>&nbsp;</p><p>&nbsp;</p>\r\n<table border=\"1\" cellpadding=\"0\" cellspacing=\"0\">\r\n	<tbody>\r\n		<tr>\r\n			<td colspan=\"4\" style=\"width:614px;height:30px;\">\r\n				<p align=\"left\"><strong>Project name : Webcash (Feb 2010 &ndash; Nov 2011)</strong></p></td>\r\n		</tr>\r\n		<tr>\r\n			<td style=\"width:145px;\">\r\n				<p><strong>Client </strong></p></td>\r\n			<td style=\"width:220px;\">\r\n				<h1>\r\n					GE - Treasury</h1>\r\n			</td>\r\n			<td style=\"width:82px;\">\r\n				<p><strong>Team Size</strong></p></td>\r\n			<td style=\"width:166px;\">\r\n				<h1>\r\n					2</h1>\r\n			</td>\r\n		</tr>\r\n		<tr>\r\n			<td style=\"width:145px;\">\r\n				<p><strong>Project&nbsp; Description</strong></p></td>\r\n			<td colspan=\"3\" style=\"width:469px;\">\r\n				<p align=\"left\">I worked <strong>deploying a third-party web application that interacts with other 16 GE applications</strong>. Some components of this web application are in house components to make possible the integration between the vendor application and the in-house applications, only modifications to those components were allowed and for issues in vendor components we have to ask them to fix them.</p><p align=\"left\" style=\"margin-left:.5in;\">&nbsp;</p><p align=\"left\">All starts when I received a package with new components and fixes for the application and some documentation about how to install them. Once I have the package I had to perform an impact analysis to know if those changes impact the in-house components or applications.</p><p align=\"left\" style=\"margin-left:.5in;\">&nbsp;</p><p align=\"left\">Then some test matrix documents have to be developed to make sure the new features or changes were working well, also we have to update the Runbook which is a document that contains all the information related to the application for example how the application interacts with the rest of the applications which are its components in which servers are located, etc. So we have to update architecture diagrams, components diagrams, server&rsquo;s specifications, etc. from that document.</p><p align=\"left\" style=\"margin-left:.5in;\">&nbsp;</p><p align=\"left\">Once we have all the above we have to do a document in which we have to explain how the new components or fixed components have to be installed, then we ask to the support team to install al in the Dev environment servers.&nbsp; Once we make sure the application was working well, we ask to support team to install it in QA server to let QA team to test the application. Most of the times we should work on troubleshooting some issues because the differences in the configuration of the environment or sometimes we have to find the root cause of that issue and discuss it with the vendor to find a solution.</p><p align=\"left\" style=\"margin-left:.5in;\">&nbsp;</p><p align=\"left\">When we have the authorization from QA team, we develop a plan to install the changes and features in PROD servers to involve all the needed members from support teams or from the other applications.</p><p align=\"left\" style=\"margin-left:.5in;\">&nbsp;</p><p align=\"left\">Sometimes I have to modify certainly components that were impacted because the changes.</p><p align=\"left\" style=\"margin-left:.5in;\">&nbsp;</p></td>\r\n		</tr>\r\n		<tr>\r\n			<td style=\"width:145px;\">\r\n				<p><strong>Languages/ Technologies/Tools</strong></p></td>\r\n			<td colspan=\"3\" style=\"width:469px;\">\r\n				<p><strong>Visual Studio 2005, ASP.NET, C#, &nbsp;IIS 6, SQL Server 2008, HTML,DTS , Microsoft Visio, Microsoft Project, JavaScript, VBScript, VB6, ASP, Putty, WinMerge, SVN, </strong></p></td>\r\n		</tr>\r\n		<tr>\r\n			<td style=\"width:145px;\">\r\n				<p><strong>Role</strong></p></td>\r\n			<td colspan=\"3\" style=\"width:469px;\">\r\n				<p><strong>Software Engineer Sr.</strong></p></td>\r\n		</tr>\r\n		<tr>\r\n			<td style=\"width:145px;\">\r\n				<p><strong>Responsibilities</strong></p></td>\r\n			<td colspan=\"3\" style=\"width:469px;\">\r\n				<p style=\"margin-left:.5in;\">&middot;&nbsp;&nbsp;&nbsp;&nbsp;&nbsp;&nbsp; Analysis and deployment of third-party Web based.</p><p style=\"margin-left:.5in;\">&middot;&nbsp;&nbsp;&nbsp;&nbsp;&nbsp;&nbsp; Develop and modification SQL procedures, DTSs, functions and data scripts.</p><p style=\"margin-left:.5in;\">&middot;&nbsp;&nbsp;&nbsp;&nbsp;&nbsp;&nbsp; Technical documents, test matrix, diagrams and Run books creation/modification.</p><p style=\"margin-left:.5in;\">&middot;&nbsp;&nbsp;&nbsp;&nbsp;&nbsp;&nbsp; Troubleshooting and bug fix.</p></td>\r\n		</tr>\r\n	</tbody>\r\n</table>\r\n<p>&nbsp;</p>\r\n<table border=\"1\" cellpadding=\"0\" cellspacing=\"0\">\r\n	<tbody>\r\n		<tr>\r\n			<td colspan=\"4\" style=\"width:614px;height:30px;\">\r\n				<br clear=\"all\" />\r\n				<p align=\"left\"><strong>Project name : Reymesa - Reycer (Jun 2004 &ndash; Feb 2010)</strong></p><p align=\"left\">&nbsp;</p></td>\r\n		</tr>\r\n		<tr>\r\n			<td style=\"width:145px;\">\r\n				<p><strong>Client &nbsp;GroupEx - CMT</strong></p></td>\r\n			<td style=\"width:220px;\">\r\n				<h1>\r\n					&nbsp;</h1>\r\n			</td>\r\n			<td style=\"width:82px;\">\r\n				<p><strong>Team Size</strong></p></td>\r\n			<td style=\"width:166px;\">\r\n				<h1>\r\n					15</h1>\r\n			</td>\r\n		</tr>\r\n		<tr>\r\n			<td style=\"width:145px;\">\r\n				<p><strong>Project&nbsp; Description</strong></p></td>\r\n			<td colspan=\"3\" style=\"width:469px;\">\r\n				<p align=\"left\">Development of a new money transfer Web application for Coinstar Money Transfer. Developing the front end, consuming web services and developing stored procedures.</p><p align=\"left\" style=\"margin-left:.5in;\">&nbsp;</p><p align=\"left\">Analysis of requirements for new CMT-Groupex application and also the analysis and design for new data model to have a unified application.</p><p align=\"left\" style=\"margin-left:.5in;\">&nbsp;</p><p align=\"left\">Development and maintenance of a system integration (SQL based) to automates the process to send Groupex wire orders thru CMT (Coinstar Money Transfer) to all the CMT partners and franchises, this because Groupex was brought by CMT and before of it Groupex only send money to Latin America while CMT send wire orders to the whole world. So this integration was necessary in order to let Groupex send wire orders to the whole world by using CMT logic and business rules. All this was created by develop some stored procedures, creating linked servers and triggers, in order to have a quick turnaround while CMT-Groupex new application was analyzed.</p><p>&nbsp;</p><p align=\"left\">Working in the analysis and develop of changes and new enhancements for a web application called GRETL. This application is the in charge of send the wire orders to the required bank or branch. This application gets all the orders that have to be send to an specific bank, these banks are included in the application like a plug-in and we have in charge of develop those plug ins for the new banks. These plug ins are in charge of&nbsp; manipulate the information that will be send to the banks by creating a files and transmit them by FTP or VPN or consuming bank&#39;s web services.</p><p align=\"left\">&nbsp;</p><p align=\"left\">Technical design and development of the integration of Reymesa application database with another called OPRA. In Reymesa one part of the DB was on SQL and the other in PL/SQL and in OPRA was only on PL/SQL. So the integration was though to get the information from reymesa and adapt it to be place on OPRAS DB. Once this was done I was in charged of the maintenance for this integration.</p><p align=\"left\">&nbsp;</p><p align=\"left\">Working in the development of new Groupex web application to send wire orders (money transfers) from the USA to Latin America. For this application I work in the creation of the front end, creating reports,&nbsp; stored procedures and tables.</p></td>\r\n		</tr>\r\n		<tr>\r\n			<td style=\"width:145px;\">\r\n				<p><strong>Languages/ Technologies/Tools</strong></p></td>\r\n			<td colspan=\"3\" style=\"width:469px;\">\r\n				<p><strong>ASP.NET, Web Services, HTML, JavaScript,&nbsp; C#, IIS 5.0 and 6.0, Nunit, Ajax.NET, ADO.NET, Visual Studio 2003, 2005, 2008, frameworks 1.1,&nbsp; 2.0, 3.0, CASE Studio, Visio 2000 and 2003, SQL server 2000, 2005 and 2008, Oracle9i, TOAD, PC Anywhere, BISCOM (fax server, fax queue and fax client), Tortoise CVS/SVN, AnkhSVN and WinMerge</strong></p></td>\r\n		</tr>\r\n		<tr>\r\n			<td style=\"width:145px;\">\r\n				<p><strong>Role</strong></p></td>\r\n			<td colspan=\"3\" style=\"width:469px;\">\r\n				<p><strong>Software Engineer.</strong></p></td>\r\n		</tr>\r\n		<tr>\r\n			<td style=\"width:145px;\">\r\n				<p><strong>Responsibilities</strong></p></td>\r\n			<td colspan=\"3\" style=\"width:469px;\">\r\n				<p style=\"margin-left:.5in;\">&nbsp;</p><p style=\"margin-left:.5in;\">&middot;&nbsp;&nbsp;&nbsp;&nbsp;&nbsp;&nbsp; Analysis, design and development of web based application</p><p style=\"margin-left:.5in;\">&middot;&nbsp;&nbsp;&nbsp;&nbsp;&nbsp;&nbsp; Analysis, design and development of stored procedures, functions, etc.</p><p style=\"margin-left:.5in;\">&middot;&nbsp;&nbsp;&nbsp;&nbsp;&nbsp;&nbsp; Documentation and diagrams</p><p style=\"margin-left:.5in;\">&middot;&nbsp;&nbsp;&nbsp;&nbsp;&nbsp;&nbsp; Support, troubleshooting and bug fixing.</p><p style=\"margin-left:.5in;\">&nbsp;</p></td>\r\n		</tr>\r\n	</tbody>\r\n</table>', 1, 'application/vnd.openxmlformats-officedocument.word', 'I', 2, 1, 56326, '' ), ( 76, 'DOC10', 'Francisco Roman Resume', 'CV_Francisco_J_Roman_eng.docx', '<div>\r\n	<p>&nbsp;</p>\r\n	<h3>\r\n		Summary</h3>\r\n</div>\r\n<p>&nbsp;</p><p>I am a Computer Systems Engineer having over 10 years of experience in Data Warehouse and Business Intelligence as Project Leader and SysAdmin and 20 years of overall experience in various roles with different technologies. I have worked during various phases of BI projects such as Analysis, Design and Implementation, Administration, and Project Management. I had been involved at various levels thanks to my communications skills with customers. My strong areas of skill are DWH, BI, Project Management, and using these tools: Informatica PowerCenter, Oracle Business Intelligence (Enterprise Edition), Oracle Warehouse Builder, Oracle Workflow.</p><p style=\"margin-left:.5in;\">&nbsp;</p>\r\n<div>\r\n	<h3>\r\n		Skills</h3>\r\n</div>\r\n<p style=\"margin-left:117.0pt;\"><strong><em>Business Intelligence </em></strong></p><p style=\"margin-left:117.0pt;\">&nbsp;&nbsp;&nbsp;&nbsp;&nbsp;&nbsp;&nbsp;&nbsp;&nbsp;&nbsp;&nbsp;&nbsp;&nbsp;&nbsp;&nbsp;&nbsp;&nbsp;&nbsp;&nbsp;&nbsp;&nbsp;&nbsp;&nbsp;&nbsp;&nbsp;&nbsp;&nbsp;&nbsp;&nbsp;&nbsp;&nbsp;&nbsp;&nbsp;&nbsp;&nbsp;&nbsp;&nbsp;&nbsp; <strong>Informatica PowerCenter,</strong></p><p style=\"margin-left:117.0pt;\"><strong>Oracle Business Intelligence Enterprise Edition</strong></p><p style=\"margin-left:117.0pt;\"><strong>Oracle Warehouse Builder</strong></p><p>&nbsp;</p><p style=\"margin-left:117.0pt;\"><strong><em>Tools</em></strong>&nbsp;&nbsp;&nbsp;&nbsp;&nbsp;&nbsp;&nbsp;&nbsp;&nbsp;&nbsp;&nbsp;&nbsp;&nbsp;&nbsp;&nbsp;&nbsp;&nbsp;&nbsp;&nbsp;&nbsp;&nbsp;&nbsp;&nbsp;&nbsp;&nbsp;&nbsp;&nbsp;&nbsp;&nbsp; MS-Project, Visual Source Safe, Toad, Erwin, SQL Developer</p><p style=\"margin-left:117.0pt;\">&nbsp;</p><p style=\"margin-left:117.0pt;\"><strong><em>Database</em></strong>&nbsp;&nbsp;&nbsp;&nbsp;&nbsp;&nbsp;&nbsp;&nbsp;&nbsp;&nbsp;&nbsp;&nbsp;&nbsp;&nbsp;&nbsp;&nbsp;&nbsp;&nbsp;&nbsp;&nbsp;&nbsp;&nbsp;&nbsp;&nbsp; Oracle 8i &ndash; 11g</p><p style=\"margin-left:117.0pt;\">&nbsp;</p><p style=\"margin-left:117.0pt;\"><strong><em>Job Functions</em></strong>&nbsp;&nbsp;&nbsp;&nbsp;&nbsp;&nbsp;&nbsp;&nbsp;&nbsp;&nbsp;&nbsp;&nbsp;&nbsp;&nbsp;&nbsp;&nbsp; Business Analysis, Design, Documentation, Maintenance, Application Support, Project Management.</p><p>&nbsp;</p><p><strong><em>Others</em></strong>&nbsp;&nbsp;&nbsp;&nbsp;&nbsp;&nbsp;&nbsp;&nbsp;&nbsp;&nbsp;&nbsp;&nbsp;&nbsp;&nbsp;&nbsp;&nbsp;&nbsp;&nbsp;&nbsp;&nbsp;&nbsp;&nbsp;&nbsp;&nbsp;&nbsp; &nbsp;&nbsp; Knowledge of Six Sigma, CMMi methodology</p><p>&nbsp;&nbsp;&nbsp;&nbsp;&nbsp;&nbsp;&nbsp;&nbsp;&nbsp;&nbsp;&nbsp;&nbsp;&nbsp;&nbsp;&nbsp;&nbsp;&nbsp;&nbsp;&nbsp;&nbsp;&nbsp;&nbsp;&nbsp;&nbsp;&nbsp;&nbsp;&nbsp;&nbsp;&nbsp;&nbsp;&nbsp;&nbsp;&nbsp;&nbsp;&nbsp; &nbsp;&nbsp; Currently on training as PMP</p><p>&nbsp;</p><p>&nbsp;</p>\r\n<div>\r\n	<h1 align=\"left\">\r\n		<strong>Professional Profile</strong></h1>\r\n</div>\r\n<p style=\"margin-left:1.5in;\"><strong>Software</strong>&nbsp;&nbsp;&nbsp;&nbsp;&nbsp;&nbsp;&nbsp;&nbsp;&nbsp;&nbsp;&nbsp;&nbsp;&nbsp;&nbsp;&nbsp;&nbsp;&nbsp;&nbsp;&nbsp;&nbsp;&nbsp;&nbsp; : PL/SQL, Oracle BPM, Oracle Business Intelligence, Oracle Warehouse Builder, Oracle Workflow Manager</p><p><strong>Client</strong>&nbsp;&nbsp;&nbsp;&nbsp;&nbsp;&nbsp;&nbsp;&nbsp;&nbsp;&nbsp;&nbsp;&nbsp;&nbsp;&nbsp;&nbsp;&nbsp;&nbsp;&nbsp;&nbsp;&nbsp;&nbsp;&nbsp;&nbsp;&nbsp;&nbsp;&nbsp; : SEDENA, FCE, CFE, Puebla Government, TeleCable, among others</p><p><strong>Duration&nbsp;&nbsp;&nbsp;&nbsp;&nbsp;&nbsp;&nbsp;&nbsp;&nbsp;&nbsp;&nbsp;&nbsp;&nbsp;&nbsp;&nbsp;&nbsp;&nbsp;&nbsp;&nbsp;&nbsp;&nbsp;&nbsp; </strong>: July 2010 &ndash; today</p><p>&nbsp;</p><p>Francisco&rsquo;s responsibilities in this role include:</p>\r\n<ol>\r\n	<li>\r\n		Provide authorized training for Oracle certified materials.</li>\r\n	<li>\r\n		Evaluate and suggest proper DWH/BI tools for specific customer needs.</li>\r\n</ol>\r\n<p style=\"margin-left:.5in;\">&nbsp;</p><p style=\"margin-left:.25in;\">&nbsp;</p><p style=\"margin-left:1.5in;\"><strong>Software</strong>&nbsp;&nbsp;&nbsp;&nbsp;&nbsp;&nbsp;&nbsp;&nbsp;&nbsp;&nbsp;&nbsp;&nbsp;&nbsp;&nbsp;&nbsp;&nbsp;&nbsp;&nbsp;&nbsp;&nbsp;&nbsp;&nbsp; : PL/SQL, Informatica PowerCenter, Cognos, Business Objects</p><p><strong>Client</strong>&nbsp;&nbsp;&nbsp;&nbsp;&nbsp;&nbsp;&nbsp;&nbsp;&nbsp;&nbsp;&nbsp;&nbsp;&nbsp;&nbsp;&nbsp;&nbsp;&nbsp;&nbsp;&nbsp;&nbsp;&nbsp;&nbsp;&nbsp;&nbsp;&nbsp;&nbsp; : General Electric</p><p><strong>Duration&nbsp;&nbsp;&nbsp;&nbsp;&nbsp;&nbsp;&nbsp;&nbsp;&nbsp;&nbsp;&nbsp;&nbsp;&nbsp;&nbsp;&nbsp;&nbsp;&nbsp;&nbsp;&nbsp;&nbsp;&nbsp;&nbsp; </strong>: August 2009 &ndash; June 2010</p><p>&nbsp;</p><p>Francisco&rsquo;s responsibilities in this role include:</p>\r\n<ol>\r\n	<li>\r\n		Develop a team of BI consultants both seniors and juniors, provide training on our core software, and assign them into projects at several business units of our client.</li>\r\n	<li>\r\n		Analyze the information provided by the client to determine the requirements and propose team members, software and senior analysis.</li>\r\n	<li>\r\n		Monitor the progress of the distinct projects related to BI with Mexican staff (onsite and near shore).</li>\r\n</ol>\r\n<p style=\"margin-left:.25in;\">&nbsp;</p><p>&nbsp;</p><p style=\"margin-left:1.0in;\"><strong>Project&nbsp;&nbsp;&nbsp;&nbsp;&nbsp;&nbsp;&nbsp;&nbsp;&nbsp;&nbsp;&nbsp;&nbsp; </strong>&nbsp;&nbsp;&nbsp;&nbsp;&nbsp;&nbsp;&nbsp;&nbsp;&nbsp;&nbsp;&nbsp; : <strong>DWH for Credit Information</strong></p><p><strong>Type&nbsp;&nbsp;&nbsp;&nbsp; &nbsp;&nbsp;&nbsp;&nbsp;&nbsp;&nbsp;&nbsp;&nbsp;&nbsp;&nbsp;&nbsp;&nbsp;&nbsp;&nbsp;&nbsp;&nbsp;&nbsp;&nbsp;&nbsp;&nbsp;&nbsp;&nbsp;&nbsp; </strong>: Analysis, Design, Implementation</p><p><strong>Platform</strong>&nbsp;&nbsp;&nbsp;&nbsp;&nbsp;&nbsp;&nbsp;&nbsp;&nbsp;&nbsp;&nbsp;&nbsp;&nbsp;&nbsp;&nbsp;&nbsp;&nbsp;&nbsp;&nbsp;&nbsp;&nbsp;&nbsp; : Linux RedHat</p><p style=\"margin-left:1.5in;\"><strong>Software</strong>&nbsp;&nbsp;&nbsp;&nbsp;&nbsp;&nbsp;&nbsp;&nbsp;&nbsp;&nbsp;&nbsp;&nbsp;&nbsp;&nbsp;&nbsp;&nbsp;&nbsp;&nbsp;&nbsp;&nbsp;&nbsp;&nbsp; : PL/SQL, Oracle Warehouse Builder, Oracle Workflow Manager</p><p><strong>Client</strong>&nbsp;&nbsp;&nbsp;&nbsp;&nbsp;&nbsp;&nbsp;&nbsp;&nbsp;&nbsp;&nbsp;&nbsp;&nbsp;&nbsp;&nbsp;&nbsp;&nbsp;&nbsp;&nbsp;&nbsp;&nbsp;&nbsp;&nbsp;&nbsp;&nbsp;&nbsp; : Grupo Salinas</p><p><strong>Duration&nbsp;&nbsp;&nbsp;&nbsp;&nbsp;&nbsp;&nbsp;&nbsp;&nbsp;&nbsp;&nbsp;&nbsp;&nbsp;&nbsp;&nbsp;&nbsp;&nbsp;&nbsp;&nbsp;&nbsp;&nbsp;&nbsp; </strong>: 3 Months</p><p><strong>Role&nbsp;&nbsp;&nbsp;&nbsp; </strong>&nbsp;&nbsp;&nbsp;&nbsp;&nbsp;&nbsp;&nbsp;&nbsp;&nbsp;&nbsp;&nbsp;&nbsp;&nbsp;&nbsp;&nbsp;&nbsp;&nbsp;&nbsp;&nbsp;&nbsp;&nbsp;&nbsp;&nbsp; : Consultant</p><p>&nbsp;</p><p>The client wanted to implement a star schema for Business Intelligence, the project covered from the analysis, up to testing and Implementation at production.</p><p>&nbsp;</p><p>Francisco&rsquo;s responsibilities in this project include:</p>\r\n<ol>\r\n	<li>\r\n		Analyze the information provided by the client to determine the dimensional and fat tables.</li>\r\n	<li>\r\n		Create a program to read a flat file with a list processing logic to feed the data into the database.</li>\r\n	<li>\r\n		Create a process with Oracle Warehouse Builder to load massive information in a daily basis into the production environment.</li>\r\n</ol>\r\n<p style=\"margin-left:.25in;\">&nbsp;</p><p>&nbsp;</p><p style=\"margin-left:1.0in;\"><strong>Project&nbsp;&nbsp;&nbsp;&nbsp;&nbsp;&nbsp;&nbsp;&nbsp;&nbsp;&nbsp;&nbsp;&nbsp; </strong>&nbsp;&nbsp;&nbsp;&nbsp;&nbsp;&nbsp;&nbsp;&nbsp;&nbsp;&nbsp;&nbsp; : <strong>Europe BI Development</strong></p><p><strong>Type&nbsp;&nbsp;&nbsp;&nbsp; &nbsp;&nbsp;&nbsp;&nbsp;&nbsp;&nbsp;&nbsp;&nbsp;&nbsp;&nbsp;&nbsp;&nbsp;&nbsp;&nbsp;&nbsp;&nbsp;&nbsp;&nbsp;&nbsp;&nbsp;&nbsp;&nbsp;&nbsp; </strong>: Business Intelligence</p><p><strong>Platform</strong>&nbsp;&nbsp;&nbsp;&nbsp;&nbsp;&nbsp;&nbsp;&nbsp;&nbsp;&nbsp;&nbsp;&nbsp;&nbsp;&nbsp;&nbsp;&nbsp;&nbsp;&nbsp;&nbsp;&nbsp;&nbsp;&nbsp; : Windows 2000 server / Linux RedHat</p><p style=\"margin-left:1.5in;\"><strong>Software</strong>&nbsp;&nbsp;&nbsp;&nbsp;&nbsp;&nbsp;&nbsp;&nbsp;&nbsp;&nbsp;&nbsp;&nbsp;&nbsp;&nbsp;&nbsp;&nbsp;&nbsp;&nbsp;&nbsp;&nbsp;&nbsp;&nbsp; : Oracle Business Intelligence Enterprise Edition</p><p><strong>Client</strong>&nbsp;&nbsp;&nbsp;&nbsp;&nbsp;&nbsp;&nbsp;&nbsp;&nbsp;&nbsp;&nbsp;&nbsp;&nbsp;&nbsp;&nbsp;&nbsp;&nbsp;&nbsp;&nbsp;&nbsp;&nbsp;&nbsp;&nbsp;&nbsp;&nbsp;&nbsp; : Gates Autoparts</p><p><strong>Duration&nbsp;&nbsp;&nbsp;&nbsp;&nbsp;&nbsp;&nbsp;&nbsp;&nbsp;&nbsp;&nbsp;&nbsp;&nbsp;&nbsp;&nbsp;&nbsp;&nbsp;&nbsp;&nbsp;&nbsp;&nbsp;&nbsp; </strong>: 10 months</p><p><strong>Role&nbsp;&nbsp;&nbsp;&nbsp; </strong>&nbsp;&nbsp;&nbsp;&nbsp;&nbsp;&nbsp;&nbsp;&nbsp;&nbsp;&nbsp;&nbsp;&nbsp;&nbsp;&nbsp;&nbsp;&nbsp;&nbsp;&nbsp;&nbsp;&nbsp;&nbsp;&nbsp;&nbsp; : Project Leader and SysAdmin</p><p>&nbsp;</p><p>Business Intelligence project for GATES, with a team of 16 people (3 functional, 4 ETL&rsquo;s, 7 OBI EE developers, 1 DBA), responsible for the coordination of the team, and the interaction with the client.</p><p>Sysadmin: windows and linux server administration (development servers), for Oracle Business Intelligence Enterprise Edition (OBI EE), Informatica and Oracle Database for Gates Corporation.</p><p>(both roles at the same time)</p><p>&nbsp;</p><p><strong>Employer</strong>&nbsp;&nbsp;&nbsp;&nbsp;&nbsp;&nbsp;&nbsp;&nbsp; &nbsp;&nbsp;&nbsp;&nbsp; &nbsp;&nbsp;&nbsp;&nbsp;&nbsp;&nbsp;&nbsp;&nbsp;&nbsp;&nbsp;&nbsp;&nbsp;&nbsp;&nbsp;&nbsp;&nbsp;&nbsp; : Softtek</p><p><strong>Title </strong>&nbsp;&nbsp;&nbsp;&nbsp;&nbsp;&nbsp;&nbsp;&nbsp;&nbsp;&nbsp;&nbsp;&nbsp;&nbsp;&nbsp;&nbsp; &nbsp;&nbsp;&nbsp;&nbsp;&nbsp;&nbsp;&nbsp;&nbsp;&nbsp;&nbsp;: Risk NPL project leader.</p><p><strong>Dates of employment&nbsp;&nbsp; </strong>: July 2003 - December 2007</p><p>&nbsp;</p><p style=\"margin-left:1.0in;\"><strong>Project&nbsp;&nbsp;&nbsp;&nbsp;&nbsp;&nbsp;&nbsp;&nbsp;&nbsp;&nbsp;&nbsp;&nbsp; </strong>&nbsp;&nbsp;&nbsp;&nbsp;&nbsp;&nbsp;&nbsp;&nbsp;&nbsp;&nbsp;&nbsp; : <strong>Europe Risk PL/NPL project</strong></p><p><strong>Type&nbsp;&nbsp;&nbsp;&nbsp; &nbsp;&nbsp;&nbsp;&nbsp;&nbsp;&nbsp;&nbsp;&nbsp;&nbsp;&nbsp;&nbsp;&nbsp;&nbsp;&nbsp;&nbsp;&nbsp;&nbsp;&nbsp;&nbsp;&nbsp;&nbsp;&nbsp;&nbsp; </strong>: IT consulting and datamining</p><p><strong>Platform</strong>&nbsp;&nbsp;&nbsp;&nbsp;&nbsp;&nbsp;&nbsp;&nbsp;&nbsp;&nbsp;&nbsp;&nbsp;&nbsp;&nbsp;&nbsp;&nbsp;&nbsp;&nbsp;&nbsp;&nbsp;&nbsp;&nbsp; : Windows</p><p style=\"margin-left:1.5in;\"><strong>Software</strong>&nbsp;&nbsp;&nbsp;&nbsp;&nbsp;&nbsp;&nbsp;&nbsp;&nbsp;&nbsp;&nbsp;&nbsp;&nbsp;&nbsp;&nbsp;&nbsp;&nbsp;&nbsp;&nbsp;&nbsp;&nbsp;&nbsp; : VBA, Oracle DB, Informatica PowerCenter</p><p><strong>Client</strong>&nbsp;&nbsp;&nbsp;&nbsp;&nbsp;&nbsp;&nbsp;&nbsp;&nbsp;&nbsp;&nbsp;&nbsp;&nbsp;&nbsp;&nbsp;&nbsp;&nbsp;&nbsp;&nbsp;&nbsp;&nbsp;&nbsp;&nbsp;&nbsp;&nbsp;&nbsp; : GE Comfin/Real Estate</p><p><strong>Duration&nbsp;&nbsp;&nbsp;&nbsp;&nbsp;&nbsp;&nbsp;&nbsp;&nbsp;&nbsp;&nbsp;&nbsp;&nbsp;&nbsp;&nbsp;&nbsp;&nbsp;&nbsp;&nbsp;&nbsp;&nbsp;&nbsp; </strong>: 4 years and 5 Months</p><p><strong>Role&nbsp;&nbsp;&nbsp;&nbsp; </strong>&nbsp;&nbsp;&nbsp;&nbsp;&nbsp;&nbsp;&nbsp;&nbsp;&nbsp;&nbsp;&nbsp;&nbsp;&nbsp;&nbsp;&nbsp;&nbsp;&nbsp;&nbsp;&nbsp;&nbsp;&nbsp;&nbsp;&nbsp; : Project Leader</p><p>&nbsp;</p><p>Finance development team working for GE Real Estate in association with GE Commercial Finance; the main porpoise of the project was the acquisition of Performing Loans and Non Performing Loans portfolios from credititial institutions through auction processes across Europe (but operations based on Italy). Staff team with an average of 10 people (may vary according to the size of the portfolio) (1 data mining/DBA person, 2 developers, 7 financial analysts) gathering information from databases from distinct banks and implementing tools and automating processes, for the decision making for GE Commercial Finance with the Risk team in financial processes</p><p>&nbsp;</p><p><strong>Employer</strong>&nbsp;&nbsp;&nbsp;&nbsp;&nbsp;&nbsp;&nbsp;&nbsp; &nbsp;&nbsp;&nbsp;&nbsp; &nbsp;&nbsp;&nbsp;&nbsp;&nbsp;&nbsp;&nbsp;&nbsp;&nbsp;&nbsp;&nbsp;&nbsp;&nbsp;&nbsp;&nbsp;&nbsp;&nbsp; : Ddemesis</p><p><strong>Title </strong>&nbsp;&nbsp;&nbsp;&nbsp;&nbsp;&nbsp;&nbsp;&nbsp;&nbsp;&nbsp;&nbsp;&nbsp;&nbsp;&nbsp;&nbsp; &nbsp;&nbsp;&nbsp;&nbsp;&nbsp;&nbsp;&nbsp;&nbsp;&nbsp;&nbsp;: SysAdmin &amp; ETL Manager.</p><p><strong>Dates of employment</strong>&nbsp;&nbsp; : July 2000 - July 2003</p><p>&nbsp;</p><p style=\"margin-left:1.0in;\"><strong>Project&nbsp;&nbsp;&nbsp;&nbsp;&nbsp;&nbsp;&nbsp;&nbsp;&nbsp;&nbsp;&nbsp;&nbsp; </strong>&nbsp;&nbsp;&nbsp;&nbsp;&nbsp;&nbsp;&nbsp;&nbsp;&nbsp;&nbsp;&nbsp; : <strong>eCommerce Project</strong></p><p><strong>Type&nbsp;&nbsp;&nbsp;&nbsp; &nbsp;&nbsp;&nbsp;&nbsp;&nbsp;&nbsp;&nbsp;&nbsp;&nbsp;&nbsp;&nbsp;&nbsp;&nbsp;&nbsp;&nbsp;&nbsp;&nbsp;&nbsp;&nbsp;&nbsp;&nbsp;&nbsp;&nbsp; </strong>: eCommerce</p><p><strong>Platform</strong>&nbsp;&nbsp;&nbsp;&nbsp;&nbsp;&nbsp;&nbsp;&nbsp;&nbsp;&nbsp;&nbsp;&nbsp;&nbsp;&nbsp;&nbsp;&nbsp;&nbsp;&nbsp;&nbsp;&nbsp;&nbsp;&nbsp; : Windows</p><p style=\"margin-left:1.5in;\"><strong>Software</strong>&nbsp;&nbsp;&nbsp;&nbsp;&nbsp;&nbsp;&nbsp;&nbsp;&nbsp;&nbsp;&nbsp;&nbsp;&nbsp;&nbsp;&nbsp;&nbsp;&nbsp;&nbsp;&nbsp;&nbsp;&nbsp;&nbsp; : WebSphere, DB2-UDB, Informatica PowerCenter</p><p><strong>Client</strong>&nbsp;&nbsp;&nbsp;&nbsp;&nbsp;&nbsp;&nbsp;&nbsp;&nbsp;&nbsp;&nbsp;&nbsp;&nbsp;&nbsp;&nbsp;&nbsp;&nbsp;&nbsp;&nbsp;&nbsp;&nbsp;&nbsp;&nbsp;&nbsp;&nbsp;&nbsp; : GE Capital IT Solutions</p><p><strong>Duration&nbsp;&nbsp;&nbsp;&nbsp;&nbsp;&nbsp;&nbsp;&nbsp;&nbsp;&nbsp;&nbsp;&nbsp;&nbsp;&nbsp;&nbsp;&nbsp;&nbsp;&nbsp;&nbsp;&nbsp;&nbsp;&nbsp; </strong>: 3 years</p><p><strong>Role&nbsp;&nbsp;&nbsp;&nbsp; </strong>&nbsp;&nbsp;&nbsp;&nbsp;&nbsp;&nbsp;&nbsp;&nbsp;&nbsp;&nbsp;&nbsp;&nbsp;&nbsp;&nbsp;&nbsp;&nbsp;&nbsp;&nbsp;&nbsp;&nbsp;&nbsp;&nbsp;&nbsp; : Project Leader and SysAdmin</p><p>&nbsp;</p><p>DWH ETL Administrator/ Technical Leader: Using Informatica Power Center Designer, Informatica Server Manager and Informatica Repository Manager ver 1.6, 5.1, 6.1, and 7.1 in Unix using Oracle databases. Moving information form diverse sources and environments into one single data warehouse. Designing mappings and administering the process.</p><p>DBA: Working on-site (and off shore) for General Electric Capital Information Technology Solutions, as DB2 Administrator and IBM&rsquo;s WebSphere Commerce Suite Server Administrator</p><p>ETL Specialist: transformations with Informatica PowerCenter Designer and Oracle database load monitoring.</p><p>&nbsp;</p><p><strong>Employer</strong>&nbsp;&nbsp;&nbsp;&nbsp;&nbsp;&nbsp;&nbsp;&nbsp; &nbsp;&nbsp;&nbsp;&nbsp; &nbsp;&nbsp;&nbsp;&nbsp;&nbsp;&nbsp;&nbsp;&nbsp;&nbsp;&nbsp;&nbsp;&nbsp;&nbsp;&nbsp;&nbsp;&nbsp;&nbsp; : Volkswagen de Mexico</p><p><strong>Title </strong>&nbsp;&nbsp;&nbsp;&nbsp;&nbsp;&nbsp;&nbsp;&nbsp;&nbsp;&nbsp;&nbsp;&nbsp;&nbsp;&nbsp;&nbsp; &nbsp;&nbsp;&nbsp;&nbsp;&nbsp;&nbsp;&nbsp;&nbsp;&nbsp;&nbsp;: Data Controller.</p><p><strong>Dates of employment</strong>&nbsp;&nbsp; : August 1998 &ndash; June 2000</p><p>&nbsp;</p><p style=\"margin-left:1.0in;\"><strong>Project&nbsp;&nbsp;&nbsp;&nbsp;&nbsp;&nbsp;&nbsp;&nbsp;&nbsp;&nbsp;&nbsp;&nbsp; </strong>&nbsp;&nbsp;&nbsp;&nbsp;&nbsp;&nbsp;&nbsp;&nbsp;&nbsp;&nbsp;&nbsp; : <strong>Controlling Finance</strong></p><p><strong>Type&nbsp;&nbsp;&nbsp;&nbsp; &nbsp;&nbsp;&nbsp;&nbsp;&nbsp;&nbsp;&nbsp;&nbsp;&nbsp;&nbsp;&nbsp;&nbsp;&nbsp;&nbsp;&nbsp;&nbsp;&nbsp;&nbsp;&nbsp;&nbsp;&nbsp;&nbsp;&nbsp; </strong>: Data connectivity, Extraction and IT support</p><p><strong>Platform</strong>&nbsp;&nbsp;&nbsp;&nbsp;&nbsp;&nbsp;&nbsp;&nbsp;&nbsp;&nbsp;&nbsp;&nbsp;&nbsp;&nbsp;&nbsp;&nbsp;&nbsp;&nbsp;&nbsp;&nbsp;&nbsp;&nbsp; : Windows, Unix</p><p style=\"margin-left:1.5in;\"><strong>Software</strong>&nbsp;&nbsp;&nbsp;&nbsp;&nbsp;&nbsp;&nbsp;&nbsp;&nbsp;&nbsp;&nbsp;&nbsp;&nbsp;&nbsp;&nbsp;&nbsp;&nbsp;&nbsp;&nbsp;&nbsp;&nbsp;&nbsp; : SAP, Oracle 7, Visual Basic, Mainframe</p><p><strong>Client</strong>&nbsp;&nbsp;&nbsp;&nbsp;&nbsp;&nbsp;&nbsp;&nbsp;&nbsp;&nbsp;&nbsp;&nbsp;&nbsp;&nbsp;&nbsp;&nbsp;&nbsp;&nbsp;&nbsp;&nbsp;&nbsp;&nbsp;&nbsp;&nbsp;&nbsp;&nbsp; : Volkswagen de Mexico</p><p><strong>Duration&nbsp;&nbsp;&nbsp;&nbsp;&nbsp;&nbsp;&nbsp;&nbsp;&nbsp;&nbsp;&nbsp;&nbsp;&nbsp;&nbsp;&nbsp;&nbsp;&nbsp;&nbsp;&nbsp;&nbsp;&nbsp;&nbsp; </strong>: 2 years</p><p><strong>Role&nbsp;&nbsp;&nbsp;&nbsp; </strong>&nbsp;&nbsp;&nbsp;&nbsp;&nbsp;&nbsp;&nbsp;&nbsp;&nbsp;&nbsp;&nbsp;&nbsp;&nbsp;&nbsp;&nbsp;&nbsp;&nbsp;&nbsp;&nbsp;&nbsp;&nbsp;&nbsp;&nbsp; : Project Leader and consultant</p><p>&nbsp;</p><p>In charge of the IT area for Controlling Finance, oriented to Visual Basic development of applications to interact with SAP, Oracle and Mainframe repositories to extract data and process it in order to provide reliable data for the decision making related to cost, logistics for Jetta A4 and New Beetle projects.</p><p>In charge of the development, distribution and training of a Client Server application at Puebla, Wolfsburg and Osnabruk facilities for the interchange of information with third party providers and proprietary databases.</p><p>&nbsp;</p><p><strong>Employer</strong>&nbsp;&nbsp;&nbsp;&nbsp;&nbsp;&nbsp;&nbsp;&nbsp; &nbsp;&nbsp;&nbsp;&nbsp; &nbsp;&nbsp;&nbsp;&nbsp;&nbsp;&nbsp;&nbsp;&nbsp;&nbsp;&nbsp;&nbsp;&nbsp;&nbsp;&nbsp;&nbsp;&nbsp;&nbsp; : CompuEducacion Puebla</p><p><strong>Title </strong>&nbsp;&nbsp;&nbsp;&nbsp;&nbsp;&nbsp;&nbsp;&nbsp;&nbsp;&nbsp;&nbsp;&nbsp;&nbsp;&nbsp;&nbsp; &nbsp;&nbsp;&nbsp;&nbsp;&nbsp;&nbsp;&nbsp;&nbsp;&nbsp;&nbsp;: Certified Trainer.&amp; Sales Manager</p><p><strong>Dates of employment</strong>&nbsp;&nbsp; : August 1996 &ndash; August 1998</p><p>&nbsp;</p><p style=\"margin-left:1.0in;\"><strong>Project&nbsp;&nbsp;&nbsp;&nbsp;&nbsp;&nbsp;&nbsp;&nbsp;&nbsp;&nbsp;&nbsp;&nbsp; </strong>&nbsp;&nbsp;&nbsp;&nbsp;&nbsp;&nbsp;&nbsp;&nbsp;&nbsp;&nbsp;&nbsp; : <strong>Certified Training Sales &amp; Training</strong></p><p><strong>Type&nbsp;&nbsp;&nbsp;&nbsp; &nbsp;&nbsp;&nbsp;&nbsp;&nbsp;&nbsp;&nbsp;&nbsp;&nbsp;&nbsp;&nbsp;&nbsp;&nbsp;&nbsp;&nbsp;&nbsp;&nbsp;&nbsp;&nbsp;&nbsp;&nbsp;&nbsp;&nbsp; </strong>: Microsoft Certified Training</p><p><strong>Platform</strong>&nbsp;&nbsp;&nbsp;&nbsp;&nbsp;&nbsp;&nbsp;&nbsp;&nbsp;&nbsp;&nbsp;&nbsp;&nbsp;&nbsp;&nbsp;&nbsp;&nbsp;&nbsp;&nbsp;&nbsp;&nbsp;&nbsp; : Windows</p><p style=\"margin-left:1.5in;\"><strong>Software</strong>&nbsp;&nbsp;&nbsp;&nbsp;&nbsp;&nbsp;&nbsp;&nbsp;&nbsp;&nbsp;&nbsp;&nbsp;&nbsp;&nbsp;&nbsp;&nbsp;&nbsp;&nbsp;&nbsp;&nbsp;&nbsp;&nbsp; : Windows, Visual Basic, MS Office, SQL Server &amp; other products</p><p><strong>Client</strong>&nbsp;&nbsp;&nbsp;&nbsp;&nbsp;&nbsp;&nbsp;&nbsp;&nbsp;&nbsp;&nbsp;&nbsp;&nbsp;&nbsp;&nbsp;&nbsp;&nbsp;&nbsp;&nbsp;&nbsp;&nbsp;&nbsp;&nbsp;&nbsp;&nbsp;&nbsp; : Many</p><p><strong>Duration&nbsp;&nbsp;&nbsp;&nbsp;&nbsp;&nbsp;&nbsp;&nbsp;&nbsp;&nbsp;&nbsp;&nbsp;&nbsp;&nbsp;&nbsp;&nbsp;&nbsp;&nbsp;&nbsp;&nbsp;&nbsp;&nbsp; </strong>: 2 years</p><p><strong>Role&nbsp;&nbsp;&nbsp;&nbsp; </strong>&nbsp;&nbsp;&nbsp;&nbsp;&nbsp;&nbsp;&nbsp;&nbsp;&nbsp;&nbsp;&nbsp;&nbsp;&nbsp;&nbsp;&nbsp;&nbsp;&nbsp;&nbsp;&nbsp;&nbsp;&nbsp;&nbsp;&nbsp; : Certified Trainer &amp; Sales Manager</p><p>&nbsp;</p><p>As trainer, responsible of teaching Microsoft materials following Microsoft CTEC standards, on this, I was in charge of the Bancomext Intranet project for Central America and Caribe auditing, installing and training people at several locations along both regions.</p><p>As sales manager, in charge of handling accounts for South East Mexico and Central America, among these Pemex, Bancomext, focused mainly on Biding processes for certified training.</p><p>&nbsp;</p><p><strong>Employer</strong>&nbsp;&nbsp;&nbsp;&nbsp;&nbsp;&nbsp;&nbsp;&nbsp; &nbsp;&nbsp;&nbsp;&nbsp; &nbsp;&nbsp;&nbsp;&nbsp;&nbsp;&nbsp;&nbsp;&nbsp;&nbsp;&nbsp;&nbsp;&nbsp;&nbsp;&nbsp;&nbsp;&nbsp;&nbsp; : Grupo Pionero</p><p><strong>Title </strong>&nbsp;&nbsp;&nbsp;&nbsp;&nbsp;&nbsp;&nbsp;&nbsp;&nbsp;&nbsp;&nbsp;&nbsp;&nbsp;&nbsp;&nbsp; &nbsp;&nbsp;&nbsp;&nbsp;&nbsp;&nbsp;&nbsp;&nbsp;&nbsp;&nbsp;: CEO &amp; OR consultant.</p><p><strong>Dates of employment</strong>&nbsp;&nbsp; : July 1994 &ndash; June 1996</p><p>&nbsp;</p><p style=\"margin-left:1.0in;\"><strong>Project&nbsp;&nbsp;&nbsp;&nbsp;&nbsp;&nbsp;&nbsp;&nbsp;&nbsp;&nbsp;&nbsp;&nbsp; </strong>&nbsp;&nbsp;&nbsp;&nbsp;&nbsp;&nbsp;&nbsp;&nbsp;&nbsp;&nbsp;&nbsp; : <strong>IT &amp; Operation Research Consulting</strong></p><p><strong>Type&nbsp;&nbsp;&nbsp;&nbsp; &nbsp;&nbsp;&nbsp;&nbsp;&nbsp;&nbsp;&nbsp;&nbsp;&nbsp;&nbsp;&nbsp;&nbsp;&nbsp;&nbsp;&nbsp;&nbsp;&nbsp;&nbsp;&nbsp;&nbsp;&nbsp;&nbsp;&nbsp; </strong>: consulting</p><p><strong>Platform</strong>&nbsp;&nbsp;&nbsp;&nbsp;&nbsp;&nbsp;&nbsp;&nbsp;&nbsp;&nbsp;&nbsp;&nbsp;&nbsp;&nbsp;&nbsp;&nbsp;&nbsp;&nbsp;&nbsp;&nbsp;&nbsp;&nbsp; : Windows, Netware, Unix</p><p style=\"margin-left:1.5in;\"><strong>Software</strong>&nbsp;&nbsp;&nbsp;&nbsp;&nbsp;&nbsp;&nbsp;&nbsp;&nbsp;&nbsp;&nbsp;&nbsp;&nbsp;&nbsp;&nbsp;&nbsp;&nbsp;&nbsp;&nbsp;&nbsp;&nbsp;&nbsp; : several</p><p><strong>Client</strong>&nbsp;&nbsp;&nbsp;&nbsp;&nbsp;&nbsp;&nbsp;&nbsp;&nbsp;&nbsp;&nbsp;&nbsp;&nbsp;&nbsp;&nbsp;&nbsp;&nbsp;&nbsp;&nbsp;&nbsp;&nbsp;&nbsp;&nbsp;&nbsp;&nbsp;&nbsp; : several</p><p><strong>Duration&nbsp;&nbsp;&nbsp;&nbsp;&nbsp;&nbsp;&nbsp;&nbsp;&nbsp;&nbsp;&nbsp;&nbsp;&nbsp;&nbsp;&nbsp;&nbsp;&nbsp;&nbsp;&nbsp;&nbsp;&nbsp;&nbsp; </strong>: 2 years</p><p><strong>Role&nbsp;&nbsp;&nbsp;&nbsp; </strong>&nbsp;&nbsp;&nbsp;&nbsp;&nbsp;&nbsp;&nbsp;&nbsp;&nbsp;&nbsp;&nbsp;&nbsp;&nbsp;&nbsp;&nbsp;&nbsp;&nbsp;&nbsp;&nbsp;&nbsp;&nbsp;&nbsp;&nbsp; : CEO &amp; Operation Research consultant</p><p>&nbsp;</p><p>Founder of this firm to provide IT, Accounting and Process Improvement to local industry, among our clients was the lower house of Guadalajara and the Zapopan municipality.</p><p>&nbsp;</p><p><strong>Employer</strong>&nbsp;&nbsp;&nbsp;&nbsp;&nbsp;&nbsp;&nbsp;&nbsp; &nbsp;&nbsp;&nbsp;&nbsp; &nbsp;&nbsp;&nbsp;&nbsp;&nbsp;&nbsp;&nbsp;&nbsp;&nbsp;&nbsp;&nbsp;&nbsp;&nbsp;&nbsp;&nbsp;&nbsp;&nbsp; : ITESO (Jesuit University in Guadalajara)</p><p><strong>Title </strong>&nbsp;&nbsp;&nbsp;&nbsp;&nbsp;&nbsp;&nbsp;&nbsp;&nbsp;&nbsp;&nbsp;&nbsp;&nbsp;&nbsp;&nbsp; &nbsp;&nbsp;&nbsp;&nbsp;&nbsp;&nbsp;&nbsp;&nbsp;&nbsp;&nbsp;: assistant professor, full professor, research professor, head of department.</p><p><strong>Dates of employment</strong>&nbsp;&nbsp; : August 1989 &ndash; December 1994</p><p>&nbsp;</p><p style=\"margin-left:1.0in;\"><strong>Project&nbsp;&nbsp;&nbsp;&nbsp;&nbsp;&nbsp;&nbsp;&nbsp;&nbsp;&nbsp;&nbsp;&nbsp; </strong>&nbsp;&nbsp;&nbsp;&nbsp;&nbsp;&nbsp;&nbsp;&nbsp;&nbsp;&nbsp;&nbsp; : <strong>Cathedra teaching</strong></p><p><strong>Type&nbsp;&nbsp;&nbsp;&nbsp; &nbsp;&nbsp;&nbsp;&nbsp;&nbsp;&nbsp;&nbsp;&nbsp;&nbsp;&nbsp;&nbsp;&nbsp;&nbsp;&nbsp;&nbsp;&nbsp;&nbsp;&nbsp;&nbsp;&nbsp;&nbsp;&nbsp;&nbsp; </strong>: training</p><p><strong>Platform</strong>&nbsp;&nbsp;&nbsp;&nbsp;&nbsp;&nbsp;&nbsp;&nbsp;&nbsp;&nbsp;&nbsp;&nbsp;&nbsp;&nbsp;&nbsp;&nbsp;&nbsp;&nbsp;&nbsp;&nbsp;&nbsp;&nbsp; : many</p><p style=\"margin-left:1.5in;\"><strong>Software</strong>&nbsp;&nbsp;&nbsp;&nbsp;&nbsp;&nbsp;&nbsp;&nbsp;&nbsp;&nbsp;&nbsp;&nbsp;&nbsp;&nbsp;&nbsp;&nbsp;&nbsp;&nbsp;&nbsp;&nbsp;&nbsp;&nbsp; : many</p><p><strong>Client</strong>&nbsp;&nbsp;&nbsp;&nbsp;&nbsp;&nbsp;&nbsp;&nbsp;&nbsp;&nbsp;&nbsp;&nbsp;&nbsp;&nbsp;&nbsp;&nbsp;&nbsp;&nbsp;&nbsp;&nbsp;&nbsp;&nbsp;&nbsp;&nbsp;&nbsp;&nbsp; : Students</p><p><strong>Duration&nbsp;&nbsp;&nbsp;&nbsp;&nbsp;&nbsp;&nbsp;&nbsp;&nbsp;&nbsp;&nbsp;&nbsp;&nbsp;&nbsp;&nbsp;&nbsp;&nbsp;&nbsp;&nbsp;&nbsp;&nbsp;&nbsp; </strong>: 5 years</p><p><strong>Role&nbsp;&nbsp;&nbsp;&nbsp; </strong>&nbsp;&nbsp;&nbsp;&nbsp;&nbsp;&nbsp;&nbsp;&nbsp;&nbsp;&nbsp;&nbsp;&nbsp;&nbsp;&nbsp;&nbsp;&nbsp;&nbsp;&nbsp;&nbsp;&nbsp;&nbsp;&nbsp;&nbsp; : assistant professor, full professor, research professor, head of department.</p><p>&nbsp;</p><p>As professor, in charge of distinct areas (Linear Algebra, Calculus, Algorithms, Programming techniques, Programming Languages, Database theory, Operation Research), started as assistant professor as student, and gradually grow to full professor, and eventually had a semester of Research professor to perform investigation on new trends to redefine the curricula for the Career roadmap.</p><p>As head of department, in charge of dealing with student issues and concerns, recruiting new professors and organize schedules and workloads for teachers and advanced students.</p><p>On this period is when I got the post grade in Operation Research.</p><p>&nbsp;</p>\r\n<div>\r\n	<h1 align=\"left\">\r\n		<strong>Education</strong></h1>\r\n</div>\r\n<p>&nbsp;</p><p>Bachelor of Computer System Engineering, ITESO (Jesuit University in Guadalajara), Mexico (1986-1990)</p><p>&nbsp;</p><p>Operations Research Post grade, ITESO (Jesuit University in Guadalajara), Mexico (1990 &ndash; 1992)</p><p>&nbsp;</p><p>Certified Netware Administrator (Novell CNA) 1998</p><p>&nbsp;</p><p>Authorized Oracle Trainer (2009) for BI materials</p><p>&nbsp;</p><p>Certified Microsoft Trainer (1996) for Windows Architecture, Visual Basic platform and MS Office Automation.</p>', 1, 'application/vnd.openxmlformats-officedocument.word', 'I', 1, 1, 28561, '' ), ( 79, 'DOC11', 'Resume Ruben Badilla', 'RESUME_RUBEN_BADILLA_DBA_ORACLE.docx', '<h1>\r\n	Executive Summary</h1>\r\n<p>&middot;&nbsp;&nbsp;&nbsp;&nbsp;&nbsp;&nbsp;&nbsp;&nbsp; 15+ years of functional experience as Oracle DBA including 8+ years of solid Oracle PeopleSoft experience. Areas of interest and strength include Oracle Administration and Oracle PeopleSoft Applications Implementation and its Interface/ Integration with 3<sup>rd</sup> Party Software.</p><p>&middot;&nbsp;&nbsp;&nbsp;&nbsp;&nbsp;&nbsp;&nbsp;&nbsp; Completed 3 live Oracle PeopleSoft Applications full life cycle implementations and 2 upgrade/support project.</p><p>&middot;&nbsp;&nbsp;&nbsp;&nbsp;&nbsp;&nbsp;&nbsp;&nbsp; Strong in Oracle RMAN, Data Guard, Backup and Recovery, Tuning and Optimization, Database and PeopleSoft Upgrades.</p><p>&middot;&nbsp;&nbsp;&nbsp;&nbsp;&nbsp;&nbsp;&nbsp;&nbsp; Country experience including USA, Mexico and India.</p><p>&middot;&nbsp;&nbsp;&nbsp;&nbsp;&nbsp;&nbsp;&nbsp;&nbsp; Excellent communication, team building and project management skills.</p><p>&nbsp;</p>\r\n<h2>\r\n	EXPERIENCE</h2>\r\n<h2>\r\n	&nbsp;</h2>\r\n<h2>\r\n	Paquetexpress, Los Mochis, Sin, Mex.</h2>\r\n<h2>\r\n	May 2000 to Present</h2>\r\n<h3>\r\n	&nbsp;</h3>\r\n<h3>\r\n	Tasks &amp; Responsibilities</h3>\r\n<p style=\"margin-left:17.85pt;\">&bull;Performs the capacity planning required to create and maintain the databases</p><p style=\"margin-left:17.85pt;\">&bull;Served as technical project lead under Oracle Database Architecture (Oracle 9i/10g, PeopleSoft 8, Windows NT Server) in PeopleSoft ERP project.</p><p style=\"margin-left:17.85pt;\">&bull;Implemented high availability, data protection, and disaster recovery for ERP PeopleSoft production databases, based on Oracle10g Data Guard architecture.</p><p style=\"margin-left:17.85pt;\">&bull;Implemented Oracle high availability solutions by using Data Protection and Disaster Recovery</p><p style=\"margin-left:17.85pt;\">&bull;Implemented Replication Database using Oracle Database Replication, Snapshots, and Materialized Views.</p><p style=\"margin-left:17.85pt;\">&bull;Facilitated business and related systems requirements using Oracle Database, UNIX for Web based database applications.</p><p style=\"margin-left:17.85pt;\">&bull;Migrated Oracle Database Systems Oracle8i, 9i,10g,11g databases by using Oracle exp/imp utility, UNIX file systems.</p><p style=\"margin-left:17.85pt;\">&bull;Designed Multi-systems Database Recovery by using Oracle Recovery Manager and Storage Manager (Oracle 9i/10g/11g RMAN, HP Data Protector)</p><p style=\"margin-left:17.85pt;\">&bull;Implemented capacity planning procedures that helped to reduce costs by determining real resource (memory, Disk, CPU) capacity as well as hardware replacement needed for future demands.</p><p style=\"margin-left:17.85pt;\">&bull;Reduced Oracle Freelance Consultants Costs by Providing strategies in analyzing and evaluating problems.</p><p style=\"margin-left:17.85pt;\">&bull;Designed a track read-only access feature using Oracle FGA and PL/SQL. Delivered a track shipment subsystem that allows to determine number of clients accessing via mobile devices.</p><p style=\"margin-left:17.85pt;\">&bull;Implemented Oracle Gateway on Oracle and MS SQL Server for electronic bill apps</p><p style=\"margin-left:17.85pt;\">&bull;Configured high availability on SQL Server mirroring to protect applications.</p><p style=\"margin-left:17.85pt;\">&bull;Implemented Oracle database schemas for UPS, FedEx Interface.</p>\r\n<h2>\r\n	&nbsp;</h2>\r\n<h3>\r\n	<strong>Oracle DBA and System Specialist</strong></h3>\r\n<h3>\r\n	<strong>Xerox Sumex, Nogales Son. Mex / Nogales AZ, USA</strong></h3>\r\n<h3>\r\n	<strong>may 1999 - may 2000</strong></h3>\r\n<p>&nbsp;</p>\r\n<h3>\r\n	Tasks &amp; Responsibilities</h3>\r\n<p>&middot;&nbsp;&nbsp;&nbsp;&nbsp;&nbsp;&nbsp;&nbsp;&nbsp; Installed and configured new Oracle database servers</p><p>&middot;&nbsp;&nbsp;&nbsp;&nbsp;&nbsp;&nbsp;&nbsp;&nbsp; Responsible for gathering user requirements, data conversions, customizations, testing, assigning work schedules to developers and deliverables</p><p>&middot;&nbsp;&nbsp;&nbsp;&nbsp;&nbsp;&nbsp;&nbsp;&nbsp; Planned and conducted structured testing of Oracle database designs</p><p>&middot;&nbsp;&nbsp;&nbsp;&nbsp;&nbsp;&nbsp;&nbsp;&nbsp; Developed Oracle database objects and structures for data storage</p><p>&middot;&nbsp;&nbsp;&nbsp;&nbsp;&nbsp;&nbsp;&nbsp;&nbsp; Performed backup and recovery procedures</p><p>&middot;&nbsp;&nbsp;&nbsp;&nbsp;&nbsp;&nbsp;&nbsp;&nbsp; Modified database structures as necessary in order to accommodate the needs of System/Programmer Analysts.</p><p>&middot;&nbsp;&nbsp;&nbsp;&nbsp;&nbsp;&nbsp;&nbsp;&nbsp; Enrolled users and maintained system security</p><p>&middot;&nbsp;&nbsp;&nbsp;&nbsp;&nbsp;&nbsp;&nbsp;&nbsp; Controlled and monitored user access to the database</p><p>&middot;&nbsp;&nbsp;&nbsp;&nbsp;&nbsp;&nbsp;&nbsp;&nbsp; Developed and defined security procedures</p><p>&middot;&nbsp;&nbsp;&nbsp;&nbsp;&nbsp;&nbsp;&nbsp;&nbsp; Created data archival solutions</p><p>&middot;&nbsp;&nbsp;&nbsp;&nbsp;&nbsp;&nbsp;&nbsp;&nbsp; Conduct research and make recommendations on database products</p><p>&middot;&nbsp;&nbsp;&nbsp;&nbsp;&nbsp;&nbsp;&nbsp;&nbsp; Developed Product Cost Inventory using Microsoft Access database</p><p>&middot;&nbsp;&nbsp;&nbsp;&nbsp;&nbsp;&nbsp;&nbsp;&nbsp; Planned and conducted structured testing of database designs to confirm functionality and performance.</p><p>&middot;&nbsp;&nbsp;&nbsp;&nbsp;&nbsp;&nbsp;&nbsp;&nbsp; Planned and executed testing and implementation of major systems.</p><p>&middot;&nbsp;&nbsp;&nbsp;&nbsp;&nbsp;&nbsp;&nbsp;&nbsp; Documented the entire environment</p><p>&nbsp;</p><p><strong>Oracle DBA Manager </strong></p><p><strong>Instituto Nacional de Estadistica, Geografia e Informatica (INEGI),</strong><strong>Hermosillo, Son. Mex.</strong></p><p><strong>march 1996 to april 1999</strong></p><p>&nbsp;</p>\r\n<h3>\r\n	Tasks &amp; Responsibilities</h3>\r\n<p>&nbsp;</p><p style=\"margin-left:35.7pt;\">&middot;&nbsp;&nbsp;&nbsp;&nbsp;&nbsp;&nbsp;&nbsp;&nbsp; Installed, configured and mantained database software and application tools.</p><p style=\"margin-left:35.7pt;\">&middot;&nbsp;&nbsp;&nbsp;&nbsp;&nbsp;&nbsp;&nbsp;&nbsp; Developed primary database storage structures and primary objects for newly designed SW applications.</p><p style=\"margin-left:35.7pt;\">&middot;&nbsp;&nbsp;&nbsp;&nbsp;&nbsp;&nbsp;&nbsp;&nbsp; Performed ongoing tuning of the database instances.</p><p style=\"margin-left:35.7pt;\">&middot;&nbsp;&nbsp;&nbsp;&nbsp;&nbsp;&nbsp;&nbsp;&nbsp; Configured backup/recover procedures using RMAN</p><p style=\"margin-left:35.7pt;\">&middot;&nbsp;&nbsp;&nbsp;&nbsp;&nbsp;&nbsp;&nbsp;&nbsp; Implemented backup and recovery of the Oracle database</p><p style=\"margin-left:35.7pt;\">&middot;&nbsp;&nbsp;&nbsp;&nbsp;&nbsp;&nbsp;&nbsp;&nbsp; Responsible for monitoring of database applications.</p><p style=\"margin-left:35.7pt;\">&middot;&nbsp;&nbsp;&nbsp;&nbsp;&nbsp;&nbsp;&nbsp;&nbsp; Controled and monitored user access to databases and maintains systems security</p><p style=\"margin-left:35.7pt;\">&middot;&nbsp;&nbsp;&nbsp;&nbsp;&nbsp;&nbsp;&nbsp;&nbsp; Developed and defined security procedures</p><p style=\"margin-left:35.7pt;\">&middot;&nbsp;&nbsp;&nbsp;&nbsp;&nbsp;&nbsp;&nbsp;&nbsp; Monitored and optimized the performance of databases</p><p style=\"margin-left:35.7pt;\">&middot;&nbsp;&nbsp;&nbsp;&nbsp;&nbsp;&nbsp;&nbsp;&nbsp; Developed disaster recovery and failover plans.</p><p style=\"margin-left:35.7pt;\">&middot;&nbsp;&nbsp;&nbsp;&nbsp;&nbsp;&nbsp;&nbsp;&nbsp; Created models for new database development and/or changes to existing ones</p><p style=\"margin-left:35.7pt;\">&middot;&nbsp;&nbsp;&nbsp;&nbsp;&nbsp;&nbsp;&nbsp;&nbsp; Monitored, optimized and allocated physical data storage for database systems.</p><p style=\"margin-left:35.7pt;\">&middot;&nbsp;&nbsp;&nbsp;&nbsp;&nbsp;&nbsp;&nbsp;&nbsp; Designed and wrote ARC/INFO AML programs for various applications</p><p style=\"margin-left:35.7pt;\">&middot;&nbsp;&nbsp;&nbsp;&nbsp;&nbsp;&nbsp;&nbsp;&nbsp; Produced computerized maps for environmental analysis using AML techniques in ARC/INFO.</p><p style=\"margin-left:35.7pt;\">&middot;&nbsp;&nbsp;&nbsp;&nbsp;&nbsp;&nbsp;&nbsp;&nbsp; Analyzed, digitized, prepared and processed Land Management and housing parcel data for GIS based cadastral system</p><p style=\"margin-left:35.7pt;\">&middot;&nbsp;&nbsp;&nbsp;&nbsp;&nbsp;&nbsp;&nbsp;&nbsp; Led software development team in land tenure administration based on Oracle database, delivered a server-client application capable to manage the common land tenure</p><p style=\"margin-left:.25in;\">&nbsp;</p>\r\n<h2>\r\n	Oracle DBA/Geospatial Administrator</h2>\r\n<h2>\r\n	Instituto Nacional de Estadistica, Geografia e Informatica (INEGI),Hermosillo, Son. Mex.</h2>\r\n<p><strong>june 1994 to march 1996</strong></p><p>&nbsp;</p>\r\n<h3>\r\n	Tasks &amp; Responsibilities</h3>\r\n<p>&middot;&nbsp;&nbsp;&nbsp;&nbsp;&nbsp;&nbsp;&nbsp;&nbsp; Installed, set up, monitored, maintained production and development databases</p><p>&middot;&nbsp;&nbsp;&nbsp;&nbsp;&nbsp;&nbsp;&nbsp;&nbsp; Implemented, developed database policies and procedures to ensure the integrity and availability</p><p>&middot;&nbsp;&nbsp;&nbsp;&nbsp;&nbsp;&nbsp;&nbsp;&nbsp; Performed database transaction and security audits.</p><p>&middot;&nbsp;&nbsp;&nbsp;&nbsp;&nbsp;&nbsp;&nbsp;&nbsp; Worked with application development staff to develop database</p><p>&middot;&nbsp;&nbsp;&nbsp;&nbsp;&nbsp;&nbsp;&nbsp;&nbsp; Installed and configured relevant network components to ensure database access</p><p>&middot;&nbsp;&nbsp;&nbsp;&nbsp;&nbsp;&nbsp;&nbsp;&nbsp; Created models for new database development and/or changes to existing ones.</p><p>&middot;&nbsp;&nbsp;&nbsp;&nbsp;&nbsp;&nbsp;&nbsp;&nbsp; Managed and/or provided guidance to junior members of the team</p><p>&middot;&nbsp;&nbsp;&nbsp;&nbsp;&nbsp;&nbsp;&nbsp;&nbsp; Managed updates topographic maps and transfer database from Arc/Info to Oracle.</p><p>&middot;&nbsp;&nbsp;&nbsp;&nbsp;&nbsp;&nbsp;&nbsp;&nbsp; Delivered a server-client application to manage the common land tenure using ArcInfo/Oracle.</p><p>&middot;&nbsp;&nbsp;&nbsp;&nbsp;&nbsp;&nbsp;&nbsp;&nbsp; Provided &nbsp;technical support to Arc/Info users.</p><p>&nbsp;</p>\r\n<h2>\r\n	Cartography and Mapping Administrator</h2>\r\n<h2>\r\n	Instituto Nacional de Estad&iacute;stica, Geograf&iacute;a e Inform&aacute;tica (INEGI), Hermosillo, Son. Mex.</h2>\r\n<p><strong>february&nbsp; 1992 to june&nbsp; 1994</strong></p><p>&middot;&nbsp;&nbsp;&nbsp;&nbsp;&nbsp;&nbsp;&nbsp;&nbsp; Supported various tasks related to the use and the establishment of the software of geomatic ArcGIS.</p><p>&middot;&nbsp;&nbsp;&nbsp;&nbsp;&nbsp;&nbsp;&nbsp;&nbsp; Managed updates of municipal data (streets, buildings, etc)</p><p>&middot;&nbsp;&nbsp;&nbsp;&nbsp;&nbsp;&nbsp;&nbsp;&nbsp; production of thematic maps.</p><p>&middot;&nbsp;&nbsp;&nbsp;&nbsp;&nbsp;&nbsp;&nbsp;&nbsp; Supported the management system of the cadastral data</p><p>&middot;&nbsp;&nbsp;&nbsp;&nbsp;&nbsp;&nbsp;&nbsp;&nbsp; Developed user interfaces to update and control spatial data</p>\r\n<h3>\r\n	&nbsp;</h3>\r\n<p>&nbsp;</p><p><strong>OTHER EXPERIENCE</strong></p>\r\n<h2>\r\n	Oracle Database Administrator</h2>\r\n<h2>\r\n	Kumaran, Chennai India</h2>\r\n<p><strong>September to december 2002</strong></p><p>&middot;&nbsp;&nbsp;&nbsp;&nbsp;&nbsp;&nbsp;&nbsp;&nbsp; Project DBA leader in design and implementation of Oracle database schema</p><p>&middot;&nbsp;&nbsp;&nbsp;&nbsp;&nbsp;&nbsp;&nbsp;&nbsp; Support for Business Requirements for project</p><p>&middot;&nbsp;&nbsp;&nbsp;&nbsp;&nbsp;&nbsp;&nbsp;&nbsp; Developed stored procedures, triggers, incorporated the new features of Forms 4.5 like Visual Attributes, Property classes, Alerts, Record groups, etc. Dynamic libraries were also used. Extensively used Object groups to standardize the application, created many reusable objects and inherited them in many forms</p><p>&middot;&nbsp;&nbsp;&nbsp;&nbsp;&nbsp;&nbsp;&nbsp;&nbsp; Performed tasks associated with tuning of database systems for performance and efficiency enhancements.</p><p>&middot;&nbsp;&nbsp;&nbsp;&nbsp;&nbsp;&nbsp;&nbsp;&nbsp; Responsible for documenting procedures pertaining to the databases</p><p>&nbsp;</p><p>&nbsp;</p><p><strong>TECHNICAL SKILLS:</strong></p><p>&nbsp;</p><p style=\"margin-left:7.0pt;\">&bull;Database: Oracle 11g/10g/9i/8i, MySQL 5, SQL Server 2005/2008, Oracle SQL Tuning, PeopleSoft,</p><p>&nbsp;</p><p>&bull;Database Tools: OEM/Grid Control, RMAN, Data Guard, and TOAD, Spotlight, Oracle Developer, Oracle APEX, Oracle XE, Oracle VirtualBox, SQL*Plus</p><p style=\"margin-left:7.0pt;\">&bull;Operating System: Sun Solaris, IBM AIX, Red Hat Linux Enterprise Server, Win NT/2005/2008</p><p>&nbsp;</p><p style=\"margin-left:7.0pt;\">&bull;Hardware: Sun, IBM, Intel Servers</p><p>&nbsp;</p><p style=\"margin-left:7.0pt;\">&bull;Storage: IBM Tivoli Storage Manager, TDPO, HP Data Protector, Legato</p><p>&nbsp;</p><p style=\"margin-left:7.0pt;\">&bull;Language: SQL, PL/SQL, UNIX Shell Scripting, PHP, C, T-SQL</p><p>&nbsp;</p><p><strong>EDUCATION</strong></p><p>Instituto Tecnol&oacute;gico de Hermosillo</p><p>&nbsp;</p><p>Bachelor Degree in Computer Science</p>', 1, 'application/vnd.openxmlformats-officedocument.word', 'I', 0, 1, 35320, '' ), ( 82, 'DOC12', 'Dheeraj Kumar', 'Dheeraj_Kumar_Hibernate_spring.docx', '', 1, 'application/vnd.openxmlformats-officedocument.word', 'I', 0, 1, 40468, '' ), ( 85, 'DOC13', 'RAchit Shah Resume', 'RAchit_Shah.docx', '', 1, 'application/vnd.openxmlformats-officedocument.word', 'I', 0, 1, 105235, '' ), ( 88, 'DOC14', 'Srinivasa Arcot Eathiraj', 'SRINIVASA_ARCOT_EATHIRAJ.docx', '', 1, 'application/vnd.openxmlformats-officedocument.word', 'I', 0, 1, 22997, '' ), ( 91, 'DOC15', 'GAURAV TAPADKAR', 'gaurav_tapadkar_j2ee_lead_developer.docx', '', 1, 'application/vnd.openxmlformats-officedocument.word', 'I', 0, 1, 42022, '' ), ( 94, 'DOC16', 'Prince Abraham', 'PRINCE_ABRAHAM.docx', '', 1, 'application/vnd.openxmlformats-officedocument.word', 'I', 0, 1, 23767, '' ), ( 120, 'DOC17', 'Vimalpriya Kothandapani', 'VIMALPRIYA_KOTHANDAPANI.docx', '', 1, 'application/vnd.openxmlformats-officedocument.word', 'I', 0, 1, 39780, '' ), ( 123, 'DOC18', 'ANUPRITA RATNAPARKHI', 'ANUPRITA_RATNAPARKHI.docx', '', 1, 'application/vnd.openxmlformats-officedocument.word', 'I', 0, 1, 24061, '' ), ( 126, 'DOC19', 'Hari Paran', 'Hari_Paran.docx', '', 1, 'application/vnd.openxmlformats-officedocument.word', 'I', 0, 1, 26408, '' ), ( 154, 'DOC20', 'Ajay Upadhyay', 'Ajay_N._Upadhyay.docx', '', 1, 'application/vnd.openxmlformats-officedocument.word', 'I', 0, 1, 30342, '' ), ( 165, 'DOC21', 'Resume Jose Luis Becerril', 'SAP_FICO_Jose_Luis_Becerril.docx', '<br />', 1, 'application/vnd.openxmlformats-officedocument.word', 'I', 1, 1, 44078, '' ), ( 167, 'DOC22', 'Resume Dante Ulises Lopez', 'SAP_FICO_ULISES_DANTE_LOPEZ.doc', '', 1, 'application/msword', 'I', 0, 1, 83456, '' ), ( 178, 'DOC23', 'Michael Delaney Resume', 'Black_Belt_Mike_James_Complete.docx', '<p align=\"center\"><strong>Michael James Delaney</strong></p><p>8907 Old Pine Rd&nbsp;&nbsp;&nbsp;&nbsp;&nbsp;&nbsp;&nbsp;&nbsp;&nbsp;&nbsp;&nbsp;&nbsp;&nbsp;&nbsp;&nbsp;&nbsp;&nbsp;&nbsp;&nbsp;&nbsp;&nbsp;&nbsp;&nbsp; &nbsp;&nbsp; &nbsp;&nbsp;&nbsp;&nbsp;&nbsp;&nbsp;&nbsp;&nbsp;&nbsp;&nbsp;&nbsp;&nbsp;&nbsp;&nbsp;&nbsp;&nbsp;&nbsp;&nbsp;&nbsp;&nbsp;&nbsp;&nbsp;&nbsp;&nbsp;&nbsp;&nbsp;&nbsp;&nbsp;&nbsp;&nbsp;&nbsp;&nbsp;&nbsp;&nbsp;&nbsp;&nbsp;&nbsp;&nbsp;&nbsp;&nbsp;&nbsp;&nbsp;&nbsp;&nbsp;&nbsp;&nbsp;&nbsp;&nbsp;&nbsp;&nbsp;&nbsp;&nbsp;&nbsp;&nbsp;&nbsp;&nbsp;&nbsp;&nbsp;&nbsp;&nbsp;&nbsp;&nbsp;&nbsp;&nbsp;&nbsp;&nbsp;&nbsp;&nbsp; &nbsp;Phone: 561-483-0373</p>\r\n<div style=\"margin-left:-22.5pt;\">\r\n	<p style=\"margin-left:4.5in;\">&nbsp;&nbsp;&nbsp;&nbsp;&nbsp; &nbsp;Boca Raton, FL 33433&nbsp;&nbsp;&nbsp;&nbsp;&nbsp;&nbsp;&nbsp;&nbsp;&nbsp;&nbsp; &nbsp;&nbsp;&nbsp;&nbsp;&nbsp;&nbsp;&nbsp;&nbsp;&nbsp;&nbsp;&nbsp;&nbsp;&nbsp;&nbsp;&nbsp;&nbsp;&nbsp;&nbsp;&nbsp;&nbsp;&nbsp;&nbsp;&nbsp;&nbsp;&nbsp;&nbsp;&nbsp;&nbsp;&nbsp;&nbsp;&nbsp;&nbsp;&nbsp;&nbsp;&nbsp;&nbsp;&nbsp;&nbsp;&nbsp;&nbsp;&nbsp;&nbsp;&nbsp;&nbsp;&nbsp;&nbsp;&nbsp;&nbsp;&nbsp;&nbsp;&nbsp;&nbsp;&nbsp;&nbsp;&nbsp;&nbsp;&nbsp;&nbsp;&nbsp;&nbsp;&nbsp;&nbsp;&nbsp;&nbsp;&nbsp; &nbsp;&nbsp;&nbsp;&nbsp;&nbsp;&nbsp;&nbsp;&nbsp;&nbsp;&nbsp;&nbsp;&nbsp;&nbsp;<a href=\"mailto:mikana@comcast.net\">mikana@comcast.net</a></p><p style=\"margin-left:4.5in;\">&nbsp;</p></div>\r\n<p>&nbsp;</p><p>A customer focused professional with an extensive background in business operations and project management. Seasoned process improvement expert with a successful track record in process optimization, revenue growth and cost reduction. Trusted team leader who partners with business stakeholders to address deficiencies and exceed client expectations.</p><p>&nbsp;</p>\r\n<h5 align=\"left\">\r\n	&nbsp;&nbsp;&nbsp;&nbsp;&nbsp;&nbsp;&nbsp;&nbsp;&nbsp;&nbsp;&nbsp;&nbsp;&nbsp;&nbsp;&nbsp;&nbsp;&nbsp;&nbsp;&nbsp;&nbsp;&nbsp;&nbsp;&nbsp;&nbsp;&nbsp;&nbsp;&nbsp;&nbsp;&nbsp;&nbsp;&nbsp;&nbsp;&nbsp;&nbsp;&nbsp;&nbsp;&nbsp;&nbsp;&nbsp;&nbsp;&nbsp;&nbsp;&nbsp;&nbsp;&nbsp;&nbsp;&nbsp;&nbsp;&nbsp; <u>AREAS OF EXPERTISE</u></h5>\r\n<p>&nbsp;</p>\r\n<table border=\"1\" cellpadding=\"0\" cellspacing=\"0\" width=\"633\">\r\n	<tbody>\r\n		<tr>\r\n			<td style=\"width:211px;height:84px;\">\r\n				<p style=\"margin-left:9.0pt;\">&middot;&nbsp;&nbsp; Customer Service</p><p style=\"margin-left:9.0pt;\">&middot;&nbsp;&nbsp; Vendor relations</p><p style=\"margin-left:9.0pt;\">&middot;&nbsp;&nbsp; Team building</p><p style=\"margin-left:9.0pt;\">&middot;&nbsp;&nbsp; Staff training</p><p style=\"margin-left:9.0pt;\">&nbsp;</p></td>\r\n			<td style=\"width:211px;height:84px;\">\r\n				<p style=\"margin-left:13.1pt;\">&middot;&nbsp;&nbsp; Process Management</p><p style=\"margin-left:13.1pt;\">&middot;&nbsp;&nbsp; Process Mapping</p><p style=\"margin-left:13.1pt;\">&middot;&nbsp;&nbsp; Project Planning</p><p style=\"margin-left:13.1pt;\">&middot;&nbsp;&nbsp; Executive presentations&nbsp;</p><p align=\"center\" style=\"margin-left:13.1pt;\">&nbsp;</p></td>\r\n			<td style=\"width:211px;height:84px;\">\r\n				<p style=\"margin-left:8.2pt;\">&middot;&nbsp;&nbsp; Cost Benefit Analysis</p><p style=\"margin-left:8.2pt;\">&middot;&nbsp;&nbsp; Root cause Analysis</p><p style=\"margin-left:8.2pt;\">&middot;&nbsp;&nbsp; Gap Analysis</p><p style=\"margin-left:8.2pt;\">&middot;&nbsp;&nbsp; Advanced MS Excel, Word and PowerPoint, Visio, MS Project</p></td>\r\n		</tr>\r\n	</tbody>\r\n</table>\r\n<p>&nbsp;</p>\r\n<h5>\r\n	<u>EXPERIENCE AND ACCOMPLISHMENTS</u></h5>\r\n<p>&nbsp;</p><p><strong>CERTIFIED SIX SIGMA BLACK BELT (1/2005 - 7/2012)</strong></p><p>ADT SECURITY SERVICES,Corporate Headquarters,1501 Yamato Rd, Boca Raton, Florida</p><p>&nbsp;</p><p>&sect;&nbsp; Standardized the customer cancellation process between ADT call centers and the newly acquired Broadview call center by adopting Best Practices between the two business models. Influenced cultural change to achieve tighter controls around customer adherence to contract terms and retention offers. Project completed in 4 months with revenues to top $400k p/ year</p><p>&sect;&nbsp; Reduced paperwork processing errors from Branch Offices by 60% utilizing strong data collection and analysis in order to arrive at root causes. Customized LMS web training for Field Agents and Central Order Groups resulted in improved contract booking accuracy and meeting Service Levels</p><p>&sect;&nbsp; Created a first of its kind sales discount report adopted by Compliance &amp; Audit as the standard by which to monitor and control Delegation of Authority levels in the field. Visibility to data details and trend analysis reduced overall discount behavior by over $2.6 million within first 18 months</p><p>&sect;&nbsp; Deployed a new process to monitor and recuperate any missed service revenue associated with work performed but never billed. New auditing triggers for billers, customized reporting for management, and SOPs for Project Managers recuperated over $410k in missed opportunities</p><p>&sect;&nbsp; Streamlined a customer program used by large retail chains to replace faulty equipment via mail by introducing pre-paid FedEx return labels inside re-usable shipping cartons to the delight of busy retail associates who need only to plug-in new units and stage defective units for pick up. New process decreased cycle times of customer returns from 28 days to 7 days</p><p>&sect;&nbsp; Led survey deployment to over 500 Commercial Technicians to gather Voice of the Customer achieving a 44% response rate. RMA survey analysis and presentation to leadership allowed team to focus on specific improvement efforts based on critical to quality requirements resulting in a more effective and simplified process that increases Field productivity</p><p>&sect;&nbsp; Designed a new billing process to systematically invoice customers who fail to comply with the timely return of replaced mail-in equipment. For the first time since inception, the widely used customer mail-in program gained process automation and a method to recover $500k in costs</p><p>&sect;&nbsp; Reversed a negative trend on the P&amp;L where freight expenses consistently exceeded freight revenues by identifying outdated internal accounting rules. First year savings $1.4M</p><p>&nbsp;</p><p>&nbsp;</p><p>&nbsp;</p><p><strong>TEAM MANAGER, CUSTOMER RESPONSE CENTER (12/1997 &ndash; 1/2005)</strong></p><p>SENSORMATIC ELECTRONICS, Corporate Headquarters, 1155 Broken Sound Parkway, Boca Raton, Florida</p><p>&nbsp;</p><p>&sect;&nbsp; Managed daily operations of busy National Customer Contact Center consisting of inbound and outbound Customer Service Reps, Sales Support and Technical Support staff</p><p>&sect;&nbsp; Increased agent productivity via one-on-one coaching sessions using active listening skills focused on motivation, goal setting, positive reinforcement and team building</p><p>&sect;&nbsp; Designed Quality Assurance programs specifically aimed at aligning unique customer needs and requirements to departmental metrics resulting in higher customer satisfaction scores</p><p>&sect;&nbsp; Cut Average Abandoned rate in half by optimizing work schedules around inbound call volumes and creating a dedicated team to handle non phone work such as webmail and email</p><p>&sect;&nbsp; Doubled first call resolution rates for customers reporting False Alarms by optimizing the process of trouble-shooting system issues over the phone prior to dispatching onsite service</p><p>&sect;&nbsp; Increased overall Quality Assurance scores by an average of 15 points per agent by creating and maintaining an online library of SOP&rsquo;s, workflows and training guides on a SharePoint site</p><p>&sect;&nbsp; Reduced call transfers to Sales Reps and Field Installers by over 30% piloting a program aimed at communicating special customer requests via text, email and voice mail &nbsp;</p><p>&sect;&nbsp; Created Best Practices for call center agents and field dispatchers to avoid the unnecessary roll of a service truck for customers under maintenance agreements. First year savings exceeded $360k in labor costs with additional benefits from improved remote diagnostics and trouble-shooting</p>\r\n<ul>\r\n	<li>\r\n		Interviewed, hired and trained all inbound call agents responsible for providing first line of support to large national accounts such as Wal-Mart, Federated Stores and Home Depot</li>\r\n	<li>\r\n		Improved employee retention by utilizing strong peer relationships, leading by example and &nbsp;providing agents the opportunity to shadow technicians in the field when servicing accounts</li>\r\n	<li>\r\n		Respected team leader who values teamwork, integrity and accountability</li>\r\n</ul>\r\n<h5>\r\n	&nbsp;</h5>\r\n<p>&nbsp;</p>\r\n<h5>\r\n	&nbsp;</h5>\r\n<h5>\r\n	EDUCATION AND INTERESTS</h5>\r\n<p style=\"margin-left:.25in;\">&nbsp;</p><p style=\"margin-left:.25in;\">&middot;&nbsp;&nbsp;&nbsp;&nbsp;&nbsp;&nbsp;&nbsp;&nbsp; <strong>Six Sigma Black Belt Certification 2007, Tyco International</strong></p><p style=\"margin-left:.25in;\">&middot;&nbsp;&nbsp;&nbsp;&nbsp;&nbsp;&nbsp;&nbsp;&nbsp; <strong>Associate Degree, Chabot College, Hayward, California</strong></p><p style=\"margin-left:.25in;\">&middot;&nbsp;&nbsp;&nbsp;&nbsp;&nbsp;&nbsp;&nbsp;&nbsp; <strong>Bachelor Degree Equivalent, Universidade Catolica, Rio de Janeiro, Brazil</strong></p><p style=\"margin-left:.25in;\">&middot;&nbsp;&nbsp;&nbsp;&nbsp;&nbsp;&nbsp;&nbsp;&nbsp; <strong>Escola Americana do Rio de Janeiro, Brazil </strong></p><p style=\"margin-left:.25in;\">&middot;&nbsp;&nbsp;&nbsp;&nbsp;&nbsp;&nbsp;&nbsp;&nbsp; <strong>Tennis Captain, Men&rsquo;s Doubles League, Team Saturnia of Boca Raton, FL</strong></p><p style=\"margin-left:.25in;\">&middot;&nbsp;&nbsp;&nbsp;&nbsp;&nbsp;&nbsp;&nbsp;&nbsp; <strong>Tyco Golf League member since 2004</strong></p><p style=\"margin-left:.25in;\">&middot;&nbsp;&nbsp;&nbsp;&nbsp;&nbsp;&nbsp;&nbsp;&nbsp; <strong>Tourism, international travel, guitar, piano, cooking, art, cinema, sports</strong></p><p>&nbsp;</p><p>&nbsp;</p><p><a href=\"http://www.linkedin.com/pub/michael-delaney/13/29/833\"><strong>http://www.linkedin.com/pub/michael-delaney/13/29/833</strong></a></p><p>&nbsp;</p><p>&nbsp;</p><p><strong>Foreign languages: Portuguese, Spanish, French</strong></p>', 1, 'application/vnd.openxmlformats-officedocument.word', 'I', 0, 1, 35232, '' ), ( 181, 'DOC24', 'Jorge Flores Resume', 'Fucntional_PP_Jorge_Flores.doc', '<br />', 1, 'application/msword', 'I', 0, 1, 40960, '' ), ( 188, 'DOC25', 'Saul Lozano Resume', 'SAP_PP_Saul_Lozano_EN.pdf', '<p>General.<br />\r\nExperienced in Information technology as SAP ABAP Consultant and SAP PP Consultant lead with extensive process for Production Planning as well as Purchasing, Inventory to integrate with Financial and controlling, Sales and Distribution and Plant Maintenance.<br />\r\nExcellent team player, proactive and active participant, involved in other business areas giving my experience as abap consultant and of older projects.<br />\r\nMore than 10 Full project implementation as ABAP consultant and PP consultant.<br />\r\nExtensive configuration customizations, Master data configurations and cross PP functionality worked.<br />\r\nConversion and strategy and Data migration.<br />\r\nDeveloped ABAP programs for modules as Production Planning, Plant Maintenance, Sales and distribution, Financial &amp; controlling, Material Management and Human Resource.<br />\r\nInteractive User Interfaces such as Dialogs, Online Interfaces such as ALE, IDOCs, BAPIS, Data Migration such as LSMW, Batch Inputs, Direct Inputs, Enhancements such as Customer exits, User exits, Screen Exits, BADIs, Extraction and exploring information such as Reporting or ALV Reporting using standard programming and OOPs<br />\r\nCommunication configuration such as ALE distribution model<br />\r\nActed as Project Manager for projects in USA and Europe under global delivery model. ABAP Trainer and Logistic trainer for SAP, and other clients.<br />\r\nConsultant Profile<br />\r\nSaul Lozano<br />\r\nSAP PP Consultant.<br />\r\nTraining.<br />\r\nABAP Training TAW10, TAW12 , BC400, BC405, BC490, BC401, BC402, BC470<br />\r\nPlant Maintenance Training<br />\r\nProduction Planning Training TSCM40 and TSCM42<br />\r\nMaterial Management and Sales &amp; Distribution WorkShops<br />\r\nCMMI, Project Management<br />\r\nApproach.<br />\r\nSAP PP Process.<br />\r\nLogistic process.<br />\r\nRequierement Processing.<br />\r\nMaterial Requirement Planning.<br />\r\nProduction planning and Shop Floor Control.<br />\r\nOther skills.<br />\r\nActive listening training completed.<br />\r\nAssertivenes skills.<br />\r\nProbing skills.<br />\r\nStrong ABAP SAP technology.<br />\r\nConsultant Profile<br />\r\nSaul Lozano<br />\r\nSAP PP Consultant.<br />\r\nProjects. Client : TPM Elementia - Cement City : Pachuca, HGO. Company : FreeLancer. Scope : Support&amp;Sustain . Role : Sap PP Expert. Duration : Jan 2013 to Date Deliverables<br />\r\nResponsible for detailed problem and determination of issues in resolving<br />\r\nProblem determination includes re-creating the issues, determining the point of failure by stepping through the ABAP Code and identifying the problem resolution. Also Create Functional Requirements and User Requirements Specifications<br />\r\nWorked towards maintaining the sanity of the SAP PP area by giving suggestions for improvement and also looking into the various issues that client face in the SAP PP.<br />\r\nBusiness analysis performed to support demand supply balancing desitions and remove planning activities relied on excel sheets empowered the user preparing data to create extensive KPI&rsquo;s Reports that meassure main process.<br />\r\nCustomization for SOP and starting up long term planning tool using sales data to create production plan at varios organization levels and disaggregate them from product group to the detail most material level.<br />\r\nCarried out rough cut planning to estimate shoop floor capacity required.<br />\r\nEnd user training for SOP, Demand Transfer, MRP Simulation, and conversion orders.<br />\r\nEnd Month activities supporting FI Consultant for Cost Analysis<br />\r\nConsultant Profile<br />\r\nSaul Lozano<br />\r\nSAP PP Consultant.<br />\r\nProjects. Client : Fortacero - Mill Products City : Monterrey, NL. Company : FreeLancer. Scope : Full SAP PP implementation. Role : Sap PP Specialist &amp; ABAP Specialist Duration : Nov 2012 to Jan 2013 Deliverables<br />\r\nMill Products Configuration MTO &amp; MTS and MRP Areas customizations.<br />\r\nDeveloped applications for production control process and collective confirmations obtained a tremendous improving for lead times and order scheduling.<br />\r\nBar code program and smartform created and stickers paid in the products and items. Which allowed pick the right lot up, previously specified in the production order. Reducing dramatically the lot assinging times, the wrong lot picking and thus produced the worng product for grade, thickness, width, lenght.<br />\r\nPlanning with final assembly strategies customized for finished goods as well as Requirement types, schedule lines categories. Thus client requirement do not appear in the necessities list until sales order is released by credit and planned order are not generated by MRP until deliveries are created.<br />\r\nAvailability check rules customized for lot quantities blocking.<br />\r\nAssembling external material Production process implemented for a specific client (maquila).<br />\r\nProduction Control implemented for several lines.<br />\r\nConsultant Profile<br />\r\nSaul Lozano<br />\r\nSAP PP Consultant.<br />\r\nProjects. Client : Mexichem - Mining City : Muzquiz, Coah. Company : FreeLancer. Scope : Full SAP PP implementation. Role : Sap PP Specialist Duration : Jul 2012 to Nov 2012 Deliverables<br />\r\nFull SAP PP Process industry Solution implementation for a mining plant located in North of Mexico.<br />\r\nIntegration of PP and CO.<br />\r\nRequirement gathering in SAP PP and QM.<br />\r\nMaster Data Customization and Configuration settings for work centers basic customization for cost centers. Recipes created for items and components<br />\r\nSubcontractor customization for components in routings for in house productions.<br />\r\nPipeline components customizations included in BOMs<br />\r\nStorage locations created for scrap. Stock Transfer procedure established.<br />\r\nSuccessfull Workshops and Training for end user.<br />\r\nIntegration Testing successfully performed.<br />\r\nEnd month support for PP activities post go-live.<br />\r\nAll PP implemented process documented for end users.<br />\r\nConsultant Profile<br />\r\nSaul Lozano<br />\r\nSAP PP Consultant.<br />\r\nProjects. Client : Alestra &ndash; IT&amp;Telecommunication City : Monterrey, Mex. Company : FreeLancer. Scope : Full SAP PP implementation. Role : Sap PP Specialist Duration : Oct 2011 to Jul 2012 Deliverables<br />\r\nFull Process industry Solution implementation for laboratorios Columbia.<br />\r\nLead the functional Consultant Team on implementation<br />\r\nDocument creation and business blue print created.<br />\r\nImplement strict guidlines for project implementation.<br />\r\nCustomization for subcontracting in routing operations.<br />\r\nCustomizaion for Active ingredient solution for material calculation.<br />\r\nHelp SD Consultant on Intercompany customization<br />\r\nHelp SD Consultant on Sales BOM configuration.<br />\r\nMaster Data Customization (Material Records, BOMs, Resources, and Master Recipes) for Strategy Make to Stock.<br />\r\nEnabled Functionalities : batch management, back flush, backorders, CRP.<br />\r\nWorkshops and knowledge transfer in full process flow and information analysis.<br />\r\nConsultant Profile<br />\r\nSaul Lozano<br />\r\nSAP PP Consultant.<br />\r\nProjects. Client : Sanofi-Aventis - pharmaceutical City : Toluca, Edo Mex. Company : IM Consulting Scope : Full SAP PP Implemetation. Role : Sap PP Specialist. Duration : Feb 2011 to Oct 2011 Deliverables<br />\r\nFull Process industry Solution implementation for Sanofi.<br />\r\nStrategy Make to Stock.<br />\r\nBasic configurations.<br />\r\nMaster Data Customization (Material Records, BOMs, Resources, and Master Recipes.<br />\r\nEnabled Functionalities : batch management, back flush, backorders, CRP<br />\r\nWorkshops and knowledge transfer in full process flow and information analysis.<br />\r\nProcess implemented :<br />\r\nSOP, MRP, CRP, Demmand Management and Shop Floor control.<br />\r\nProduct life cycle Report.<br />\r\nEnanchements and customization for Orders Infosystem PP-PI.<br />\r\nExternal procurement process IDOC interfaces.<br />\r\nConsultant Profile<br />\r\nSaul Lozano<br />\r\nSAP PP Consultant.<br />\r\nProjects. Client : Aptar Group &ndash; Dispensing systems. City : Queretaro, Qro. Company : IM Consulting Scope : Logistic project. Role : SAP PP and team leader. Duration : Nov 2010 to Feb 2011. Deliverables<br />\r\nActed as project manager leading and coordinating sap implementation.<br />\r\nAlso highly involved in SAP electronical invoice implementation.<br />\r\nRequirement Analysis and Scope definition.<br />\r\nBlue print document created.<br />\r\nProject Plan created and weekly follow up.<br />\r\nSpecification Designed for additional developments.<br />\r\nBasic Customization for work centre, Capacity planning, bill of materials, production control, full centre customization.<br />\r\nUnit and integration testing successfully performed.<br />\r\nWork shop and knowledge transfer with end users<br />\r\nConsultant Profile<br />\r\nSaul Lozano<br />\r\nSAP PP Consultant.<br />\r\nProjects. Client : Diehl Controls. &ndash; Electronical Consumer City : Queretaro, Qro. Company : IM Consulting Scope : Full Discrete Manufacturing implemented. Role : Sap PP and Abap Specialist. Duration : Aug 2010 to Nov 2010. Deliverables<br />\r\nLead Consultant and responsible conceptual work of logistic and distribution operation as well as manufacturing process.<br />\r\nWorked in coordination with the business people for the process identification in SD, MM and PP.<br />\r\nFor SD worked in Electronical invoice deployment participating in definition, leading functional consultant in the conceptual model, FI and SD customization for digital seal, SAP ABAP notes implementation and ALE distribution model configuration.<br />\r\nResponsible of testing and delivery applications.<br />\r\nProcess documented and manuals for end users created and partner training delivered.<br />\r\nFunctional specs and technical guidelines for ABAP developers.<br />\r\nABAP codes written for sap notes included in IDOCs functions and other SapScripts issues.<br />\r\nSAP PP configuration data customized and data migration for master data.<br />\r\nProduction control process enabled and PP Orders Full cycle implemented.<br />\r\nConsultant Profile<br />\r\nSaul Lozano<br />\r\nSAP PP Consultant.<br />\r\nProjects. Client : Johnson Controls Inc. &ndash; Diversified Technology Consumer. City : Milwaukee, Wis. Company : Infosys Tech. Scope : Sap PP Discrete Manufacturing implementation. Role : Data Migration Project Manager and PP Specialist Duration : Nov 2009 to Aug 2010. Deliverables<br />\r\nI was assigned there as project manager for data migration team.<br />\r\nResponsibilities included collaborate in the High level Plan and Detailed plan for Data Migration, Daily Meeting for Cleansing Activities from legacy system, Mapping Analysis, Templates definition.<br />\r\nLead the legacy team for extraction Raw Data for pre-cleansing activities, Pre-cleansing activities performed.<br />\r\nExtraction program identification, batch program definition and construction.<br />\r\nExecute mock data Loads execution, Integration testing, Configuration activities.<br />\r\nBlue print document created and specification Designed for additional developments.<br />\r\nBasic Customization for work centre, Capacity planning, bill of materials, production control, full centre customization.<br />\r\nUnit and integration testing successfully performed.<br />\r\nDocumentation and Work shop and knowledge transfer with end users<br />\r\nGo live and support.<br />\r\nConsultant Profile<br />\r\nSaul Lozano<br />\r\nSAP PP Consultant.<br />\r\nProjects. Client : Baker Hughes Atlas Inc. &ndash; Oil exploration tools and consumer. City : Houston, Tx. Company : Infosys Tech. Scope : Sap Implementation and Support Project. Role : Project Manager and PP Specialist. Duration : Aug 2009 to Nov 2009. Deliverables<br />\r\nRole played as team leader and functional consultant, responsibilities comprised coordinate ABAP team and lead the conversion strategy for SAP Logistic.<br />\r\nEffort Estimations elaborated, Scenario configuration and testing cases<br />\r\nClient Daily Meeting, team weekly meetings, Daily Plan Follow up<br />\r\nPP Configuration data customized and Master data configured.<br />\r\nFull SAP PP cycle functionalities enabled and end user trained successfully.<br />\r\nCreate ABAP codes as utilities for conversion activities.<br />\r\nEnhanced standard transaction for process order confirmations.<br />\r\nActively participated in HR deployment giving my experience in Data Migration process and ABAP program coded.<br />\r\nCreated multiple SQVI queries for end user and other standard structures by flexible analysis tools.<br />\r\nConsultant Profile<br />\r\nSaul Lozano<br />\r\nSAP PP Consultant.<br />\r\nProjects. Client : Mittal Steel Co. &ndash; Mill Products. City : Hyderabad, India, Mangaloore India Company : Infosys Tech. Scope : Support and Sustain Project &ndash; Offshore in India. Role : Project Manager and PP Specialist. Duration : Mar 2009 to Aug 2009. Deliverables<br />\r\nAs a project manager I was allocated in India in several project in order to get the knowledge transfer of global delivery model.<br />\r\nMy responsibilities there were get involved in customer issues and my activities were to learn several tools.<br />\r\nI participated in business analysis and scope definition and blue print document creation.<br />\r\nSpecification Designed for additional developments.<br />\r\nFor PP activities performed included configuration data customized as well as master data.<br />\r\nSAP functionalities started such as DM, MRP, CRP and shop floor control.<br />\r\nUnit and integration testing successfully performed and Documentation<br />\r\nWork shop and knowledge transfer with end users<br />\r\nGo live and support.<br />\r\nConsultant Profile<br />\r\nSaul Lozano<br />\r\nSAP PP Consultant.<br />\r\nProjects. Client : Syngenta AG. &ndash; biotechnology and genomic research. City : Basel, Switzerland, Argentina. Company : Infosys Tech. Scope : Full PP PI Implementation. Role : Project Manager and PP Specialist. Duration : Oct 2008 to Mar 2009. Deliverables<br />\r\nResponsibilities included solve team conflict with the client regarding PP deliverables commitments.<br />\r\nParticipated with the implementation team on scope redefinition for Implementation of Logistic modules (PP, MM and SD).<br />\r\nInvolved in business analysis and customer requirement<br />\r\nQA and check list of PP solution already implemented.<br />\r\nExhaustive analysis for PP module (discrete manufacturing)<br />\r\nAmendments to the configuration of PP for MRP and Capacities leveling.<br />\r\nSpecification Designed for developments and lead the ABAP team<br />\r\nLead the legacy team for extraction programs and cleansing document s provided.<br />\r\nMM templates for master records customized and data validations<br />\r\nMPR Views customized for all types of materials.<br />\r\nCreated user manuals and process were documented as well as ABAP codes.<br />\r\nConsultant Profile<br />\r\nSaul Lozano<br />\r\nSAP PP Consultant.<br />\r\nProjects. Client : AHMSA. &ndash; Mill Product. City : Monclova, Coah. Company : Deloitte Consulting. Scope : SAP APO Implementation. Role : SAP PP Specialist and ABAP leader. Duration : Mar 2008 to Oct 2008. Deliverables<br />\r\nInvolved in that project as ABAP Team leader and my responsibilities included lead the ABAP team to complete the current developments on working and incomings requirements.<br />\r\nHelped the functional consultant to find solutions on transferring data from R3 to APO<br />\r\nWorked with CIF and integration models customizations.<br />\r\nProduction load distribution<br />\r\nSales order update process<br />\r\nWeek in sales order update for heuristic<br />\r\nParallel sequences report<br />\r\nProduction plan and inventory flow<br />\r\nOrder number difference in sales order report<br />\r\nPegging breakdown report<br />\r\nFine cast sequence report.<br />\r\nConsultant Profile<br />\r\nSaul Lozano<br />\r\nSAP PP Consultant.<br />\r\nProjects. Client : Cemex. &ndash; Concrete and Cement Product. City : Monterrey, NL. Company : Neoris. Scope : SAP Implementation for Germany, England, Poland, Ireland, France and Croatia &ndash; OnSite and NearShore from Budapest, Hungary. Role : SAP ABAP Specialist. Duration : May 2006 to Feb 2008. Deliverables<br />\r\nRollout implementation from base model<br />\r\nData migration for SD module<br />\r\nProcess purchasing info records data load.<br />\r\nMaster Data conversion Programs (Material Master, Vendor Master, Purchasing Documents Initial Stocks, Location and Bins for Warehouse Management<br />\r\nInventory Reports: Create the Physical Inventory Document, Inventory Count, Difference and Post Difference.<br />\r\nAlso Participated in HR deployment for several implementation in Europe giving my HR abap experience.<br />\r\nDeveloped several HR Reports and bank interface enhanced.<br />\r\nHelped Functional Consultant for Time Management customization and data exploration, also several programs developed for this module.<br />\r\nConsultant Profile<br />\r\nSaul Lozano<br />\r\nSAP PP Consultant.<br />\r\nProjects. Client : Procter and Gamble. &ndash; Consumer Product multinational. City : Cincinnati, Ohio. Company : Independent Scope : SAP Support Project Role : SAP ABAP Specialist. Duration : Feb 2005 to Apr 2006. Deliverables<br />\r\nMain deliverables included as follow :<br />\r\nCredit and debit memos customizations and reports<br />\r\nSerial numbering mass update.<br />\r\nCustomization for pricing and SapScripts customizations<br />\r\nPaymet card interfaces processing.<br />\r\nBank interfaces created.<br />\r\nPartner determination customizations.<br />\r\nSales document enhancement customizations.<br />\r\nMaterial descriptions mass update<br />\r\nStock Report for finished goods.<br />\r\nInbound interfaces worked.<br />\r\nAnalysis and coding with IDOCs.<br />\r\nConsultant Profile<br />\r\nSaul Lozano<br />\r\nSAP PP Consultant.<br />\r\nProjects. Client : Pemex. &ndash; Oil Company. City : Mexico City. Company : Schlumberger Scope : SAP Implementation Project Role : SAP ABAP Specialist. Duration : Nov 2004 to Feb 2005. Deliverables<br />\r\nAssigned to that project as ABAP consultant<br />\r\nEvaluation of as-is and to-be model for CSM ( Contratos de Servicios Multiples)<br />\r\nGaps identification and solution proposals<br />\r\nIntercompanies and invoice Verification<br />\r\nDefining the Vendor evaluation by quality, delivery and pricing<br />\r\nFunctional Design for Interfaces, PO Forms and Reports<br />\r\nPayment plan for AP, Payments and taxes, depreciation runs for exploration production centres<br />\r\nCreate programs for automatic clearing, reclassifying document and authorization reports<br />\r\nTesting programs checking performance and functionality for fixed asset and project system<br />\r\nInvoice verification BADI and BAPI developments for CMS<br />\r\nConsultant Profile<br />\r\nSaul Lozano<br />\r\nSAP PP Consultant.<br />\r\nProjects. Client : Philips. &ndash; Consumer Electronical parts. City : Gomez Palacio, Dgo and New Jersey, NJ. Company : IBM. Scope : Full Discrete manufacturing implementation Role : SAP PP and Abap Specialist. Duration : Jan 2004 to Nov 2004. Deliverables<br />\r\nRollout implementation from LG-Philips South America<br />\r\nGaps identification and IMG programs and Requirement Analysis and Scope definition.<br />\r\nBlue print document created.<br />\r\nProject Plan created and weekly follow up.<br />\r\nSpecification Designed for additional developments.<br />\r\nBasic Customization for work centre, Capacity planning, bill of materials, production control, full centre customization.<br />\r\nData Migration for Master data.<br />\r\nSuccessful CRP functionality implemented.<br />\r\nSettings for PP views in material master.<br />\r\nUnit and integration testing successfully performed.<br />\r\nDocumentation<br />\r\nWork shop and knowledge transfer with end users<br />\r\nGo live and support.<br />\r\nConsultant Profile<br />\r\nSaul Lozano<br />\r\nSAP PP Consultant.<br />\r\nProjects. Client : IMSA. &ndash; Mill Products. City : Monterrey, NL. Company : Independent Scope : SCM APO full implementation project. Role : SAP PP and abap Specialist. Duration : Jan 2000 to Jan 2004. Deliverables<br />\r\nI was integrated as part of the implementation team for several project running in that company<br />\r\nMy main duties included support other consultants on constructing solution for product engineering.<br />\r\nAnalyzed end-to-end process and integration with process in transformation and production planning.<br />\r\nBasic Customization for work centre, Capacity planning, bill of materials, production control, full centre customization and MRP lot sizing settings.<br />\r\nData Migration for Master data. Settings for PP views in material master.<br />\r\nWorked with characteristics and created dialog programs for product features and user interface .<br />\r\nUnit and integration testing successfully performed.<br />\r\nDocumentation of process.<br />\r\nWork shop and knowledge transfer with end users<br />\r\nGo live and support.<br />\r\nConsultant Profile<br />\r\nSaul Lozano<br />\r\nSAP PP Consultant.<br />\r\nProjects. Client : Ardilla Lulle. &ndash; Brewer Co. City : Bogota, Col. Company : IBM Scope : full PP PI implementation project Role : SAP PP and abap Specialist. Duration : Mar 1999 to Jan 2000 Deliverables<br />\r\nRequirement Analysis and Scope definition.<br />\r\nBlue print document created.<br />\r\nSpecification Designed for additional developments.<br />\r\nBasic Customization for work centre, Capacity planning, bill of materials, production control, full centre customization.<br />\r\nData Migration for Master data.<br />\r\nSuccessful CRP functionality implemented.<br />\r\nSettings for PP views in material master.<br />\r\nUnit and integration testing successfully performed.<br />\r\nABAP support for Latin America ABAP team in project implementation in Cervecer&iacute;a Leona<br />\r\ninterfaces developed for shop floor control<br />\r\nKey performance indicators definition for Production efficiency, Maintenance efficiency, raw material yield and raw material utilization.<br />\r\nInbound interfaces created.<br />\r\nGo live and support.<br />\r\nConsultant Profile<br />\r\nSaul Lozano<br />\r\nSAP PP Consultant.<br />\r\nProjects. Client : Brahama. &ndash; Brewer Co. City : Curitiba, Sao Paulo, Brazil. Company : IBM Scope : full process industry manufacturing implemented Role : SAP PP Specialist. Duration : Nov 1998 to Mar 1999 Deliverables<br />\r\nActed as PP Consultant and provided ABAP experience .<br />\r\nParticipated in business analysis and designed business blue prints.<br />\r\nSpecification Designed for &Aacute;BAP Reports.<br />\r\nWorked with inbound IDOCs with third party software and Dialog programs and interfaces created for vendors.<br />\r\nDesigning SAP Applications Logistics and Operating structure of client organizations - Multi-Org Setup, Multiple Set of Books and Multiple Manufacturing plants.<br />\r\nCheck List created for IMG and configuration data customized and master data configured. batch management implemented.<br />\r\nUnit and integration testing successfully performed. User Manual for end user created<br />\r\nWork shop and knowledge transfer with end users<br />\r\nGo live and support.<br />\r\nConsultant Profile<br />\r\nSaul Lozano<br />\r\nSAP PP Consultant.<br />\r\nProjects. Client : General Motors. &ndash; Automotive. City : Arica, Chile. Company : IBM Scope : PP Implementation for repetitive manufacturing Role : SAP ABAP Specialist. Duration : Sep 1998 to Nov 1998 Deliverables<br />\r\nDeliverables included business mapping and gap analysis. Also created business blue prints<br />\r\nSpecification Designed for additional developments.<br />\r\nMM scenarios tested focused on inventory management, purchasing and shipments.<br />\r\nFixed customizing activities for capacity leveling, long term planning, demand management.<br />\r\nBasic Customization for work centre, Capacity planning, bill of materials, production control integrated with Cost collectors. Master record configured.<br />\r\nUnit and integration testing successfully performed.<br />\r\nComplex developments created for inbound interfaces and dialog programs. Also ABAP reports and SapScripts created.<br />\r\nWork shop and knowledge transfer with end users<br />\r\nGo live and support.<br />\r\nConsultant Profile<br />\r\nSaul Lozano<br />\r\nSAP PP Consultant.<br />\r\nProjects. Client : Plumrose S.C. &ndash; Food products. City : Cagua (Maracay), Venezuela. Company : IBM Scope : Process industry full imlementation project. Role : SAP PP Specialist. Duration : Apr 1998 to Sep 1998 Deliverables<br />\r\nIn Charge of the full implementation SAP R3 for the entire Production Planning Module in Production Plants and Distribution Centers<br />\r\nDemand Management Planning Strategy Groups and config design of Planning Strategy with global implementation. with Final Assembly<br />\r\nZ2 Strategy group Planning without Final Assembly with Stock Availability Check and Customer Order confirmation from Stock and Forecast Planning for Stock Optimization.<br />\r\nRough Cut Capacity Planning for Long Term Planning and MRP Groups created.<br />\r\nCross Plant Planning between 3 Production Plants for 4 Distribution Centers with special procurement types for stock transfers.<br />\r\nCapacity Requirements Planning, Work Center capacity formulation for capacity evaluation and capacity leveling.<br />\r\nBill of Material and Co-Products with apportionment structures for Joint Production Versions and Operation/Component Scrap definition.<br />\r\nBack flushing configuration for specific operation and reporting point definition.<br />\r\nConsultant Profile<br />\r\nSaul Lozano<br />\r\nSAP PP Consultant.<br />\r\nProjects. Client : Nemak S.A.de C.V &ndash; Automotive parts. City : Monterrey, NL. Company : IBM Scope : Full implementation repetitive manufacturing implemented Role : SAP PP Specialist. Duration : Mar 1998 to Apr 1998 Deliverables<br />\r\nTechnical support for In-house production procedures and external procurement materials planning. Inventory and replenishment costs optimization and decrease.<br />\r\nBasic Lists Queries designed for specific reports by Functional Areas (Planning, Floor Shop Control).<br />\r\nBackflushing w/o Finished Product Goods Receipt by defining reporting points (milestone procedure) in the specific Rate-routing operation (Control Key).<br />\r\nMRP Technical Processes configuration.<br />\r\nQueries, User Groups and InfoSets creation, modification and visualization<br />\r\nBased on the Replenishment Strategy, Transfer Orders, Planned Orders or Purchase Requisitions generation from the Demand Source to the Supply source for the specific material Cycle Control.<br />\r\nConsultant Profile<br />\r\nSaul Lozano<br />\r\nSAP PP Consultant.<br />\r\nProjects. Client : Holcim (US) Inc. &ndash; Concrete and Cement. City : Birmingham, Alabama. Company : Adjoined Scope : Full PP Discrete manufacturing implemented Role : SAP PP and ABAP Specialist. Duration : Nov 1996 to Mar 1998 Deliverables<br />\r\nRequirement Analysis and Scope definition.<br />\r\nBlue print document created.<br />\r\nBasic Customization for work centre, Capacity planning, bill of materials, production control, full centre customization.<br />\r\nMaster data customized.<br />\r\nSettings for PP views in material master.<br />\r\nUnit and integration testing successfully performed.<br />\r\nDocumentation<br />\r\nWork shop and knowledge transfer with end users<br />\r\nGo live and support.<br />\r\nConsultant Profile<br />\r\nSaul Lozano<br />\r\nSAP PP Consultant.<br />\r\nProjects. Client : Rio tinto &ndash; Mining. City : Huelva, Andalucia Spain. Company : IBM Scope : SAP Implementation Projects Role : SAP ABAP Specialist. Duration : Apr 1996 to Oct 1996 Deliverables<br />\r\nPurchasing Report<br />\r\nPurchasing Analysis Report.<br />\r\nMaterial usage report for Operating Supplies<br />\r\nSpecial Purchase Price Report<br />\r\nComparison of Open Purchase Prices<br />\r\nArchivelink discontinued process order.<br />\r\nMaterial usage report for Operating Supplies<br />\r\nDaily Movement Types for Finished Goods Materials<br />\r\nVendors Montlhy clearing.<br />\r\nConsultant Profile<br />\r\nSaul Lozano<br />\r\nSAP PP Consultant.<br />\r\nProjects. Client : Gruma &ndash; Food. City : Monterrey, NL. Company : WSS Scope : SAP Implementation Projects Role : SAP ABAP Specialist. Duration : Feb 1996 to Mar 1996 Deliverables<br />\r\nSuccessfully implemented SAPscript for FI and MM<br />\r\nABAP Program GUI interface for FICO<br />\r\nSD ABAP Reported Created successfully.<br />\r\nPrnter customzation for SapScripts.<br />\r\nDialog programs created for good recipe and invoice verifications.<br />\r\nSuccessfully user exit implemented for invoice creation.<br />\r\nSuccessfully IDOCs implementation.<br />\r\nNote application for FI Standard program for credit memos.<br />\r\nConsultant Profile<br />\r\nSaul Lozano<br />\r\nSAP PP Consultant.<br />\r\nProjects. Client : Pyosa &ndash; Chemical. City : Monterrey, NL. Company : WSS Scope : SAP Implementation Projects Role : SAP ABAP Specialist. Duration : Jan 1996 to Jan 1996 Deliverables<br />\r\nCreated FI and CO ABAP reports<br />\r\nCreated GUI user interface for FI<br />\r\nCreated shipping detail and delivery reports for SD<br />\r\nTechnical documentation and training for end user in Z Transactions created.<br />\r\nActively participated in data exploration and helped functional consultant in data dictionary.<br />\r\nReports created for pegged .<br />\r\nData Migration programs created successfully for SD and FI<br />\r\nBank interface program customizations.<br />\r\nConsultant Profile<br />\r\nSaul Lozano<br />\r\nSAP PP Consultant.<br />\r\nEducation and Certifications.<br />\r\nBachelor Degree in Computer Science UANL 1994<br />\r\nSAP PP Certification Santa Fe Mexico. 1998<br />\r\nSAP PM Certification Santa Fe Mexico. 1998<br />\r\nPP Training successfully completed. 1999<br />\r\nABAP Certification Santa Fe Mexico. 1997<br />\r\nLanguage.<br />\r\nSpanish.<br />\r\nEnglish.<br />\r\nPrevious Jobs.<br />\r\nWorked for a Specialized Maintenance Service Company as<br />\r\nPlant Maintenance Planner assigned to Akra, APM, Cemex, Apasco.<br />\r\nPredictive Maintenance technology applied.<br />\r\nConfiguration and synchronization of Vibrations Analyzer<br />\r\nEquipment Condition monitoring and Spectrum Analysis<br />\r\nConsultant Profile<br />\r\nSaul Lozano<br />\r\nSAP PP Consultant.</p>', 1, 'application/pdf', 'I', 0, 1, 357247, '' ), ( 196, 'DOC26', 'Resume Jazmin Palafox', 'SAP_Functional_PP_Yazmn_Palafox.pdf', '<br />', 1, 'application/pdf', 'I', 0, 1, 183959, '' ), ( 198, 'DOC27', 'Resume Miguel Salas', 'SAP_Functional_PP_Miguel_Salas.docx', '', 1, 'application/vnd.openxmlformats-officedocument.word', 'I', 0, 1, 28800, '' ), ( 200, 'DOC28', 'Resume Roberto Soria', 'Roberto_Soria_PP_QM_MM_(2).docx', '<br />', 1, 'application/vnd.openxmlformats-officedocument.word', 'I', 0, 1, 41490, '' ), ( 344, 'DOC29', 'Maria Khan', 'Maria_Khan_Recruitment_Trainee.docx', '', 1, 'application/vnd.openxmlformats-officedocument.word', 'I', 0, 1, 22368, '' ), ( 349, 'DOC30', 'Varun Sowrirajan', 'Varun_SAS_Admin.doc', '', 1, 'application/msword', 'I', 0, 1, 73216, '' ), ( 353, 'DOC31', 'Manisha Agrawal', 'Agrawal_Manisha_Resume.doc', '', 1, 'application/msword', 'I', 0, 1, 91136, '' ), ( 356, 'DOC32', 'Daron E. Bucknor', 'Daron\'s_Resume_V3_(1)_(1).docx', '', 1, 'application/vnd.openxmlformats-officedocument.word', 'I', 0, 1, 30507, '' ), ( 359, 'DOC33', 'Dipti Hati', 'DiptiKantaHati_Resume_SA.DOC', '', 1, 'application/msword', 'I', 1, 1, 80384, '' ), ( 362, 'DOC34', 'Parri Ganesan', 'Ganesan__Sun_IDM.DOCX', '', 1, 'application/vnd.openxmlformats-officedocument.word', 'I', 0, 1, 33873, '' ), ( 365, 'DOC35', 'John Lai', 'Jack_lai.doc', '', 1, 'application/msword', 'I', 0, 1, 58880, '' ), ( 368, 'DOC36', 'Joseph Genchik', 'JOSEPH_GENCHIK.DOCX', '', 1, 'application/vnd.openxmlformats-officedocument.word', 'I', 0, 1, 17812, '' ), ( 371, 'DOC37', 'Milind C Kamat', '', '', 1, '', 'I', 0, 1, 0, '' ), ( 372, 'DOC38', 'Milind C Kamat', 'Milind_C_Kamat.docx', '', 1, 'application/vnd.openxmlformats-officedocument.word', 'I', 0, 1, 16971, '' ), ( 375, 'DOC39', 'Naveen N', 'Naveen_Sun_IDM.DOCX', '', 1, 'application/vnd.openxmlformats-officedocument.word', 'I', 0, 1, 20983, '' ), ( 378, 'DOC40', 'Paresh Desai', 'Paresh_Desai_BI_Project_Manager.docx', '', 1, 'application/vnd.openxmlformats-officedocument.word', 'I', 0, 1, 20763, '' ), ( 381, 'DOC41', 'Alain Aguilar', 'Resume_Alain_Aguilar.docx', '', 1, 'application/vnd.openxmlformats-officedocument.word', 'I', 0, 1, 356761, '' ), ( 384, 'DOC42', 'Alberto Fernandez', 'Resume_Alberto_Fernandez.docx', '', 1, 'application/vnd.openxmlformats-officedocument.word', 'I', 0, 1, 353526, '' ), ( 387, 'DOC43', 'Angel Mendoza', 'Resume_Angel_Mendoza.docx', '', 1, 'application/vnd.openxmlformats-officedocument.word', 'I', 0, 1, 357992, '' ), ( 390, 'DOC44', 'Eduardo Morales S', 'Resume_Eduardo_Morales.docx', '', 1, 'application/vnd.openxmlformats-officedocument.word', 'I', 0, 1, 357110, '' ), ( 393, 'DOC45', 'Luis Saucedo', 'Resume_Luis_Saucedo.docx', '', 1, 'application/vnd.openxmlformats-officedocument.word', 'I', 0, 1, 353393, '' ), ( 397, 'DOC46', 'Oscar Lopez', 'Resume_Oscar_Lopez.docx', '', 1, 'application/vnd.openxmlformats-officedocument.word', 'I', 0, 1, 355554, '' ), ( 399, 'DOC47', 'Resume Gabriel Lopez SAP FICO', 'SAP_FICO_Gabriel_Lopez.pdf', '<br />', 1, 'application/pdf', 'I', 0, 1, 136603, '' ), ( 402, 'DOC48', 'Salvador Bravo', 'Resume_Salvador_Bravo.docx', '', 1, 'application/vnd.openxmlformats-officedocument.word', 'I', 0, 1, 362786, '' ), ( 405, 'DOC49', 'Jos Alejandro Arellano', 'SAS_Administrator_-_Alejandro_Arellano.docx', '', 1, 'application/vnd.openxmlformats-officedocument.word', 'I', 1, 1, 269465, '' ), ( 408, 'DOC50', 'Satyaveni Madduri', 'Satyaveni_Madduri.docx', '', 1, 'application/vnd.openxmlformats-officedocument.word', 'I', 0, 1, 33984, '' ), ( 411, 'DOC51', 'SELVA JAGAN', 'SELVA_JAGAN.DOCX', '', 1, 'application/vnd.openxmlformats-officedocument.word', 'I', 0, 1, 102347, '' ), ( 414, 'DOC52', 'Tapas Mohapatra', 'Tapas_Mohapatra.docx', '', 1, 'application/vnd.openxmlformats-officedocument.word', 'I', 1, 1, 43503, '' ), ( 417, 'DOC53', 'Umar O\' Keeffe', 'UMAR_O\'KEEFFE_Sharepoint_Architect.docx', '', 1, 'application/vnd.openxmlformats-officedocument.word', 'I', 0, 1, 19883, '' ), ( 420, 'DOC54', 'Varun Rajagopalan', 'Varun_Rajagopalan.docx', '', 1, 'application/vnd.openxmlformats-officedocument.word', 'I', 0, 1, 22756, '' ), ( 425, 'DOC55', 'Rocardo Marquet Resume', 'Resume_Ricardo_Marquet_7YOE.docx', '<br />', 1, 'application/vnd.openxmlformats-officedocument.word', 'I', 0, 1, 24988, '' ), ( 430, 'DOC56', 'Anwar H. Khan', 'Resume_SAS_Admin.doc', '', 1, 'application/msword', 'I', 0, 1, 43008, '' ), ( 433, 'DOC57', 'Hamid Jamshidi', 'Hamid_Jamshidi_Resume.pdf', '', 1, 'application/pdf', 'I', 0, 1, 101828, '' ), ( 436, 'DOC58', 'Vijaya L Jonnalagadda', 'vijaya_resume.docx', '', 1, 'application/vnd.openxmlformats-officedocument.word', 'I', 0, 1, 39772, '' ), ( 439, 'DOC59', 'Rajaselvakumar', 'Rajaselvakumar_BI.docx', '', 1, 'application/vnd.openxmlformats-officedocument.word', 'I', 0, 1, 27174, '' ), ( 442, 'DOC60', 'Sergio Paniagua Resume', 'OIM_Sr_Sergio_Paniagua.docx', '<br />', 1, 'application/vnd.openxmlformats-officedocument.word', 'I', 0, 1, 354678, '' ), ( 454, 'DOC61', 'Madhu Yukta', 'Madhuyukta_Pandey.doc', '', 1, 'application/msword', 'I', 0, 1, 730624, '' ), ( 491, 'DOC62', 'Edgar Sanchez Resume', 'Sr._BI_Architect_EDGAR_SANCHEZ_ALDRETE_RESUME.doc', '<br />', 1, 'application/msword', 'I', 0, 1, 153600, '' ), ( 499, 'DOC63', 'Octavio Montufar Resume', 'CV_Octavio_Montufar.docx', '', 1, 'application/vnd.openxmlformats-officedocument.word', 'I', 0, 1, 37943, '' ), ( 502, 'DOC64', 'Arturo Villada SAS', 'CV_Arturo_Villada_EN_2013.docx', '<br />', 1, 'application/vnd.openxmlformats-officedocument.word', 'I', 0, 1, 34588, '' ), ( 506, 'DOC65', 'Kashif Khan', 'Kashif_Khan2.rtf', '', 1, 'application/msword', 'I', 0, 1, 210012, '' ), ( 509, 'DOC66', 'Chandrakanth Belde', 'CHANDRAKANTH_BELDE_SAS_Finanical_Management.docx', '', 1, 'application/vnd.openxmlformats-officedocument.word', 'I', 0, 1, 72520, '' ), ( 512, 'DOC67', 'Vijay Battu', 'vijayhyperion-US.DOC', '', 1, 'application/msword', 'I', 0, 1, 99840, '' ), ( 515, 'DOC68', 'Faisal Khan', 'Faisal_C.DOC', '', 1, 'application/msword', 'I', 0, 1, 125440, '' ), ( 518, 'DOC69', 'Chaitesh Patel', '', '', 1, '', 'I', 0, 1, 0, '' ), ( 519, 'DOC70', 'Chaitesh Patel', 'Chaitesh_Patel_SAS_Financial_Management.docx', '', 1, 'application/vnd.openxmlformats-officedocument.word', 'I', 0, 1, 29357, '' ), ( 522, 'DOC71', 'Haritha Bandi', 'Haritha_(HFM_&_Planning).doc', '', 1, 'application/msword', 'I', 1, 1, 69632, '' ), ( 525, 'DOC72', 'Guillermo Ruy Huerta B', 'Guillermo_Ruy_Huerta_B..doc', '', 1, 'application/msword', 'I', 0, 1, 104960, '' ), ( 528, 'DOC73', 'Salil Desphande', 'Salil_Desphande_QA_Analyst_Vancouver.docx', '', 1, 'application/vnd.openxmlformats-officedocument.word', 'I', 0, 1, 77147, '' ), ( 531, 'DOC74', 'Jaime Bernal', 'Jaime_Bernal_-_Project_Manager-Final.doc', '', 1, 'application/msword', 'I', 0, 1, 140800, '' ), ( 534, 'DOC75', 'Jagan Mohan Srinivas', 'Jagan_SAP_BI-BW7.3_HANA_BO4.0_BODS4.0_DATASTAGE9.1.pdf', '', 1, 'application/pdf', 'I', 0, 1, 248691, '' ), ( 537, 'DOC76', 'Ramses Salinas', 'Ramses.docx', '', 1, 'application/vnd.openxmlformats-officedocument.word', 'I', 0, 1, 364072, '' ), ( 540, 'DOC77', 'Patricia Marge Flores', 'Marge_Flores_2013.docx', '', 1, 'application/vnd.openxmlformats-officedocument.word', 'I', 0, 1, 24614, '' ), ( 543, 'DOC78', 'Gagandeep Singh', 'Gagandeep_Singh_Resume_Apr_22_2013.doc', '', 1, 'application/msword', 'I', 0, 1, 111104, '' ), ( 546, 'DOC79', 'UDAYPAL (PAUL) NATT', 'Paul.docx', '', 1, 'application/vnd.openxmlformats-officedocument.word', 'I', 0, 1, 43357, '' ), ( 549, 'DOC80', 'Yoan Bolduc', 'Yoan_Bolduc_SAS_Admin.docx', '', 1, 'application/vnd.openxmlformats-officedocument.word', 'I', 0, 1, 16357, '' ), ( 552, 'DOC81', 'Srinivasan Pakkirisamy', 'Srinivasan_Pakkirisamy.pdf', '', 1, 'application/pdf', 'I', 0, 1, 75922, '' ), ( 555, 'DOC82', 'Ola Karim', 'Ola_Karim.doc', '', 1, 'application/msword', 'I', 0, 1, 50688, '' ), ( 558, 'DOC83', 'Resume HENRY A. KORSZUN', 'HENRY_A._KORSZUN_J2EE.docx', '<br />', 1, 'application/vnd.openxmlformats-officedocument.word', 'I', 0, 1, 21474, '' ), ( 566, 'DOC84', 'Daniel Anguiano Santillan', 'Daniel_Anguiano_Santillan_Service-now.docx', '', 1, 'application/vnd.openxmlformats-officedocument.word', 'I', 0, 1, 189595, '' ), ( 569, 'DOC85', 'Ravish Shetty', 'Resume_Ravish_v1.doc', '', 1, 'application/msword', 'I', 0, 1, 98304, '' ), ( 573, 'DOC86', 'Salvador Marchan', 'Salvador_M._Marchan_Servicenow.docx', '', 1, 'application/vnd.openxmlformats-officedocument.word', 'I', 0, 1, 18195, '' ), ( 593, 'DOC87', 'Sankeerth Alapati', 'Sankeerth_Alapati.doc', '', 1, 'application/msword', 'I', 0, 1, 37067, '' ), ( 595, 'DOC88', 'Pedro Castellanos Resume', 'EngPedro_Castellanos_Ab_initio.doc', '<br />', 1, 'application/msword', 'I', 1, 1, 92672, '' ), ( 598, 'DOC89', 'Ankur Patel', 'Ankur_Patel_SAS_FM.docx', '', 1, 'application/vnd.openxmlformats-officedocument.word', 'I', 0, 1, 21818, '' ), ( 605, 'DOC90', 'Sharma Sharma', 'Sharma_OBIEE_ODI_Senior_Developer.docx', '', 1, 'application/vnd.openxmlformats-officedocument.word', 'I', 0, 1, 35350, '' ), ( 608, 'DOC91', 'Benjamin Sheehy', 'Ben_Sheehy_-_Resume_.docx', '', 1, 'application/vnd.openxmlformats-officedocument.word', 'I', 0, 1, 16846, '' ), ( 611, 'DOC92', 'Ajay Anugu Kumar', 'AJAY_KUMAR_ANUGU_Servicenow.docx', '', 1, 'application/vnd.openxmlformats-officedocument.word', 'I', 0, 1, 40159, '' ), ( 614, 'DOC93', 'David Daza', 'David_Daza_resume_1.doc', '', 1, 'application/msword', 'I', 0, 1, 91136, '' ), ( 617, 'DOC94', 'Javed Syed', 'Javed_Resume_Detail.pdf', '', 1, 'application/pdf', 'I', 0, 1, 323166, '' ), ( 620, 'DOC95', 'Latha', 'Latha_Talend.docx', '', 1, 'application/vnd.openxmlformats-officedocument.word', 'I', 0, 1, 27620, '' ), ( 623, 'DOC96', 'Juan Carlos', 'Juan_Carlos_de_la_Rocha_100613_Resume.docx', '', 1, 'application/vnd.openxmlformats-officedocument.word', 'I', 0, 1, 31852, '' ), ( 626, 'DOC97', 'Raju V', 'RAJU_V_talend.docx', '', 1, 'application/vnd.openxmlformats-officedocument.word', 'I', 0, 1, 25491, '' ), ( 633, 'DOC98', 'Vimal Thinagarsamy', 'VIMAL_THINAGARSAMY.docx', '', 1, 'application/vnd.openxmlformats-officedocument.word', 'I', 0, 1, 38021, '' ), ( 636, 'DOC99', 'Xiaopeng Lu', 'Xiaopeng_Lu_Resume.docx', '', 1, 'application/vnd.openxmlformats-officedocument.word', 'I', 0, 1, 44864, '' ), ( 639, 'DOC100', 'Reetika Sethi', 'Reetika_Sethi_Core_Java_developer.docx', '', 1, 'application/vnd.openxmlformats-officedocument.word', 'I', 0, 1, 16201, '' ), ( 646, 'DOC101', 'Mr. Karthik Sakkuri', 'Karthik_Sakkuri_RMS.docx', '', 1, 'application/vnd.openxmlformats-officedocument.word', 'I', 0, 1, 21139, '' ), ( 650, 'DOC102', 'Prakash Gari', 'Prakash_Gari_Senior_SAP_BODS_Consultant.docx', '', 1, 'application/vnd.openxmlformats-officedocument.word', 'I', 0, 1, 24805, '' ), ( 653, 'DOC103', 'Sachin Sasy', 'Sachin_Sasy.docx', '', 1, 'application/vnd.openxmlformats-officedocument.word', 'I', 0, 1, 23650, '' ), ( 656, 'DOC104', 'Mr. Ishwar Lad', 'Ishwar_Lad_-_Resume_-_USA_(3).docx', '', 1, 'application/vnd.openxmlformats-officedocument.word', 'I', 0, 1, 57224, '' ), ( 659, 'DOC105', 'Thejesh Kumar', 'Thejesh_Kumar.docx', '', 1, 'application/vnd.openxmlformats-officedocument.word', 'I', 0, 1, 19240, '' ), ( 662, 'DOC106', 'Saahiti', 'Saahiti.docx', '', 1, 'application/vnd.openxmlformats-officedocument.word', 'I', 0, 1, 36263, '' ), ( 665, 'DOC107', 'Syed Niamathullah', 'SyedNiamathulla-CV.DOCX', '', 1, 'application/vnd.openxmlformats-officedocument.word', 'I', 0, 1, 27363, '' ), ( 670, 'DOC108', 'Jose Arturo Reyes Romero', 'Jose_Arturo_Reyes_Romero_July_2013.docx', '', 1, 'application/vnd.openxmlformats-officedocument.word', 'I', 0, 1, 24361, '' ), ( 672, 'DOC109', 'Moshfiq Khan', 'Moshfiq_Khan.docx', '', 1, 'application/vnd.openxmlformats-officedocument.word', 'I', 0, 1, 24339, '' ), ( 677, 'DOC110', 'Sasi Nagireddy', 'Sasi_Nagireddy_Resume_(2).docx', '', 1, 'application/vnd.openxmlformats-officedocument.word', 'I', 0, 1, 31835, '' ), ( 680, 'DOC111', 'Srinivasan Venkatasubramanian', 'Srinivasan_Venkat_Resume-v5.docx', '', 1, 'application/vnd.openxmlformats-officedocument.word', 'I', 0, 1, 34846, '' ), ( 683, 'DOC112', 'Luis Renato Rojas Cruz', 'Renato_Rojas_SAS_Grid.docx', '', 1, 'application/vnd.openxmlformats-officedocument.word', 'I', 0, 1, 29127, '' ), ( 686, 'DOC113', 'Alejandro Samaniego', 'Alejandro_Samaniego_Sintesys.docx', '', 1, 'application/vnd.openxmlformats-officedocument.word', 'I', 0, 1, 14975, '' ), ( 689, 'DOC114', 'Moshfiq Khan', 'Moshfiq_Khan.docx', '', 1, 'application/vnd.openxmlformats-officedocument.word', 'I', 0, 1, 23684, '' ), ( 706, 'DOC115', 'Francisco Becerril', 'Francisco_Becerril.docx', '', 1, 'application/vnd.openxmlformats-officedocument.word', 'I', 0, 1, 32856, '' ), ( 731, 'DOC116', 'Israel gaytan Resume', 'Big_Data_Architect_IG_2.docx', '', 1, 'application/vnd.openxmlformats-officedocument.word', 'I', 0, 1, 363090, '' ), ( 735, 'DOC117', 'Mr. Eloy Alonso', 'EloyBayona.docx', '', 1, 'application/vnd.openxmlformats-officedocument.word', 'I', 0, 1, 27669, '' ), ( 737, 'DOC118', 'Hector Cuesta Resume', 'Big_Data_HC_II.docx', '', 1, 'application/vnd.openxmlformats-officedocument.word', 'I', 0, 1, 62372, '' ), ( 743, 'DOC119', 'Alfredo Lopez', 'Alfredo_Lpez_Service_now_Administrator.docx', '', 1, 'application/vnd.openxmlformats-officedocument.word', 'I', 0, 1, 58601, '' ), ( 746, 'DOC120', 'Ricardo Gutierrez Parra', 'RICARDO_GUTIERREZ_PARRA_Service_now_Administrator.docx', '', 1, 'application/vnd.openxmlformats-officedocument.word', 'I', 0, 1, 56762, '' ), ( 749, 'DOC121', 'Zeeshan Tariq', 'Zeeshan_Tariq.doc', '', 1, 'application/msword', 'I', 0, 1, 81408, '' ), ( 752, 'DOC122', 'Jose Arturo De Los Angeles', 'arturodelosangeles_resume_2013.docx', '', 1, 'application/vnd.openxmlformats-officedocument.word', 'I', 0, 1, 27660, '' ), ( 755, 'DOC123', 'Suneetha Pothireddy', 'SuneethaPothireddy.pdf', '', 1, 'application/pdf', 'I', 0, 1, 11406, '' ), ( 758, 'DOC124', 'Loyola Ignatius Amalraj', 'Loyola_Ignatius_Amalraj_-_Resume.pdf', '', 1, 'application/pdf', 'I', 0, 1, 141651, '' ), ( 760, 'DOC125', 'Sintesys Format Jose Alejandro Arellano CV', 'Sinteys_Format_-_JOS_ALEJANDRO_ARELLANO_SAS_Dev_asnd_Admin.docx', '', 1, 'application/vnd.openxmlformats-officedocument.word', 'I', 0, 1, 27247, '' ), ( 769, 'DOC126', 'Monica Gomez', 'MonicaGomez_Resume_Nov2013.docx', '', 1, 'application/vnd.openxmlformats-officedocument.word', 'I', 0, 1, 27104, '' ), ( 773, 'DOC127', 'Mara del Mar Garca Hernndez', 'Resume_MarGarcia_October2013.pdf', '', 1, 'application/pdf', 'I', 0, 1, 116550, '' ), ( 776, 'DOC128', 'Azanias Sanchez Urbano', 'Resume_Azanias.docx', '', 1, 'application/vnd.openxmlformats-officedocument.word', 'I', 0, 1, 61113, '' ), ( 781, 'DOC129', 'Jose Antonio Torres Ramirez', 'Jose_Torres_-_En.pdf', '', 1, 'application/pdf', 'I', 0, 1, 436660, '' ), ( 784, 'DOC130', 'Alfonso Cardenas', 'Alfonso_Resume_Dec.pdf', '', 1, 'application/pdf', 'I', 0, 1, 51279, '' ), ( 787, 'DOC131', 'Christian Alfredo Rodriguez Martinez', 'Christian_Alfredo_Rodrguez_Martnez.pdf', '', 1, 'application/pdf', 'I', 0, 1, 690292, '' ), ( 790, 'DOC132', 'David Meza Huerta', 'David_Meza_CV_2013.docx', '', 1, 'application/vnd.openxmlformats-officedocument.word', 'I', 0, 1, 63065, '' ), ( 793, 'DOC133', 'Roberto', 'Roberto_Fernandez_UX_Admin2.docx', '', 1, 'application/vnd.openxmlformats-officedocument.word', 'I', 0, 1, 64211, '' );
/*!40000 ALTER TABLE `vtiger_notes` ENABLE KEYS */;
UNLOCK TABLES;

--
-- Table structure for table vtiger_notescf
--

DROP TABLE IF EXISTS vtiger_notescf;
SET @saved_cs_client = @@character_set_client;
SET character_set_client = utf8;
CREATE TABLE `vtiger_notescf` (
  `notesid` int(19) NOT NULL DEFAULT '0',
  PRIMARY KEY (`notesid`)
) ENGINE=InnoDB DEFAULT CHARSET=utf8;
SET character_set_client = @saved_cs_client;

--
-- Dumping data for table vtiger_notescf
--

LOCK TABLES `vtiger_notescf` WRITE;
/*!40000 ALTER TABLE `vtiger_notescf` DISABLE KEYS */;

/*!40000 ALTER TABLE `vtiger_notescf` ENABLE KEYS */;
UNLOCK TABLES;

--
-- Table structure for table vtiger_notificationscheduler
--

DROP TABLE IF EXISTS vtiger_notificationscheduler;
SET @saved_cs_client = @@character_set_client;
SET character_set_client = utf8;
CREATE TABLE `vtiger_notificationscheduler` (
  `schedulednotificationid` int(19) NOT NULL AUTO_INCREMENT,
  `schedulednotificationname` varchar(200) DEFAULT NULL,
  `active` int(1) DEFAULT NULL,
  `notificationsubject` varchar(200) DEFAULT NULL,
  `notificationbody` text,
  `label` varchar(50) DEFAULT NULL,
  `type` varchar(10) DEFAULT NULL,
  PRIMARY KEY (`schedulednotificationid`),
  UNIQUE KEY `notificationscheduler_schedulednotificationname_idx` (`schedulednotificationname`)
) ENGINE=InnoDB AUTO_INCREMENT=9 DEFAULT CHARSET=utf8;
SET character_set_client = @saved_cs_client;

--
-- Dumping data for table vtiger_notificationscheduler
--

LOCK TABLES `vtiger_notificationscheduler` WRITE;
/*!40000 ALTER TABLE `vtiger_notificationscheduler` DISABLE KEYS */;
INSERT INTO vtiger_notificationscheduler ( SCHEDULEDNOTIFICATIONID, SCHEDULEDNOTIFICATIONNAME, ACTIVE, NOTIFICATIONSUBJECT, NOTIFICATIONBODY, LABEL, TYPE ) VALUES ( 1, 'LBL_TASK_NOTIFICATION_DESCRITPION', 1, 'Task Delay Notification', 'Tasks delayed beyond 24 hrs ', 'LBL_TASK_NOTIFICATION', '' ), ( 2, 'LBL_BIG_DEAL_DESCRIPTION', 1, 'Big Deal notification', 'Success! A big deal has been won! ', 'LBL_BIG_DEAL', '' ), ( 3, 'LBL_TICKETS_DESCRIPTION', 1, 'Pending Tickets notification', 'Ticket pending please ', 'LBL_PENDING_TICKETS', '' ), ( 4, 'LBL_MANY_TICKETS_DESCRIPTION', 1, 'Too many tickets Notification', 'Too many tickets pending against this entity ', 'LBL_MANY_TICKETS', '' ), ( 5, 'LBL_START_DESCRIPTION', 1, 'Support Start Notification', '10', 'LBL_START_NOTIFICATION', 'select' ), ( 6, 'LBL_SUPPORT_DESCRIPTION', 1, 'Support ending please', '11', 'LBL_SUPPORT_NOTICIATION', 'select' ), ( 7, 'LBL_SUPPORT_DESCRIPTION_MONTH', 1, 'Support ending please', '12', 'LBL_SUPPORT_NOTICIATION_MONTH', 'select' ), ( 8, 'LBL_ACTIVITY_REMINDER_DESCRIPTION', 1, 'Activity Reminder Notification', 'This is a reminder notification for the Activity', 'LBL_ACTIVITY_NOTIFICATION', '' );
/*!40000 ALTER TABLE `vtiger_notificationscheduler` ENABLE KEYS */;
UNLOCK TABLES;

--
-- Table structure for table vtiger_notificationscheduler_seq
--

DROP TABLE IF EXISTS vtiger_notificationscheduler_seq;
SET @saved_cs_client = @@character_set_client;
SET character_set_client = utf8;
CREATE TABLE `vtiger_notificationscheduler_seq` (
  `id` int(11) NOT NULL
) ENGINE=MyISAM DEFAULT CHARSET=utf8;
SET character_set_client = @saved_cs_client;

--
-- Dumping data for table vtiger_notificationscheduler_seq
--

LOCK TABLES `vtiger_notificationscheduler_seq` WRITE;
/*!40000 ALTER TABLE `vtiger_notificationscheduler_seq` DISABLE KEYS */;
INSERT INTO vtiger_notificationscheduler_seq ( ID ) VALUES ( 8 );
/*!40000 ALTER TABLE `vtiger_notificationscheduler_seq` ENABLE KEYS */;
UNLOCK TABLES;

--
-- Table structure for table vtiger_opportunity_type
--

DROP TABLE IF EXISTS vtiger_opportunity_type;
SET @saved_cs_client = @@character_set_client;
SET character_set_client = utf8;
CREATE TABLE `vtiger_opportunity_type` (
  `opptypeid` int(19) NOT NULL AUTO_INCREMENT,
  `opportunity_type` varchar(200) NOT NULL,
  `presence` int(1) NOT NULL DEFAULT '1',
  `picklist_valueid` int(19) NOT NULL DEFAULT '0',
  PRIMARY KEY (`opptypeid`),
  UNIQUE KEY `opportunity_type_opportunity_type_idx` (`opportunity_type`)
) ENGINE=InnoDB AUTO_INCREMENT=6 DEFAULT CHARSET=utf8;
SET character_set_client = @saved_cs_client;

--
-- Dumping data for table vtiger_opportunity_type
--

LOCK TABLES `vtiger_opportunity_type` WRITE;
/*!40000 ALTER TABLE `vtiger_opportunity_type` DISABLE KEYS */;
INSERT INTO vtiger_opportunity_type ( OPPTYPEID, OPPORTUNITY_TYPE, PRESENCE, PICKLIST_VALUEID ) VALUES ( 1, '--None--', 1, 127 ), ( 2, 'Corp2Corp', 1, 128 ), ( 3, 'Full Time', 1, 129 ), ( 4, 'Project 1 to 12 months', 1, 288 ), ( 5, 'Multi-Year Engagement', 1, 289 );
/*!40000 ALTER TABLE `vtiger_opportunity_type` ENABLE KEYS */;
UNLOCK TABLES;

--
-- Table structure for table vtiger_opportunity_type_seq
--

DROP TABLE IF EXISTS vtiger_opportunity_type_seq;
SET @saved_cs_client = @@character_set_client;
SET character_set_client = utf8;
CREATE TABLE `vtiger_opportunity_type_seq` (
  `id` int(11) NOT NULL
) ENGINE=MyISAM DEFAULT CHARSET=utf8;
SET character_set_client = @saved_cs_client;

--
-- Dumping data for table vtiger_opportunity_type_seq
--

LOCK TABLES `vtiger_opportunity_type_seq` WRITE;
/*!40000 ALTER TABLE `vtiger_opportunity_type_seq` DISABLE KEYS */;
INSERT INTO vtiger_opportunity_type_seq ( ID ) VALUES ( 5 );
/*!40000 ALTER TABLE `vtiger_opportunity_type_seq` ENABLE KEYS */;
UNLOCK TABLES;

--
-- Table structure for table vtiger_opportunitystage
--

DROP TABLE IF EXISTS vtiger_opportunitystage;
SET @saved_cs_client = @@character_set_client;
SET character_set_client = utf8;
CREATE TABLE `vtiger_opportunitystage` (
  `potstageid` int(19) NOT NULL AUTO_INCREMENT,
  `stage` varchar(200) NOT NULL,
  `sortorderid` int(19) NOT NULL DEFAULT '0',
  `presence` int(1) NOT NULL DEFAULT '1',
  `probability` decimal(3,2) DEFAULT '0.00',
  PRIMARY KEY (`potstageid`),
  UNIQUE KEY `opportunitystage_stage_idx` (`stage`)
) ENGINE=InnoDB DEFAULT CHARSET=utf8;
SET character_set_client = @saved_cs_client;

--
-- Dumping data for table vtiger_opportunitystage
--

LOCK TABLES `vtiger_opportunitystage` WRITE;
/*!40000 ALTER TABLE `vtiger_opportunitystage` DISABLE KEYS */;

/*!40000 ALTER TABLE `vtiger_opportunitystage` ENABLE KEYS */;
UNLOCK TABLES;

--
-- Table structure for table vtiger_org_share_action2tab
--

DROP TABLE IF EXISTS vtiger_org_share_action2tab;
SET @saved_cs_client = @@character_set_client;
SET character_set_client = utf8;
CREATE TABLE `vtiger_org_share_action2tab` (
  `share_action_id` int(19) NOT NULL,
  `tabid` int(19) NOT NULL,
  PRIMARY KEY (`share_action_id`,`tabid`),
  KEY `fk_2_vtiger_org_share_action2tab` (`tabid`),
  CONSTRAINT `fk_2_vtiger_org_share_action2tab` FOREIGN KEY (`tabid`) REFERENCES `vtiger_tab` (`tabid`) ON DELETE CASCADE
) ENGINE=InnoDB DEFAULT CHARSET=utf8;
SET character_set_client = @saved_cs_client;

--
-- Dumping data for table vtiger_org_share_action2tab
--

LOCK TABLES `vtiger_org_share_action2tab` WRITE;
/*!40000 ALTER TABLE `vtiger_org_share_action2tab` DISABLE KEYS */;
INSERT INTO vtiger_org_share_action2tab ( SHARE_ACTION_ID, TABID ) VALUES ( 0, 2 ), ( 1, 2 ), ( 2, 2 ), ( 3, 2 ), ( 0, 4 ), ( 1, 4 ), ( 2, 4 ), ( 3, 4 ), ( 0, 6 ), ( 1, 6 ), ( 2, 6 ), ( 3, 6 ), ( 0, 7 ), ( 1, 7 ), ( 2, 7 ), ( 3, 7 ), ( 0, 8 ), ( 1, 8 ), ( 2, 8 ), ( 3, 8 ), ( 0, 9 ), ( 1, 9 ), ( 2, 9 ), ( 3, 9 ), ( 0, 10 ), ( 1, 10 ), ( 2, 10 ), ( 3, 10 ), ( 0, 13 ), ( 1, 13 ), ( 2, 13 ), ( 3, 13 ), ( 0, 14 ), ( 1, 14 ), ( 2, 14 ), ( 3, 14 ), ( 0, 16 ), ( 1, 16 ), ( 2, 16 ), ( 3, 16 ), ( 0, 20 ), ( 1, 20 ), ( 2, 20 ), ( 3, 20 ), ( 0, 21 ), ( 1, 21 ), ( 2, 21 ), ( 3, 21 ), ( 0, 22 ), ( 1, 22 ), ( 2, 22 ), ( 3, 22 ), ( 0, 23 ), ( 1, 23 ), ( 2, 23 ), ( 3, 23 ), ( 0, 26 ), ( 1, 26 ), ( 2, 26 ), ( 3, 26 ), ( 0, 30 ), ( 1, 30 ), ( 2, 30 ), ( 3, 30 ), ( 0, 39 ), ( 1, 39 ), ( 2, 39 ), ( 3, 39 ), ( 0, 40 ), ( 1, 40 ), ( 2, 40 ), ( 3, 40 ), ( 0, 41 ), ( 1, 41 ), ( 2, 41 ), ( 3, 41 ), ( 0, 43 ), ( 1, 43 ), ( 2, 43 ), ( 3, 43 ), ( 0, 45 ), ( 1, 45 ), ( 2, 45 ), ( 3, 45 ), ( 0, 46 ), ( 1, 46 ), ( 2, 46 ), ( 3, 46 ), ( 0, 47 ), ( 1, 47 ), ( 2, 47 ), ( 3, 47 ), ( 0, 51 ), ( 1, 51 ), ( 2, 51 ), ( 3, 51 );
/*!40000 ALTER TABLE `vtiger_org_share_action2tab` ENABLE KEYS */;
UNLOCK TABLES;

--
-- Table structure for table vtiger_org_share_action_mapping
--

DROP TABLE IF EXISTS vtiger_org_share_action_mapping;
SET @saved_cs_client = @@character_set_client;
SET character_set_client = utf8;
CREATE TABLE `vtiger_org_share_action_mapping` (
  `share_action_id` int(19) NOT NULL,
  `share_action_name` varchar(200) DEFAULT NULL,
  PRIMARY KEY (`share_action_id`)
) ENGINE=InnoDB DEFAULT CHARSET=utf8;
SET character_set_client = @saved_cs_client;

--
-- Dumping data for table vtiger_org_share_action_mapping
--

LOCK TABLES `vtiger_org_share_action_mapping` WRITE;
/*!40000 ALTER TABLE `vtiger_org_share_action_mapping` DISABLE KEYS */;
INSERT INTO vtiger_org_share_action_mapping ( SHARE_ACTION_ID, SHARE_ACTION_NAME ) VALUES ( 0, 'Public: Read Only' ), ( 1, 'Public: Read, Create/Edit' ), ( 2, 'Public: Read, Create/Edit, Delete' ), ( 3, 'Private' ), ( 4, 'Hide Details' ), ( 5, 'Hide Details and Add Events' ), ( 6, 'Show Details' ), ( 7, 'Show Details and Add Events' );
/*!40000 ALTER TABLE `vtiger_org_share_action_mapping` ENABLE KEYS */;
UNLOCK TABLES;

--
-- Table structure for table vtiger_organizationdetails
--

DROP TABLE IF EXISTS vtiger_organizationdetails;
SET @saved_cs_client = @@character_set_client;
SET character_set_client = utf8;
CREATE TABLE `vtiger_organizationdetails` (
  `organization_id` int(11) NOT NULL,
  `organizationname` varchar(60) DEFAULT NULL,
  `address` varchar(150) DEFAULT NULL,
  `city` varchar(100) DEFAULT NULL,
  `state` varchar(100) DEFAULT NULL,
  `country` varchar(100) DEFAULT NULL,
  `code` varchar(30) DEFAULT NULL,
  `phone` varchar(30) DEFAULT NULL,
  `fax` varchar(30) DEFAULT NULL,
  `website` varchar(100) DEFAULT NULL,
  `logoname` varchar(50) DEFAULT NULL,
  `logo` text,
  PRIMARY KEY (`organization_id`)
) ENGINE=InnoDB DEFAULT CHARSET=utf8;
SET character_set_client = @saved_cs_client;

--
-- Dumping data for table vtiger_organizationdetails
--

LOCK TABLES `vtiger_organizationdetails` WRITE;
/*!40000 ALTER TABLE `vtiger_organizationdetails` DISABLE KEYS */;
INSERT INTO vtiger_organizationdetails ( ORGANIZATION_ID, ORGANIZATIONNAME, ADDRESS, CITY, STATE, COUNTRY, CODE, PHONE, FAX, WEBSITE, LOGONAME, LOGO ) VALUES ( 1, 'Sintesys', '22 Roller Terrace', 'Milford', 'CT', 'USA', '06461', '+1203 654 7082', '', 'www.sintesys.us', 'SintesysHorizontalLogo.jpg', '' );
/*!40000 ALTER TABLE `vtiger_organizationdetails` ENABLE KEYS */;
UNLOCK TABLES;

--
-- Table structure for table vtiger_organizationdetails_seq
--

DROP TABLE IF EXISTS vtiger_organizationdetails_seq;
SET @saved_cs_client = @@character_set_client;
SET character_set_client = utf8;
CREATE TABLE `vtiger_organizationdetails_seq` (
  `id` int(11) NOT NULL
) ENGINE=MyISAM DEFAULT CHARSET=utf8;
SET character_set_client = @saved_cs_client;

--
-- Dumping data for table vtiger_organizationdetails_seq
--

LOCK TABLES `vtiger_organizationdetails_seq` WRITE;
/*!40000 ALTER TABLE `vtiger_organizationdetails_seq` DISABLE KEYS */;
INSERT INTO vtiger_organizationdetails_seq ( ID ) VALUES ( 1 );
/*!40000 ALTER TABLE `vtiger_organizationdetails_seq` ENABLE KEYS */;
UNLOCK TABLES;

--
-- Table structure for table vtiger_ownernotify
--

DROP TABLE IF EXISTS vtiger_ownernotify;
SET @saved_cs_client = @@character_set_client;
SET character_set_client = utf8;
CREATE TABLE `vtiger_ownernotify` (
  `crmid` int(19) DEFAULT NULL,
  `smownerid` int(19) DEFAULT NULL,
  `flag` int(3) DEFAULT NULL,
  KEY `ownernotify_crmid_flag_idx` (`crmid`,`flag`)
) ENGINE=InnoDB DEFAULT CHARSET=utf8;
SET character_set_client = @saved_cs_client;

--
-- Dumping data for table vtiger_ownernotify
--

LOCK TABLES `vtiger_ownernotify` WRITE;
/*!40000 ALTER TABLE `vtiger_ownernotify` DISABLE KEYS */;
INSERT INTO vtiger_ownernotify ( CRMID, SMOWNERID, FLAG ) VALUES ( 52, 7, 0 ), ( 42, 7, 0 ), ( 75, 5, 0 ), ( 104, 7, 0 ), ( 96, 8, 0 ), ( 102, 8, 0 ), ( 128, 10, 0 ), ( 98, 11, 0 ), ( 164, 8, 0 ), ( 146, 8, 0 ), ( 156, 8, 0 ), ( 159, 7, 0 ), ( 346, 7, 0 ), ( 422, 7, 0 ), ( 161, 7, 0 ), ( 140, 8, 0 ), ( 111, 10, 0 ), ( 173, 7, 0 ), ( 66, 7, 0 ), ( 151, 3, 0 ), ( 14, 7, 0 ), ( 448, 8, 0 ), ( 452, 8, 0 ), ( 505, 7, 0 ), ( 548, 7, 0 ), ( 446, 8, 0 ), ( 149, 8, 0 ), ( 427, 8, 0 ), ( 471, 8, 0 ), ( 554, 7, 0 ), ( 524, 7, 0 ), ( 508, 7, 0 ), ( 517, 7, 0 ), ( 533, 7, 0 ), ( 473, 8, 0 ), ( 476, 16, 0 ), ( 464, 8, 0 ), ( 441, 5, 0 ), ( 487, 8, 0 ), ( 511, 7, 0 ), ( 514, 7, 0 ), ( 527, 7, 0 ), ( 575, 16, 0 ), ( 542, 7, 0 ), ( 475, 16, 0 ), ( 465, 8, 0 ), ( 466, 8, 0 ), ( 468, 8, 0 ), ( 489, 8, 0 ), ( 577, 8, 0 ), ( 460, 8, 0 ), ( 462, 8, 0 ), ( 603, 8, 0 ), ( 450, 8, 0 ), ( 490, 16, 0 ), ( 493, 5, 0 ), ( 600, 8, 0 ), ( 652, 7, 0 ), ( 645, 7, 0 ), ( 635, 7, 0 ), ( 610, 7, 0 ), ( 563, 16, 0 ), ( 497, 16, 0 ), ( 628, 16, 0 ), ( 644, 16, 0 ), ( 648, 7, 0 ), ( 483, 8, 0 ), ( 630, 7, 0 ), ( 467, 8, 0 ), ( 649, 7, 0 ), ( 616, 7, 0 ), ( 632, 7, 0 ), ( 661, 7, 0 ), ( 601, 8, 0 ), ( 602, 8, 0 ), ( 24, 14, 0 ), ( 694, 5, 0 ), ( 692, 8, 0 ), ( 701, 8, 0 ), ( 685, 7, 0 ), ( 745, 7, 0 ), ( 705, 7, 0 ), ( 741, 17, 0 ), ( 739, 7, 0 ), ( 718, 7, 0 ), ( 539, 7, 0 ), ( 682, 7, 0 ), ( 676, 7, 0 ), ( 664, 7, 0 ), ( 655, 7, 0 ), ( 44, 7, 0 ), ( 530, 7, 0 ), ( 572, 7, 0 ), ( 658, 7, 0 ), ( 675, 16, 0 ), ( 679, 7, 0 ), ( 688, 7, 0 ), ( 669, 7, 0 ), ( 751, 7, 0 ), ( 733, 7, 0 ), ( 748, 7, 0 ), ( 395, 7, 0 ), ( 474, 16, 0 ), ( 404, 7, 0 ), ( 767, 7, 0 ), ( 772, 7, 0 ), ( 764, 5, 0 ), ( 762, 7, 0 ), ( 796, 7, 0 ), ( 797, 7, 0 ), ( 459, 8, 0 ), ( 674, 16, 0 ), ( 768, 5, 0 ), ( 771, 5, 0 ), ( 778, 5, 0 );
/*!40000 ALTER TABLE `vtiger_ownernotify` ENABLE KEYS */;
UNLOCK TABLES;

--
-- Table structure for table vtiger_parenttab
--

DROP TABLE IF EXISTS vtiger_parenttab;
SET @saved_cs_client = @@character_set_client;
SET character_set_client = utf8;
CREATE TABLE `vtiger_parenttab` (
  `parenttabid` int(19) NOT NULL,
  `parenttab_label` varchar(100) NOT NULL,
  `sequence` int(10) NOT NULL,
  `visible` int(2) NOT NULL DEFAULT '0',
  PRIMARY KEY (`parenttabid`),
  KEY `parenttab_parenttabid_parenttabl_label_visible_idx` (`parenttabid`,`parenttab_label`,`visible`)
) ENGINE=InnoDB DEFAULT CHARSET=utf8;
SET character_set_client = @saved_cs_client;

--
-- Dumping data for table vtiger_parenttab
--

LOCK TABLES `vtiger_parenttab` WRITE;
/*!40000 ALTER TABLE `vtiger_parenttab` DISABLE KEYS */;
INSERT INTO vtiger_parenttab ( PARENTTABID, PARENTTAB_LABEL, SEQUENCE, VISIBLE ) VALUES ( 1, 'My Home Page', 1, 0 ), ( 2, 'Marketing', 2, 0 ), ( 3, 'Sales', 3, 0 ), ( 4, 'Support', 4, 0 ), ( 5, 'Analytics', 5, 0 ), ( 6, 'Inventory', 6, 0 ), ( 7, 'Tools', 7, 0 ), ( 8, 'Settings', 8, 0 );
/*!40000 ALTER TABLE `vtiger_parenttab` ENABLE KEYS */;
UNLOCK TABLES;

--
-- Table structure for table vtiger_parenttabrel
--

DROP TABLE IF EXISTS vtiger_parenttabrel;
SET @saved_cs_client = @@character_set_client;
SET character_set_client = utf8;
CREATE TABLE `vtiger_parenttabrel` (
  `parenttabid` int(19) NOT NULL,
  `tabid` int(19) NOT NULL,
  `sequence` int(3) NOT NULL,
  KEY `parenttabrel_tabid_parenttabid_idx` (`tabid`,`parenttabid`),
  KEY `fk_2_vtiger_parenttabrel` (`parenttabid`),
  CONSTRAINT `fk_1_vtiger_parenttabrel` FOREIGN KEY (`tabid`) REFERENCES `vtiger_tab` (`tabid`) ON DELETE CASCADE,
  CONSTRAINT `fk_2_vtiger_parenttabrel` FOREIGN KEY (`parenttabid`) REFERENCES `vtiger_parenttab` (`parenttabid`) ON DELETE CASCADE
) ENGINE=InnoDB DEFAULT CHARSET=utf8;
SET character_set_client = @saved_cs_client;

--
-- Dumping data for table vtiger_parenttabrel
--

LOCK TABLES `vtiger_parenttabrel` WRITE;
/*!40000 ALTER TABLE `vtiger_parenttabrel` DISABLE KEYS */;
INSERT INTO vtiger_parenttabrel ( PARENTTABID, TABID, SEQUENCE ) VALUES ( 1, 9, 2 ), ( 1, 28, 4 ), ( 1, 3, 1 ), ( 3, 7, 1 ), ( 3, 6, 2 ), ( 3, 4, 3 ), ( 3, 2, 4 ), ( 3, 20, 5 ), ( 3, 22, 6 ), ( 3, 23, 7 ), ( 3, 19, 8 ), ( 3, 8, 9 ), ( 4, 13, 1 ), ( 4, 15, 2 ), ( 4, 6, 3 ), ( 4, 4, 4 ), ( 4, 8, 5 ), ( 5, 1, 2 ), ( 5, 25, 1 ), ( 6, 14, 1 ), ( 6, 18, 2 ), ( 6, 19, 3 ), ( 6, 21, 4 ), ( 6, 22, 5 ), ( 6, 20, 6 ), ( 6, 23, 7 ), ( 7, 24, 1 ), ( 7, 27, 2 ), ( 7, 8, 3 ), ( 2, 26, 1 ), ( 2, 6, 2 ), ( 2, 4, 3 ), ( 2, 28, 4 ), ( 4, 28, 7 ), ( 2, 7, 5 ), ( 2, 9, 6 ), ( 4, 9, 8 ), ( 2, 8, 8 ), ( 3, 9, 11 ), ( 4, 30, 9 ), ( 7, 32, 4 ), ( 7, 36, 5 ), ( 7, 39, 6 ), ( 6, 40, 8 ), ( 7, 41, 7 ), ( 6, 43, 9 ), ( 4, 45, 10 ), ( 4, 46, 11 ), ( 4, 47, 12 ), ( 7, 50, 8 ), ( 7, 51, 9 );
/*!40000 ALTER TABLE `vtiger_parenttabrel` ENABLE KEYS */;
UNLOCK TABLES;

--
-- Table structure for table vtiger_payment_duration
--

DROP TABLE IF EXISTS vtiger_payment_duration;
SET @saved_cs_client = @@character_set_client;
SET character_set_client = utf8;
CREATE TABLE `vtiger_payment_duration` (
  `payment_duration_id` int(11) DEFAULT NULL,
  `payment_duration` varchar(200) DEFAULT NULL,
  `sortorderid` int(11) DEFAULT NULL,
  `presence` int(11) DEFAULT NULL
) ENGINE=InnoDB DEFAULT CHARSET=utf8;
SET character_set_client = @saved_cs_client;

--
-- Dumping data for table vtiger_payment_duration
--

LOCK TABLES `vtiger_payment_duration` WRITE;
/*!40000 ALTER TABLE `vtiger_payment_duration` DISABLE KEYS */;
INSERT INTO vtiger_payment_duration ( PAYMENT_DURATION_ID, PAYMENT_DURATION, SORTORDERID, PRESENCE ) VALUES ( 1, 'Net 30 days', 0, 1 ), ( 2, 'Net 45 days', 1, 1 ), ( 3, 'Net 60 days', 2, 1 );
/*!40000 ALTER TABLE `vtiger_payment_duration` ENABLE KEYS */;
UNLOCK TABLES;

--
-- Table structure for table vtiger_payment_duration_seq
--

DROP TABLE IF EXISTS vtiger_payment_duration_seq;
SET @saved_cs_client = @@character_set_client;
SET character_set_client = utf8;
CREATE TABLE `vtiger_payment_duration_seq` (
  `id` int(11) NOT NULL
) ENGINE=MyISAM DEFAULT CHARSET=utf8;
SET character_set_client = @saved_cs_client;

--
-- Dumping data for table vtiger_payment_duration_seq
--

LOCK TABLES `vtiger_payment_duration_seq` WRITE;
/*!40000 ALTER TABLE `vtiger_payment_duration_seq` DISABLE KEYS */;
INSERT INTO vtiger_payment_duration_seq ( ID ) VALUES ( 3 );
/*!40000 ALTER TABLE `vtiger_payment_duration_seq` ENABLE KEYS */;
UNLOCK TABLES;

--
-- Table structure for table vtiger_pbxmanager
--

DROP TABLE IF EXISTS vtiger_pbxmanager;
SET @saved_cs_client = @@character_set_client;
SET character_set_client = utf8;
CREATE TABLE `vtiger_pbxmanager` (
  `pbxmanagerid` int(11) DEFAULT NULL,
  `callfrom` varchar(255) DEFAULT NULL,
  `callto` varchar(255) DEFAULT NULL,
  `timeofcall` varchar(255) DEFAULT NULL,
  `status` varchar(255) DEFAULT NULL
) ENGINE=InnoDB DEFAULT CHARSET=utf8;
SET character_set_client = @saved_cs_client;

--
-- Dumping data for table vtiger_pbxmanager
--

LOCK TABLES `vtiger_pbxmanager` WRITE;
/*!40000 ALTER TABLE `vtiger_pbxmanager` DISABLE KEYS */;

/*!40000 ALTER TABLE `vtiger_pbxmanager` ENABLE KEYS */;
UNLOCK TABLES;

--
-- Table structure for table vtiger_picklist
--

DROP TABLE IF EXISTS vtiger_picklist;
SET @saved_cs_client = @@character_set_client;
SET character_set_client = utf8;
CREATE TABLE `vtiger_picklist` (
  `picklistid` int(11) NOT NULL AUTO_INCREMENT,
  `name` varchar(200) NOT NULL,
  PRIMARY KEY (`picklistid`),
  UNIQUE KEY `picklist_name_idx` (`name`)
) ENGINE=InnoDB AUTO_INCREMENT=52 DEFAULT CHARSET=utf8;
SET character_set_client = @saved_cs_client;

--
-- Dumping data for table vtiger_picklist
--

LOCK TABLES `vtiger_picklist` WRITE;
/*!40000 ALTER TABLE `vtiger_picklist` DISABLE KEYS */;
INSERT INTO vtiger_picklist ( PICKLISTID, NAME ) VALUES ( 1, 'accounttype' ), ( 2, 'activitytype' ), ( 37, 'assetstatus' ), ( 3, 'campaignstatus' ), ( 4, 'campaigntype' ), ( 5, 'carrier' ), ( 46, 'cf_640' ), ( 47, 'cf_641' ), ( 48, 'cf_651' ), ( 49, 'cf_652' ), ( 50, 'cf_653' ), ( 51, 'cf_654' ), ( 33, 'contract_priority' ), ( 32, 'contract_status' ), ( 34, 'contract_type' ), ( 6, 'eventstatus' ), ( 7, 'expectedresponse' ), ( 8, 'faqcategories' ), ( 9, 'faqstatus' ), ( 10, 'glacct' ), ( 11, 'industry' ), ( 12, 'invoicestatus' ), ( 13, 'leadsource' ), ( 14, 'leadstatus' ), ( 15, 'manufacturer' ), ( 16, 'opportunity_type' ), ( 17, 'postatus' ), ( 18, 'productcategory' ), ( 45, 'progress' ), ( 38, 'projectmilestonetype' ), ( 44, 'projectpriority' ), ( 42, 'projectstatus' ), ( 40, 'projecttaskpriority' ), ( 41, 'projecttaskprogress' ), ( 39, 'projecttasktype' ), ( 43, 'projecttype' ), ( 19, 'quotestage' ), ( 20, 'rating' ), ( 21, 'sales_stage' ), ( 22, 'salutationtype' ), ( 36, 'servicecategory' ), ( 35, 'service_usageunit' ), ( 23, 'sostatus' ), ( 24, 'taskpriority' ), ( 25, 'taskstatus' ), ( 26, 'ticketcategories' ), ( 27, 'ticketpriorities' ), ( 28, 'ticketseverities' ), ( 29, 'ticketstatus' ), ( 31, 'tracking_unit' ), ( 30, 'usageunit' );
/*!40000 ALTER TABLE `vtiger_picklist` ENABLE KEYS */;
UNLOCK TABLES;

--
-- Table structure for table vtiger_picklist_dependency
--

DROP TABLE IF EXISTS vtiger_picklist_dependency;
SET @saved_cs_client = @@character_set_client;
SET character_set_client = utf8;
CREATE TABLE `vtiger_picklist_dependency` (
  `id` int(11) NOT NULL,
  `tabid` int(19) NOT NULL,
  `sourcefield` varchar(255) DEFAULT NULL,
  `targetfield` varchar(255) DEFAULT NULL,
  `sourcevalue` varchar(100) DEFAULT NULL,
  `targetvalues` text,
  `criteria` text,
  PRIMARY KEY (`id`)
) ENGINE=InnoDB DEFAULT CHARSET=utf8;
SET character_set_client = @saved_cs_client;

--
-- Dumping data for table vtiger_picklist_dependency
--

LOCK TABLES `vtiger_picklist_dependency` WRITE;
/*!40000 ALTER TABLE `vtiger_picklist_dependency` DISABLE KEYS */;
INSERT INTO vtiger_picklist_dependency ( ID, TABID, SOURCEFIELD, TARGETFIELD, SOURCEVALUE, TARGETVALUES, CRITERIA ) VALUES ( 1, 4, 'cf_640', 'leadsource', 'Customer', '[\"--None--\",\"Cold Call\",\"Existing Customer\",\"Self Generated\",\"Employee\",\"Partner\",\"Public Relations\",\"Direct Mail\",\"Conference\",\"Trade Show\",\"Web Site\",\"Word of mouth\",\"Other\",\"Monster\",\"OCC\",\"Computrabajo\",\"Linked In\",\"Facebook\",\"Networking\",\"Events\"]', '' ), ( 2, 4, 'cf_640', 'leadsource', 'Potential Customer', '[\"--None--\",\"Cold Call\",\"Existing Customer\",\"Self Generated\",\"Employee\",\"Partner\",\"Public Relations\",\"Direct Mail\",\"Conference\",\"Trade Show\",\"Web Site\",\"Word of mouth\",\"Other\",\"Monster\",\"OCC\",\"Computrabajo\",\"Linked In\",\"Facebook\",\"Networking\",\"Events\"]', '' ), ( 3, 4, 'cf_640', 'leadsource', 'Candidate- Passive', '[\"--None--\",\"Monster\",\"OCC\",\"Computrabajo\",\"Linked In\",\"Facebook\",\"Networking\",\"Events\",\"Others\",\"TechFetch\"]', '' ), ( 4, 4, 'cf_640', 'leadsource', 'Employee', '[\"--None--\",\"Monster\",\"OCC\",\"Computrabajo\",\"Linked In\",\"Facebook\",\"Networking\",\"Events\",\"Others\",\"TechFetch\"]', '' ), ( 5, 4, 'cf_640', 'leadsource', 'Ex-Employee', '[\"--None--\",\"Monster\",\"OCC\",\"Computrabajo\",\"Linked In\",\"Facebook\",\"Networking\",\"Events\",\"Others\",\"TechFetch\"]', '' ), ( 6, 4, 'cf_640', 'leadsource', 'Other', '[\"--None--\",\"Cold Call\",\"Existing Customer\",\"Self Generated\",\"Employee\",\"Partner\",\"Public Relations\",\"Direct Mail\",\"Conference\",\"Trade Show\",\"Web Site\",\"Word of mouth\",\"Other\",\"Monster\",\"OCC\",\"Computrabajo\",\"Linked In\",\"Facebook\",\"Networking\",\"Events\"]', '' );
/*!40000 ALTER TABLE `vtiger_picklist_dependency` ENABLE KEYS */;
UNLOCK TABLES;

--
-- Table structure for table vtiger_picklist_dependency_seq
--

DROP TABLE IF EXISTS vtiger_picklist_dependency_seq;
SET @saved_cs_client = @@character_set_client;
SET character_set_client = utf8;
CREATE TABLE `vtiger_picklist_dependency_seq` (
  `id` int(11) NOT NULL
) ENGINE=MyISAM DEFAULT CHARSET=utf8;
SET character_set_client = @saved_cs_client;

--
-- Dumping data for table vtiger_picklist_dependency_seq
--

LOCK TABLES `vtiger_picklist_dependency_seq` WRITE;
/*!40000 ALTER TABLE `vtiger_picklist_dependency_seq` DISABLE KEYS */;
INSERT INTO vtiger_picklist_dependency_seq ( ID ) VALUES ( 6 );
/*!40000 ALTER TABLE `vtiger_picklist_dependency_seq` ENABLE KEYS */;
UNLOCK TABLES;

--
-- Table structure for table vtiger_picklist_seq
--

DROP TABLE IF EXISTS vtiger_picklist_seq;
SET @saved_cs_client = @@character_set_client;
SET character_set_client = utf8;
CREATE TABLE `vtiger_picklist_seq` (
  `id` int(11) NOT NULL
) ENGINE=MyISAM DEFAULT CHARSET=utf8;
SET character_set_client = @saved_cs_client;

--
-- Dumping data for table vtiger_picklist_seq
--

LOCK TABLES `vtiger_picklist_seq` WRITE;
/*!40000 ALTER TABLE `vtiger_picklist_seq` DISABLE KEYS */;
INSERT INTO vtiger_picklist_seq ( ID ) VALUES ( 51 );
/*!40000 ALTER TABLE `vtiger_picklist_seq` ENABLE KEYS */;
UNLOCK TABLES;

--
-- Table structure for table vtiger_picklistvalues_seq
--

DROP TABLE IF EXISTS vtiger_picklistvalues_seq;
SET @saved_cs_client = @@character_set_client;
SET character_set_client = utf8;
CREATE TABLE `vtiger_picklistvalues_seq` (
  `id` int(11) NOT NULL
) ENGINE=MyISAM DEFAULT CHARSET=utf8;
SET character_set_client = @saved_cs_client;

--
-- Dumping data for table vtiger_picklistvalues_seq
--

LOCK TABLES `vtiger_picklistvalues_seq` WRITE;
/*!40000 ALTER TABLE `vtiger_picklistvalues_seq` DISABLE KEYS */;
INSERT INTO vtiger_picklistvalues_seq ( ID ) VALUES ( 336 );
/*!40000 ALTER TABLE `vtiger_picklistvalues_seq` ENABLE KEYS */;
UNLOCK TABLES;

--
-- Table structure for table vtiger_pobillads
--

DROP TABLE IF EXISTS vtiger_pobillads;
SET @saved_cs_client = @@character_set_client;
SET character_set_client = utf8;
CREATE TABLE `vtiger_pobillads` (
  `pobilladdressid` int(19) NOT NULL DEFAULT '0',
  `bill_city` varchar(30) DEFAULT NULL,
  `bill_code` varchar(30) DEFAULT NULL,
  `bill_country` varchar(30) DEFAULT NULL,
  `bill_state` varchar(30) DEFAULT NULL,
  `bill_street` varchar(250) DEFAULT NULL,
  `bill_pobox` varchar(30) DEFAULT NULL,
  PRIMARY KEY (`pobilladdressid`),
  CONSTRAINT `fk_1_vtiger_pobillads` FOREIGN KEY (`pobilladdressid`) REFERENCES `vtiger_purchaseorder` (`purchaseorderid`) ON DELETE CASCADE
) ENGINE=InnoDB DEFAULT CHARSET=utf8;
SET character_set_client = @saved_cs_client;

--
-- Dumping data for table vtiger_pobillads
--

LOCK TABLES `vtiger_pobillads` WRITE;
/*!40000 ALTER TABLE `vtiger_pobillads` DISABLE KEYS */;

/*!40000 ALTER TABLE `vtiger_pobillads` ENABLE KEYS */;
UNLOCK TABLES;

--
-- Table structure for table vtiger_portal
--

DROP TABLE IF EXISTS vtiger_portal;
SET @saved_cs_client = @@character_set_client;
SET character_set_client = utf8;
CREATE TABLE `vtiger_portal` (
  `portalid` int(19) NOT NULL,
  `portalname` varchar(200) NOT NULL,
  `portalurl` varchar(255) NOT NULL,
  `sequence` int(3) NOT NULL,
  `setdefault` int(3) NOT NULL DEFAULT '0',
  PRIMARY KEY (`portalid`),
  KEY `portal_portalname_idx` (`portalname`)
) ENGINE=InnoDB DEFAULT CHARSET=utf8;
SET character_set_client = @saved_cs_client;

--
-- Dumping data for table vtiger_portal
--

LOCK TABLES `vtiger_portal` WRITE;
/*!40000 ALTER TABLE `vtiger_portal` DISABLE KEYS */;

/*!40000 ALTER TABLE `vtiger_portal` ENABLE KEYS */;
UNLOCK TABLES;

--
-- Table structure for table vtiger_portalinfo
--

DROP TABLE IF EXISTS vtiger_portalinfo;
SET @saved_cs_client = @@character_set_client;
SET character_set_client = utf8;
CREATE TABLE `vtiger_portalinfo` (
  `id` int(11) NOT NULL,
  `user_name` varchar(50) DEFAULT NULL,
  `user_password` varchar(30) DEFAULT NULL,
  `type` varchar(5) DEFAULT NULL,
  `last_login_time` datetime DEFAULT NULL,
  `login_time` datetime DEFAULT NULL,
  `logout_time` datetime DEFAULT NULL,
  `isactive` int(1) DEFAULT NULL,
  PRIMARY KEY (`id`),
  CONSTRAINT `fk_1_vtiger_portalinfo` FOREIGN KEY (`id`) REFERENCES `vtiger_contactdetails` (`contactid`) ON DELETE CASCADE
) ENGINE=InnoDB DEFAULT CHARSET=utf8;
SET character_set_client = @saved_cs_client;

--
-- Dumping data for table vtiger_portalinfo
--

LOCK TABLES `vtiger_portalinfo` WRITE;
/*!40000 ALTER TABLE `vtiger_portalinfo` DISABLE KEYS */;

/*!40000 ALTER TABLE `vtiger_portalinfo` ENABLE KEYS */;
UNLOCK TABLES;

--
-- Table structure for table vtiger_poshipads
--

DROP TABLE IF EXISTS vtiger_poshipads;
SET @saved_cs_client = @@character_set_client;
SET character_set_client = utf8;
CREATE TABLE `vtiger_poshipads` (
  `poshipaddressid` int(19) NOT NULL DEFAULT '0',
  `ship_city` varchar(30) DEFAULT NULL,
  `ship_code` varchar(30) DEFAULT NULL,
  `ship_country` varchar(30) DEFAULT NULL,
  `ship_state` varchar(30) DEFAULT NULL,
  `ship_street` varchar(250) DEFAULT NULL,
  `ship_pobox` varchar(30) DEFAULT NULL,
  PRIMARY KEY (`poshipaddressid`),
  CONSTRAINT `fk_1_vtiger_poshipads` FOREIGN KEY (`poshipaddressid`) REFERENCES `vtiger_purchaseorder` (`purchaseorderid`) ON DELETE CASCADE
) ENGINE=InnoDB DEFAULT CHARSET=utf8;
SET character_set_client = @saved_cs_client;

--
-- Dumping data for table vtiger_poshipads
--

LOCK TABLES `vtiger_poshipads` WRITE;
/*!40000 ALTER TABLE `vtiger_poshipads` DISABLE KEYS */;

/*!40000 ALTER TABLE `vtiger_poshipads` ENABLE KEYS */;
UNLOCK TABLES;

--
-- Table structure for table vtiger_postatus
--

DROP TABLE IF EXISTS vtiger_postatus;
SET @saved_cs_client = @@character_set_client;
SET character_set_client = utf8;
CREATE TABLE `vtiger_postatus` (
  `postatusid` int(19) NOT NULL AUTO_INCREMENT,
  `postatus` varchar(200) NOT NULL,
  `presence` int(1) NOT NULL DEFAULT '1',
  `picklist_valueid` int(19) NOT NULL DEFAULT '0',
  PRIMARY KEY (`postatusid`),
  UNIQUE KEY `postatus_postatus_idx` (`postatus`)
) ENGINE=InnoDB AUTO_INCREMENT=6 DEFAULT CHARSET=utf8;
SET character_set_client = @saved_cs_client;

--
-- Dumping data for table vtiger_postatus
--

LOCK TABLES `vtiger_postatus` WRITE;
/*!40000 ALTER TABLE `vtiger_postatus` DISABLE KEYS */;
INSERT INTO vtiger_postatus ( POSTATUSID, POSTATUS, PRESENCE, PICKLIST_VALUEID ) VALUES ( 1, 'Created', 0, 130 ), ( 2, 'Approved', 0, 131 ), ( 3, 'Delivered', 0, 132 ), ( 4, 'Cancelled', 0, 133 ), ( 5, 'Received Shipment', 0, 134 );
/*!40000 ALTER TABLE `vtiger_postatus` ENABLE KEYS */;
UNLOCK TABLES;

--
-- Table structure for table vtiger_postatus_seq
--

DROP TABLE IF EXISTS vtiger_postatus_seq;
SET @saved_cs_client = @@character_set_client;
SET character_set_client = utf8;
CREATE TABLE `vtiger_postatus_seq` (
  `id` int(11) NOT NULL
) ENGINE=MyISAM DEFAULT CHARSET=utf8;
SET character_set_client = @saved_cs_client;

--
-- Dumping data for table vtiger_postatus_seq
--

LOCK TABLES `vtiger_postatus_seq` WRITE;
/*!40000 ALTER TABLE `vtiger_postatus_seq` DISABLE KEYS */;
INSERT INTO vtiger_postatus_seq ( ID ) VALUES ( 5 );
/*!40000 ALTER TABLE `vtiger_postatus_seq` ENABLE KEYS */;
UNLOCK TABLES;

--
-- Table structure for table vtiger_postatushistory
--

DROP TABLE IF EXISTS vtiger_postatushistory;
SET @saved_cs_client = @@character_set_client;
SET character_set_client = utf8;
CREATE TABLE `vtiger_postatushistory` (
  `historyid` int(19) NOT NULL AUTO_INCREMENT,
  `purchaseorderid` int(19) NOT NULL,
  `vendorname` varchar(100) DEFAULT NULL,
  `total` decimal(10,0) DEFAULT NULL,
  `postatus` varchar(200) DEFAULT NULL,
  `lastmodified` datetime DEFAULT NULL,
  PRIMARY KEY (`historyid`),
  KEY `postatushistory_purchaseorderid_idx` (`purchaseorderid`),
  CONSTRAINT `fk_1_vtiger_postatushistory` FOREIGN KEY (`purchaseorderid`) REFERENCES `vtiger_purchaseorder` (`purchaseorderid`) ON DELETE CASCADE
) ENGINE=InnoDB DEFAULT CHARSET=utf8;
SET character_set_client = @saved_cs_client;

--
-- Dumping data for table vtiger_postatushistory
--

LOCK TABLES `vtiger_postatushistory` WRITE;
/*!40000 ALTER TABLE `vtiger_postatushistory` DISABLE KEYS */;

/*!40000 ALTER TABLE `vtiger_postatushistory` ENABLE KEYS */;
UNLOCK TABLES;

--
-- Table structure for table vtiger_potcompetitorrel
--

DROP TABLE IF EXISTS vtiger_potcompetitorrel;
SET @saved_cs_client = @@character_set_client;
SET character_set_client = utf8;
CREATE TABLE `vtiger_potcompetitorrel` (
  `potentialid` int(19) NOT NULL,
  `competitorid` int(19) NOT NULL,
  PRIMARY KEY (`potentialid`,`competitorid`),
  KEY `potcompetitorrel_potentialid_idx` (`potentialid`),
  KEY `potcompetitorrel_competitorid_idx` (`competitorid`),
  CONSTRAINT `fk_2_vtiger_potcompetitorrel` FOREIGN KEY (`potentialid`) REFERENCES `vtiger_potential` (`potentialid`) ON DELETE CASCADE
) ENGINE=InnoDB DEFAULT CHARSET=utf8;
SET character_set_client = @saved_cs_client;

--
-- Dumping data for table vtiger_potcompetitorrel
--

LOCK TABLES `vtiger_potcompetitorrel` WRITE;
/*!40000 ALTER TABLE `vtiger_potcompetitorrel` DISABLE KEYS */;

/*!40000 ALTER TABLE `vtiger_potcompetitorrel` ENABLE KEYS */;
UNLOCK TABLES;

--
-- Table structure for table vtiger_potential
--

DROP TABLE IF EXISTS vtiger_potential;
SET @saved_cs_client = @@character_set_client;
SET character_set_client = utf8;
CREATE TABLE `vtiger_potential` (
  `potentialid` int(19) NOT NULL DEFAULT '0',
  `potential_no` varchar(100) NOT NULL,
  `related_to` int(19) DEFAULT NULL,
  `potentialname` varchar(120) NOT NULL,
  `amount` decimal(14,2) DEFAULT '0.00',
  `currency` varchar(20) DEFAULT NULL,
  `closingdate` date DEFAULT NULL,
  `typeofrevenue` varchar(50) DEFAULT NULL,
  `nextstep` varchar(100) DEFAULT NULL,
  `private` int(1) DEFAULT '0',
  `probability` decimal(7,3) DEFAULT '0.000',
  `campaignid` int(19) DEFAULT NULL,
  `sales_stage` varchar(200) DEFAULT NULL,
  `potentialtype` varchar(200) DEFAULT NULL,
  `leadsource` varchar(200) DEFAULT NULL,
  `productid` int(50) DEFAULT NULL,
  `productversion` varchar(50) DEFAULT NULL,
  `quotationref` varchar(50) DEFAULT NULL,
  `partnercontact` varchar(50) DEFAULT NULL,
  `remarks` varchar(50) DEFAULT NULL,
  `runtimefee` int(19) DEFAULT '0',
  `followupdate` date DEFAULT NULL,
  `evaluationstatus` varchar(50) DEFAULT NULL,
  `description` text,
  `forecastcategory` int(19) DEFAULT '0',
  `outcomeanalysis` int(19) DEFAULT '0',
  PRIMARY KEY (`potentialid`),
  KEY `potential_relatedto_idx` (`related_to`),
  KEY `potentail_sales_stage_idx` (`sales_stage`),
  KEY `potentail_sales_stage_amount_idx` (`amount`,`sales_stage`),
  CONSTRAINT `fk_1_vtiger_potential` FOREIGN KEY (`potentialid`) REFERENCES `vtiger_crmentity` (`crmid`) ON DELETE CASCADE
) ENGINE=InnoDB DEFAULT CHARSET=utf8;
SET character_set_client = @saved_cs_client;

--
-- Dumping data for table vtiger_potential
--

LOCK TABLES `vtiger_potential` WRITE;
/*!40000 ALTER TABLE `vtiger_potential` DISABLE KEYS */;
INSERT INTO vtiger_potential ( POTENTIALID, POTENTIAL_NO, RELATED_TO, POTENTIALNAME, AMOUNT, CURRENCY, CLOSINGDATE, TYPEOFREVENUE, NEXTSTEP, PRIVATE, PROBABILITY, CAMPAIGNID, SALES_STAGE, POTENTIALTYPE, LEADSOURCE, PRODUCTID, PRODUCTVERSION, QUOTATIONREF, PARTNERCONTACT, REMARKS, RUNTIMEFEE, FOLLOWUPDATE, EVALUATIONSTATUS, DESCRIPTION, FORECASTCATEGORY, OUTCOMEANALYSIS ) VALUES ( 11, 'POT1', 5, 'QA COE', 0.00, '', '2012-10-22', '', '', 0, 0.000, 0, 'Prospecting', '--None--', '--None--', 0, '', '', '', '', 0, null, '', '', 0, 0 ), ( 14, 'POT2', 12, 'Java Developers', 0.00, '', '2012-11-30', '', 'The position is on Hold', 0, 15.000, 0, 'Closed Lost', 'Corp2Corp', 'Networking', 0, '', '', '', '', 0, null, '', '', 0, 0 ), ( 24, 'POT3', 22, 'IDM Developer', 0.00, '', '2012-11-30', '', 'Interview with Juan', 0, 90.000, 0, 'Closed Lost', 'Corp2Corp', 'Networking', 0, '', '', '', '', 0, null, '', '', 0, 0 ), ( 27, 'POT4', 16, 'Senior Java Developer US Citizen', 20000.00, '', '2012-11-30', '', 'Reschedule Varuns Interview.', 0, 30.000, 0, 'Closed Lost', 'Full Time', 'Networking', 0, '', '', '', '', 0, null, '', '', 0, 0 ), ( 96, 'POT5', 15, 'Senior Salesforce SFDC dveloper', 0.00, '', '2013-01-18', '', '', 0, 0.000, 0, 'Closed Lost', 'Full Time', 'Existing Customer', 0, '', '', '', '', 0, null, '', '', 0, 0 ), ( 97, 'POT6', 15, 'dummy', 0.00, '', '2012-12-18', '', '', 0, 0.000, 0, 'Prospecting', '--None--', '--None--', 0, '', '', '', '', 0, null, '', '', 0, 0 ), ( 98, 'POT7', 16, 'Senior Java Developer US Citizen', 0.00, '', '2012-11-30', '', 'Reschedule Varuns Interview.', 0, 0.000, 0, 'Sending Resumes', 'Full Time', 'Networking', 0, '', '', '', '', 0, null, '', '', 0, 0 ), ( 99, 'POT8', 15, 'dummy', 0.00, '', '2012-12-18', '', '', 0, 13.000, 0, 'Prospecting', 'Full Time', '--None--', 0, '', '', '', '', 0, null, '', '', 0, 0 ), ( 101, 'POT9', 15, 'dummy2', 0.00, '', '2012-12-19', '', '', 0, 0.000, 0, 'Prospecting', 'Full Time', '--None--', 0, '', '', '', '', 0, null, '', '', 0, 0 ), ( 102, 'POT10', 15, 'Relationship Manager', 0.00, '', '2013-01-18', '', '', 0, 0.000, 0, 'Closed Lost', 'Full Time', 'Networking', 0, '', '', '', '', 0, null, '', '', 0, 0 ), ( 104, 'POT11', 103, 'Demantra PTP(Predictive Trade Planning)', 0.00, '', '2013-01-07', '', 'Interview lined up', 0, 0.000, 0, 'Closed Lost', 'Project 1 to 12 months', 'Monster', 0, '', '', '', '', 0, null, '', '', 0, 0 ), ( 106, 'POT12', 105, 'IDM Developer', 182000.00, '', '2013-01-31', '', 'Didnt find candidates', 0, 0.000, 0, 'Closed Lost', '--None--', 'Networking', 0, '', '', '', '', 0, null, '', '', 0, 0 ), ( 107, 'POT13', 15, 'QA COE', 800000.00, '', '2013-01-08', '', 'Contact Venkat', 0, 10.000, 0, 'Closed Lost', 'Project 1 to 12 months', 'Networking', 0, '', '', '', '', 0, null, '', '', 0, 0 ), ( 109, 'POT14', 108, 'IDM Developer', 182000.00, '', '2013-01-08', '', 'Panasia didnt get the position.', 0, 30.000, 0, 'Closed Lost', '', 'Monster', 0, '', '', '', '', 0, null, '', '', 0, 0 ), ( 111, 'POT15', 110, 'Java Developer (J2EE + Hibernate + Spring + Tapestsry)', 0.00, '', '2013-01-31', '', '', 0, 0.000, 0, 'Closed Lost', 'Corp2Corp', 'Networking', 0, '', '', '', '', 0, null, '', '', 0, 0 ), ( 114, 'POT16', 113, 'PM in Mexico', 62000.00, '', '2013-01-15', '', 'Quality and tieliness of the candidates did not suit expectations', 0, 0.000, 0, 'Closed Lost', '', 'Networking', 0, '', '', '', '', 0, null, '', '', 0, 0 ), ( 128, 'POT17', 115, 'BI + Informatica', 0.00, '', '2013-02-08', '', 'There was not a real opporunity', 0, 50.000, 8, 'Closed Lost', 'Full Time', 'Public Relations', 0, '', '', '', '', 0, null, '', '', 0, 0 ), ( 140, 'POT18', 15, 'SAP FICO - LNT', 0.00, '', '2013-02-19', '', 'Source resumes in FICO', 0, 80.000, 0, 'Closed Lost', 'Corp2Corp', 'Existing Customer', 0, '', '', '', '', 0, null, '', '', 0, 0 ), ( 141, 'POT19', 15, 'SAP PP - LNT', 106150.00, '', '2013-02-28', '', 'Source resumes', 0, 80.000, 0, 'Closed Lost', 'Project 1 to 12 months', 'Existing Customer', 0, '', '', '', '', 0, null, '', '', 0, 0 ), ( 144, 'POT20', 16, 'Senior Java Developer US Citizen', 0.00, '', '2012-11-30', '', 'Reschedule Varuns Interview.', 0, 0.000, 0, 'Sending Resumes', 'Full Time', 'Networking', 0, '', '', '', '', 0, null, '', '', 0, 0 ), ( 146, 'POT21', 145, 'J2EE Developers, Architects 5 positions', 30000.00, '', '2013-02-20', '', 'Not good candidates', 0, 0.000, 0, 'Closed Lost', 'Full Time', 'Existing Customer', 0, '', '', '', '', 0, null, '', '', 0, 0 ), ( 149, 'POT22', 145, 'BI Solution Architect', 8000.00, '', '2013-02-20', '', '', 0, 0.000, 0, 'Closed Lost', 'Full Time', 'Existing Customer', 0, '', '', '', '', 0, null, '', '', 0, 0 ), ( 151, 'POT23', 145, 'BI Project Manager', 0.00, '', '2013-02-20', '', '', 0, 0.000, 0, 'Closed Lost', 'Full Time', 'Existing Customer', 0, '', '', '', '', 0, null, '', '', 0, 0 ), ( 156, 'POT24', 145, 'BI Architect', 0.00, '', '2013-02-20', '', '', 0, 0.000, 0, 'Closed Lost', 'Corp2Corp', 'Existing Customer', 0, '', '', '', '', 0, null, '', '', 0, 0 ), ( 159, 'POT25', 158, 'IAM tester', 0.00, '', '2013-02-20', '', '', 0, 0.000, 0, 'Closed Lost', 'Multi-Year Engagement', 'Networking', 0, '', '', '', '', 0, null, '', '', 0, 0 ), ( 161, 'POT26', 158, 'SAS 9.3 resource - Canada', 153600.00, '', '2013-02-20', '', '', 0, 0.000, 0, 'Closed Won', 'Full Time', 'Networking', 0, '', '', '', '', 0, null, '', '', 0, 0 ), ( 164, 'POT27', 163, '.NET Developers for US and Mexico (5)', 0.00, '', '2013-02-20', '', '', 0, 0.000, 0, 'Prospecting', 'Full Time', 'Existing Customer', 0, '', '', '', '', 0, null, '', '', 0, 0 ), ( 173, 'POT28', 171, 'Sr. SAP PS Consultant', 0.00, '', '2013-02-22', '', '', 0, 0.000, 0, 'Closed Lost', 'Corp2Corp', 'Events', 0, '', '', '', '', 0, null, '', '', 0, 0 ), ( 176, 'POT29', 113, 'Black Belt in Miami, FL', 134000.00, '', '2013-02-28', '', 'Send Resumes', 0, 50.000, 0, 'Closed Lost', 'Multi-Year Engagement', 'Existing Customer', 0, '', '', '', '', 0, null, '', '', 0, 0 ), ( 346, 'POT30', 15, 'Solution Architect', 0.00, '', '2013-03-08', '', '', 0, 100.000, 0, 'Closed Lost', 'Project 1 to 12 months', 'Linked In', 0, '', '', '', '', 0, null, '', '', 0, 0 ), ( 427, 'POT31', 15, 'Servicenow Admin', 0.00, '', '2013-03-20', '', '', 0, 0.000, 0, 'Closed Lost', 'Project 1 to 12 months', 'Linked In', 0, '', '', '', '', 0, null, '', '', 0, 0 ), ( 445, 'POT32', 15, 'ServiceNow Architect', 6800.00, '', '2013-04-16', '', '', 0, 0.000, 0, 'Closed Won', 'Full Time', 'Networking', 0, '', '', '', '', 0, null, '', '', 0, 0 ), ( 446, 'POT33', 12, 'VOIP .Net Developer', 180000.00, '', '2013-04-16', '', '', 0, 0.000, 0, 'Closed Lost', 'Corp2Corp', 'Partner', 0, '', '', '', '', 0, null, '', '', 0, 0 ), ( 448, 'POT34', 447, 'Oracle WMS and manufacturing', 0.00, '', '2013-04-16', '', 'procure resumes', 0, 0.000, 0, 'Closed Lost', 'Corp2Corp', 'Networking', 0, '', '', '', '', 0, null, '', '', 0, 0 ), ( 450, 'POT35', 15, 'Oracle Identity Management', 0.00, '', '2013-04-16', '', '', 0, 0.000, 0, 'Closed Lost', 'Corp2Corp', 'Existing Customer', 0, '', '', '', '', 0, null, '', '', 0, 0 ), ( 452, 'POT36', 15, 'Oracle Identity Management', 0.00, '', '2013-04-16', '', '', 0, 0.000, 0, 'Closed Lost', 'Corp2Corp', 'Existing Customer', 0, '', '', '', '', 0, null, '', '', 0, 0 ), ( 459, 'POT37', 158, 'Big Data Hadoop and cloudera', 0.00, '', '2013-04-23', '', '', 0, 0.000, 0, 'Closed Lost', 'Full Time', 'Existing Customer', 0, '', '', '', '', 0, null, '', '', 0, 0 ), ( 460, 'POT38', 158, 'DataStage', 0.00, '', '2013-04-23', '', '', 0, 0.000, 0, 'Closed Lost', 'Corp2Corp', 'Existing Customer', 0, '', '', '', '', 0, null, '', '', 0, 0 ), ( 462, 'POT39', 158, 'SAP PM', 0.00, '', '2013-04-23', '', '', 0, 0.000, 0, 'Closed Lost', '--None--', '--None--', 0, '', '', '', '', 0, null, '', '', 0, 0 ), ( 464, 'POT40', 158, 'SAS Development Toronto', 0.00, '', '2013-04-23', '', '', 0, 0.000, 0, 'Closed Lost', 'Corp2Corp', 'Existing Customer', 0, '', '', '', '', 0, null, '', '', 0, 0 ), ( 465, 'POT41', 158, 'Hyperion HFM Implementation or Support', 0.00, '', '2013-04-25', '', '', 0, 0.000, 0, 'Closed Lost', 'Full Time', 'Existing Customer', 0, '', '', '', '', 0, null, '', '', 0, 0 ), ( 466, 'POT42', 158, 'SAS FM (Financial Module)', 0.00, '', '2013-04-25', '', '', 0, 0.000, 0, 'Closed Lost', 'Full Time', 'Existing Customer', 0, '', '', '', '', 0, null, '', '', 0, 0 ), ( 467, 'POT43', 158, 'Spotfire Admin', 0.00, '', '2013-07-01', '', '', 0, 0.000, 0, 'Closed Lost', 'Full Time', 'Existing Customer', 0, '', '', '', '', 0, null, '', '', 0, 0 ), ( 468, 'POT44', 163, 'Windows Driver Developer', 0.00, '', '2013-04-25', '', '', 0, 0.000, 0, 'Closed Lost', '--None--', 'Existing Customer', 0, '', '', '', '', 0, null, '', '', 0, 0 ), ( 471, 'POT45', 145, 'BI Project Manager', 0.00, '', '2013-05-06', '', '', 0, 100.000, 0, 'Closed Lost', 'Full Time', 'Networking', 0, '', '', '', '', 0, null, '', '', 0, 0 ), ( 473, 'POT46', 15, 'Ab Initio Developer', 0.00, '', '2013-06-01', '', '', 0, 0.000, 0, 'Closed Lost', 'Full Time', 'Existing Customer', 0, '', '', '', '', 0, null, '', '', 0, 0 ), ( 481, 'POT47', 15, 'Engineer Account Manager', 0.00, '', '2013-05-14', '', '', 0, 0.000, 0, 'Closed Lost', '--None--', 'Existing Customer', 0, '', '', '', '', 0, null, '', '', 0, 0 ), ( 483, 'POT48', 158, 'Talend Developer', 0.00, '', '2013-05-14', '', '', 0, 0.000, 0, 'Closed Lost', 'Corp2Corp', 'Existing Customer', 0, '', '', '', '', 0, null, '', '', 0, 0 ), ( 485, 'POT49', 305, 'Service Now Developers / Architects', 0.00, '', '2013-05-15', '', '', 0, 0.000, 0, 'Closed Lost', 'Corp2Corp', 'Other', 0, '', '', '', '', 0, null, '', '', 0, 0 ), ( 487, 'POT50', 158, 'ICBC-Functional and Security Tester requirement.-VC-Canada', 0.00, '', '2013-05-16', '', 'Interview lined up', 0, 100.000, 0, 'Closed Lost', 'Full Time', 'Networking', 0, '', '', '', '', 0, null, '', '', 0, 0 ), ( 489, 'POT51', 158, 'Siebel - Technical Lead & Siebel EAI - Integration Specialist', 0.00, '', '2013-05-16', '', '', 0, 100.000, 0, 'Closed Lost', 'Full Time', 'Networking', 0, '', '', '', '', 0, null, '', '', 0, 0 ), ( 504, 'POT52', 12, '4 java J2EE for Aquinas/Starwood', 0.00, '', '2013-05-23', '', '', 0, 0.000, 0, 'Closed Lost', 'Corp2Corp', 'Existing Customer', 0, '', '', '', '', 0, null, '', '', 0, 0 ), ( 577, 'POT53', 158, 'Oracle HRMS with Canadian Payroll', 0.00, '', '2013-05-30', '', '', 0, 0.000, 0, 'Closed Lost', 'Full Time', 'Existing Customer', 0, '', '', '', '', 0, null, '', '', 0, 0 ), ( 591, 'POT54', 158, 'Hyperion Financial Data Quality Management(1) &  Planning, Essbase(2)', 0.00, '', '2013-06-03', '', '', 0, 0.000, 0, 'Closed Lost', '--None--', 'Linked In', 0, '', '', '', '', 0, null, '', '', 0, 0 ), ( 600, 'POT55', 158, 'SAS Project Manager', 0.00, '', '2013-06-21', '', '', 0, 0.000, 0, 'Closed Lost', 'Full Time', 'Networking', 0, '', '', '', '', 0, null, '', '', 0, 0 ), ( 601, 'POT56', 158, 'OBIEE / ODI Architect', 0.00, '', '2013-06-14', '', '', 0, 0.000, 0, 'Closed Lost', 'Project 1 to 12 months', 'Networking', 0, '', '', '', '', 0, null, '', '', 0, 0 ), ( 602, 'POT57', 163, 'Servicenow Architect(2)', 0.00, '', '2013-06-07', '', '', 0, 0.000, 0, 'Closed Lost', 'Project 1 to 12 months', 'Networking', 0, '', '', '', '', 0, null, '', '', 0, 0 ), ( 603, 'POT58', 12, 'Android/iphone developer', 0.00, '', '2013-06-07', '', '', 0, 0.000, 0, 'Closed Lost', 'Corp2Corp', 'Networking', 0, '', '', '', '', 0, null, '', '', 0, 0 ), ( 629, 'POT59', 158, 'SAS GRID', 0.00, '', '2013-06-18', '', '', 0, 100.000, 0, 'Closed Lost', 'Full Time', 'Linked In', 0, '', '', '', '', 0, null, '', '', 0, 0 ), ( 630, 'POT60', 158, 'Core Java Developers (6)', 0.00, '', '2013-06-18', '', '', 0, 100.000, 0, 'Closed Lost', 'Full Time', 'Linked In', 0, '', '', '', '', 0, null, '', '', 0, 0 ), ( 631, 'POT61', 158, 'OTM Techno Functional', 0.00, '', '2013-06-18', '', '', 0, 100.000, 0, 'Closed Lost', 'Full Time', 'Linked In', 0, '', '', '', '', 0, null, '', '', 0, 0 ), ( 641, 'POT62', 158, 'DW & BODS ETL resources (2)', 0.00, '', '2013-06-21', '', '', 0, 0.000, 0, 'Closed Lost', 'Full Time', '--None--', 0, '', '', '', '', 0, null, '', '', 0, 0 ), ( 642, 'POT63', 158, 'Senior Oracle RMS', 0.00, '', '2013-06-26', '', '', 0, 100.000, 0, 'Closed Lost', 'Full Time', 'Networking', 0, '', '', '', '', 0, null, '', '', 0, 0 ), ( 692, 'POT64', 691, 'Servicenow Developer', 0.00, '', '2013-06-07', '', '', 0, 0.000, 0, 'Closed Lost', 'Project 1 to 12 months', 'Networking', 0, '', '', '', '', 0, null, '', '', 0, 0 ), ( 694, 'POT65', 693, 'ServiceNow Developer (4 positions)', 75.00, '', '2013-07-17', '', '', 0, 0.000, 0, 'Closed Lost', 'Corp2Corp', 'Self Generated', 0, '', '', '', '', 0, null, '', '', 0, 0 ), ( 698, 'POT66', 697, 'ServiceNow Developer/Admin', 80.00, '', '2013-07-17', '', '', 0, 0.000, 0, 'Closed Lost', 'Corp2Corp', 'TechFetch', 0, '', '', '', '', 0, null, '', '', 0, 0 ), ( 701, 'POT67', 158, 'MSBI Architect/Tech Lead - 2 Positions', 0.00, '', '2013-07-17', '', '', 0, 100.000, 0, 'Closed Lost', 'Full Time', 'Linked In', 0, '', '', '', '', 0, null, '', '', 0, 0 ), ( 705, 'POT68', 158, 'Infa Tech lead MDM - Siperian', 0.00, '', '2013-07-17', '', '', 0, 100.000, 0, 'Closed Lost', 'Full Time', 'Linked In', 0, '', '', '', '', 0, null, '', '', 0, 0 ), ( 717, 'POT69', 158, 'Data Architect / Data modelling', 0.00, '', '2013-07-25', '', '', 0, 100.000, 0, 'Closed Lost', 'Full Time', 'Networking', 0, '', '', '', '', 0, null, '', '', 0, 0 ), ( 718, 'POT70', 158, 'MS BI, Administration, Sharepoint - 3 positions', 0.00, '', '2013-07-26', '', '', 0, 100.000, 0, 'Closed Lost', 'Project 1 to 12 months', 'Linked In', 0, '', '', '', '', 0, null, '', '', 0, 0 ), ( 719, 'POT71', 158, 'Data Warehouse Lead/Architect:', 0.00, '', '2013-07-26', '', '', 0, 100.000, 0, 'Closed Lost', 'Full Time', 'Networking', 0, '', '', '', '', 0, null, '', '', 0, 0 ), ( 720, 'POT72', 158, 'Teradata SQL Developer - 3 positions', 0.00, '', '2013-07-26', '', '', 0, 100.000, 0, 'Closed Lost', 'Project 1 to 12 months', 'Networking', 0, '', '', '', '', 0, null, '', '', 0, 0 ), ( 721, 'POT73', 158, 'Informatica Tech Lead (7+ years exp)', 0.00, '', '2013-07-26', '', '', 0, 100.000, 0, 'Closed Lost', 'Full Time', 'Linked In', 0, '', '', '', '', 0, null, '', '', 0, 0 ), ( 722, 'POT74', 158, 'OBIEE RPD', 0.00, '', '2013-07-26', '', '', 0, 100.000, 0, 'Closed Lost', 'Full Time', 'Networking', 0, '', '', '', '', 0, null, '', '', 0, 0 ), ( 724, 'POT75', 691, 'Servicenow Lead', 0.00, '', '2013-08-05', '', '', 0, 100.000, 0, 'Closed Won', 'Project 1 to 12 months', 'Networking', 0, '', '', '', '', 0, null, '', '', 0, 0 ), ( 725, 'POT76', 158, 'ODI/OBIEE Lead', 0.00, '', '2013-08-05', '', '', 0, 100.000, 0, 'Closed Won', 'Full Time', 'Networking', 0, '', '', '', '', 0, null, '', '', 0, 0 ), ( 727, 'POT77', 726, 'ServiceNow Developer and Admin', 0.00, '', '2013-08-06', '', '', 0, 100.000, 0, 'Closed Lost', 'Project 1 to 12 months', '--None--', 0, '', '', '', '', 0, null, '', '', 0, 0 ), ( 739, 'POT78', 15, 'Actimize - 3 positions', 0.00, '', '2013-08-26', '', '', 0, 100.000, 0, 'Closed Lost', 'Full Time', 'Linked In', 0, '', '', '', '', 0, null, '', '', 0, 0 ), ( 741, 'POT79', 740, 'Oracle 11g Developer', 0.00, '', '2013-10-18', '', '', 0, 0.000, 0, 'Closed Lost', '--None--', 'Networking', 0, '', '', '', '', 0, null, '', '', 0, 0 ), ( 762, 'POT80', 15, 'ServiceNow Administrator', 0.00, '', '2013-11-27', '', '', 0, 0.000, 0, 'Closed Lost', 'Corp2Corp', 'Existing Customer', 0, '', '', '', '', 0, null, '', '', 0, 0 ), ( 763, 'POT81', 15, 'ServiceNow Architect', 0.00, '', '2013-11-27', '', '', 0, 0.000, 0, 'Closed Lost', 'Corp2Corp', 'Existing Customer', 0, '', '', '', '', 0, null, '', '', 0, 0 ), ( 764, 'POT82', 15, 'Bi Lingual AIX-Linux Admin', 0.00, '', '2013-11-27', '', '', 0, 0.000, 0, 'Closed Lost', 'Corp2Corp', 'Existing Customer', 0, '', '', '', '', 0, null, '', '', 0, 0 ), ( 765, 'POT83', 15, 'BA with Banking Experience', 0.00, '', '2013-11-27', '', '', 0, 0.000, 0, 'Closed Won', 'Corp2Corp', 'Existing Customer', 0, '', '', '', '', 0, null, '', '', 0, 0 ), ( 768, 'POT84', 740, '.Net devloper for NearShore', 0.00, '', '2013-11-27', '', '', 0, 0.000, 0, 'Prospecting', '--None--', '--None--', 0, '', '', '', '', 0, null, '', '', 0, 0 ), ( 771, 'POT85', 740, 'Salesforce.com', 0.00, '', '2013-11-27', '', '', 0, 0.000, 0, 'Prospecting', 'Corp2Corp', 'Existing Customer', 0, '', '', '', '', 0, null, '', '', 0, 0 ), ( 778, 'POT86', 740, 'Sharepoint Developer', 0.00, '', '2013-12-13', '', '', 0, 0.000, 0, 'Prospecting', 'Corp2Corp', 'Existing Customer', 0, '', '', '', '', 0, null, '', '', 0, 0 ), ( 779, 'POT87', 691, 'Service now Architect', 0.00, '', '2013-12-16', '', '', 0, 100.000, 0, 'Prospecting', 'Corp2Corp', 'Linked In', 0, '', '', '', '', 0, null, '', '', 0, 0 ), ( 796, 'POT88', 15, 'ITIL Project Manager', 0.00, '', '2014-01-06', '', '', 0, 100.000, 0, 'Closed Lost', 'Corp2Corp', 'Linked In', 0, '', '', '', '', 0, null, '', '', 0, 0 ), ( 797, 'POT89', 691, 'Service now developer', 0.00, '', '2014-01-08', '', '', 0, 100.000, 0, 'Closed Lost', 'Corp2Corp', 'Linked In', 0, '', '', '', '', 0, null, '', '', 0, 0 ), ( 800, 'POT90', 799, 'Service Now Lead', 0.00, '', '2014-02-04', '', '', 0, 0.000, 0, 'Prospecting', 'Corp2Corp', 'Networking', 0, '', '', '', '', 0, null, '', '', 0, 0 ), ( 802, 'POT91', 691, 'Service now Architect', 0.00, '', '2014-02-12', '', 'Offer Letter Released', 0, 100.000, 0, 'Negotiation/Review', 'Corp2Corp', 'Linked In', 0, '', '', '', '', 0, null, '', '', 0, 0 ), ( 803, 'POT92', 158, 'SAS 9.3 resource - Bell - Canada', 0.00, '', '2014-02-12', '', 'Sending resume', 0, 100.000, 0, 'Prospecting', 'Corp2Corp', 'Linked In', 0, '', '', '', '', 0, null, '', '', 0, 0 ), ( 804, 'POT93', 158, 'Senior Developer (Service now)', 0.00, '', '2014-02-12', '', 'Sending resume', 0, 100.000, 0, 'Prospecting', 'Corp2Corp', 'Linked In', 0, '', '', '', '', 0, null, '', '', 0, 0 );
/*!40000 ALTER TABLE `vtiger_potential` ENABLE KEYS */;
UNLOCK TABLES;

--
-- Table structure for table vtiger_potentialscf
--

DROP TABLE IF EXISTS vtiger_potentialscf;
SET @saved_cs_client = @@character_set_client;
SET character_set_client = utf8;
CREATE TABLE `vtiger_potentialscf` (
  `potentialid` int(19) NOT NULL DEFAULT '0',
  `cf_652` varchar(255) DEFAULT '',
  `cf_653` varchar(255) DEFAULT '',
  `cf_654` varchar(255) DEFAULT '',
  `cf_655` varchar(100) DEFAULT '',
  `cf_656` varchar(255) DEFAULT '',
  PRIMARY KEY (`potentialid`),
  CONSTRAINT `fk_1_vtiger_potentialscf` FOREIGN KEY (`potentialid`) REFERENCES `vtiger_potential` (`potentialid`) ON DELETE CASCADE
) ENGINE=InnoDB DEFAULT CHARSET=utf8;
SET character_set_client = @saved_cs_client;

--
-- Dumping data for table vtiger_potentialscf
--

LOCK TABLES `vtiger_potentialscf` WRITE;
/*!40000 ALTER TABLE `vtiger_potentialscf` DISABLE KEYS */;
INSERT INTO vtiger_potentialscf ( POTENTIALID, CF_652, CF_653, CF_654, CF_655, CF_656 ) VALUES ( 11, '', '', '', '', '' ), ( 14, 'Ivan G', '4. Do on spare time', 'On-Site US', 'na', 'na' ), ( 24, 'Athi N', '1. Top priority', 'On-Site US', 'Atlanta, GA', '80,000 to 90,000' ), ( 27, 'Ivan G', '', '', '', '' ), ( 96, '', '', '', '', '' ), ( 97, '', '', '', '', '' ), ( 98, '', '', '', '', '' ), ( 99, '', '', '', '', '' ), ( 101, '', '', '', '', '' ), ( 102, '', '', '', '', '' ), ( 104, '', '', '', '', '' ), ( 106, 'Ivan G', '', '', '', '' ), ( 107, '', '', '', '', '' ), ( 109, 'Athi N', '', '', '', '' ), ( 111, 'Victor B', '', '', '', '' ), ( 114, 'Ivan G', '', '', '', '' ), ( 128, '', '', '', '', '' ), ( 140, 'Ivan G', '', '', '', '' ), ( 141, 'Ivan G', '', '', '', '' ), ( 144, '', '', '', '', '' ), ( 146, 'Athi N', '', '', '', '' ), ( 149, 'Athi N', '4. Do on spare time', '', '', '' ), ( 151, 'Athi N', '4. Do on spare time', '', '', '' ), ( 156, 'Athi N', '', '', '', '' ), ( 159, 'Athi N', '', '', '', '' ), ( 161, 'Athi N', '', '', '', '' ), ( 164, 'Ivan G', '', '', '', '' ), ( 173, 'Athi N', '', '', '', '' ), ( 176, 'Ivan G', '', '', '', '' ), ( 346, 'Athi N', '', '', '', '' ), ( 427, 'Ivan G', '4. Do on spare time', 'On-Site US', 'Warren, NJ, United States', '75,000 to 90,000' ), ( 445, 'Ivan G', '1. Top priority', '', '', '' ), ( 446, 'Ivan G', '4. Do on spare time', 'Doesn\'t Matter', 'Can be remote', '60,000 MXP or 90K USD Tops' ), ( 448, 'Athi N', '3. Normal', 'Mexico', 'Monterrey', 'na' ), ( 450, 'Athi N', '3. Normal', 'On-Site US', 'Dallas,TX', '80,000 to 90,000' ), ( 452, 'Athi N', '3. Normal', 'On-Site US', 'Dallas, TX', '40,000 Pesos/mes + Travel and Living' ), ( 459, 'Athi N', '2. Important', 'Mexico', 'Mexico and US', '40,000 MXP/Mo in mexico or 90,000 USD/yr in US' ), ( 460, 'Athi N', '3. Normal', 'On-Site CA', 'Toronto', '80,000 to 90,000' ), ( 462, 'Athi N', '4. Do on spare time', 'On-Site CA', 'vancouver BC', '80,000 to 90,000' ), ( 464, 'Athi N', '2. Important', 'On-Site CA', 'Toronto', '80K CAD / Year' ), ( 465, 'Ivan G', '2. Important', 'On-Site US', 'Cincinnati, OH', '80K USD/year' ), ( 466, 'Ivan G', '1. Top priority', 'On-Site US', 'Cincinnati, OH', '80K USD/year' ), ( 467, 'Ivan G', '4. Do on spare time', 'On-Site US', 'Cincinnati,OH', 'na' ), ( 468, 'Ivan G', '1. Top priority', 'On-Site US', 'Austin, TX', '80K USD/year' ), ( 471, 'Athi N', '4. Do on spare time', 'On-Site US', 'Houston, TX', '$130K' ), ( 473, 'Ivan G', '2. Important', 'On-Site US', 'Warren, NJ, United States', '85,000 to 90,000' ), ( 481, 'Ivan G', '2. Important', 'Mexico', 'Mexico City', '30,000 - 35,000 pesos' ), ( 483, 'Ivan G', '3. Normal', 'On-Site US', 'Atlanta, GA', '80,000 to 90,000' ), ( 485, 'Athi N', '2. Important', 'Mexico', 'Remote for 6 months', 'Depending on experience (15,000 to 50,000)' ), ( 487, 'Athi N', '4. Do on spare time', 'On-Site CA', 'Vancouver, BC', '$80K to $110K' ), ( 489, 'Athi N', '2. Important', 'On-Site CA', 'Victoria, BC  Canada', '$110K' ), ( 504, 'Athi N', '1. Top priority', 'On-Site US', 'Stamford, CT', '75 USD/hr in W2' ), ( 577, 'Athi N', '2. Important', 'On-Site CA', 'Victoria, BC', '90K CAD' ), ( 591, 'Athi N', '2. Important', 'On-Site US', 'Shelton, CT', '$60 rate/ annual salary $90K-$100K' ), ( 600, 'Athi N', '3. Normal', 'On-Site US', 'Kettlersville, OH', 'Open' ), ( 601, 'Athi N', '3. Normal', 'On-Site US', 'New York', 'Open' ), ( 602, 'Athi N', '1. Top priority', 'On-Site US', 'Houston,TX', '$80 per hour' ), ( 603, 'Ivan G', '3. Normal', 'On-Site US', 'NewYork', '$80 - $100 per hour' ), ( 629, 'Athi N', '3. Normal', 'On-Site CA', 'Toronto, Canada', 'Open' ), ( 630, 'Athi N', '4. Do on spare time', 'On-Site US', 'Atlanta, GA', 'Open' ), ( 631, 'Athi N', '2. Important', 'On-Site US', 'GreenBay, WI', 'Open' ), ( 641, 'Athi N', '3. Normal', 'On-Site US', 'Philadelphia', 'Open' ), ( 642, 'Athi N', '3. Normal', 'On-Site US', 'Santa Barbara, California', 'Open' ), ( 692, 'Athi N', '3. Normal', 'On-Site US', 'Indianapolis, IN', '70-80k USD/yr' ), ( 694, 'Athi N', '3. Normal', 'On-Site US', 'Chicago, IL', '80K USD/year' ), ( 698, 'Athi N', '1. Top priority', 'On-Site US', 'Hartford, CT', '80,000 to 90,000' ), ( 701, 'Athi N', '1. Top priority', 'On-Site US', 'NJ( Mahwah, Paramus), Louisville KY or  Atlanta, GA', 'Open' ), ( 705, 'Athi N', '2. Important', 'On-Site US', 'Shelton, CT', 'Open' ), ( 717, 'Athi N', '2. Important', 'On-Site US', 'Minneapolis, MN', '$75K-$85K' ), ( 718, 'Athi N', '2. Important', 'On-Site CA', 'Toronto, Canada', 'Open' ), ( 719, 'Athi N', '1. Top priority', 'On-Site US', 'Philadelphia', 'Less than 120,000' ), ( 720, 'Athi N', '2. Important', 'On-Site CA', 'Montreal or Toronto', 'Open' ), ( 721, 'Athi N', '2. Important', 'On-Site US', 'Shelton, CT', '$75K-$85K' ), ( 722, 'Athi N', '2. Important', 'On-Site US', 'Minneapolis, MN', '$80K to $90K' ), ( 724, 'Athi N', '1. Top priority', 'On-Site US', 'Oldsmar, FL', 'Open' ), ( 725, 'Athi N', '1. Top priority', 'On-Site US', 'New York City, New York', '$85,000' ), ( 727, 'Athi N', '1. Top priority', 'On-Site US', 'Indianpolis, IN', 'Open' ), ( 739, 'Ivan G', '1. Top priority', 'On-Site US', 'Tampa, FL', 'Open' ), ( 741, 'Ivan G', '1. Top priority', 'Mexico', 'Mexico City or remotely', '25 to 30K Psos/month' ), ( 762, 'Athi N', '1. Top priority', 'On-Site US', 'Tampa, FL  6 months', 'Betweeb 65K and 75K' ), ( 763, 'Athi N', '1. Top priority', 'On-Site US', 'New York City', '90K to 110K' ), ( 764, 'Athi N', '1. Top priority', 'On-Site US', 'Irving texas', '65K to 70K' ), ( 765, 'Athi N', '3. Normal', 'On-Site US', 'Mexico City, Mexico', '35k to 40K' ), ( 768, 'Athi N', '4. Do on spare time', 'On-Site US', 'Puebla, Merida, mexico city or remotely', '20K to 25K pesos' ), ( 771, 'Athi N', '4. Do on spare time', 'On-Site US', 'Puebla, Merida, Mexico City or remotely', '25k to 35K' ), ( 778, 'Athi N', '4. Do on spare time', 'Mexico', 'Puebla, Queretaro, Mexico City or remotely', '30000' ), ( 779, 'Athi N', '3. Normal', 'On-Site US', 'Indianpolis, IN', 'Open' ), ( 796, 'Athi N', '1. Top priority', 'On-Site US', 'Los Angeles, CA', '$66 per hour' ), ( 797, 'Athi N', '1. Top priority', 'On-Site US', 'Minnesota', '$55' ), ( 800, 'Athi N', '4. Do on spare time', 'Mexico', 'Guadalajara', '70K' ), ( 802, 'Athi N', '1. Top priority', 'On-Site US', 'Oldsmar, FL', '$110K' ), ( 803, 'Athi N', '1. Top priority', 'On-Site US', 'Toronto, Canada', '$110K' ), ( 804, 'Athi N', '1. Top priority', 'On-Site US', 'Toronto, Canada', '75K' );
/*!40000 ALTER TABLE `vtiger_potentialscf` ENABLE KEYS */;
UNLOCK TABLES;

--
-- Table structure for table vtiger_potstagehistory
--

DROP TABLE IF EXISTS vtiger_potstagehistory;
SET @saved_cs_client = @@character_set_client;
SET character_set_client = utf8;
CREATE TABLE `vtiger_potstagehistory` (
  `historyid` int(19) NOT NULL AUTO_INCREMENT,
  `potentialid` int(19) NOT NULL,
  `amount` decimal(10,0) DEFAULT NULL,
  `stage` varchar(100) DEFAULT NULL,
  `probability` decimal(7,3) DEFAULT NULL,
  `expectedrevenue` decimal(10,0) DEFAULT NULL,
  `closedate` date DEFAULT NULL,
  `lastmodified` datetime DEFAULT NULL,
  PRIMARY KEY (`historyid`),
  KEY `potstagehistory_potentialid_idx` (`potentialid`),
  CONSTRAINT `fk_1_vtiger_potstagehistory` FOREIGN KEY (`potentialid`) REFERENCES `vtiger_potential` (`potentialid`) ON DELETE CASCADE
) ENGINE=InnoDB AUTO_INCREMENT=103 DEFAULT CHARSET=utf8;
SET character_set_client = @saved_cs_client;

--
-- Dumping data for table vtiger_potstagehistory
--

LOCK TABLES `vtiger_potstagehistory` WRITE;
/*!40000 ALTER TABLE `vtiger_potstagehistory` DISABLE KEYS */;
INSERT INTO vtiger_potstagehistory ( HISTORYID, POTENTIALID, AMOUNT, STAGE, PROBABILITY, EXPECTEDREVENUE, CLOSEDATE, LASTMODIFIED ) VALUES ( 1, 14, 0, 'Prospecting', 0.000, 0, '2012-11-30', '2012-11-06 18:51:03' ), ( 2, 24, 0, 'Negotiation/Review', 90.000, 0, '2012-11-30', '2013-01-08 14:51:11' ), ( 3, 104, 0, 'Proposal/Price Quote', 0.000, 0, '2013-01-07', '2013-01-09 18:36:46' ), ( 4, 96, 0, 'Prospecting', 0.000, 0, '2013-01-18', '2013-02-19 17:25:23' ), ( 5, 102, 0, 'Sending Resumes', 0.000, 0, '2013-01-18', '2013-02-19 17:26:01' ), ( 6, 107, 800000, 'Prospecting', 10.000, 0, '2013-01-08', '2013-02-19 17:27:55' ), ( 7, 128, 0, 'Prospecting', 50.000, 0, '2013-02-08', '2013-02-19 17:29:30' ), ( 8, 114, 62000, 'Prospecting', 0.000, 0, '2013-01-15', '2013-02-20 17:11:08' ), ( 9, 151, 0, 'Sending Resumes', 0.000, 0, '0000-00-00', '2013-02-20 17:14:46' ), ( 10, 151, 0, 'Sending Resumes', 0.000, 0, '0000-00-00', '2013-02-20 17:14:46' ), ( 11, 149, 8000, 'Sending Resumes', 0.000, 0, '0000-00-00', '2013-02-20 17:15:11' ), ( 12, 149, 8000, 'Sending Resumes', 0.000, 0, '0000-00-00', '2013-02-20 17:15:11' ), ( 13, 151, 0, 'Sending Resumes', 0.000, 0, '0000-00-00', '2013-02-20 17:15:11' ), ( 14, 151, 0, 'Sending Resumes', 0.000, 0, '0000-00-00', '2013-02-20 17:15:11' ), ( 15, 109, 182000, 'Prospecting', 30.000, 0, '2013-01-08', '2013-02-22 15:12:56' ), ( 16, 114, 62000, 'Sending Resumes', 0.000, 0, '2013-01-15', '2013-02-22 21:51:35' ), ( 17, 106, 182000, 'Prospecting', 0.000, 0, '2013-01-31', '2013-02-26 14:25:45' ), ( 18, 146, 30000, 'Sending Resumes', 0.000, 0, '2013-02-20', '2013-03-20 14:01:10' ), ( 19, 156, 0, 'Prospecting', 0.000, 0, '2013-02-20', '2013-03-20 14:02:47' ), ( 20, 159, 0, 'Prospecting', 0.000, 0, '2013-02-20', '2013-03-20 14:03:03' ), ( 21, 159, 0, 'Sending Resumes', 0.000, 0, '2013-02-20', '2013-03-20 14:03:21' ), ( 22, 176, 134000, 'Sending Resumes', 50.000, 0, '2013-02-28', '2013-03-20 14:05:44' ), ( 23, 346, 0, 'Prospecting', 100.000, 0, '2013-03-08', '2013-04-01 16:13:21' ), ( 24, 161, 0, 'Prospecting', 0.000, 0, '2013-02-20', '2013-04-16 21:20:34' ), ( 25, 140, 0, 'Sending Resumes', 80.000, 0, '2013-02-19', '2013-04-16 21:22:53' ), ( 26, 141, 106150, 'Sending Resumes', 80.000, 0, '2013-02-28', '2013-04-16 21:23:10' ), ( 27, 111, 0, 'Negotiation/Review', 0.000, 0, '2013-01-31', '2013-04-16 21:25:26' ), ( 28, 173, 0, 'Prospecting', 0.000, 0, '2013-02-22', '2013-04-16 21:26:49' ), ( 29, 27, 20000, 'Sending Resumes', 30.000, 0, '2012-11-30', '2013-04-23 18:09:12' ), ( 30, 450, 0, 'Prospecting', 0.000, 0, '2013-04-16', '2013-04-23 18:15:46' ), ( 31, 450, 0, 'Closed Lost', 0.000, 0, '2013-04-16', '2013-04-23 18:15:57' ), ( 32, 450, 0, 'Sending Resumes', 0.000, 0, '0000-00-00', '2013-04-25 22:25:53' ), ( 33, 450, 0, 'Sending Resumes', 0.000, 0, '0000-00-00', '2013-04-25 22:25:53' ), ( 34, 14, 0, 'Sending Resumes', 15.000, 0, '0000-00-00', '2013-04-25 22:27:22' ), ( 35, 14, 0, 'Sending Resumes', 15.000, 0, '0000-00-00', '2013-04-25 22:27:22' ), ( 36, 149, 8000, 'Sending Resumes', 0.000, 0, '0000-00-00', '2013-04-25 22:27:22' ), ( 37, 149, 8000, 'Sending Resumes', 0.000, 0, '0000-00-00', '2013-04-25 22:27:22' ), ( 38, 450, 0, 'Sending Resumes', 0.000, 0, '0000-00-00', '2013-04-25 22:27:22' ), ( 39, 450, 0, 'Sending Resumes', 0.000, 0, '0000-00-00', '2013-04-25 22:27:22' ), ( 40, 151, 0, 'Sending Resumes', 0.000, 0, '0000-00-00', '2013-04-25 22:27:22' ), ( 41, 151, 0, 'Sending Resumes', 0.000, 0, '0000-00-00', '2013-04-25 22:27:22' ), ( 42, 151, 0, 'Sending Resumes', 0.000, 0, '2013-02-20', '2013-04-29 21:49:44' ), ( 43, 467, 0, 'Prospecting', 0.000, 0, '2013-04-25', '2013-05-08 18:10:41' ), ( 44, 14, 0, 'Sending Resumes', 15.000, 0, '2012-11-30', '2013-05-15 17:32:45' ), ( 45, 448, 0, 'Prospecting', 0.000, 0, '2013-04-16', '2013-05-15 17:34:47' ), ( 46, 452, 0, 'Prospecting', 0.000, 0, '2013-04-16', '2013-05-20 16:08:36' ), ( 47, 446, 180000, 'Prospecting', 0.000, 0, '0000-00-00', '2013-05-29 15:07:35' ), ( 48, 149, 8000, 'Sending Resumes', 0.000, 0, '0000-00-00', '2013-05-29 15:07:39' ), ( 49, 427, 0, 'Prospecting', 0.000, 0, '0000-00-00', '2013-05-29 15:07:40' ), ( 50, 471, 0, 'Prospecting', 100.000, 0, '0000-00-00', '2013-05-29 15:10:17' ), ( 51, 504, 0, 'Prospecting', 0.000, 0, '2013-05-23', '2013-05-29 15:37:06' ), ( 52, 473, 0, 'Prospecting', 0.000, 0, '2013-06-01', '2013-05-29 21:00:10' ), ( 53, 464, 0, 'Prospecting', 0.000, 0, '2013-04-23', '2013-06-03 16:09:45' ), ( 54, 487, 0, 'Prospecting', 100.000, 0, '2013-05-16', '2013-06-03 16:23:20' ), ( 55, 465, 0, 'Prospecting', 0.000, 0, '2013-04-25', '2013-06-17 10:55:14' ), ( 56, 591, 0, 'Prospecting', 0.000, 0, '2013-06-03', '2013-06-17 10:56:02' ), ( 57, 467, 0, 'Closed Lost', 0.000, 0, '2013-04-25', '2013-06-17 18:03:02' ), ( 58, 450, 0, 'Sending Resumes', 0.000, 0, '0000-00-00', '2013-06-21 14:37:20' ), ( 59, 450, 0, 'Sending Resumes', 0.000, 0, '0000-00-00', '2013-06-21 14:37:20' ), ( 60, 466, 0, 'Prospecting', 0.000, 0, '2013-04-25', '2013-06-26 13:10:03' ), ( 61, 468, 0, 'Prospecting', 0.000, 0, '2013-04-25', '2013-06-26 13:10:38' ), ( 62, 489, 0, 'Prospecting', 100.000, 0, '2013-05-16', '2013-06-26 13:16:26' ), ( 63, 577, 0, 'Prospecting', 0.000, 0, '2013-05-30', '2013-06-26 13:17:58' ), ( 64, 460, 0, 'Sending Resumes', 0.000, 0, '2013-04-23', '2013-06-26 13:21:10' ), ( 65, 462, 0, 'Prospecting', 0.000, 0, '2013-04-23', '2013-06-26 13:21:50' ), ( 66, 481, 0, 'Prospecting', 0.000, 0, '2013-05-14', '2013-06-26 14:28:26' ), ( 67, 603, 0, 'Prospecting', 0.000, 0, '2013-06-07', '2013-06-26 14:29:34' ), ( 68, 450, 0, 'Sending Resumes', 0.000, 0, '2013-04-16', '2013-06-26 14:30:36' ), ( 69, 600, 0, 'Prospecting', 0.000, 0, '2013-06-21', '2013-07-17 15:27:30' ), ( 70, 483, 0, 'Prospecting', 0.000, 0, '2013-05-14', '2013-07-17 15:48:11' ), ( 71, 698, 80, 'Prospecting', 0.000, 0, '2013-07-17', '2013-07-19 14:42:56' ), ( 72, 630, 0, 'Prospecting', 100.000, 0, '2013-06-18', '2013-07-19 14:53:20' ), ( 73, 467, 0, 'Prospecting', 0.000, 0, '0000-00-00', '2013-07-22 14:25:33' ), ( 74, 641, 0, 'Prospecting', 0.000, 0, '2013-06-21', '2013-07-25 19:56:30' ), ( 75, 601, 0, 'Prospecting', 0.000, 0, '2013-06-14', '2013-07-26 14:26:12' ), ( 76, 631, 0, 'Prospecting', 100.000, 0, '2013-06-18', '2013-07-26 18:51:28' ), ( 77, 602, 0, 'Prospecting', 0.000, 0, '2013-06-07', '2013-07-26 21:45:07' ), ( 78, 724, 0, 'Prospecting', 100.000, 0, '2013-08-05', '2013-08-05 15:01:46' ), ( 79, 725, 0, 'Prospecting', 100.000, 0, '2013-08-05', '2013-08-05 15:04:21' ), ( 80, 727, 0, 'Prospecting', 100.000, 0, '2013-08-06', '2013-08-15 15:25:58' ), ( 81, 694, 75, 'Prospecting', 0.000, 0, '2013-07-17', '2013-08-15 15:26:22' ), ( 82, 692, 0, 'Prospecting', 0.000, 0, '2013-06-07', '2013-08-15 15:28:37' ), ( 83, 701, 0, 'Prospecting', 100.000, 0, '2013-07-17', '2013-08-19 13:47:19' ), ( 84, 717, 0, 'Prospecting', 100.000, 0, '2013-07-25', '2013-08-19 13:47:42' ), ( 85, 722, 0, 'Prospecting', 100.000, 0, '2013-07-26', '2013-08-19 13:47:59' ), ( 86, 720, 0, 'Prospecting', 100.000, 0, '2013-07-26', '2013-08-23 21:15:09' ), ( 87, 642, 0, 'Prospecting', 100.000, 0, '2013-06-26', '2013-08-23 21:17:11' ), ( 88, 629, 0, 'Prospecting', 100.000, 0, '2013-06-18', '2013-08-23 21:41:07' ), ( 89, 719, 0, 'Prospecting', 100.000, 0, '2013-07-26', '2013-08-30 11:26:10' ), ( 90, 721, 0, 'Prospecting', 100.000, 0, '2013-07-26', '2013-08-30 11:26:33' ), ( 91, 705, 0, 'Prospecting', 100.000, 0, '0000-00-00', '2013-11-27 15:22:10' ), ( 92, 741, 0, 'Sending Resumes', 0.000, 0, '0000-00-00', '2013-11-27 15:22:10' ), ( 93, 739, 0, 'Prospecting', 100.000, 0, '0000-00-00', '2013-11-27 15:22:10' ), ( 94, 718, 0, 'Prospecting', 100.000, 0, '0000-00-00', '2013-11-27 15:22:10' ), ( 95, 765, 0, 'Prospecting', 0.000, 0, '2013-11-27', '2013-12-12 15:38:35' ), ( 96, 763, 0, 'Prospecting', 0.000, 0, '2013-11-27', '2013-12-16 19:41:17' ), ( 97, 764, 0, 'Prospecting', 0.000, 0, '2013-11-27', '2014-01-21 14:30:52' ), ( 98, 762, 0, 'Prospecting', 0.000, 0, '0000-00-00', '2014-02-04 16:14:52' ), ( 99, 796, 0, 'Prospecting', 100.000, 0, '0000-00-00', '2014-02-04 16:14:52' ), ( 100, 797, 0, 'Prospecting', 100.000, 0, '0000-00-00', '2014-02-04 16:14:52' ), ( 101, 485, 0, 'Prospecting', 0.000, 0, '0000-00-00', '2014-02-04 16:16:35' ), ( 102, 459, 0, 'Prospecting', 0.000, 0, '0000-00-00', '2014-02-04 16:16:35' );
/*!40000 ALTER TABLE `vtiger_potstagehistory` ENABLE KEYS */;
UNLOCK TABLES;

--
-- Table structure for table vtiger_pricebook
--

DROP TABLE IF EXISTS vtiger_pricebook;
SET @saved_cs_client = @@character_set_client;
SET character_set_client = utf8;
CREATE TABLE `vtiger_pricebook` (
  `pricebookid` int(19) NOT NULL DEFAULT '0',
  `pricebook_no` varchar(100) NOT NULL,
  `bookname` varchar(100) DEFAULT NULL,
  `active` int(1) DEFAULT NULL,
  `currency_id` int(19) NOT NULL DEFAULT '1',
  PRIMARY KEY (`pricebookid`),
  CONSTRAINT `fk_1_vtiger_pricebook` FOREIGN KEY (`pricebookid`) REFERENCES `vtiger_crmentity` (`crmid`) ON DELETE CASCADE
) ENGINE=InnoDB DEFAULT CHARSET=utf8;
SET character_set_client = @saved_cs_client;

--
-- Dumping data for table vtiger_pricebook
--

LOCK TABLES `vtiger_pricebook` WRITE;
/*!40000 ALTER TABLE `vtiger_pricebook` DISABLE KEYS */;

/*!40000 ALTER TABLE `vtiger_pricebook` ENABLE KEYS */;
UNLOCK TABLES;

--
-- Table structure for table vtiger_pricebookcf
--

DROP TABLE IF EXISTS vtiger_pricebookcf;
SET @saved_cs_client = @@character_set_client;
SET character_set_client = utf8;
CREATE TABLE `vtiger_pricebookcf` (
  `pricebookid` int(19) NOT NULL DEFAULT '0',
  PRIMARY KEY (`pricebookid`),
  CONSTRAINT `fk_1_vtiger_pricebookcf` FOREIGN KEY (`pricebookid`) REFERENCES `vtiger_pricebook` (`pricebookid`) ON DELETE CASCADE
) ENGINE=InnoDB DEFAULT CHARSET=utf8;
SET character_set_client = @saved_cs_client;

--
-- Dumping data for table vtiger_pricebookcf
--

LOCK TABLES `vtiger_pricebookcf` WRITE;
/*!40000 ALTER TABLE `vtiger_pricebookcf` DISABLE KEYS */;

/*!40000 ALTER TABLE `vtiger_pricebookcf` ENABLE KEYS */;
UNLOCK TABLES;

--
-- Table structure for table vtiger_pricebookproductrel
--

DROP TABLE IF EXISTS vtiger_pricebookproductrel;
SET @saved_cs_client = @@character_set_client;
SET character_set_client = utf8;
CREATE TABLE `vtiger_pricebookproductrel` (
  `pricebookid` int(19) NOT NULL,
  `productid` int(19) NOT NULL,
  `listprice` decimal(25,3) DEFAULT NULL,
  `usedcurrency` int(11) NOT NULL DEFAULT '1',
  PRIMARY KEY (`pricebookid`,`productid`),
  KEY `pricebookproductrel_pricebookid_idx` (`pricebookid`),
  KEY `pricebookproductrel_productid_idx` (`productid`),
  CONSTRAINT `fk_1_vtiger_pricebookproductrel` FOREIGN KEY (`pricebookid`) REFERENCES `vtiger_pricebook` (`pricebookid`) ON DELETE CASCADE
) ENGINE=InnoDB DEFAULT CHARSET=utf8;
SET character_set_client = @saved_cs_client;

--
-- Dumping data for table vtiger_pricebookproductrel
--

LOCK TABLES `vtiger_pricebookproductrel` WRITE;
/*!40000 ALTER TABLE `vtiger_pricebookproductrel` DISABLE KEYS */;

/*!40000 ALTER TABLE `vtiger_pricebookproductrel` ENABLE KEYS */;
UNLOCK TABLES;

--
-- Table structure for table vtiger_priority
--

DROP TABLE IF EXISTS vtiger_priority;
SET @saved_cs_client = @@character_set_client;
SET character_set_client = utf8;
CREATE TABLE `vtiger_priority` (
  `priorityid` int(19) NOT NULL AUTO_INCREMENT,
  `priority` varchar(200) NOT NULL,
  `sortorderid` int(19) NOT NULL DEFAULT '0',
  `presence` int(1) NOT NULL DEFAULT '1',
  PRIMARY KEY (`priorityid`),
  UNIQUE KEY `priority_priority_idx` (`priority`)
) ENGINE=InnoDB DEFAULT CHARSET=utf8;
SET character_set_client = @saved_cs_client;

--
-- Dumping data for table vtiger_priority
--

LOCK TABLES `vtiger_priority` WRITE;
/*!40000 ALTER TABLE `vtiger_priority` DISABLE KEYS */;

/*!40000 ALTER TABLE `vtiger_priority` ENABLE KEYS */;
UNLOCK TABLES;

--
-- Table structure for table vtiger_productcategory
--

DROP TABLE IF EXISTS vtiger_productcategory;
SET @saved_cs_client = @@character_set_client;
SET character_set_client = utf8;
CREATE TABLE `vtiger_productcategory` (
  `productcategoryid` int(19) NOT NULL AUTO_INCREMENT,
  `productcategory` varchar(200) NOT NULL,
  `presence` int(1) NOT NULL DEFAULT '1',
  `picklist_valueid` int(19) NOT NULL DEFAULT '0',
  PRIMARY KEY (`productcategoryid`),
  UNIQUE KEY `productcategory_productcategory_idx` (`productcategory`)
) ENGINE=InnoDB AUTO_INCREMENT=5 DEFAULT CHARSET=utf8;
SET character_set_client = @saved_cs_client;

--
-- Dumping data for table vtiger_productcategory
--

LOCK TABLES `vtiger_productcategory` WRITE;
/*!40000 ALTER TABLE `vtiger_productcategory` DISABLE KEYS */;
INSERT INTO vtiger_productcategory ( PRODUCTCATEGORYID, PRODUCTCATEGORY, PRESENCE, PICKLIST_VALUEID ) VALUES ( 1, '--None--', 1, 135 ), ( 2, 'Hardware', 1, 136 ), ( 3, 'Software', 1, 137 ), ( 4, 'CRM Applications', 1, 138 );
/*!40000 ALTER TABLE `vtiger_productcategory` ENABLE KEYS */;
UNLOCK TABLES;

--
-- Table structure for table vtiger_productcategory_seq
--

DROP TABLE IF EXISTS vtiger_productcategory_seq;
SET @saved_cs_client = @@character_set_client;
SET character_set_client = utf8;
CREATE TABLE `vtiger_productcategory_seq` (
  `id` int(11) NOT NULL
) ENGINE=MyISAM DEFAULT CHARSET=utf8;
SET character_set_client = @saved_cs_client;

--
-- Dumping data for table vtiger_productcategory_seq
--

LOCK TABLES `vtiger_productcategory_seq` WRITE;
/*!40000 ALTER TABLE `vtiger_productcategory_seq` DISABLE KEYS */;
INSERT INTO vtiger_productcategory_seq ( ID ) VALUES ( 4 );
/*!40000 ALTER TABLE `vtiger_productcategory_seq` ENABLE KEYS */;
UNLOCK TABLES;

--
-- Table structure for table vtiger_productcf
--

DROP TABLE IF EXISTS vtiger_productcf;
SET @saved_cs_client = @@character_set_client;
SET character_set_client = utf8;
CREATE TABLE `vtiger_productcf` (
  `productid` int(19) NOT NULL DEFAULT '0',
  PRIMARY KEY (`productid`),
  CONSTRAINT `fk_1_vtiger_productcf` FOREIGN KEY (`productid`) REFERENCES `vtiger_products` (`productid`) ON DELETE CASCADE
) ENGINE=InnoDB DEFAULT CHARSET=utf8;
SET character_set_client = @saved_cs_client;

--
-- Dumping data for table vtiger_productcf
--

LOCK TABLES `vtiger_productcf` WRITE;
/*!40000 ALTER TABLE `vtiger_productcf` DISABLE KEYS */;

/*!40000 ALTER TABLE `vtiger_productcf` ENABLE KEYS */;
UNLOCK TABLES;

--
-- Table structure for table vtiger_productcollaterals
--

DROP TABLE IF EXISTS vtiger_productcollaterals;
SET @saved_cs_client = @@character_set_client;
SET character_set_client = utf8;
CREATE TABLE `vtiger_productcollaterals` (
  `productid` int(11) NOT NULL,
  `date_entered` timestamp NOT NULL DEFAULT CURRENT_TIMESTAMP ON UPDATE CURRENT_TIMESTAMP,
  `data` longblob,
  `description` text,
  `filename` varchar(50) DEFAULT NULL,
  `filesize` varchar(50) NOT NULL,
  `filetype` varchar(20) NOT NULL,
  PRIMARY KEY (`productid`),
  KEY `productcollaterals_productid_filename_idx` (`productid`,`filename`),
  CONSTRAINT `fk_1_vtiger_productcollaterals` FOREIGN KEY (`productid`) REFERENCES `vtiger_products` (`productid`) ON DELETE CASCADE
) ENGINE=InnoDB DEFAULT CHARSET=utf8;
SET character_set_client = @saved_cs_client;

--
-- Dumping data for table vtiger_productcollaterals
--

LOCK TABLES `vtiger_productcollaterals` WRITE;
/*!40000 ALTER TABLE `vtiger_productcollaterals` DISABLE KEYS */;

/*!40000 ALTER TABLE `vtiger_productcollaterals` ENABLE KEYS */;
UNLOCK TABLES;

--
-- Table structure for table vtiger_productcurrencyrel
--

DROP TABLE IF EXISTS vtiger_productcurrencyrel;
SET @saved_cs_client = @@character_set_client;
SET character_set_client = utf8;
CREATE TABLE `vtiger_productcurrencyrel` (
  `productid` int(11) NOT NULL,
  `currencyid` int(11) NOT NULL,
  `converted_price` decimal(25,2) DEFAULT NULL,
  `actual_price` decimal(25,2) DEFAULT NULL
) ENGINE=InnoDB DEFAULT CHARSET=utf8;
SET character_set_client = @saved_cs_client;

--
-- Dumping data for table vtiger_productcurrencyrel
--

LOCK TABLES `vtiger_productcurrencyrel` WRITE;
/*!40000 ALTER TABLE `vtiger_productcurrencyrel` DISABLE KEYS */;

/*!40000 ALTER TABLE `vtiger_productcurrencyrel` ENABLE KEYS */;
UNLOCK TABLES;

--
-- Table structure for table vtiger_products
--

DROP TABLE IF EXISTS vtiger_products;
SET @saved_cs_client = @@character_set_client;
SET character_set_client = utf8;
CREATE TABLE `vtiger_products` (
  `productid` int(11) NOT NULL,
  `product_no` varchar(100) NOT NULL,
  `productname` varchar(50) NOT NULL,
  `productcode` varchar(40) DEFAULT NULL,
  `productcategory` varchar(200) DEFAULT NULL,
  `manufacturer` varchar(200) DEFAULT NULL,
  `qty_per_unit` decimal(11,2) DEFAULT '0.00',
  `unit_price` decimal(25,2) DEFAULT NULL,
  `weight` decimal(11,3) DEFAULT NULL,
  `pack_size` int(11) DEFAULT NULL,
  `sales_start_date` date DEFAULT NULL,
  `sales_end_date` date DEFAULT NULL,
  `start_date` date DEFAULT NULL,
  `expiry_date` date DEFAULT NULL,
  `cost_factor` int(11) DEFAULT NULL,
  `commissionrate` decimal(7,3) DEFAULT NULL,
  `commissionmethod` varchar(50) DEFAULT NULL,
  `discontinued` int(1) NOT NULL DEFAULT '0',
  `usageunit` varchar(200) DEFAULT NULL,
  `reorderlevel` int(11) DEFAULT NULL,
  `website` varchar(100) DEFAULT NULL,
  `taxclass` varchar(200) DEFAULT NULL,
  `mfr_part_no` varchar(200) DEFAULT NULL,
  `vendor_part_no` varchar(200) DEFAULT NULL,
  `serialno` varchar(200) DEFAULT NULL,
  `qtyinstock` decimal(25,3) DEFAULT NULL,
  `productsheet` varchar(200) DEFAULT NULL,
  `qtyindemand` int(11) DEFAULT NULL,
  `glacct` varchar(200) DEFAULT NULL,
  `vendor_id` int(11) DEFAULT NULL,
  `imagename` text,
  `currency_id` int(19) NOT NULL DEFAULT '1',
  PRIMARY KEY (`productid`),
  CONSTRAINT `fk_1_vtiger_products` FOREIGN KEY (`productid`) REFERENCES `vtiger_crmentity` (`crmid`) ON DELETE CASCADE
) ENGINE=InnoDB DEFAULT CHARSET=utf8;
SET character_set_client = @saved_cs_client;

--
-- Dumping data for table vtiger_products
--

LOCK TABLES `vtiger_products` WRITE;
/*!40000 ALTER TABLE `vtiger_products` DISABLE KEYS */;

/*!40000 ALTER TABLE `vtiger_products` ENABLE KEYS */;
UNLOCK TABLES;

--
-- Table structure for table vtiger_producttaxrel
--

DROP TABLE IF EXISTS vtiger_producttaxrel;
SET @saved_cs_client = @@character_set_client;
SET character_set_client = utf8;
CREATE TABLE `vtiger_producttaxrel` (
  `productid` int(11) NOT NULL,
  `taxid` int(3) NOT NULL,
  `taxpercentage` decimal(7,3) DEFAULT NULL,
  KEY `producttaxrel_productid_idx` (`productid`),
  KEY `producttaxrel_taxid_idx` (`taxid`)
) ENGINE=InnoDB DEFAULT CHARSET=utf8;
SET character_set_client = @saved_cs_client;

--
-- Dumping data for table vtiger_producttaxrel
--

LOCK TABLES `vtiger_producttaxrel` WRITE;
/*!40000 ALTER TABLE `vtiger_producttaxrel` DISABLE KEYS */;

/*!40000 ALTER TABLE `vtiger_producttaxrel` ENABLE KEYS */;
UNLOCK TABLES;

--
-- Table structure for table vtiger_profile
--

DROP TABLE IF EXISTS vtiger_profile;
SET @saved_cs_client = @@character_set_client;
SET character_set_client = utf8;
CREATE TABLE `vtiger_profile` (
  `profileid` int(10) NOT NULL AUTO_INCREMENT,
  `profilename` varchar(50) NOT NULL,
  `description` text,
  PRIMARY KEY (`profileid`)
) ENGINE=InnoDB AUTO_INCREMENT=7 DEFAULT CHARSET=utf8;
SET character_set_client = @saved_cs_client;

--
-- Dumping data for table vtiger_profile
--

LOCK TABLES `vtiger_profile` WRITE;
/*!40000 ALTER TABLE `vtiger_profile` DISABLE KEYS */;
INSERT INTO vtiger_profile ( PROFILEID, PROFILENAME, DESCRIPTION ) VALUES ( 1, 'Administrator', 'Admin Profile' ), ( 2, 'Sales Profile', 'Profile Related to Sales' ), ( 3, 'Support Profile', 'Profile Related to Support' ), ( 4, 'Guest Profile', 'Guest Profile for Test Users' ), ( 5, 'Marketing', 'Lead generation' ), ( 6, 'Staffing Partners', '' );
/*!40000 ALTER TABLE `vtiger_profile` ENABLE KEYS */;
UNLOCK TABLES;

--
-- Table structure for table vtiger_profile2field
--

DROP TABLE IF EXISTS vtiger_profile2field;
SET @saved_cs_client = @@character_set_client;
SET character_set_client = utf8;
CREATE TABLE `vtiger_profile2field` (
  `profileid` int(11) NOT NULL,
  `tabid` int(10) DEFAULT NULL,
  `fieldid` int(19) NOT NULL,
  `visible` int(19) DEFAULT NULL,
  `readonly` int(19) DEFAULT NULL,
  PRIMARY KEY (`profileid`,`fieldid`),
  KEY `profile2field_profileid_tabid_fieldname_idx` (`profileid`,`tabid`),
  KEY `profile2field_tabid_profileid_idx` (`tabid`,`profileid`),
  KEY `profile2field_visible_profileid_idx` (`visible`,`profileid`)
) ENGINE=InnoDB DEFAULT CHARSET=utf8;
SET character_set_client = @saved_cs_client;

--
-- Dumping data for table vtiger_profile2field
--

LOCK TABLES `vtiger_profile2field` WRITE;
/*!40000 ALTER TABLE `vtiger_profile2field` DISABLE KEYS */;
INSERT INTO vtiger_profile2field ( PROFILEID, TABID, FIELDID, VISIBLE, READONLY ) VALUES ( 1, 6, 1, 0, 0 ), ( 1, 6, 2, 0, 0 ), ( 1, 6, 3, 0, 0 ), ( 1, 6, 4, 0, 0 ), ( 1, 6, 5, 0, 0 ), ( 1, 6, 6, 0, 0 ), ( 1, 6, 7, 0, 0 ), ( 1, 6, 8, 0, 0 ), ( 1, 6, 9, 0, 0 ), ( 1, 6, 10, 0, 0 ), ( 1, 6, 11, 0, 0 ), ( 1, 6, 12, 0, 0 ), ( 1, 6, 13, 0, 0 ), ( 1, 6, 14, 0, 0 ), ( 1, 6, 15, 0, 0 ), ( 1, 6, 16, 0, 0 ), ( 1, 6, 17, 0, 0 ), ( 1, 6, 18, 0, 0 ), ( 1, 6, 19, 0, 0 ), ( 1, 6, 20, 0, 0 ), ( 1, 6, 21, 0, 0 ), ( 1, 6, 22, 0, 0 ), ( 1, 6, 23, 0, 0 ), ( 1, 6, 24, 0, 0 ), ( 1, 6, 25, 0, 0 ), ( 1, 6, 26, 0, 0 ), ( 1, 6, 27, 0, 0 ), ( 1, 6, 28, 0, 0 ), ( 1, 6, 29, 0, 0 ), ( 1, 6, 30, 0, 0 ), ( 1, 6, 31, 0, 0 ), ( 1, 6, 32, 0, 0 ), ( 1, 6, 33, 0, 0 ), ( 1, 6, 34, 0, 0 ), ( 1, 6, 35, 0, 0 ), ( 1, 6, 36, 0, 0 ), ( 1, 7, 37, 0, 0 ), ( 1, 7, 38, 0, 0 ), ( 1, 7, 39, 0, 0 ), ( 1, 7, 40, 0, 0 ), ( 1, 7, 41, 0, 0 ), ( 1, 7, 42, 0, 0 ), ( 1, 7, 43, 0, 0 ), ( 1, 7, 44, 0, 0 ), ( 1, 7, 45, 0, 0 ), ( 1, 7, 46, 0, 0 ), ( 1, 7, 47, 0, 0 ), ( 1, 7, 48, 0, 0 ), ( 1, 7, 49, 0, 0 ), ( 1, 7, 50, 0, 0 ), ( 1, 7, 51, 0, 0 ), ( 1, 7, 52, 0, 0 ), ( 1, 7, 53, 0, 0 ), ( 1, 7, 54, 0, 0 ), ( 1, 7, 55, 0, 0 ), ( 1, 7, 56, 0, 0 ), ( 1, 7, 57, 0, 0 ), ( 1, 7, 58, 0, 0 ), ( 1, 7, 59, 0, 0 ), ( 1, 7, 60, 0, 0 ), ( 1, 7, 61, 0, 0 ), ( 1, 7, 62, 0, 0 ), ( 1, 7, 63, 0, 0 ), ( 1, 7, 64, 0, 0 ), ( 1, 7, 65, 0, 0 ), ( 1, 4, 66, 0, 0 ), ( 1, 4, 67, 0, 0 ), ( 1, 4, 68, 0, 0 ), ( 1, 4, 69, 0, 0 ), ( 1, 4, 70, 0, 0 ), ( 1, 4, 71, 0, 0 ), ( 1, 4, 72, 0, 0 ), ( 1, 4, 73, 0, 0 ), ( 1, 4, 74, 0, 0 ), ( 1, 4, 75, 0, 0 ), ( 1, 4, 76, 0, 0 ), ( 1, 4, 77, 0, 0 ), ( 1, 4, 78, 0, 0 ), ( 1, 4, 79, 0, 0 ), ( 1, 4, 80, 0, 0 ), ( 1, 4, 81, 0, 0 ), ( 1, 4, 82, 0, 0 ), ( 1, 4, 83, 0, 0 ), ( 1, 4, 84, 0, 0 ), ( 1, 4, 85, 0, 0 ), ( 1, 4, 86, 0, 0 ), ( 1, 4, 87, 0, 0 ), ( 1, 4, 88, 0, 0 ), ( 1, 4, 89, 0, 0 ), ( 1, 4, 90, 0, 0 ), ( 1, 4, 91, 0, 0 ), ( 1, 4, 92, 0, 0 ), ( 1, 4, 93, 0, 0 ), ( 1, 4, 94, 0, 0 ), ( 1, 4, 95, 0, 0 ), ( 1, 4, 96, 0, 0 ), ( 1, 4, 97, 0, 0 ), ( 1, 4, 98, 0, 0 ), ( 1, 4, 99, 0, 0 ), ( 1, 4, 100, 0, 0 ), ( 1, 4, 101, 0, 0 ), ( 1, 4, 102, 0, 0 ), ( 1, 4, 103, 0, 0 ), ( 1, 4, 104, 0, 0 ), ( 1, 4, 105, 0, 0 ), ( 1, 4, 106, 0, 0 ), ( 1, 4, 107, 0, 0 ), ( 1, 4, 108, 0, 0 ), ( 1, 4, 109, 0, 0 ), ( 1, 2, 110, 0, 0 ), ( 1, 2, 111, 0, 0 ), ( 1, 2, 112, 0, 0 ), ( 1, 2, 113, 0, 0 ), ( 1, 2, 114, 0, 0 ), ( 1, 2, 115, 0, 0 ), ( 1, 2, 116, 0, 0 ), ( 1, 2, 117, 0, 0 ), ( 1, 2, 118, 0, 0 ), ( 1, 2, 119, 0, 0 ), ( 1, 2, 120, 0, 0 ), ( 1, 2, 121, 0, 0 ), ( 1, 2, 122, 0, 0 ), ( 1, 2, 123, 0, 0 ), ( 1, 2, 124, 0, 0 ), ( 1, 2, 125, 0, 0 ), ( 1, 26, 126, 0, 0 ), ( 1, 26, 127, 0, 0 ), ( 1, 26, 128, 0, 0 ), ( 1, 26, 129, 0, 0 ), ( 1, 26, 130, 0, 0 ), ( 1, 26, 131, 0, 0 ), ( 1, 26, 132, 0, 0 ), ( 1, 26, 133, 0, 0 ), ( 1, 26, 134, 0, 0 ), ( 1, 26, 135, 0, 0 ), ( 1, 26, 136, 0, 0 ), ( 1, 26, 137, 0, 0 ), ( 1, 26, 138, 0, 0 ), ( 1, 26, 139, 0, 0 ), ( 1, 26, 140, 0, 0 ), ( 1, 26, 141, 0, 0 ), ( 1, 26, 142, 0, 0 ), ( 1, 26, 143, 0, 0 ), ( 1, 26, 144, 0, 0 ), ( 1, 26, 145, 0, 0 ), ( 1, 26, 146, 0, 0 ), ( 1, 26, 147, 0, 0 ), ( 1, 26, 148, 0, 0 ), ( 1, 26, 149, 0, 0 ), ( 1, 26, 150, 0, 0 ), ( 1, 4, 151, 0, 0 ), ( 1, 6, 152, 0, 0 ), ( 1, 7, 153, 0, 0 ), ( 1, 26, 154, 0, 0 ), ( 1, 13, 155, 0, 0 ), ( 1, 13, 156, 0, 0 ), ( 1, 13, 157, 0, 0 ), ( 1, 13, 158, 0, 0 ), ( 1, 13, 159, 0, 0 ), ( 1, 13, 160, 0, 0 ), ( 1, 13, 161, 0, 0 ), ( 1, 13, 162, 0, 0 ), ( 1, 13, 163, 0, 0 ), ( 1, 13, 164, 0, 0 ), ( 1, 13, 165, 0, 0 ), ( 1, 13, 166, 0, 0 ), ( 1, 13, 167, 0, 0 ), ( 1, 13, 168, 0, 0 ), ( 1, 13, 169, 0, 0 ), ( 1, 13, 170, 0, 0 ), ( 1, 13, 171, 0, 0 ), ( 1, 13, 172, 0, 0 ), ( 1, 13, 173, 0, 0 ), ( 1, 14, 174, 0, 0 ), ( 1, 14, 175, 0, 0 ), ( 1, 14, 176, 0, 0 ), ( 1, 14, 177, 0, 0 ), ( 1, 14, 178, 0, 0 ), ( 1, 14, 179, 0, 0 ), ( 1, 14, 180, 0, 0 ), ( 1, 14, 181, 0, 0 ), ( 1, 14, 182, 0, 0 ), ( 1, 14, 183, 0, 0 ), ( 1, 14, 184, 0, 0 ), ( 1, 14, 185, 0, 0 ), ( 1, 14, 186, 0, 0 ), ( 1, 14, 187, 0, 0 ), ( 1, 14, 188, 0, 0 ), ( 1, 14, 189, 0, 0 ), ( 1, 14, 190, 0, 0 ), ( 1, 14, 191, 0, 0 ), ( 1, 14, 192, 0, 0 ), ( 1, 14, 193, 0, 0 ), ( 1, 14, 194, 0, 0 ), ( 1, 14, 195, 0, 0 ), ( 1, 14, 196, 0, 0 ), ( 1, 14, 197, 0, 0 ), ( 1, 14, 198, 0, 0 ), ( 1, 14, 199, 0, 0 ), ( 1, 14, 200, 0, 0 ), ( 1, 14, 201, 0, 0 ), ( 1, 14, 202, 0, 0 ), ( 1, 14, 203, 0, 0 ), ( 1, 14, 204, 0, 0 ), ( 1, 8, 205, 0, 0 ), ( 1, 8, 206, 0, 0 ), ( 1, 8, 207, 0, 0 ), ( 1, 8, 208, 0, 0 ), ( 1, 8, 209, 0, 0 ), ( 1, 8, 210, 0, 0 ), ( 1, 8, 211, 0, 0 ), ( 1, 8, 212, 0, 0 ), ( 1, 8, 213, 0, 0 ), ( 1, 8, 214, 0, 0 ), ( 1, 8, 215, 0, 0 ), ( 1, 8, 216, 0, 0 ), ( 1, 8, 217, 0, 0 ), ( 1, 8, 218, 0, 0 ), ( 1, 8, 219, 0, 0 ), ( 1, 10, 220, 0, 0 ), ( 1, 10, 221, 0, 0 ), ( 1, 10, 222, 0, 0 ), ( 1, 10, 223, 0, 0 ), ( 1, 10, 224, 0, 0 ), ( 1, 10, 225, 0, 0 ), ( 1, 10, 226, 0, 0 ), ( 1, 10, 227, 0, 0 ), ( 1, 10, 228, 0, 0 ), ( 1, 10, 229, 0, 0 ), ( 1, 10, 230, 0, 0 ), ( 1, 10, 231, 0, 0 ), ( 1, 9, 232, 0, 0 ), ( 1, 9, 233, 0, 0 ), ( 1, 9, 234, 0, 0 ), ( 1, 9, 235, 0, 0 ), ( 1, 9, 236, 0, 0 ), ( 1, 9, 237, 0, 0 ), ( 1, 9, 238, 0, 0 ), ( 1, 9, 239, 0, 0 ), ( 1, 9, 240, 0, 0 ), ( 1, 9, 241, 0, 0 ), ( 1, 9, 242, 0, 0 ), ( 1, 9, 243, 0, 0 ), ( 1, 9, 244, 0, 0 ), ( 1, 9, 245, 0, 0 ), ( 1, 9, 246, 0, 0 ), ( 1, 9, 247, 0, 0 ), ( 1, 9, 248, 0, 0 ), ( 1, 9, 249, 0, 0 ), ( 1, 9, 250, 0, 0 ), ( 1, 9, 251, 0, 0 ), ( 1, 9, 252, 0, 0 ), ( 1, 9, 253, 0, 0 ), ( 1, 9, 254, 0, 0 ), ( 1, 9, 255, 0, 0 ), ( 1, 16, 256, 0, 0 ), ( 1, 16, 257, 0, 0 ), ( 1, 16, 258, 0, 0 ), ( 1, 16, 259, 0, 0 ), ( 1, 16, 260, 0, 0 ), ( 1, 16, 261, 0, 0 ), ( 1, 16, 262, 0, 0 ), ( 1, 16, 263, 0, 0 ), ( 1, 16, 264, 0, 0 ), ( 1, 16, 265, 0, 0 ), ( 1, 16, 266, 0, 0 ), ( 1, 16, 267, 0, 0 ), ( 1, 16, 268, 0, 0 ), ( 1, 16, 269, 0, 0 ), ( 1, 16, 270, 0, 0 ), ( 1, 16, 271, 0, 0 ), ( 1, 16, 272, 0, 0 ), ( 1, 16, 273, 0, 0 ), ( 1, 16, 274, 0, 0 ), ( 1, 16, 275, 0, 0 ), ( 1, 16, 276, 0, 0 ), ( 1, 16, 277, 0, 0 ), ( 1, 16, 278, 0, 0 ), ( 1, 15, 279, 0, 0 ), ( 1, 15, 280, 0, 0 ), ( 1, 15, 281, 0, 0 ), ( 1, 15, 282, 0, 0 ), ( 1, 15, 283, 0, 0 ), ( 1, 15, 284, 0, 0 ), ( 1, 15, 285, 0, 0 ), ( 1, 15, 286, 0, 0 ), ( 1, 15, 287, 0, 0 ), ( 1, 15, 288, 0, 0 ), ( 1, 18, 289, 0, 0 ), ( 1, 18, 290, 0, 0 ), ( 1, 18, 291, 0, 0 ), ( 1, 18, 292, 0, 0 ), ( 1, 18, 293, 0, 0 ), ( 1, 18, 294, 0, 0 ), ( 1, 18, 295, 0, 0 ), ( 1, 18, 296, 0, 0 ), ( 1, 18, 297, 0, 0 ), ( 1, 18, 298, 0, 0 ), ( 1, 18, 299, 0, 0 ), ( 1, 18, 300, 0, 0 ), ( 1, 18, 301, 0, 0 ), ( 1, 18, 302, 0, 0 ), ( 1, 18, 303, 0, 0 ), ( 1, 18, 304, 0, 0 ), ( 1, 18, 305, 0, 0 ), ( 1, 19, 306, 0, 0 ), ( 1, 19, 307, 0, 0 ), ( 1, 19, 308, 0, 0 ), ( 1, 19, 309, 0, 0 ), ( 1, 19, 310, 0, 0 ), ( 1, 19, 311, 0, 0 ), ( 1, 19, 312, 0, 0 ), ( 1, 19, 313, 0, 0 ), ( 1, 20, 314, 0, 0 ), ( 1, 20, 315, 0, 0 ), ( 1, 20, 316, 0, 0 ), ( 1, 20, 317, 0, 0 ), ( 1, 20, 318, 0, 0 ), ( 1, 20, 319, 0, 0 ), ( 1, 20, 320, 0, 0 ), ( 1, 20, 321, 0, 0 ), ( 1, 20, 322, 0, 0 ), ( 1, 20, 323, 0, 0 ), ( 1, 20, 324, 0, 0 ), ( 1, 20, 325, 0, 0 ), ( 1, 20, 326, 0, 0 ), ( 1, 20, 327, 0, 0 ), ( 1, 20, 328, 0, 0 ), ( 1, 20, 329, 0, 0 ), ( 1, 20, 330, 0, 0 ), ( 1, 20, 331, 0, 0 ), ( 1, 20, 332, 0, 0 ), ( 1, 20, 333, 0, 0 ), ( 1, 20, 334, 0, 0 ), ( 1, 20, 335, 0, 0 ), ( 1, 20, 336, 0, 0 ), ( 1, 20, 337, 0, 0 ), ( 1, 20, 338, 0, 0 ), ( 1, 20, 339, 0, 0 ), ( 1, 20, 340, 0, 0 ), ( 1, 20, 341, 0, 0 ), ( 1, 20, 342, 0, 0 ), ( 1, 20, 343, 0, 0 ), ( 1, 20, 344, 0, 0 ), ( 1, 20, 345, 0, 0 ), ( 1, 20, 346, 0, 0 ), ( 1, 20, 347, 0, 0 ), ( 1, 20, 348, 0, 0 ), ( 1, 20, 349, 0, 0 ), ( 1, 20, 350, 0, 0 ), ( 1, 21, 351, 0, 0 ), ( 1, 21, 352, 0, 0 ), ( 1, 21, 353, 0, 0 ), ( 1, 21, 354, 0, 0 ), ( 1, 21, 355, 0, 0 ), ( 1, 21, 356, 0, 0 ), ( 1, 21, 357, 0, 0 ), ( 1, 21, 358, 0, 0 ), ( 1, 21, 359, 0, 0 ), ( 1, 21, 360, 0, 0 ), ( 1, 21, 361, 0, 0 ), ( 1, 21, 362, 0, 0 ), ( 1, 21, 363, 0, 0 ), ( 1, 21, 364, 0, 0 ), ( 1, 21, 365, 0, 0 ), ( 1, 21, 366, 0, 0 ), ( 1, 21, 367, 0, 0 ), ( 1, 21, 368, 0, 0 ), ( 1, 21, 369, 0, 0 ), ( 1, 21, 370, 0, 0 ), ( 1, 21, 371, 0, 0 ), ( 1, 21, 372, 0, 0 ), ( 1, 21, 373, 0, 0 ), ( 1, 21, 374, 0, 0 ), ( 1, 21, 375, 0, 0 ), ( 1, 21, 376, 0, 0 ), ( 1, 21, 377, 0, 0 ), ( 1, 21, 378, 0, 0 ), ( 1, 21, 379, 0, 0 ), ( 1, 21, 380, 0, 0 ), ( 1, 21, 381, 0, 0 ), ( 1, 21, 382, 0, 0 ), ( 1, 21, 383, 0, 0 ), ( 1, 21, 384, 0, 0 ), ( 1, 21, 385, 0, 0 ), ( 1, 21, 386, 0, 0 ), ( 1, 21, 387, 0, 0 ), ( 1, 21, 388, 0, 0 ), ( 1, 22, 389, 0, 0 ), ( 1, 22, 390, 0, 0 ), ( 1, 22, 391, 0, 0 ), ( 1, 22, 392, 0, 0 ), ( 1, 22, 393, 0, 0 ), ( 1, 22, 394, 0, 0 ), ( 1, 22, 395, 0, 0 ), ( 1, 22, 396, 0, 0 ), ( 1, 22, 397, 0, 0 ), ( 1, 22, 398, 0, 0 ), ( 1, 22, 399, 0, 0 ), ( 1, 22, 400, 0, 0 ), ( 1, 22, 401, 0, 0 ), ( 1, 22, 402, 0, 0 ), ( 1, 22, 403, 0, 0 ), ( 1, 22, 404, 0, 0 ), ( 1, 22, 405, 0, 0 ), ( 1, 22, 406, 0, 0 ), ( 1, 22, 407, 0, 0 ), ( 1, 22, 408, 0, 0 ), ( 1, 22, 409, 0, 0 ), ( 1, 22, 410, 0, 0 ), ( 1, 22, 411, 0, 0 ), ( 1, 22, 412, 0, 0 ), ( 1, 22, 413, 0, 0 ), ( 1, 22, 414, 0, 0 ), ( 1, 22, 415, 0, 0 ), ( 1, 22, 416, 0, 0 ), ( 1, 22, 417, 0, 0 ), ( 1, 22, 418, 0, 0 ), ( 1, 22, 419, 0, 0 ), ( 1, 22, 420, 0, 0 ), ( 1, 22, 421, 0, 0 ), ( 1, 22, 422, 0, 0 ), ( 1, 22, 423, 0, 0 ), ( 1, 22, 424, 0, 0 ), ( 1, 22, 425, 0, 0 ), ( 1, 22, 426, 0, 0 ), ( 1, 22, 427, 0, 0 ), ( 1, 22, 428, 0, 0 ), ( 1, 22, 429, 0, 0 ), ( 1, 22, 430, 0, 0 ), ( 1, 22, 431, 0, 0 ), ( 1, 22, 432, 0, 0 ), ( 1, 22, 433, 0, 0 ), ( 1, 22, 434, 0, 0 ), ( 1, 22, 435, 0, 0 ), ( 1, 23, 436, 0, 0 ), ( 1, 23, 437, 0, 0 ), ( 1, 23, 438, 0, 0 ), ( 1, 23, 439, 0, 0 ), ( 1, 23, 440, 0, 0 ), ( 1, 23, 441, 0, 0 ), ( 1, 23, 442, 0, 0 ), ( 1, 23, 443, 0, 0 ), ( 1, 23, 444, 0, 0 ), ( 1, 23, 445, 0, 0 ), ( 1, 23, 446, 0, 0 ), ( 1, 23, 447, 0, 0 ), ( 1, 23, 448, 0, 0 ), ( 1, 23, 449, 0, 0 ), ( 1, 23, 450, 0, 0 ), ( 1, 23, 451, 0, 0 ), ( 1, 23, 452, 0, 0 ), ( 1, 23, 453, 0, 0 ), ( 1, 23, 454, 0, 0 ), ( 1, 23, 455, 0, 0 ), ( 1, 23, 456, 0, 0 ), ( 1, 23, 457, 0, 0 ), ( 1, 23, 458, 0, 0 ), ( 1, 23, 459, 0, 0 ), ( 1, 23, 460, 0, 0 ), ( 1, 23, 461, 0, 0 ), ( 1, 23, 462, 0, 0 ), ( 1, 23, 463, 0, 0 ), ( 1, 23, 464, 0, 0 ), ( 1, 23, 465, 0, 0 ), ( 1, 23, 466, 0, 0 ), ( 1, 23, 467, 0, 0 ), ( 1, 23, 468, 0, 0 ), ( 1, 23, 469, 0, 0 ), ( 1, 23, 470, 0, 0 ), ( 1, 23, 471, 0, 0 ), ( 1, 23, 472, 0, 0 ), ( 1, 23, 473, 0, 0 ), ( 1, 23, 474, 0, 0 ), ( 1, 10, 519, 0, 0 ), ( 1, 10, 520, 0, 0 ), ( 1, 10, 521, 0, 0 ), ( 1, 10, 522, 0, 0 ), ( 1, 10, 523, 0, 0 ), ( 1, 10, 524, 0, 0 ), ( 1, 30, 525, 0, 0 ), ( 1, 30, 526, 0, 0 ), ( 1, 30, 527, 0, 0 ), ( 1, 30, 528, 0, 0 ), ( 1, 30, 529, 0, 0 ), ( 1, 30, 530, 0, 0 ), ( 1, 30, 531, 0, 0 ), ( 1, 30, 532, 0, 0 ), ( 1, 30, 533, 0, 0 ), ( 1, 30, 534, 0, 0 ), ( 1, 30, 535, 0, 0 ), ( 1, 30, 536, 0, 0 ), ( 1, 30, 537, 0, 0 ), ( 1, 30, 538, 0, 0 ), ( 1, 30, 539, 0, 0 ), ( 1, 30, 540, 0, 0 ), ( 1, 30, 541, 0, 0 ), ( 1, 30, 542, 0, 0 ), ( 1, 30, 543, 0, 0 ), ( 1, 39, 544, 0, 0 ), ( 1, 39, 545, 0, 0 ), ( 1, 39, 546, 0, 0 ), ( 1, 39, 547, 0, 0 ), ( 1, 40, 550, 0, 0 ), ( 1, 40, 551, 0, 0 ), ( 1, 40, 552, 0, 0 ), ( 1, 40, 553, 0, 0 ), ( 1, 40, 554, 0, 0 ), ( 1, 40, 555, 0, 0 ), ( 1, 40, 556, 0, 0 ), ( 1, 40, 557, 0, 0 ), ( 1, 40, 558, 0, 0 ), ( 1, 40, 559, 0, 0 ), ( 1, 40, 560, 0, 0 ), ( 1, 40, 561, 0, 0 ), ( 1, 40, 562, 0, 0 ), ( 1, 40, 563, 0, 0 ), ( 1, 40, 564, 0, 0 ), ( 1, 40, 565, 0, 0 ), ( 1, 40, 566, 0, 0 ), ( 1, 40, 567, 0, 0 ), ( 1, 40, 568, 0, 0 ), ( 1, 41, 569, 0, 0 ), ( 1, 41, 570, 0, 0 ), ( 1, 41, 571, 0, 0 ), ( 1, 41, 572, 0, 0 ), ( 1, 41, 573, 0, 0 ), ( 1, 43, 574, 0, 0 ), ( 1, 43, 575, 0, 0 ), ( 1, 43, 576, 0, 0 ), ( 1, 43, 577, 0, 0 ), ( 1, 43, 578, 0, 0 ), ( 1, 43, 579, 0, 0 ), ( 1, 43, 580, 0, 0 ), ( 1, 43, 581, 0, 0 ), ( 1, 43, 582, 0, 0 ), ( 1, 43, 583, 0, 0 ), ( 1, 43, 584, 0, 0 ), ( 1, 43, 585, 0, 0 ), ( 1, 43, 586, 0, 0 ), ( 1, 43, 587, 0, 0 ), ( 1, 43, 588, 0, 0 ), ( 1, 43, 589, 0, 0 ), ( 1, 43, 590, 0, 0 ), ( 1, 45, 591, 0, 0 ), ( 1, 45, 592, 0, 0 ), ( 1, 45, 593, 0, 0 ), ( 1, 45, 594, 0, 0 ), ( 1, 45, 595, 0, 0 ), ( 1, 45, 596, 0, 0 ), ( 1, 45, 597, 0, 0 ), ( 1, 45, 598, 0, 0 ), ( 1, 45, 599, 0, 0 ), ( 1, 45, 600, 0, 0 ), ( 1, 46, 601, 0, 0 ), ( 1, 46, 602, 0, 0 ), ( 1, 46, 603, 0, 0 ), ( 1, 46, 604, 0, 0 ), ( 1, 46, 605, 0, 0 ), ( 1, 46, 606, 0, 0 ), ( 1, 46, 607, 0, 0 ), ( 1, 46, 608, 0, 0 ), ( 1, 46, 609, 0, 0 ), ( 1, 46, 610, 0, 0 ), ( 1, 46, 611, 0, 0 ), ( 1, 46, 612, 0, 0 ), ( 1, 46, 613, 0, 0 ), ( 1, 46, 614, 0, 0 ), ( 1, 46, 615, 0, 0 ), ( 1, 47, 616, 0, 0 ), ( 1, 47, 617, 0, 0 ), ( 1, 47, 618, 0, 0 ), ( 1, 47, 619, 0, 0 ), ( 1, 47, 620, 0, 0 ), ( 1, 47, 621, 0, 0 ), ( 1, 47, 622, 0, 0 ), ( 1, 47, 623, 0, 0 ), ( 1, 47, 624, 0, 0 ), ( 1, 47, 625, 0, 0 ), ( 1, 47, 626, 0, 0 ), ( 1, 47, 627, 0, 0 ), ( 1, 47, 628, 0, 0 ), ( 1, 47, 629, 0, 0 ), ( 1, 47, 630, 0, 0 ), ( 1, 47, 631, 0, 0 ), ( 1, 47, 632, 0, 0 ), ( 1, 51, 633, 0, 0 ), ( 1, 51, 634, 0, 0 ), ( 1, 51, 635, 0, 0 ), ( 1, 51, 636, 0, 0 ), ( 1, 51, 637, 0, 0 ), ( 1, 51, 638, 0, 0 ), ( 1, 51, 639, 0, 0 ), ( 1, 4, 640, 0, 0 ), ( 1, 4, 641, 0, 0 ), ( 1, 4, 642, 0, 0 ), ( 1, 4, 643, 0, 0 ), ( 1, 4, 644, 0, 0 ), ( 1, 4, 645, 0, 0 ), ( 1, 4, 646, 0, 0 ), ( 1, 4, 647, 0, 0 ), ( 1, 4, 648, 0, 0 ), ( 1, 4, 649, 0, 0 ), ( 1, 4, 650, 0, 0 ), ( 1, 4, 651, 0, 0 ), ( 1, 2, 652, 0, 0 ), ( 1, 2, 653, 0, 0 ), ( 1, 2, 654, 0, 0 ), ( 1, 2, 655, 0, 0 ), ( 1, 2, 656, 0, 0 ), ( 1, 4, 657, 0, 0 ), ( 1, 4, 658, 0, 0 ), ( 1, 4, 659, 0, 0 ), ( 1, 4, 660, 0, 0 ), ( 1, 4, 661, 0, 0 ), ( 1, 4, 662, 0, 0 ), ( 1, 4, 663, 0, 0 ), ( 1, 4, 664, 0, 0 ), ( 1, 4, 665, 0, 0 ), ( 2, 6, 1, 0, 0 ), ( 2, 6, 2, 0, 0 ), ( 2, 6, 3, 0, 0 ), ( 2, 6, 4, 0, 0 ), ( 2, 6, 5, 0, 0 ), ( 2, 6, 6, 0, 0 ), ( 2, 6, 7, 0, 0 ), ( 2, 6, 8, 0, 0 ), ( 2, 6, 9, 0, 0 ), ( 2, 6, 10, 0, 0 ), ( 2, 6, 11, 0, 0 ), ( 2, 6, 12, 0, 0 ), ( 2, 6, 13, 0, 0 ), ( 2, 6, 14, 0, 0 ), ( 2, 6, 15, 0, 0 ), ( 2, 6, 16, 0, 0 ), ( 2, 6, 17, 0, 0 ), ( 2, 6, 18, 0, 0 ), ( 2, 6, 19, 0, 0 ), ( 2, 6, 20, 0, 0 ), ( 2, 6, 21, 0, 0 ), ( 2, 6, 22, 0, 0 ), ( 2, 6, 23, 0, 0 ), ( 2, 6, 24, 0, 0 ), ( 2, 6, 25, 0, 0 ), ( 2, 6, 26, 0, 0 ), ( 2, 6, 27, 0, 0 ), ( 2, 6, 28, 0, 0 ), ( 2, 6, 29, 0, 0 ), ( 2, 6, 30, 0, 0 ), ( 2, 6, 31, 0, 0 ), ( 2, 6, 32, 0, 0 ), ( 2, 6, 33, 0, 0 ), ( 2, 6, 34, 0, 0 ), ( 2, 6, 35, 0, 0 ), ( 2, 6, 36, 0, 0 ), ( 2, 7, 37, 0, 0 ), ( 2, 7, 38, 0, 0 ), ( 2, 7, 39, 0, 0 ), ( 2, 7, 40, 0, 0 ), ( 2, 7, 41, 0, 0 ), ( 2, 7, 42, 0, 0 ), ( 2, 7, 43, 0, 0 ), ( 2, 7, 44, 0, 0 ), ( 2, 7, 45, 0, 0 ), ( 2, 7, 46, 0, 0 ), ( 2, 7, 47, 0, 0 ), ( 2, 7, 48, 0, 0 ), ( 2, 7, 49, 0, 0 ), ( 2, 7, 50, 0, 0 ), ( 2, 7, 51, 0, 0 ), ( 2, 7, 52, 0, 0 ), ( 2, 7, 53, 0, 0 ), ( 2, 7, 54, 0, 0 ), ( 2, 7, 55, 0, 0 ), ( 2, 7, 56, 0, 0 ), ( 2, 7, 57, 0, 0 ), ( 2, 7, 58, 0, 0 ), ( 2, 7, 59, 0, 0 ), ( 2, 7, 60, 0, 0 ), ( 2, 7, 61, 0, 0 ), ( 2, 7, 62, 0, 0 ), ( 2, 7, 63, 0, 0 ), ( 2, 7, 64, 0, 0 ), ( 2, 7, 65, 0, 0 ), ( 2, 4, 66, 0, 0 ), ( 2, 4, 67, 0, 0 ), ( 2, 4, 68, 0, 0 ), ( 2, 4, 69, 0, 0 ), ( 2, 4, 70, 0, 0 ), ( 2, 4, 71, 0, 0 ), ( 2, 4, 72, 0, 0 ), ( 2, 4, 73, 0, 0 ), ( 2, 4, 74, 0, 0 ), ( 2, 4, 75, 0, 0 ), ( 2, 4, 76, 0, 0 ), ( 2, 4, 77, 0, 0 ), ( 2, 4, 78, 0, 0 ), ( 2, 4, 79, 0, 0 ), ( 2, 4, 80, 0, 0 ), ( 2, 4, 81, 0, 0 ), ( 2, 4, 82, 0, 0 ), ( 2, 4, 83, 0, 0 ), ( 2, 4, 84, 0, 0 ), ( 2, 4, 85, 0, 0 ), ( 2, 4, 86, 0, 0 ), ( 2, 4, 87, 0, 0 ), ( 2, 4, 88, 0, 0 ), ( 2, 4, 89, 0, 0 ), ( 2, 4, 90, 0, 0 ), ( 2, 4, 91, 0, 0 ), ( 2, 4, 92, 0, 0 ), ( 2, 4, 93, 0, 0 ), ( 2, 4, 94, 0, 0 ), ( 2, 4, 95, 0, 0 ), ( 2, 4, 96, 0, 0 ), ( 2, 4, 97, 0, 0 ), ( 2, 4, 98, 0, 0 ), ( 2, 4, 99, 0, 0 ), ( 2, 4, 100, 0, 0 ), ( 2, 4, 101, 0, 0 ), ( 2, 4, 102, 0, 0 ), ( 2, 4, 103, 0, 0 ), ( 2, 4, 104, 0, 0 ), ( 2, 4, 105, 0, 0 ), ( 2, 4, 106, 0, 0 ), ( 2, 4, 107, 0, 0 ), ( 2, 4, 108, 0, 0 ), ( 2, 4, 109, 0, 0 ), ( 2, 2, 110, 0, 0 ), ( 2, 2, 111, 0, 0 ), ( 2, 2, 112, 0, 0 ), ( 2, 2, 113, 0, 0 ), ( 2, 2, 114, 0, 0 ), ( 2, 2, 115, 0, 0 ), ( 2, 2, 116, 0, 0 ), ( 2, 2, 117, 0, 0 ), ( 2, 2, 118, 0, 0 ), ( 2, 2, 119, 0, 0 ), ( 2, 2, 120, 0, 0 ), ( 2, 2, 121, 0, 0 ), ( 2, 2, 122, 0, 0 ), ( 2, 2, 123, 0, 0 ), ( 2, 2, 124, 0, 0 ), ( 2, 2, 125, 0, 0 ), ( 2, 26, 126, 0, 0 ), ( 2, 26, 127, 0, 0 ), ( 2, 26, 128, 0, 0 ), ( 2, 26, 129, 0, 0 ), ( 2, 26, 130, 0, 0 ), ( 2, 26, 131, 0, 0 ), ( 2, 26, 132, 0, 0 ), ( 2, 26, 133, 0, 0 ), ( 2, 26, 134, 0, 0 ), ( 2, 26, 135, 0, 0 ), ( 2, 26, 136, 0, 0 ), ( 2, 26, 137, 0, 0 ), ( 2, 26, 138, 0, 0 ), ( 2, 26, 139, 0, 0 ), ( 2, 26, 140, 0, 0 ), ( 2, 26, 141, 0, 0 ), ( 2, 26, 142, 0, 0 ), ( 2, 26, 143, 0, 0 ), ( 2, 26, 144, 0, 0 ), ( 2, 26, 145, 0, 0 ), ( 2, 26, 146, 0, 0 ), ( 2, 26, 147, 0, 0 ), ( 2, 26, 148, 0, 0 ), ( 2, 26, 149, 0, 0 ), ( 2, 26, 150, 0, 0 ), ( 2, 4, 151, 0, 0 ), ( 2, 6, 152, 0, 0 ), ( 2, 7, 153, 0, 0 ), ( 2, 26, 154, 0, 0 ), ( 2, 13, 155, 0, 0 ), ( 2, 13, 156, 0, 0 ), ( 2, 13, 157, 0, 0 ), ( 2, 13, 158, 0, 0 ), ( 2, 13, 159, 0, 0 ), ( 2, 13, 160, 0, 0 ), ( 2, 13, 161, 0, 0 ), ( 2, 13, 162, 0, 0 ), ( 2, 13, 163, 0, 0 ), ( 2, 13, 164, 0, 0 ), ( 2, 13, 165, 0, 0 ), ( 2, 13, 166, 0, 0 ), ( 2, 13, 167, 0, 0 ), ( 2, 13, 168, 0, 0 ), ( 2, 13, 169, 0, 0 ), ( 2, 13, 170, 0, 0 ), ( 2, 13, 171, 0, 0 ), ( 2, 13, 172, 0, 0 ), ( 2, 13, 173, 0, 0 ), ( 2, 14, 174, 0, 0 ), ( 2, 14, 175, 0, 0 ), ( 2, 14, 176, 0, 0 ), ( 2, 14, 177, 0, 0 ), ( 2, 14, 178, 0, 0 ), ( 2, 14, 179, 0, 0 ), ( 2, 14, 180, 0, 0 ), ( 2, 14, 181, 0, 0 ), ( 2, 14, 182, 0, 0 ), ( 2, 14, 183, 0, 0 ), ( 2, 14, 184, 0, 0 ), ( 2, 14, 185, 0, 0 ), ( 2, 14, 186, 0, 0 ), ( 2, 14, 187, 0, 0 ), ( 2, 14, 188, 0, 0 ), ( 2, 14, 189, 0, 0 ), ( 2, 14, 190, 0, 0 ), ( 2, 14, 191, 0, 0 ), ( 2, 14, 192, 0, 0 ), ( 2, 14, 193, 0, 0 ), ( 2, 14, 194, 0, 0 ), ( 2, 14, 195, 0, 0 ), ( 2, 14, 196, 0, 0 ), ( 2, 14, 197, 0, 0 ), ( 2, 14, 198, 0, 0 ), ( 2, 14, 199, 0, 0 ), ( 2, 14, 200, 0, 0 ), ( 2, 14, 201, 0, 0 ), ( 2, 14, 202, 0, 0 ), ( 2, 14, 203, 0, 0 ), ( 2, 14, 204, 0, 0 ), ( 2, 8, 205, 0, 0 ), ( 2, 8, 206, 0, 0 ), ( 2, 8, 207, 0, 0 ), ( 2, 8, 208, 0, 0 ), ( 2, 8, 209, 0, 0 ), ( 2, 8, 210, 0, 0 ), ( 2, 8, 211, 0, 0 ), ( 2, 8, 212, 0, 0 ), ( 2, 8, 213, 0, 0 ), ( 2, 8, 214, 0, 0 ), ( 2, 8, 215, 0, 0 ), ( 2, 8, 216, 0, 0 ), ( 2, 8, 217, 0, 0 ), ( 2, 8, 218, 0, 0 ), ( 2, 8, 219, 0, 0 ), ( 2, 10, 220, 0, 0 ), ( 2, 10, 221, 0, 0 ), ( 2, 10, 222, 0, 0 ), ( 2, 10, 223, 0, 0 ), ( 2, 10, 224, 0, 0 ), ( 2, 10, 225, 0, 0 ), ( 2, 10, 226, 0, 0 ), ( 2, 10, 227, 0, 0 ), ( 2, 10, 228, 0, 0 ), ( 2, 10, 229, 0, 0 ), ( 2, 10, 230, 0, 0 ), ( 2, 10, 231, 0, 0 ), ( 2, 9, 232, 0, 0 ), ( 2, 9, 233, 0, 0 ), ( 2, 9, 234, 0, 0 ), ( 2, 9, 235, 0, 0 ), ( 2, 9, 236, 0, 0 ), ( 2, 9, 237, 0, 0 ), ( 2, 9, 238, 0, 0 ), ( 2, 9, 239, 0, 0 ), ( 2, 9, 240, 0, 0 ), ( 2, 9, 241, 0, 0 ), ( 2, 9, 242, 0, 0 ), ( 2, 9, 243, 0, 0 ), ( 2, 9, 244, 0, 0 ), ( 2, 9, 245, 0, 0 ), ( 2, 9, 246, 0, 0 ), ( 2, 9, 247, 0, 0 ), ( 2, 9, 248, 0, 0 ), ( 2, 9, 249, 0, 0 ), ( 2, 9, 250, 0, 0 ), ( 2, 9, 251, 0, 0 ), ( 2, 9, 252, 0, 0 ), ( 2, 9, 253, 0, 0 ), ( 2, 9, 254, 0, 0 ), ( 2, 9, 255, 0, 0 ), ( 2, 16, 256, 0, 0 ), ( 2, 16, 257, 0, 0 ), ( 2, 16, 258, 0, 0 ), ( 2, 16, 259, 0, 0 ), ( 2, 16, 260, 0, 0 ), ( 2, 16, 261, 0, 0 ), ( 2, 16, 262, 0, 0 ), ( 2, 16, 263, 0, 0 ), ( 2, 16, 264, 0, 0 ), ( 2, 16, 265, 0, 0 ), ( 2, 16, 266, 0, 0 ), ( 2, 16, 267, 0, 0 ), ( 2, 16, 268, 0, 0 ), ( 2, 16, 269, 0, 0 ), ( 2, 16, 270, 0, 0 ), ( 2, 16, 271, 0, 0 ), ( 2, 16, 272, 0, 0 ), ( 2, 16, 273, 0, 0 ), ( 2, 16, 274, 0, 0 ), ( 2, 16, 275, 0, 0 ), ( 2, 16, 276, 0, 0 ), ( 2, 16, 277, 0, 0 ), ( 2, 16, 278, 0, 0 ), ( 2, 15, 279, 0, 0 ), ( 2, 15, 280, 0, 0 ), ( 2, 15, 281, 0, 0 ), ( 2, 15, 282, 0, 0 ), ( 2, 15, 283, 0, 0 ), ( 2, 15, 284, 0, 0 ), ( 2, 15, 285, 0, 0 ), ( 2, 15, 286, 0, 0 ), ( 2, 15, 287, 0, 0 ), ( 2, 15, 288, 0, 0 ), ( 2, 18, 289, 0, 0 ), ( 2, 18, 290, 0, 0 ), ( 2, 18, 291, 0, 0 ), ( 2, 18, 292, 0, 0 ), ( 2, 18, 293, 0, 0 ), ( 2, 18, 294, 0, 0 ), ( 2, 18, 295, 0, 0 ), ( 2, 18, 296, 0, 0 ), ( 2, 18, 297, 0, 0 ), ( 2, 18, 298, 0, 0 ), ( 2, 18, 299, 0, 0 ), ( 2, 18, 300, 0, 0 ), ( 2, 18, 301, 0, 0 ), ( 2, 18, 302, 0, 0 ), ( 2, 18, 303, 0, 0 ), ( 2, 18, 304, 0, 0 ), ( 2, 18, 305, 0, 0 ), ( 2, 19, 306, 0, 0 ), ( 2, 19, 307, 0, 0 ), ( 2, 19, 308, 0, 0 ), ( 2, 19, 309, 0, 0 ), ( 2, 19, 310, 0, 0 ), ( 2, 19, 311, 0, 0 ), ( 2, 19, 312, 0, 0 ), ( 2, 19, 313, 0, 0 ), ( 2, 20, 314, 0, 0 ), ( 2, 20, 315, 0, 0 ), ( 2, 20, 316, 0, 0 ), ( 2, 20, 317, 0, 0 ), ( 2, 20, 318, 0, 0 ), ( 2, 20, 319, 0, 0 ), ( 2, 20, 320, 0, 0 ), ( 2, 20, 321, 0, 0 ), ( 2, 20, 322, 0, 0 ), ( 2, 20, 323, 0, 0 ), ( 2, 20, 324, 0, 0 ), ( 2, 20, 325, 0, 0 ), ( 2, 20, 326, 0, 0 ), ( 2, 20, 327, 0, 0 ), ( 2, 20, 328, 0, 0 ), ( 2, 20, 329, 0, 0 ), ( 2, 20, 330, 0, 0 ), ( 2, 20, 331, 0, 0 ), ( 2, 20, 332, 0, 0 ), ( 2, 20, 333, 0, 0 ), ( 2, 20, 334, 0, 0 ), ( 2, 20, 335, 0, 0 ), ( 2, 20, 336, 0, 0 ), ( 2, 20, 337, 0, 0 ), ( 2, 20, 338, 0, 0 ), ( 2, 20, 339, 0, 0 ), ( 2, 20, 340, 0, 0 ), ( 2, 20, 341, 0, 0 ), ( 2, 20, 342, 0, 0 ), ( 2, 20, 343, 0, 0 ), ( 2, 20, 344, 0, 0 ), ( 2, 20, 345, 0, 0 ), ( 2, 20, 346, 0, 0 ), ( 2, 20, 347, 0, 0 ), ( 2, 20, 348, 0, 0 ), ( 2, 20, 349, 0, 0 ), ( 2, 20, 350, 0, 0 ), ( 2, 21, 351, 0, 0 ), ( 2, 21, 352, 0, 0 ), ( 2, 21, 353, 0, 0 ), ( 2, 21, 354, 0, 0 ), ( 2, 21, 355, 0, 0 ), ( 2, 21, 356, 0, 0 ), ( 2, 21, 357, 0, 0 ), ( 2, 21, 358, 0, 0 ), ( 2, 21, 359, 0, 0 ), ( 2, 21, 360, 0, 0 ), ( 2, 21, 361, 0, 0 ), ( 2, 21, 362, 0, 0 ), ( 2, 21, 363, 0, 0 ), ( 2, 21, 364, 0, 0 ), ( 2, 21, 365, 0, 0 ), ( 2, 21, 366, 0, 0 ), ( 2, 21, 367, 0, 0 ), ( 2, 21, 368, 0, 0 ), ( 2, 21, 369, 0, 0 ), ( 2, 21, 370, 0, 0 ), ( 2, 21, 371, 0, 0 ), ( 2, 21, 372, 0, 0 ), ( 2, 21, 373, 0, 0 ), ( 2, 21, 374, 0, 0 ), ( 2, 21, 375, 0, 0 ), ( 2, 21, 376, 0, 0 ), ( 2, 21, 377, 0, 0 ), ( 2, 21, 378, 0, 0 ), ( 2, 21, 379, 0, 0 ), ( 2, 21, 380, 0, 0 ), ( 2, 21, 381, 0, 0 ), ( 2, 21, 382, 0, 0 ), ( 2, 21, 383, 0, 0 ), ( 2, 21, 384, 0, 0 ), ( 2, 21, 385, 0, 0 ), ( 2, 21, 386, 0, 0 ), ( 2, 21, 387, 0, 0 ), ( 2, 21, 388, 0, 0 ), ( 2, 22, 389, 0, 0 ), ( 2, 22, 390, 0, 0 ), ( 2, 22, 391, 0, 0 ), ( 2, 22, 392, 0, 0 ), ( 2, 22, 393, 0, 0 ), ( 2, 22, 394, 0, 0 ), ( 2, 22, 395, 0, 0 ), ( 2, 22, 396, 0, 0 ), ( 2, 22, 397, 0, 0 ), ( 2, 22, 398, 0, 0 ), ( 2, 22, 399, 0, 0 ), ( 2, 22, 400, 0, 0 ), ( 2, 22, 401, 0, 0 ), ( 2, 22, 402, 0, 0 ), ( 2, 22, 403, 0, 0 ), ( 2, 22, 404, 0, 0 ), ( 2, 22, 405, 0, 0 ), ( 2, 22, 406, 0, 0 ), ( 2, 22, 407, 0, 0 ), ( 2, 22, 408, 0, 0 ), ( 2, 22, 409, 0, 0 ), ( 2, 22, 410, 0, 0 ), ( 2, 22, 411, 0, 0 ), ( 2, 22, 412, 0, 0 ), ( 2, 22, 413, 0, 0 ), ( 2, 22, 414, 0, 0 ), ( 2, 22, 415, 0, 0 ), ( 2, 22, 416, 0, 0 ), ( 2, 22, 417, 0, 0 ), ( 2, 22, 418, 0, 0 ), ( 2, 22, 419, 0, 0 ), ( 2, 22, 420, 0, 0 ), ( 2, 22, 421, 0, 0 ), ( 2, 22, 422, 0, 0 ), ( 2, 22, 423, 0, 0 ), ( 2, 22, 424, 0, 0 ), ( 2, 22, 425, 0, 0 ), ( 2, 22, 426, 0, 0 ), ( 2, 22, 427, 0, 0 ), ( 2, 22, 428, 0, 0 ), ( 2, 22, 429, 0, 0 ), ( 2, 22, 430, 0, 0 ), ( 2, 22, 431, 0, 0 ), ( 2, 22, 432, 0, 0 ), ( 2, 22, 433, 0, 0 ), ( 2, 22, 434, 0, 0 ), ( 2, 22, 435, 0, 0 ), ( 2, 23, 436, 0, 0 ), ( 2, 23, 437, 0, 0 ), ( 2, 23, 438, 0, 0 ), ( 2, 23, 439, 0, 0 ), ( 2, 23, 440, 0, 0 ), ( 2, 23, 441, 0, 0 ), ( 2, 23, 442, 0, 0 ), ( 2, 23, 443, 0, 0 ), ( 2, 23, 444, 0, 0 ), ( 2, 23, 445, 0, 0 ), ( 2, 23, 446, 0, 0 ), ( 2, 23, 447, 0, 0 ), ( 2, 23, 448, 0, 0 ), ( 2, 23, 449, 0, 0 ), ( 2, 23, 450, 0, 0 ), ( 2, 23, 451, 0, 0 ), ( 2, 23, 452, 0, 0 ), ( 2, 23, 453, 0, 0 ), ( 2, 23, 454, 0, 0 ), ( 2, 23, 455, 0, 0 ), ( 2, 23, 456, 0, 0 ), ( 2, 23, 457, 0, 0 ), ( 2, 23, 458, 0, 0 ), ( 2, 23, 459, 0, 0 ), ( 2, 23, 460, 0, 0 ), ( 2, 23, 461, 0, 0 ), ( 2, 23, 462, 0, 0 ), ( 2, 23, 463, 0, 0 ), ( 2, 23, 464, 0, 0 ), ( 2, 23, 465, 0, 0 ), ( 2, 23, 466, 0, 0 ), ( 2, 23, 467, 0, 0 ), ( 2, 23, 468, 0, 0 ), ( 2, 23, 469, 0, 0 ), ( 2, 23, 470, 0, 0 ), ( 2, 23, 471, 0, 0 ), ( 2, 23, 472, 0, 0 ), ( 2, 23, 473, 0, 0 ), ( 2, 23, 474, 0, 0 ), ( 2, 10, 519, 0, 0 ), ( 2, 10, 520, 0, 0 ), ( 2, 10, 521, 0, 0 ), ( 2, 10, 522, 0, 0 ), ( 2, 10, 523, 0, 0 ), ( 2, 10, 524, 0, 0 ), ( 2, 30, 525, 0, 0 ), ( 2, 30, 526, 0, 0 ), ( 2, 30, 527, 0, 0 ), ( 2, 30, 528, 0, 0 ), ( 2, 30, 529, 0, 0 ), ( 2, 30, 530, 0, 0 ), ( 2, 30, 531, 0, 0 ), ( 2, 30, 532, 0, 0 ), ( 2, 30, 533, 0, 0 ), ( 2, 30, 534, 0, 0 ), ( 2, 30, 535, 0, 0 ), ( 2, 30, 536, 0, 0 ), ( 2, 30, 537, 0, 0 ), ( 2, 30, 538, 0, 0 ), ( 2, 30, 539, 0, 0 ), ( 2, 30, 540, 0, 0 ), ( 2, 30, 541, 0, 0 ), ( 2, 30, 542, 0, 0 ), ( 2, 30, 543, 0, 0 ), ( 2, 39, 544, 0, 0 ), ( 2, 39, 545, 0, 0 ), ( 2, 39, 546, 0, 0 ), ( 2, 39, 547, 0, 0 ), ( 2, 40, 550, 0, 0 ), ( 2, 40, 551, 0, 0 ), ( 2, 40, 552, 0, 0 ), ( 2, 40, 553, 0, 0 ), ( 2, 40, 554, 0, 0 ), ( 2, 40, 555, 0, 0 ), ( 2, 40, 556, 0, 0 ), ( 2, 40, 557, 0, 0 ), ( 2, 40, 558, 0, 0 ), ( 2, 40, 559, 0, 0 ), ( 2, 40, 560, 0, 0 ), ( 2, 40, 561, 0, 0 ), ( 2, 40, 562, 0, 0 ), ( 2, 40, 563, 0, 0 ), ( 2, 40, 564, 0, 0 ), ( 2, 40, 565, 0, 0 ), ( 2, 40, 566, 0, 0 ), ( 2, 40, 567, 0, 0 ), ( 2, 40, 568, 0, 0 ), ( 2, 41, 569, 0, 0 ), ( 2, 41, 570, 0, 0 ), ( 2, 41, 571, 0, 0 ), ( 2, 41, 572, 0, 0 ), ( 2, 41, 573, 0, 0 ), ( 2, 43, 574, 0, 0 ), ( 2, 43, 575, 0, 0 ), ( 2, 43, 576, 0, 0 ), ( 2, 43, 577, 0, 0 ), ( 2, 43, 578, 0, 0 ), ( 2, 43, 579, 0, 0 ), ( 2, 43, 580, 0, 0 ), ( 2, 43, 581, 0, 0 ), ( 2, 43, 582, 0, 0 ), ( 2, 43, 583, 0, 0 ), ( 2, 43, 584, 0, 0 ), ( 2, 43, 585, 0, 0 ), ( 2, 43, 586, 0, 0 ), ( 2, 43, 587, 0, 0 ), ( 2, 43, 588, 0, 0 ), ( 2, 43, 589, 0, 0 ), ( 2, 43, 590, 0, 0 ), ( 2, 45, 591, 0, 0 ), ( 2, 45, 592, 0, 0 ), ( 2, 45, 593, 0, 0 ), ( 2, 45, 594, 0, 0 ), ( 2, 45, 595, 0, 0 ), ( 2, 45, 596, 0, 0 ), ( 2, 45, 597, 0, 0 ), ( 2, 45, 598, 0, 0 ), ( 2, 45, 599, 0, 0 ), ( 2, 45, 600, 0, 0 ), ( 2, 46, 601, 0, 0 ), ( 2, 46, 602, 0, 0 ), ( 2, 46, 603, 0, 0 ), ( 2, 46, 604, 0, 0 ), ( 2, 46, 605, 0, 0 ), ( 2, 46, 606, 0, 0 ), ( 2, 46, 607, 0, 0 ), ( 2, 46, 608, 0, 0 ), ( 2, 46, 609, 0, 0 ), ( 2, 46, 610, 0, 0 ), ( 2, 46, 611, 0, 0 ), ( 2, 46, 612, 0, 0 ), ( 2, 46, 613, 0, 0 ), ( 2, 46, 614, 0, 0 ), ( 2, 46, 615, 0, 0 ), ( 2, 47, 616, 0, 0 ), ( 2, 47, 617, 0, 0 ), ( 2, 47, 618, 0, 0 ), ( 2, 47, 619, 0, 0 ), ( 2, 47, 620, 0, 0 ), ( 2, 47, 621, 0, 0 ), ( 2, 47, 622, 0, 0 ), ( 2, 47, 623, 0, 0 ), ( 2, 47, 624, 0, 0 ), ( 2, 47, 625, 0, 0 ), ( 2, 47, 626, 0, 0 ), ( 2, 47, 627, 0, 0 ), ( 2, 47, 628, 0, 0 ), ( 2, 47, 629, 0, 0 ), ( 2, 47, 630, 0, 0 ), ( 2, 47, 631, 0, 0 ), ( 2, 47, 632, 0, 0 ), ( 2, 51, 633, 0, 0 ), ( 2, 51, 634, 0, 0 ), ( 2, 51, 635, 0, 0 ), ( 2, 51, 636, 0, 0 ), ( 2, 51, 637, 0, 0 ), ( 2, 51, 638, 0, 0 ), ( 2, 51, 639, 0, 0 ), ( 2, 4, 640, 0, 0 ), ( 2, 4, 641, 0, 0 ), ( 2, 4, 642, 0, 0 ), ( 2, 4, 643, 0, 0 ), ( 2, 4, 644, 0, 0 ), ( 2, 4, 645, 0, 0 ), ( 2, 4, 646, 0, 0 ), ( 2, 4, 647, 0, 0 ), ( 2, 4, 648, 0, 0 ), ( 2, 4, 649, 0, 0 ), ( 2, 4, 650, 0, 0 ), ( 2, 4, 651, 0, 0 ), ( 2, 2, 652, 0, 0 ), ( 2, 2, 653, 0, 0 ), ( 2, 2, 654, 0, 0 ), ( 2, 2, 655, 0, 0 ), ( 2, 2, 656, 0, 0 ), ( 2, 4, 657, 0, 0 ), ( 2, 4, 658, 0, 0 ), ( 2, 4, 659, 0, 0 ), ( 2, 4, 660, 0, 0 ), ( 2, 4, 661, 0, 0 ), ( 2, 4, 662, 0, 0 ), ( 2, 4, 663, 0, 0 ), ( 2, 4, 664, 0, 0 ), ( 2, 4, 665, 0, 0 ), ( 3, 6, 1, 0, 0 ), ( 3, 6, 2, 0, 0 ), ( 3, 6, 3, 0, 0 ), ( 3, 6, 4, 0, 0 ), ( 3, 6, 5, 0, 0 ), ( 3, 6, 6, 0, 0 ), ( 3, 6, 7, 0, 0 ), ( 3, 6, 8, 0, 0 ), ( 3, 6, 9, 0, 0 ), ( 3, 6, 10, 0, 0 ), ( 3, 6, 11, 0, 0 ), ( 3, 6, 12, 0, 0 ), ( 3, 6, 13, 0, 0 ), ( 3, 6, 14, 0, 0 ), ( 3, 6, 15, 0, 0 ), ( 3, 6, 16, 0, 0 ), ( 3, 6, 17, 0, 0 ), ( 3, 6, 18, 0, 0 ), ( 3, 6, 19, 0, 0 ), ( 3, 6, 20, 0, 0 ), ( 3, 6, 21, 0, 0 ), ( 3, 6, 22, 0, 0 ), ( 3, 6, 23, 0, 0 ), ( 3, 6, 24, 0, 0 ), ( 3, 6, 25, 0, 0 ), ( 3, 6, 26, 0, 0 ), ( 3, 6, 27, 0, 0 ), ( 3, 6, 28, 0, 0 ), ( 3, 6, 29, 0, 0 ), ( 3, 6, 30, 0, 0 ), ( 3, 6, 31, 0, 0 ), ( 3, 6, 32, 0, 0 ), ( 3, 6, 33, 0, 0 ), ( 3, 6, 34, 0, 0 ), ( 3, 6, 35, 0, 0 ), ( 3, 6, 36, 0, 0 ), ( 3, 7, 37, 0, 0 ), ( 3, 7, 38, 0, 0 ), ( 3, 7, 39, 0, 0 ), ( 3, 7, 40, 0, 0 ), ( 3, 7, 41, 0, 0 ), ( 3, 7, 42, 0, 0 ), ( 3, 7, 43, 0, 0 ), ( 3, 7, 44, 0, 0 ), ( 3, 7, 45, 0, 0 ), ( 3, 7, 46, 0, 0 ), ( 3, 7, 47, 0, 0 ), ( 3, 7, 48, 0, 0 ), ( 3, 7, 49, 0, 0 ), ( 3, 7, 50, 0, 0 ), ( 3, 7, 51, 0, 0 ), ( 3, 7, 52, 0, 0 ), ( 3, 7, 53, 0, 0 ), ( 3, 7, 54, 0, 0 ), ( 3, 7, 55, 0, 0 ), ( 3, 7, 56, 0, 0 ), ( 3, 7, 57, 0, 0 ), ( 3, 7, 58, 0, 0 ), ( 3, 7, 59, 0, 0 ), ( 3, 7, 60, 0, 0 ), ( 3, 7, 61, 0, 0 ), ( 3, 7, 62, 0, 0 ), ( 3, 7, 63, 0, 0 ), ( 3, 7, 64, 0, 0 ), ( 3, 7, 65, 0, 0 ), ( 3, 4, 66, 0, 0 ), ( 3, 4, 67, 0, 0 ), ( 3, 4, 68, 0, 0 ), ( 3, 4, 69, 0, 0 ), ( 3, 4, 70, 0, 0 ), ( 3, 4, 71, 0, 0 ), ( 3, 4, 72, 0, 0 ), ( 3, 4, 73, 0, 0 ), ( 3, 4, 74, 0, 0 ), ( 3, 4, 75, 0, 0 ), ( 3, 4, 76, 0, 0 ), ( 3, 4, 77, 0, 0 ), ( 3, 4, 78, 0, 0 ), ( 3, 4, 79, 0, 0 ), ( 3, 4, 80, 0, 0 ), ( 3, 4, 81, 0, 0 ), ( 3, 4, 82, 0, 0 ), ( 3, 4, 83, 0, 0 ), ( 3, 4, 84, 0, 0 ), ( 3, 4, 85, 0, 0 ), ( 3, 4, 86, 0, 0 ), ( 3, 4, 87, 0, 0 ), ( 3, 4, 88, 0, 0 ), ( 3, 4, 89, 0, 0 ), ( 3, 4, 90, 0, 0 ), ( 3, 4, 91, 0, 0 ), ( 3, 4, 92, 0, 0 ), ( 3, 4, 93, 0, 0 ), ( 3, 4, 94, 0, 0 ), ( 3, 4, 95, 0, 0 ), ( 3, 4, 96, 0, 0 ), ( 3, 4, 97, 0, 0 ), ( 3, 4, 98, 0, 0 ), ( 3, 4, 99, 0, 0 ), ( 3, 4, 100, 0, 0 ), ( 3, 4, 101, 0, 0 ), ( 3, 4, 102, 0, 0 ), ( 3, 4, 103, 0, 0 ), ( 3, 4, 104, 0, 0 ), ( 3, 4, 105, 0, 0 ), ( 3, 4, 106, 0, 0 ), ( 3, 4, 107, 0, 0 ), ( 3, 4, 108, 0, 0 ), ( 3, 4, 109, 0, 0 ), ( 3, 2, 110, 0, 0 ), ( 3, 2, 111, 0, 0 ), ( 3, 2, 112, 0, 0 ), ( 3, 2, 113, 0, 0 ), ( 3, 2, 114, 0, 0 ), ( 3, 2, 115, 0, 0 ), ( 3, 2, 116, 0, 0 ), ( 3, 2, 117, 0, 0 ), ( 3, 2, 118, 0, 0 ), ( 3, 2, 119, 0, 0 ), ( 3, 2, 120, 0, 0 ), ( 3, 2, 121, 0, 0 ), ( 3, 2, 122, 0, 0 ), ( 3, 2, 123, 0, 0 ), ( 3, 2, 124, 0, 0 ), ( 3, 2, 125, 0, 0 ), ( 3, 26, 126, 0, 0 ), ( 3, 26, 127, 0, 0 ), ( 3, 26, 128, 0, 0 ), ( 3, 26, 129, 0, 0 ), ( 3, 26, 130, 0, 0 ), ( 3, 26, 131, 0, 0 ), ( 3, 26, 132, 0, 0 ), ( 3, 26, 133, 0, 0 ), ( 3, 26, 134, 0, 0 ), ( 3, 26, 135, 0, 0 ), ( 3, 26, 136, 0, 0 ), ( 3, 26, 137, 0, 0 ), ( 3, 26, 138, 0, 0 ), ( 3, 26, 139, 0, 0 ), ( 3, 26, 140, 0, 0 ), ( 3, 26, 141, 0, 0 ), ( 3, 26, 142, 0, 0 ), ( 3, 26, 143, 0, 0 ), ( 3, 26, 144, 0, 0 ), ( 3, 26, 145, 0, 0 ), ( 3, 26, 146, 0, 0 ), ( 3, 26, 147, 0, 0 ), ( 3, 26, 148, 0, 0 ), ( 3, 26, 149, 0, 0 ), ( 3, 26, 150, 0, 0 ), ( 3, 4, 151, 0, 0 ), ( 3, 6, 152, 0, 0 ), ( 3, 7, 153, 0, 0 ), ( 3, 26, 154, 0, 0 ), ( 3, 13, 155, 0, 0 ), ( 3, 13, 156, 0, 0 ), ( 3, 13, 157, 0, 0 ), ( 3, 13, 158, 0, 0 ), ( 3, 13, 159, 0, 0 ), ( 3, 13, 160, 0, 0 ), ( 3, 13, 161, 0, 0 ), ( 3, 13, 162, 0, 0 ), ( 3, 13, 163, 0, 0 ), ( 3, 13, 164, 0, 0 ), ( 3, 13, 165, 0, 0 ), ( 3, 13, 166, 0, 0 ), ( 3, 13, 167, 0, 0 ), ( 3, 13, 168, 0, 0 ), ( 3, 13, 169, 0, 0 ), ( 3, 13, 170, 0, 0 ), ( 3, 13, 171, 0, 0 ), ( 3, 13, 172, 0, 0 ), ( 3, 13, 173, 0, 0 ), ( 3, 14, 174, 0, 0 ), ( 3, 14, 175, 0, 0 ), ( 3, 14, 176, 0, 0 ), ( 3, 14, 177, 0, 0 ), ( 3, 14, 178, 0, 0 ), ( 3, 14, 179, 0, 0 ), ( 3, 14, 180, 0, 0 ), ( 3, 14, 181, 0, 0 ), ( 3, 14, 182, 0, 0 ), ( 3, 14, 183, 0, 0 ), ( 3, 14, 184, 0, 0 ), ( 3, 14, 185, 0, 0 ), ( 3, 14, 186, 0, 0 ), ( 3, 14, 187, 0, 0 ), ( 3, 14, 188, 0, 0 ), ( 3, 14, 189, 0, 0 ), ( 3, 14, 190, 0, 0 ), ( 3, 14, 191, 0, 0 ), ( 3, 14, 192, 0, 0 ), ( 3, 14, 193, 0, 0 ), ( 3, 14, 194, 0, 0 ), ( 3, 14, 195, 0, 0 ), ( 3, 14, 196, 0, 0 ), ( 3, 14, 197, 0, 0 ), ( 3, 14, 198, 0, 0 ), ( 3, 14, 199, 0, 0 ), ( 3, 14, 200, 0, 0 ), ( 3, 14, 201, 0, 0 ), ( 3, 14, 202, 0, 0 ), ( 3, 14, 203, 0, 0 ), ( 3, 14, 204, 0, 0 ), ( 3, 8, 205, 0, 0 ), ( 3, 8, 206, 0, 0 ), ( 3, 8, 207, 0, 0 ), ( 3, 8, 208, 0, 0 ), ( 3, 8, 209, 0, 0 ), ( 3, 8, 210, 0, 0 ), ( 3, 8, 211, 0, 0 ), ( 3, 8, 212, 0, 0 ), ( 3, 8, 213, 0, 0 ), ( 3, 8, 214, 0, 0 ), ( 3, 8, 215, 0, 0 ), ( 3, 8, 216, 0, 0 ), ( 3, 8, 217, 0, 0 ), ( 3, 8, 218, 0, 0 ), ( 3, 8, 219, 0, 0 ), ( 3, 10, 220, 0, 0 ), ( 3, 10, 221, 0, 0 ), ( 3, 10, 222, 0, 0 ), ( 3, 10, 223, 0, 0 ), ( 3, 10, 224, 0, 0 ), ( 3, 10, 225, 0, 0 ), ( 3, 10, 226, 0, 0 ), ( 3, 10, 227, 0, 0 ), ( 3, 10, 228, 0, 0 ), ( 3, 10, 229, 0, 0 ), ( 3, 10, 230, 0, 0 ), ( 3, 10, 231, 0, 0 ), ( 3, 9, 232, 0, 0 ), ( 3, 9, 233, 0, 0 ), ( 3, 9, 234, 0, 0 ), ( 3, 9, 235, 0, 0 ), ( 3, 9, 236, 0, 0 ), ( 3, 9, 237, 0, 0 ), ( 3, 9, 238, 0, 0 ), ( 3, 9, 239, 0, 0 ), ( 3, 9, 240, 0, 0 ), ( 3, 9, 241, 0, 0 ), ( 3, 9, 242, 0, 0 ), ( 3, 9, 243, 0, 0 ), ( 3, 9, 244, 0, 0 ), ( 3, 9, 245, 0, 0 ), ( 3, 9, 246, 0, 0 ), ( 3, 9, 247, 0, 0 ), ( 3, 9, 248, 0, 0 ), ( 3, 9, 249, 0, 0 ), ( 3, 9, 250, 0, 0 ), ( 3, 9, 251, 0, 0 ), ( 3, 9, 252, 0, 0 ), ( 3, 9, 253, 0, 0 ), ( 3, 9, 254, 0, 0 ), ( 3, 9, 255, 0, 0 ), ( 3, 16, 256, 0, 0 ), ( 3, 16, 257, 0, 0 ), ( 3, 16, 258, 0, 0 ), ( 3, 16, 259, 0, 0 ), ( 3, 16, 260, 0, 0 ), ( 3, 16, 261, 0, 0 ), ( 3, 16, 262, 0, 0 ), ( 3, 16, 263, 0, 0 ), ( 3, 16, 264, 0, 0 ), ( 3, 16, 265, 0, 0 ), ( 3, 16, 266, 0, 0 ), ( 3, 16, 267, 0, 0 ), ( 3, 16, 268, 0, 0 ), ( 3, 16, 269, 0, 0 ), ( 3, 16, 270, 0, 0 ), ( 3, 16, 271, 0, 0 ), ( 3, 16, 272, 0, 0 ), ( 3, 16, 273, 0, 0 ), ( 3, 16, 274, 0, 0 ), ( 3, 16, 275, 0, 0 ), ( 3, 16, 276, 0, 0 ), ( 3, 16, 277, 0, 0 ), ( 3, 16, 278, 0, 0 ), ( 3, 15, 279, 0, 0 ), ( 3, 15, 280, 0, 0 ), ( 3, 15, 281, 0, 0 ), ( 3, 15, 282, 0, 0 ), ( 3, 15, 283, 0, 0 ), ( 3, 15, 284, 0, 0 ), ( 3, 15, 285, 0, 0 ), ( 3, 15, 286, 0, 0 ), ( 3, 15, 287, 0, 0 ), ( 3, 15, 288, 0, 0 ), ( 3, 18, 289, 0, 0 ), ( 3, 18, 290, 0, 0 ), ( 3, 18, 291, 0, 0 ), ( 3, 18, 292, 0, 0 ), ( 3, 18, 293, 0, 0 ), ( 3, 18, 294, 0, 0 ), ( 3, 18, 295, 0, 0 ), ( 3, 18, 296, 0, 0 ), ( 3, 18, 297, 0, 0 ), ( 3, 18, 298, 0, 0 ), ( 3, 18, 299, 0, 0 ), ( 3, 18, 300, 0, 0 ), ( 3, 18, 301, 0, 0 ), ( 3, 18, 302, 0, 0 ), ( 3, 18, 303, 0, 0 ), ( 3, 18, 304, 0, 0 ), ( 3, 18, 305, 0, 0 ), ( 3, 19, 306, 0, 0 ), ( 3, 19, 307, 0, 0 ), ( 3, 19, 308, 0, 0 ), ( 3, 19, 309, 0, 0 ), ( 3, 19, 310, 0, 0 ), ( 3, 19, 311, 0, 0 ), ( 3, 19, 312, 0, 0 ), ( 3, 19, 313, 0, 0 ), ( 3, 20, 314, 0, 0 ), ( 3, 20, 315, 0, 0 ), ( 3, 20, 316, 0, 0 ), ( 3, 20, 317, 0, 0 ), ( 3, 20, 318, 0, 0 ), ( 3, 20, 319, 0, 0 ), ( 3, 20, 320, 0, 0 ), ( 3, 20, 321, 0, 0 ), ( 3, 20, 322, 0, 0 ), ( 3, 20, 323, 0, 0 ), ( 3, 20, 324, 0, 0 ), ( 3, 20, 325, 0, 0 ), ( 3, 20, 326, 0, 0 ), ( 3, 20, 327, 0, 0 ), ( 3, 20, 328, 0, 0 ), ( 3, 20, 329, 0, 0 ), ( 3, 20, 330, 0, 0 ), ( 3, 20, 331, 0, 0 ), ( 3, 20, 332, 0, 0 ), ( 3, 20, 333, 0, 0 ), ( 3, 20, 334, 0, 0 ), ( 3, 20, 335, 0, 0 ), ( 3, 20, 336, 0, 0 ), ( 3, 20, 337, 0, 0 ), ( 3, 20, 338, 0, 0 ), ( 3, 20, 339, 0, 0 ), ( 3, 20, 340, 0, 0 ), ( 3, 20, 341, 0, 0 ), ( 3, 20, 342, 0, 0 ), ( 3, 20, 343, 0, 0 ), ( 3, 20, 344, 0, 0 ), ( 3, 20, 345, 0, 0 ), ( 3, 20, 346, 0, 0 ), ( 3, 20, 347, 0, 0 ), ( 3, 20, 348, 0, 0 ), ( 3, 20, 349, 0, 0 ), ( 3, 20, 350, 0, 0 ), ( 3, 21, 351, 0, 0 ), ( 3, 21, 352, 0, 0 ), ( 3, 21, 353, 0, 0 ), ( 3, 21, 354, 0, 0 ), ( 3, 21, 355, 0, 0 ), ( 3, 21, 356, 0, 0 ), ( 3, 21, 357, 0, 0 ), ( 3, 21, 358, 0, 0 ), ( 3, 21, 359, 0, 0 ), ( 3, 21, 360, 0, 0 ), ( 3, 21, 361, 0, 0 ), ( 3, 21, 362, 0, 0 ), ( 3, 21, 363, 0, 0 ), ( 3, 21, 364, 0, 0 ), ( 3, 21, 365, 0, 0 ), ( 3, 21, 366, 0, 0 ), ( 3, 21, 367, 0, 0 ), ( 3, 21, 368, 0, 0 ), ( 3, 21, 369, 0, 0 ), ( 3, 21, 370, 0, 0 ), ( 3, 21, 371, 0, 0 ), ( 3, 21, 372, 0, 0 ), ( 3, 21, 373, 0, 0 ), ( 3, 21, 374, 0, 0 ), ( 3, 21, 375, 0, 0 ), ( 3, 21, 376, 0, 0 ), ( 3, 21, 377, 0, 0 ), ( 3, 21, 378, 0, 0 ), ( 3, 21, 379, 0, 0 ), ( 3, 21, 380, 0, 0 ), ( 3, 21, 381, 0, 0 ), ( 3, 21, 382, 0, 0 ), ( 3, 21, 383, 0, 0 ), ( 3, 21, 384, 0, 0 ), ( 3, 21, 385, 0, 0 ), ( 3, 21, 386, 0, 0 ), ( 3, 21, 387, 0, 0 ), ( 3, 21, 388, 0, 0 ), ( 3, 22, 389, 0, 0 ), ( 3, 22, 390, 0, 0 ), ( 3, 22, 391, 0, 0 ), ( 3, 22, 392, 0, 0 ), ( 3, 22, 393, 0, 0 ), ( 3, 22, 394, 0, 0 ), ( 3, 22, 395, 0, 0 ), ( 3, 22, 396, 0, 0 ), ( 3, 22, 397, 0, 0 ), ( 3, 22, 398, 0, 0 ), ( 3, 22, 399, 0, 0 ), ( 3, 22, 400, 0, 0 ), ( 3, 22, 401, 0, 0 ), ( 3, 22, 402, 0, 0 ), ( 3, 22, 403, 0, 0 ), ( 3, 22, 404, 0, 0 ), ( 3, 22, 405, 0, 0 ), ( 3, 22, 406, 0, 0 ), ( 3, 22, 407, 0, 0 ), ( 3, 22, 408, 0, 0 ), ( 3, 22, 409, 0, 0 ), ( 3, 22, 410, 0, 0 ), ( 3, 22, 411, 0, 0 ), ( 3, 22, 412, 0, 0 ), ( 3, 22, 413, 0, 0 ), ( 3, 22, 414, 0, 0 ), ( 3, 22, 415, 0, 0 ), ( 3, 22, 416, 0, 0 ), ( 3, 22, 417, 0, 0 ), ( 3, 22, 418, 0, 0 ), ( 3, 22, 419, 0, 0 ), ( 3, 22, 420, 0, 0 ), ( 3, 22, 421, 0, 0 ), ( 3, 22, 422, 0, 0 ), ( 3, 22, 423, 0, 0 ), ( 3, 22, 424, 0, 0 ), ( 3, 22, 425, 0, 0 ), ( 3, 22, 426, 0, 0 ), ( 3, 22, 427, 0, 0 ), ( 3, 22, 428, 0, 0 ), ( 3, 22, 429, 0, 0 ), ( 3, 22, 430, 0, 0 ), ( 3, 22, 431, 0, 0 ), ( 3, 22, 432, 0, 0 ), ( 3, 22, 433, 0, 0 ), ( 3, 22, 434, 0, 0 ), ( 3, 22, 435, 0, 0 ), ( 3, 23, 436, 0, 0 ), ( 3, 23, 437, 0, 0 ), ( 3, 23, 438, 0, 0 ), ( 3, 23, 439, 0, 0 ), ( 3, 23, 440, 0, 0 ), ( 3, 23, 441, 0, 0 ), ( 3, 23, 442, 0, 0 ), ( 3, 23, 443, 0, 0 ), ( 3, 23, 444, 0, 0 ), ( 3, 23, 445, 0, 0 ), ( 3, 23, 446, 0, 0 ), ( 3, 23, 447, 0, 0 ), ( 3, 23, 448, 0, 0 ), ( 3, 23, 449, 0, 0 ), ( 3, 23, 450, 0, 0 ), ( 3, 23, 451, 0, 0 ), ( 3, 23, 452, 0, 0 ), ( 3, 23, 453, 0, 0 ), ( 3, 23, 454, 0, 0 ), ( 3, 23, 455, 0, 0 ), ( 3, 23, 456, 0, 0 ), ( 3, 23, 457, 0, 0 ), ( 3, 23, 458, 0, 0 ), ( 3, 23, 459, 0, 0 ), ( 3, 23, 460, 0, 0 ), ( 3, 23, 461, 0, 0 ), ( 3, 23, 462, 0, 0 ), ( 3, 23, 463, 0, 0 ), ( 3, 23, 464, 0, 0 ), ( 3, 23, 465, 0, 0 ), ( 3, 23, 466, 0, 0 ), ( 3, 23, 467, 0, 0 ), ( 3, 23, 468, 0, 0 ), ( 3, 23, 469, 0, 0 ), ( 3, 23, 470, 0, 0 ), ( 3, 23, 471, 0, 0 ), ( 3, 23, 472, 0, 0 ), ( 3, 23, 473, 0, 0 ), ( 3, 23, 474, 0, 0 ), ( 3, 10, 519, 0, 0 ), ( 3, 10, 520, 0, 0 ), ( 3, 10, 521, 0, 0 ), ( 3, 10, 522, 0, 0 ), ( 3, 10, 523, 0, 0 ), ( 3, 10, 524, 0, 0 ), ( 3, 30, 525, 0, 0 ), ( 3, 30, 526, 0, 0 ), ( 3, 30, 527, 0, 0 ), ( 3, 30, 528, 0, 0 ), ( 3, 30, 529, 0, 0 ), ( 3, 30, 530, 0, 0 ), ( 3, 30, 531, 0, 0 ), ( 3, 30, 532, 0, 0 ), ( 3, 30, 533, 0, 0 ), ( 3, 30, 534, 0, 0 ), ( 3, 30, 535, 0, 0 ), ( 3, 30, 536, 0, 0 ), ( 3, 30, 537, 0, 0 ), ( 3, 30, 538, 0, 0 ), ( 3, 30, 539, 0, 0 ), ( 3, 30, 540, 0, 0 ), ( 3, 30, 541, 0, 0 ), ( 3, 30, 542, 0, 0 ), ( 3, 30, 543, 0, 0 ), ( 3, 39, 544, 0, 0 ), ( 3, 39, 545, 0, 0 ), ( 3, 39, 546, 0, 0 ), ( 3, 39, 547, 0, 0 ), ( 3, 40, 550, 0, 0 ), ( 3, 40, 551, 0, 0 ), ( 3, 40, 552, 0, 0 ), ( 3, 40, 553, 0, 0 ), ( 3, 40, 554, 0, 0 ), ( 3, 40, 555, 0, 0 ), ( 3, 40, 556, 0, 0 ), ( 3, 40, 557, 0, 0 ), ( 3, 40, 558, 0, 0 ), ( 3, 40, 559, 0, 0 ), ( 3, 40, 560, 0, 0 ), ( 3, 40, 561, 0, 0 ), ( 3, 40, 562, 0, 0 ), ( 3, 40, 563, 0, 0 ), ( 3, 40, 564, 0, 0 ), ( 3, 40, 565, 0, 0 ), ( 3, 40, 566, 0, 0 ), ( 3, 40, 567, 0, 0 ), ( 3, 40, 568, 0, 0 ), ( 3, 41, 569, 0, 0 ), ( 3, 41, 570, 0, 0 ), ( 3, 41, 571, 0, 0 ), ( 3, 41, 572, 0, 0 ), ( 3, 41, 573, 0, 0 ), ( 3, 43, 574, 0, 0 ), ( 3, 43, 575, 0, 0 ), ( 3, 43, 576, 0, 0 ), ( 3, 43, 577, 0, 0 ), ( 3, 43, 578, 0, 0 ), ( 3, 43, 579, 0, 0 ), ( 3, 43, 580, 0, 0 ), ( 3, 43, 581, 0, 0 ), ( 3, 43, 582, 0, 0 ), ( 3, 43, 583, 0, 0 ), ( 3, 43, 584, 0, 0 ), ( 3, 43, 585, 0, 0 ), ( 3, 43, 586, 0, 0 ), ( 3, 43, 587, 0, 0 ), ( 3, 43, 588, 0, 0 ), ( 3, 43, 589, 0, 0 ), ( 3, 43, 590, 0, 0 ), ( 3, 45, 591, 0, 0 ), ( 3, 45, 592, 0, 0 ), ( 3, 45, 593, 0, 0 ), ( 3, 45, 594, 0, 0 ), ( 3, 45, 595, 0, 0 ), ( 3, 45, 596, 0, 0 ), ( 3, 45, 597, 0, 0 ), ( 3, 45, 598, 0, 0 ), ( 3, 45, 599, 0, 0 ), ( 3, 45, 600, 0, 0 ), ( 3, 46, 601, 0, 0 ), ( 3, 46, 602, 0, 0 ), ( 3, 46, 603, 0, 0 ), ( 3, 46, 604, 0, 0 ), ( 3, 46, 605, 0, 0 ), ( 3, 46, 606, 0, 0 ), ( 3, 46, 607, 0, 0 ), ( 3, 46, 608, 0, 0 ), ( 3, 46, 609, 0, 0 ), ( 3, 46, 610, 0, 0 ), ( 3, 46, 611, 0, 0 ), ( 3, 46, 612, 0, 0 ), ( 3, 46, 613, 0, 0 ), ( 3, 46, 614, 0, 0 ), ( 3, 46, 615, 0, 0 ), ( 3, 47, 616, 0, 0 ), ( 3, 47, 617, 0, 0 ), ( 3, 47, 618, 0, 0 ), ( 3, 47, 619, 0, 0 ), ( 3, 47, 620, 0, 0 ), ( 3, 47, 621, 0, 0 ), ( 3, 47, 622, 0, 0 ), ( 3, 47, 623, 0, 0 ), ( 3, 47, 624, 0, 0 ), ( 3, 47, 625, 0, 0 ), ( 3, 47, 626, 0, 0 ), ( 3, 47, 627, 0, 0 ), ( 3, 47, 628, 0, 0 ), ( 3, 47, 629, 0, 0 ), ( 3, 47, 630, 0, 0 ), ( 3, 47, 631, 0, 0 ), ( 3, 47, 632, 0, 0 ), ( 3, 51, 633, 0, 0 ), ( 3, 51, 634, 0, 0 ), ( 3, 51, 635, 0, 0 ), ( 3, 51, 636, 0, 0 ), ( 3, 51, 637, 0, 0 ), ( 3, 51, 638, 0, 0 ), ( 3, 51, 639, 0, 0 ), ( 3, 4, 640, 0, 0 ), ( 3, 4, 641, 0, 0 ), ( 3, 4, 642, 0, 0 ), ( 3, 4, 643, 0, 0 ), ( 3, 4, 644, 0, 0 ), ( 3, 4, 645, 0, 0 ), ( 3, 4, 646, 0, 0 ), ( 3, 4, 647, 0, 0 ), ( 3, 4, 648, 0, 0 ), ( 3, 4, 649, 0, 0 ), ( 3, 4, 650, 0, 0 ), ( 3, 4, 651, 0, 0 ), ( 3, 2, 652, 0, 0 ), ( 3, 2, 653, 0, 0 ), ( 3, 2, 654, 0, 0 ), ( 3, 2, 655, 0, 0 ), ( 3, 2, 656, 0, 0 ), ( 3, 4, 657, 0, 0 ), ( 3, 4, 658, 0, 0 ), ( 3, 4, 659, 0, 0 ), ( 3, 4, 660, 0, 0 ), ( 3, 4, 661, 0, 0 ), ( 3, 4, 662, 0, 0 ), ( 3, 4, 663, 0, 0 ), ( 3, 4, 664, 0, 0 ), ( 3, 4, 665, 0, 0 ), ( 4, 6, 1, 0, 0 ), ( 4, 6, 2, 0, 0 ), ( 4, 6, 3, 0, 0 ), ( 4, 6, 4, 0, 0 ), ( 4, 6, 5, 0, 0 ), ( 4, 6, 6, 0, 0 ), ( 4, 6, 7, 0, 0 ), ( 4, 6, 8, 0, 0 ), ( 4, 6, 9, 0, 0 ), ( 4, 6, 10, 0, 0 ), ( 4, 6, 11, 0, 0 ), ( 4, 6, 12, 0, 0 ), ( 4, 6, 13, 0, 0 ), ( 4, 6, 14, 0, 0 ), ( 4, 6, 15, 0, 0 ), ( 4, 6, 16, 0, 0 ), ( 4, 6, 17, 0, 0 ), ( 4, 6, 18, 0, 0 ), ( 4, 6, 19, 0, 0 ), ( 4, 6, 20, 0, 0 ), ( 4, 6, 21, 0, 0 ), ( 4, 6, 22, 0, 0 ), ( 4, 6, 23, 0, 0 ), ( 4, 6, 24, 0, 0 ), ( 4, 6, 25, 0, 0 ), ( 4, 6, 26, 0, 0 ), ( 4, 6, 27, 0, 0 ), ( 4, 6, 28, 0, 0 ), ( 4, 6, 29, 0, 0 ), ( 4, 6, 30, 0, 0 ), ( 4, 6, 31, 0, 0 ), ( 4, 6, 32, 0, 0 ), ( 4, 6, 33, 0, 0 ), ( 4, 6, 34, 0, 0 ), ( 4, 6, 35, 0, 0 ), ( 4, 6, 36, 0, 0 ), ( 4, 7, 37, 0, 0 ), ( 4, 7, 38, 0, 0 ), ( 4, 7, 39, 0, 0 ), ( 4, 7, 40, 0, 0 ), ( 4, 7, 41, 0, 0 ), ( 4, 7, 42, 0, 0 ), ( 4, 7, 43, 0, 0 ), ( 4, 7, 44, 0, 0 ), ( 4, 7, 45, 0, 0 ), ( 4, 7, 46, 0, 0 ), ( 4, 7, 47, 0, 0 ), ( 4, 7, 48, 0, 0 ), ( 4, 7, 49, 0, 0 ), ( 4, 7, 50, 0, 0 ), ( 4, 7, 51, 0, 0 ), ( 4, 7, 52, 0, 0 ), ( 4, 7, 53, 0, 0 ), ( 4, 7, 54, 0, 0 ), ( 4, 7, 55, 0, 0 ), ( 4, 7, 56, 0, 0 ), ( 4, 7, 57, 0, 0 ), ( 4, 7, 58, 0, 0 ), ( 4, 7, 59, 0, 0 ), ( 4, 7, 60, 0, 0 ), ( 4, 7, 61, 0, 0 ), ( 4, 7, 62, 0, 0 ), ( 4, 7, 63, 0, 0 ), ( 4, 7, 64, 0, 0 ), ( 4, 7, 65, 0, 0 ), ( 4, 4, 66, 0, 0 ), ( 4, 4, 67, 0, 0 ), ( 4, 4, 68, 0, 0 ), ( 4, 4, 69, 0, 0 ), ( 4, 4, 70, 0, 0 ), ( 4, 4, 71, 0, 0 ), ( 4, 4, 72, 0, 0 ), ( 4, 4, 73, 0, 0 ), ( 4, 4, 74, 0, 0 ), ( 4, 4, 75, 0, 0 ), ( 4, 4, 76, 0, 0 ), ( 4, 4, 77, 0, 0 ), ( 4, 4, 78, 0, 0 ), ( 4, 4, 79, 0, 0 ), ( 4, 4, 80, 0, 0 ), ( 4, 4, 81, 0, 0 ), ( 4, 4, 82, 0, 0 ), ( 4, 4, 83, 0, 0 ), ( 4, 4, 84, 0, 0 ), ( 4, 4, 85, 0, 0 ), ( 4, 4, 86, 0, 0 ), ( 4, 4, 87, 0, 0 ), ( 4, 4, 88, 0, 0 ), ( 4, 4, 89, 0, 0 ), ( 4, 4, 90, 0, 0 ), ( 4, 4, 91, 0, 0 ), ( 4, 4, 92, 0, 0 ), ( 4, 4, 93, 0, 0 ), ( 4, 4, 94, 0, 0 ), ( 4, 4, 95, 0, 0 ), ( 4, 4, 96, 0, 0 ), ( 4, 4, 97, 0, 0 ), ( 4, 4, 98, 0, 0 ), ( 4, 4, 99, 0, 0 ), ( 4, 4, 100, 0, 0 ), ( 4, 4, 101, 0, 0 ), ( 4, 4, 102, 0, 0 ), ( 4, 4, 103, 0, 0 ), ( 4, 4, 104, 0, 0 ), ( 4, 4, 105, 0, 0 ), ( 4, 4, 106, 0, 0 ), ( 4, 4, 107, 0, 0 ), ( 4, 4, 108, 0, 0 ), ( 4, 4, 109, 0, 0 ), ( 4, 2, 110, 0, 0 ), ( 4, 2, 111, 0, 0 ), ( 4, 2, 112, 0, 0 ), ( 4, 2, 113, 0, 0 ), ( 4, 2, 114, 0, 0 ), ( 4, 2, 115, 0, 0 ), ( 4, 2, 116, 0, 0 ), ( 4, 2, 117, 0, 0 ), ( 4, 2, 118, 0, 0 ), ( 4, 2, 119, 0, 0 ), ( 4, 2, 120, 0, 0 ), ( 4, 2, 121, 0, 0 ), ( 4, 2, 122, 0, 0 ), ( 4, 2, 123, 0, 0 ), ( 4, 2, 124, 0, 0 ), ( 4, 2, 125, 0, 0 ), ( 4, 26, 126, 0, 0 ), ( 4, 26, 127, 0, 0 ), ( 4, 26, 128, 0, 0 ), ( 4, 26, 129, 0, 0 ), ( 4, 26, 130, 0, 0 ), ( 4, 26, 131, 0, 0 ), ( 4, 26, 132, 0, 0 ), ( 4, 26, 133, 0, 0 ), ( 4, 26, 134, 0, 0 ), ( 4, 26, 135, 0, 0 ), ( 4, 26, 136, 0, 0 ), ( 4, 26, 137, 0, 0 ), ( 4, 26, 138, 0, 0 ), ( 4, 26, 139, 0, 0 ), ( 4, 26, 140, 0, 0 ), ( 4, 26, 141, 0, 0 ), ( 4, 26, 142, 0, 0 ), ( 4, 26, 143, 0, 0 ), ( 4, 26, 144, 0, 0 ), ( 4, 26, 145, 0, 0 ), ( 4, 26, 146, 0, 0 ), ( 4, 26, 147, 0, 0 ), ( 4, 26, 148, 0, 0 ), ( 4, 26, 149, 0, 0 ), ( 4, 26, 150, 0, 0 ), ( 4, 4, 151, 0, 0 ), ( 4, 6, 152, 0, 0 ), ( 4, 7, 153, 0, 0 ), ( 4, 26, 154, 0, 0 ), ( 4, 13, 155, 0, 0 ), ( 4, 13, 156, 0, 0 ), ( 4, 13, 157, 0, 0 ), ( 4, 13, 158, 0, 0 ), ( 4, 13, 159, 0, 0 ), ( 4, 13, 160, 0, 0 ), ( 4, 13, 161, 0, 0 ), ( 4, 13, 162, 0, 0 ), ( 4, 13, 163, 0, 0 ), ( 4, 13, 164, 0, 0 ), ( 4, 13, 165, 0, 0 ), ( 4, 13, 166, 0, 0 ), ( 4, 13, 167, 0, 0 ), ( 4, 13, 168, 0, 0 ), ( 4, 13, 169, 0, 0 ), ( 4, 13, 170, 0, 0 ), ( 4, 13, 171, 0, 0 ), ( 4, 13, 172, 0, 0 ), ( 4, 13, 173, 0, 0 ), ( 4, 14, 174, 0, 0 ), ( 4, 14, 175, 0, 0 ), ( 4, 14, 176, 0, 0 ), ( 4, 14, 177, 0, 0 ), ( 4, 14, 178, 0, 0 ), ( 4, 14, 179, 0, 0 ), ( 4, 14, 180, 0, 0 ), ( 4, 14, 181, 0, 0 ), ( 4, 14, 182, 0, 0 ), ( 4, 14, 183, 0, 0 ), ( 4, 14, 184, 0, 0 ), ( 4, 14, 185, 0, 0 ), ( 4, 14, 186, 0, 0 ), ( 4, 14, 187, 0, 0 ), ( 4, 14, 188, 0, 0 ), ( 4, 14, 189, 0, 0 ), ( 4, 14, 190, 0, 0 ), ( 4, 14, 191, 0, 0 ), ( 4, 14, 192, 0, 0 ), ( 4, 14, 193, 0, 0 ), ( 4, 14, 194, 0, 0 ), ( 4, 14, 195, 0, 0 ), ( 4, 14, 196, 0, 0 ), ( 4, 14, 197, 0, 0 ), ( 4, 14, 198, 0, 0 ), ( 4, 14, 199, 0, 0 ), ( 4, 14, 200, 0, 0 ), ( 4, 14, 201, 0, 0 ), ( 4, 14, 202, 0, 0 ), ( 4, 14, 203, 0, 0 ), ( 4, 14, 204, 0, 0 ), ( 4, 8, 205, 0, 0 ), ( 4, 8, 206, 0, 0 ), ( 4, 8, 207, 0, 0 ), ( 4, 8, 208, 0, 0 ), ( 4, 8, 209, 0, 0 ), ( 4, 8, 210, 0, 0 ), ( 4, 8, 211, 0, 0 ), ( 4, 8, 212, 0, 0 ), ( 4, 8, 213, 0, 0 ), ( 4, 8, 214, 0, 0 ), ( 4, 8, 215, 0, 0 ), ( 4, 8, 216, 0, 0 ), ( 4, 8, 217, 0, 0 ), ( 4, 8, 218, 0, 0 ), ( 4, 8, 219, 0, 0 ), ( 4, 10, 220, 0, 0 ), ( 4, 10, 221, 0, 0 ), ( 4, 10, 222, 0, 0 ), ( 4, 10, 223, 0, 0 ), ( 4, 10, 224, 0, 0 ), ( 4, 10, 225, 0, 0 ), ( 4, 10, 226, 0, 0 ), ( 4, 10, 227, 0, 0 ), ( 4, 10, 228, 0, 0 ), ( 4, 10, 229, 0, 0 ), ( 4, 10, 230, 0, 0 ), ( 4, 10, 231, 0, 0 ), ( 4, 9, 232, 0, 0 ), ( 4, 9, 233, 0, 0 ), ( 4, 9, 234, 0, 0 ), ( 4, 9, 235, 0, 0 ), ( 4, 9, 236, 0, 0 ), ( 4, 9, 237, 0, 0 ), ( 4, 9, 238, 0, 0 ), ( 4, 9, 239, 0, 0 ), ( 4, 9, 240, 0, 0 ), ( 4, 9, 241, 0, 0 ), ( 4, 9, 242, 0, 0 ), ( 4, 9, 243, 0, 0 ), ( 4, 9, 244, 0, 0 ), ( 4, 9, 245, 0, 0 ), ( 4, 9, 246, 0, 0 ), ( 4, 9, 247, 0, 0 ), ( 4, 9, 248, 0, 0 ), ( 4, 9, 249, 0, 0 ), ( 4, 9, 250, 0, 0 ), ( 4, 9, 251, 0, 0 ), ( 4, 9, 252, 0, 0 ), ( 4, 9, 253, 0, 0 ), ( 4, 9, 254, 0, 0 ), ( 4, 9, 255, 0, 0 ), ( 4, 16, 256, 0, 0 ), ( 4, 16, 257, 0, 0 ), ( 4, 16, 258, 0, 0 ), ( 4, 16, 259, 0, 0 ), ( 4, 16, 260, 0, 0 ), ( 4, 16, 261, 0, 0 ), ( 4, 16, 262, 0, 0 ), ( 4, 16, 263, 0, 0 ), ( 4, 16, 264, 0, 0 ), ( 4, 16, 265, 0, 0 ), ( 4, 16, 266, 0, 0 ), ( 4, 16, 267, 0, 0 ), ( 4, 16, 268, 0, 0 ), ( 4, 16, 269, 0, 0 ), ( 4, 16, 270, 0, 0 ), ( 4, 16, 271, 0, 0 ), ( 4, 16, 272, 0, 0 ), ( 4, 16, 273, 0, 0 ), ( 4, 16, 274, 0, 0 ), ( 4, 16, 275, 0, 0 ), ( 4, 16, 276, 0, 0 ), ( 4, 16, 277, 0, 0 ), ( 4, 16, 278, 0, 0 ), ( 4, 15, 279, 0, 0 ), ( 4, 15, 280, 0, 0 ), ( 4, 15, 281, 0, 0 ), ( 4, 15, 282, 0, 0 ), ( 4, 15, 283, 0, 0 ), ( 4, 15, 284, 0, 0 ), ( 4, 15, 285, 0, 0 ), ( 4, 15, 286, 0, 0 ), ( 4, 15, 287, 0, 0 ), ( 4, 15, 288, 0, 0 ), ( 4, 18, 289, 0, 0 ), ( 4, 18, 290, 0, 0 ), ( 4, 18, 291, 0, 0 ), ( 4, 18, 292, 0, 0 ), ( 4, 18, 293, 0, 0 ), ( 4, 18, 294, 0, 0 ), ( 4, 18, 295, 0, 0 ), ( 4, 18, 296, 0, 0 ), ( 4, 18, 297, 0, 0 ), ( 4, 18, 298, 0, 0 ), ( 4, 18, 299, 0, 0 ), ( 4, 18, 300, 0, 0 ), ( 4, 18, 301, 0, 0 ), ( 4, 18, 302, 0, 0 ), ( 4, 18, 303, 0, 0 ), ( 4, 18, 304, 0, 0 ), ( 4, 18, 305, 0, 0 ), ( 4, 19, 306, 0, 0 ), ( 4, 19, 307, 0, 0 ), ( 4, 19, 308, 0, 0 ), ( 4, 19, 309, 0, 0 ), ( 4, 19, 310, 0, 0 ), ( 4, 19, 311, 0, 0 ), ( 4, 19, 312, 0, 0 ), ( 4, 19, 313, 0, 0 ), ( 4, 20, 314, 0, 0 ), ( 4, 20, 315, 0, 0 ), ( 4, 20, 316, 0, 0 ), ( 4, 20, 317, 0, 0 ), ( 4, 20, 318, 0, 0 ), ( 4, 20, 319, 0, 0 ), ( 4, 20, 320, 0, 0 ), ( 4, 20, 321, 0, 0 ), ( 4, 20, 322, 0, 0 ), ( 4, 20, 323, 0, 0 ), ( 4, 20, 324, 0, 0 ), ( 4, 20, 325, 0, 0 ), ( 4, 20, 326, 0, 0 ), ( 4, 20, 327, 0, 0 ), ( 4, 20, 328, 0, 0 ), ( 4, 20, 329, 0, 0 ), ( 4, 20, 330, 0, 0 ), ( 4, 20, 331, 0, 0 ), ( 4, 20, 332, 0, 0 ), ( 4, 20, 333, 0, 0 ), ( 4, 20, 334, 0, 0 ), ( 4, 20, 335, 0, 0 ), ( 4, 20, 336, 0, 0 ), ( 4, 20, 337, 0, 0 ), ( 4, 20, 338, 0, 0 ), ( 4, 20, 339, 0, 0 ), ( 4, 20, 340, 0, 0 ), ( 4, 20, 341, 0, 0 ), ( 4, 20, 342, 0, 0 ), ( 4, 20, 343, 0, 0 ), ( 4, 20, 344, 0, 0 ), ( 4, 20, 345, 0, 0 ), ( 4, 20, 346, 0, 0 ), ( 4, 20, 347, 0, 0 ), ( 4, 20, 348, 0, 0 ), ( 4, 20, 349, 0, 0 ), ( 4, 20, 350, 0, 0 ), ( 4, 21, 351, 0, 0 ), ( 4, 21, 352, 0, 0 ), ( 4, 21, 353, 0, 0 ), ( 4, 21, 354, 0, 0 ), ( 4, 21, 355, 0, 0 ), ( 4, 21, 356, 0, 0 ), ( 4, 21, 357, 0, 0 ), ( 4, 21, 358, 0, 0 ), ( 4, 21, 359, 0, 0 ), ( 4, 21, 360, 0, 0 ), ( 4, 21, 361, 0, 0 ), ( 4, 21, 362, 0, 0 ), ( 4, 21, 363, 0, 0 ), ( 4, 21, 364, 0, 0 ), ( 4, 21, 365, 0, 0 ), ( 4, 21, 366, 0, 0 ), ( 4, 21, 367, 0, 0 ), ( 4, 21, 368, 0, 0 ), ( 4, 21, 369, 0, 0 ), ( 4, 21, 370, 0, 0 ), ( 4, 21, 371, 0, 0 ), ( 4, 21, 372, 0, 0 ), ( 4, 21, 373, 0, 0 ), ( 4, 21, 374, 0, 0 ), ( 4, 21, 375, 0, 0 ), ( 4, 21, 376, 0, 0 ), ( 4, 21, 377, 0, 0 ), ( 4, 21, 378, 0, 0 ), ( 4, 21, 379, 0, 0 ), ( 4, 21, 380, 0, 0 ), ( 4, 21, 381, 0, 0 ), ( 4, 21, 382, 0, 0 ), ( 4, 21, 383, 0, 0 ), ( 4, 21, 384, 0, 0 ), ( 4, 21, 385, 0, 0 ), ( 4, 21, 386, 0, 0 ), ( 4, 21, 387, 0, 0 ), ( 4, 21, 388, 0, 0 ), ( 4, 22, 389, 0, 0 ), ( 4, 22, 390, 0, 0 ), ( 4, 22, 391, 0, 0 ), ( 4, 22, 392, 0, 0 ), ( 4, 22, 393, 0, 0 ), ( 4, 22, 394, 0, 0 ), ( 4, 22, 395, 0, 0 ), ( 4, 22, 396, 0, 0 ), ( 4, 22, 397, 0, 0 ), ( 4, 22, 398, 0, 0 ), ( 4, 22, 399, 0, 0 ), ( 4, 22, 400, 0, 0 ), ( 4, 22, 401, 0, 0 ), ( 4, 22, 402, 0, 0 ), ( 4, 22, 403, 0, 0 ), ( 4, 22, 404, 0, 0 ), ( 4, 22, 405, 0, 0 ), ( 4, 22, 406, 0, 0 ), ( 4, 22, 407, 0, 0 ), ( 4, 22, 408, 0, 0 ), ( 4, 22, 409, 0, 0 ), ( 4, 22, 410, 0, 0 ), ( 4, 22, 411, 0, 0 ), ( 4, 22, 412, 0, 0 ), ( 4, 22, 413, 0, 0 ), ( 4, 22, 414, 0, 0 ), ( 4, 22, 415, 0, 0 ), ( 4, 22, 416, 0, 0 ), ( 4, 22, 417, 0, 0 ), ( 4, 22, 418, 0, 0 ), ( 4, 22, 419, 0, 0 ), ( 4, 22, 420, 0, 0 ), ( 4, 22, 421, 0, 0 ), ( 4, 22, 422, 0, 0 ), ( 4, 22, 423, 0, 0 ), ( 4, 22, 424, 0, 0 ), ( 4, 22, 425, 0, 0 ), ( 4, 22, 426, 0, 0 ), ( 4, 22, 427, 0, 0 ), ( 4, 22, 428, 0, 0 ), ( 4, 22, 429, 0, 0 ), ( 4, 22, 430, 0, 0 ), ( 4, 22, 431, 0, 0 ), ( 4, 22, 432, 0, 0 ), ( 4, 22, 433, 0, 0 ), ( 4, 22, 434, 0, 0 ), ( 4, 22, 435, 0, 0 ), ( 4, 23, 436, 0, 0 ), ( 4, 23, 437, 0, 0 ), ( 4, 23, 438, 0, 0 ), ( 4, 23, 439, 0, 0 ), ( 4, 23, 440, 0, 0 ), ( 4, 23, 441, 0, 0 ), ( 4, 23, 442, 0, 0 ), ( 4, 23, 443, 0, 0 ), ( 4, 23, 444, 0, 0 ), ( 4, 23, 445, 0, 0 ), ( 4, 23, 446, 0, 0 ), ( 4, 23, 447, 0, 0 ), ( 4, 23, 448, 0, 0 ), ( 4, 23, 449, 0, 0 ), ( 4, 23, 450, 0, 0 ), ( 4, 23, 451, 0, 0 ), ( 4, 23, 452, 0, 0 ), ( 4, 23, 453, 0, 0 ), ( 4, 23, 454, 0, 0 ), ( 4, 23, 455, 0, 0 ), ( 4, 23, 456, 0, 0 ), ( 4, 23, 457, 0, 0 ), ( 4, 23, 458, 0, 0 ), ( 4, 23, 459, 0, 0 ), ( 4, 23, 460, 0, 0 ), ( 4, 23, 461, 0, 0 ), ( 4, 23, 462, 0, 0 ), ( 4, 23, 463, 0, 0 ), ( 4, 23, 464, 0, 0 ), ( 4, 23, 465, 0, 0 ), ( 4, 23, 466, 0, 0 ), ( 4, 23, 467, 0, 0 ), ( 4, 23, 468, 0, 0 ), ( 4, 23, 469, 0, 0 ), ( 4, 23, 470, 0, 0 ), ( 4, 23, 471, 0, 0 ), ( 4, 23, 472, 0, 0 ), ( 4, 23, 473, 0, 0 ), ( 4, 23, 474, 0, 0 ), ( 4, 10, 519, 0, 0 ), ( 4, 10, 520, 0, 0 ), ( 4, 10, 521, 0, 0 ), ( 4, 10, 522, 0, 0 ), ( 4, 10, 523, 0, 0 ), ( 4, 10, 524, 0, 0 ), ( 4, 30, 525, 0, 0 ), ( 4, 30, 526, 0, 0 ), ( 4, 30, 527, 0, 0 ), ( 4, 30, 528, 0, 0 ), ( 4, 30, 529, 0, 0 ), ( 4, 30, 530, 0, 0 ), ( 4, 30, 531, 0, 0 ), ( 4, 30, 532, 0, 0 ), ( 4, 30, 533, 0, 0 ), ( 4, 30, 534, 0, 0 ), ( 4, 30, 535, 0, 0 ), ( 4, 30, 536, 0, 0 ), ( 4, 30, 537, 0, 0 ), ( 4, 30, 538, 0, 0 ), ( 4, 30, 539, 0, 0 ), ( 4, 30, 540, 0, 0 ), ( 4, 30, 541, 0, 0 ), ( 4, 30, 542, 0, 0 ), ( 4, 30, 543, 0, 0 ), ( 4, 39, 544, 0, 0 ), ( 4, 39, 545, 0, 0 ), ( 4, 39, 546, 0, 0 ), ( 4, 39, 547, 0, 0 ), ( 4, 40, 550, 0, 0 ), ( 4, 40, 551, 0, 0 ), ( 4, 40, 552, 0, 0 ), ( 4, 40, 553, 0, 0 ), ( 4, 40, 554, 0, 0 ), ( 4, 40, 555, 0, 0 ), ( 4, 40, 556, 0, 0 ), ( 4, 40, 557, 0, 0 ), ( 4, 40, 558, 0, 0 ), ( 4, 40, 559, 0, 0 ), ( 4, 40, 560, 0, 0 ), ( 4, 40, 561, 0, 0 ), ( 4, 40, 562, 0, 0 ), ( 4, 40, 563, 0, 0 ), ( 4, 40, 564, 0, 0 ), ( 4, 40, 565, 0, 0 ), ( 4, 40, 566, 0, 0 ), ( 4, 40, 567, 0, 0 ), ( 4, 40, 568, 0, 0 ), ( 4, 41, 569, 0, 0 ), ( 4, 41, 570, 0, 0 ), ( 4, 41, 571, 0, 0 ), ( 4, 41, 572, 0, 0 ), ( 4, 41, 573, 0, 0 ), ( 4, 43, 574, 0, 0 ), ( 4, 43, 575, 0, 0 ), ( 4, 43, 576, 0, 0 ), ( 4, 43, 577, 0, 0 ), ( 4, 43, 578, 0, 0 ), ( 4, 43, 579, 0, 0 ), ( 4, 43, 580, 0, 0 ), ( 4, 43, 581, 0, 0 ), ( 4, 43, 582, 0, 0 ), ( 4, 43, 583, 0, 0 ), ( 4, 43, 584, 0, 0 ), ( 4, 43, 585, 0, 0 ), ( 4, 43, 586, 0, 0 ), ( 4, 43, 587, 0, 0 ), ( 4, 43, 588, 0, 0 ), ( 4, 43, 589, 0, 0 ), ( 4, 43, 590, 0, 0 ), ( 4, 45, 591, 0, 0 ), ( 4, 45, 592, 0, 0 ), ( 4, 45, 593, 0, 0 ), ( 4, 45, 594, 0, 0 ), ( 4, 45, 595, 0, 0 ), ( 4, 45, 596, 0, 0 ), ( 4, 45, 597, 0, 0 ), ( 4, 45, 598, 0, 0 ), ( 4, 45, 599, 0, 0 ), ( 4, 45, 600, 0, 0 ), ( 4, 46, 601, 0, 0 ), ( 4, 46, 602, 0, 0 ), ( 4, 46, 603, 0, 0 ), ( 4, 46, 604, 0, 0 ), ( 4, 46, 605, 0, 0 ), ( 4, 46, 606, 0, 0 ), ( 4, 46, 607, 0, 0 ), ( 4, 46, 608, 0, 0 ), ( 4, 46, 609, 0, 0 ), ( 4, 46, 610, 0, 0 ), ( 4, 46, 611, 0, 0 ), ( 4, 46, 612, 0, 0 ), ( 4, 46, 613, 0, 0 ), ( 4, 46, 614, 0, 0 ), ( 4, 46, 615, 0, 0 ), ( 4, 47, 616, 0, 0 ), ( 4, 47, 617, 0, 0 ), ( 4, 47, 618, 0, 0 ), ( 4, 47, 619, 0, 0 ), ( 4, 47, 620, 0, 0 ), ( 4, 47, 621, 0, 0 ), ( 4, 47, 622, 0, 0 ), ( 4, 47, 623, 0, 0 ), ( 4, 47, 624, 0, 0 ), ( 4, 47, 625, 0, 0 ), ( 4, 47, 626, 0, 0 ), ( 4, 47, 627, 0, 0 ), ( 4, 47, 628, 0, 0 ), ( 4, 47, 629, 0, 0 ), ( 4, 47, 630, 0, 0 ), ( 4, 47, 631, 0, 0 ), ( 4, 47, 632, 0, 0 ), ( 4, 51, 633, 0, 0 ), ( 4, 51, 634, 0, 0 ), ( 4, 51, 635, 0, 0 ), ( 4, 51, 636, 0, 0 ), ( 4, 51, 637, 0, 0 ), ( 4, 51, 638, 0, 0 ), ( 4, 51, 639, 0, 0 ), ( 4, 4, 640, 0, 0 ), ( 4, 4, 641, 0, 0 ), ( 4, 4, 642, 0, 0 ), ( 4, 4, 643, 0, 0 ), ( 4, 4, 644, 0, 0 ), ( 4, 4, 645, 0, 0 ), ( 4, 4, 646, 0, 0 ), ( 4, 4, 647, 0, 0 ), ( 4, 4, 648, 0, 0 ), ( 4, 4, 649, 0, 0 ), ( 4, 4, 650, 0, 0 ), ( 4, 4, 651, 0, 0 ), ( 4, 2, 652, 0, 0 ), ( 4, 2, 653, 0, 0 ), ( 4, 2, 654, 0, 0 ), ( 4, 2, 655, 0, 0 ), ( 4, 2, 656, 0, 0 ), ( 4, 4, 657, 0, 0 ), ( 4, 4, 658, 0, 0 ), ( 4, 4, 659, 0, 0 ), ( 4, 4, 660, 0, 0 ), ( 4, 4, 661, 0, 0 ), ( 4, 4, 662, 0, 0 ), ( 4, 4, 663, 0, 0 ), ( 4, 4, 664, 0, 0 ), ( 4, 4, 665, 0, 0 ), ( 5, 6, 1, 0, 0 ), ( 5, 6, 2, 0, 0 ), ( 5, 6, 3, 0, 0 ), ( 5, 6, 4, 0, 0 ), ( 5, 6, 5, 0, 0 ), ( 5, 6, 6, 0, 0 ), ( 5, 6, 7, 0, 0 ), ( 5, 6, 8, 0, 0 ), ( 5, 6, 9, 0, 0 ), ( 5, 6, 10, 0, 0 ), ( 5, 6, 11, 0, 0 ), ( 5, 6, 12, 0, 0 ), ( 5, 6, 13, 0, 0 ), ( 5, 6, 14, 0, 0 ), ( 5, 6, 15, 0, 0 ), ( 5, 6, 16, 0, 0 ), ( 5, 6, 17, 0, 0 ), ( 5, 6, 18, 0, 0 ), ( 5, 6, 19, 0, 0 ), ( 5, 6, 20, 0, 0 ), ( 5, 6, 21, 0, 0 ), ( 5, 6, 22, 0, 0 ), ( 5, 6, 23, 0, 0 ), ( 5, 6, 24, 0, 0 ), ( 5, 6, 25, 0, 0 ), ( 5, 6, 26, 0, 0 ), ( 5, 6, 27, 0, 0 ), ( 5, 6, 28, 0, 0 ), ( 5, 6, 29, 0, 0 ), ( 5, 6, 30, 0, 0 ), ( 5, 6, 31, 0, 0 ), ( 5, 6, 32, 0, 0 ), ( 5, 6, 33, 0, 0 ), ( 5, 6, 34, 0, 0 ), ( 5, 6, 35, 0, 0 ), ( 5, 6, 36, 0, 0 ), ( 5, 7, 37, 0, 0 ), ( 5, 7, 38, 0, 0 ), ( 5, 7, 39, 0, 0 ), ( 5, 7, 40, 0, 0 ), ( 5, 7, 41, 0, 0 ), ( 5, 7, 42, 0, 0 ), ( 5, 7, 43, 0, 0 ), ( 5, 7, 44, 0, 0 ), ( 5, 7, 45, 0, 0 ), ( 5, 7, 46, 0, 0 ), ( 5, 7, 47, 0, 0 ), ( 5, 7, 48, 0, 0 ), ( 5, 7, 49, 0, 0 ), ( 5, 7, 50, 0, 0 ), ( 5, 7, 51, 0, 0 ), ( 5, 7, 52, 0, 0 ), ( 5, 7, 53, 0, 0 ), ( 5, 7, 54, 0, 0 ), ( 5, 7, 55, 0, 0 ), ( 5, 7, 56, 0, 0 ), ( 5, 7, 57, 0, 0 ), ( 5, 7, 58, 0, 0 ), ( 5, 7, 59, 0, 0 ), ( 5, 7, 60, 0, 0 ), ( 5, 7, 61, 0, 0 ), ( 5, 7, 62, 0, 0 ), ( 5, 7, 63, 0, 0 ), ( 5, 7, 64, 0, 0 ), ( 5, 7, 65, 0, 0 ), ( 5, 4, 66, 0, 0 ), ( 5, 4, 67, 0, 0 ), ( 5, 4, 68, 0, 0 ), ( 5, 4, 69, 0, 0 ), ( 5, 4, 70, 0, 0 ), ( 5, 4, 71, 0, 0 ), ( 5, 4, 72, 0, 0 ), ( 5, 4, 73, 0, 0 ), ( 5, 4, 74, 0, 0 ), ( 5, 4, 75, 0, 0 ), ( 5, 4, 76, 0, 0 ), ( 5, 4, 77, 0, 0 ), ( 5, 4, 78, 0, 0 ), ( 5, 4, 79, 0, 0 ), ( 5, 4, 80, 0, 0 ), ( 5, 4, 81, 0, 0 ), ( 5, 4, 82, 0, 0 ), ( 5, 4, 83, 0, 0 ), ( 5, 4, 84, 0, 0 ), ( 5, 4, 85, 0, 0 ), ( 5, 4, 86, 0, 0 ), ( 5, 4, 87, 0, 0 ), ( 5, 4, 88, 0, 0 ), ( 5, 4, 89, 0, 0 ), ( 5, 4, 90, 0, 0 ), ( 5, 4, 91, 0, 0 ), ( 5, 4, 92, 0, 0 ), ( 5, 4, 93, 0, 0 ), ( 5, 4, 94, 0, 0 ), ( 5, 4, 95, 0, 0 ), ( 5, 4, 96, 0, 0 ), ( 5, 4, 97, 0, 0 ), ( 5, 4, 98, 0, 0 ), ( 5, 4, 99, 0, 0 ), ( 5, 4, 100, 0, 0 ), ( 5, 4, 101, 0, 0 ), ( 5, 4, 102, 0, 0 ), ( 5, 4, 103, 0, 0 ), ( 5, 4, 104, 0, 0 ), ( 5, 4, 105, 0, 0 ), ( 5, 4, 106, 0, 0 ), ( 5, 4, 107, 0, 0 ), ( 5, 4, 108, 0, 0 ), ( 5, 4, 109, 0, 0 ), ( 5, 2, 110, 0, 0 ), ( 5, 2, 111, 0, 0 ), ( 5, 2, 112, 0, 0 ), ( 5, 2, 113, 0, 0 ), ( 5, 2, 114, 0, 0 ), ( 5, 2, 115, 0, 0 ), ( 5, 2, 116, 0, 0 ), ( 5, 2, 117, 0, 0 ), ( 5, 2, 118, 0, 0 ), ( 5, 2, 119, 0, 0 ), ( 5, 2, 120, 0, 0 ), ( 5, 2, 121, 0, 0 ), ( 5, 2, 122, 0, 0 ), ( 5, 2, 123, 0, 0 ), ( 5, 2, 124, 0, 0 ), ( 5, 2, 125, 0, 0 ), ( 5, 26, 126, 0, 0 ), ( 5, 26, 127, 0, 0 ), ( 5, 26, 128, 0, 0 ), ( 5, 26, 129, 0, 0 ), ( 5, 26, 130, 0, 0 ), ( 5, 26, 131, 0, 0 ), ( 5, 26, 132, 0, 0 ), ( 5, 26, 133, 0, 0 ), ( 5, 26, 134, 0, 0 ), ( 5, 26, 135, 0, 0 ), ( 5, 26, 136, 0, 0 ), ( 5, 26, 137, 0, 0 ), ( 5, 26, 138, 0, 0 ), ( 5, 26, 139, 0, 0 ), ( 5, 26, 140, 0, 0 ), ( 5, 26, 141, 0, 0 ), ( 5, 26, 142, 0, 0 ), ( 5, 26, 143, 0, 0 ), ( 5, 26, 144, 0, 0 ), ( 5, 26, 145, 0, 0 ), ( 5, 26, 146, 0, 0 ), ( 5, 26, 147, 0, 0 ), ( 5, 26, 148, 0, 0 ), ( 5, 26, 149, 0, 0 ), ( 5, 26, 150, 0, 0 ), ( 5, 4, 151, 0, 0 ), ( 5, 6, 152, 0, 0 ), ( 5, 7, 153, 0, 0 ), ( 5, 26, 154, 0, 0 ), ( 5, 13, 155, 0, 0 ), ( 5, 13, 156, 0, 0 ), ( 5, 13, 157, 0, 0 ), ( 5, 13, 158, 0, 0 ), ( 5, 13, 159, 0, 0 ), ( 5, 13, 160, 0, 0 ), ( 5, 13, 161, 0, 0 ), ( 5, 13, 162, 0, 0 ), ( 5, 13, 163, 0, 0 ), ( 5, 13, 164, 0, 0 ), ( 5, 13, 165, 0, 0 ), ( 5, 13, 166, 0, 0 ), ( 5, 13, 167, 0, 0 ), ( 5, 13, 168, 0, 0 ), ( 5, 13, 169, 0, 0 ), ( 5, 13, 170, 0, 0 ), ( 5, 13, 171, 0, 0 ), ( 5, 13, 172, 0, 0 ), ( 5, 13, 173, 0, 0 ), ( 5, 14, 174, 0, 0 ), ( 5, 14, 175, 0, 0 ), ( 5, 14, 176, 0, 0 ), ( 5, 14, 177, 0, 0 ), ( 5, 14, 178, 0, 0 ), ( 5, 14, 179, 0, 0 ), ( 5, 14, 180, 0, 0 ), ( 5, 14, 181, 0, 0 ), ( 5, 14, 182, 0, 0 ), ( 5, 14, 183, 0, 0 ), ( 5, 14, 184, 0, 0 ), ( 5, 14, 185, 0, 0 ), ( 5, 14, 186, 0, 0 ), ( 5, 14, 187, 0, 0 ), ( 5, 14, 188, 0, 0 ), ( 5, 14, 189, 0, 0 ), ( 5, 14, 190, 0, 0 ), ( 5, 14, 191, 0, 0 ), ( 5, 14, 192, 0, 0 ), ( 5, 14, 193, 0, 0 ), ( 5, 14, 194, 0, 0 ), ( 5, 14, 195, 0, 0 ), ( 5, 14, 196, 0, 0 ), ( 5, 14, 197, 0, 0 ), ( 5, 14, 198, 0, 0 ), ( 5, 14, 199, 0, 0 ), ( 5, 14, 200, 0, 0 ), ( 5, 14, 201, 0, 0 ), ( 5, 14, 202, 0, 0 ), ( 5, 14, 203, 0, 0 ), ( 5, 14, 204, 0, 0 ), ( 5, 8, 205, 0, 0 ), ( 5, 8, 206, 0, 0 ), ( 5, 8, 207, 0, 0 ), ( 5, 8, 208, 0, 0 ), ( 5, 8, 209, 0, 0 ), ( 5, 8, 210, 0, 0 ), ( 5, 8, 211, 0, 0 ), ( 5, 8, 212, 0, 0 ), ( 5, 8, 213, 0, 0 ), ( 5, 8, 214, 0, 0 ), ( 5, 8, 215, 0, 0 ), ( 5, 8, 216, 0, 0 ), ( 5, 8, 217, 0, 0 ), ( 5, 8, 218, 0, 0 ), ( 5, 8, 219, 0, 0 ), ( 5, 10, 220, 0, 0 ), ( 5, 10, 221, 0, 0 ), ( 5, 10, 222, 0, 0 ), ( 5, 10, 223, 0, 0 ), ( 5, 10, 224, 0, 0 ), ( 5, 10, 225, 0, 0 ), ( 5, 10, 226, 0, 0 ), ( 5, 10, 227, 0, 0 ), ( 5, 10, 228, 0, 0 ), ( 5, 10, 229, 0, 0 ), ( 5, 10, 230, 0, 0 ), ( 5, 10, 231, 0, 0 ), ( 5, 9, 232, 0, 0 ), ( 5, 9, 233, 0, 0 ), ( 5, 9, 234, 0, 0 ), ( 5, 9, 235, 0, 0 ), ( 5, 9, 236, 0, 0 ), ( 5, 9, 237, 0, 0 ), ( 5, 9, 238, 0, 0 ), ( 5, 9, 239, 0, 0 ), ( 5, 9, 240, 0, 0 ), ( 5, 9, 241, 0, 0 ), ( 5, 9, 242, 0, 0 ), ( 5, 9, 243, 0, 0 ), ( 5, 9, 244, 0, 0 ), ( 5, 9, 245, 0, 0 ), ( 5, 9, 246, 0, 0 ), ( 5, 9, 247, 0, 0 ), ( 5, 9, 248, 0, 0 ), ( 5, 9, 249, 0, 0 ), ( 5, 9, 250, 0, 0 ), ( 5, 9, 251, 0, 0 ), ( 5, 9, 252, 0, 0 ), ( 5, 9, 253, 0, 0 ), ( 5, 9, 254, 0, 0 ), ( 5, 9, 255, 0, 0 ), ( 5, 16, 256, 0, 0 ), ( 5, 16, 257, 0, 0 ), ( 5, 16, 258, 0, 0 ), ( 5, 16, 259, 0, 0 ), ( 5, 16, 260, 0, 0 ), ( 5, 16, 261, 0, 0 ), ( 5, 16, 262, 0, 0 ), ( 5, 16, 263, 0, 0 ), ( 5, 16, 264, 0, 0 ), ( 5, 16, 265, 0, 0 ), ( 5, 16, 266, 0, 0 ), ( 5, 16, 267, 0, 0 ), ( 5, 16, 268, 0, 0 ), ( 5, 16, 269, 0, 0 ), ( 5, 16, 270, 0, 0 ), ( 5, 16, 271, 0, 0 ), ( 5, 16, 272, 0, 0 ), ( 5, 16, 273, 0, 0 ), ( 5, 16, 274, 0, 0 ), ( 5, 16, 275, 0, 0 ), ( 5, 16, 276, 0, 0 ), ( 5, 16, 277, 0, 0 ), ( 5, 16, 278, 0, 0 ), ( 5, 15, 279, 0, 0 ), ( 5, 15, 280, 0, 0 ), ( 5, 15, 281, 0, 0 ), ( 5, 15, 282, 0, 0 ), ( 5, 15, 283, 0, 0 ), ( 5, 15, 284, 0, 0 ), ( 5, 15, 285, 0, 0 ), ( 5, 15, 286, 0, 0 ), ( 5, 15, 287, 0, 0 ), ( 5, 15, 288, 0, 0 ), ( 5, 18, 289, 0, 0 ), ( 5, 18, 290, 0, 0 ), ( 5, 18, 291, 0, 0 ), ( 5, 18, 292, 0, 0 ), ( 5, 18, 293, 0, 0 ), ( 5, 18, 294, 0, 0 ), ( 5, 18, 295, 0, 0 ), ( 5, 18, 296, 0, 0 ), ( 5, 18, 297, 0, 0 ), ( 5, 18, 298, 0, 0 ), ( 5, 18, 299, 0, 0 ), ( 5, 18, 300, 0, 0 ), ( 5, 18, 301, 0, 0 ), ( 5, 18, 302, 0, 0 ), ( 5, 18, 303, 0, 0 ), ( 5, 18, 304, 0, 0 ), ( 5, 18, 305, 0, 0 ), ( 5, 19, 306, 0, 0 ), ( 5, 19, 307, 0, 0 ), ( 5, 19, 308, 0, 0 ), ( 5, 19, 309, 0, 0 ), ( 5, 19, 310, 0, 0 ), ( 5, 19, 311, 0, 0 ), ( 5, 19, 312, 0, 0 ), ( 5, 19, 313, 0, 0 ), ( 5, 20, 314, 0, 0 ), ( 5, 20, 315, 0, 0 ), ( 5, 20, 316, 0, 0 ), ( 5, 20, 317, 0, 0 ), ( 5, 20, 318, 0, 0 ), ( 5, 20, 319, 0, 0 ), ( 5, 20, 320, 0, 0 ), ( 5, 20, 321, 0, 0 ), ( 5, 20, 322, 0, 0 ), ( 5, 20, 323, 0, 0 ), ( 5, 20, 324, 0, 0 ), ( 5, 20, 325, 0, 0 ), ( 5, 20, 326, 0, 0 ), ( 5, 20, 327, 0, 0 ), ( 5, 20, 328, 0, 0 ), ( 5, 20, 329, 0, 0 ), ( 5, 20, 330, 0, 0 ), ( 5, 20, 331, 0, 0 ), ( 5, 20, 332, 0, 0 ), ( 5, 20, 333, 0, 0 ), ( 5, 20, 334, 0, 0 ), ( 5, 20, 335, 0, 0 ), ( 5, 20, 336, 0, 0 ), ( 5, 20, 337, 0, 0 ), ( 5, 20, 338, 0, 0 ), ( 5, 20, 339, 0, 0 ), ( 5, 20, 340, 0, 0 ), ( 5, 20, 341, 0, 0 ), ( 5, 20, 342, 0, 0 ), ( 5, 20, 343, 0, 0 ), ( 5, 20, 344, 0, 0 ), ( 5, 20, 345, 0, 0 ), ( 5, 20, 346, 0, 0 ), ( 5, 20, 347, 0, 0 ), ( 5, 20, 348, 0, 0 ), ( 5, 20, 349, 0, 0 ), ( 5, 20, 350, 0, 0 ), ( 5, 21, 351, 0, 0 ), ( 5, 21, 352, 0, 0 ), ( 5, 21, 353, 0, 0 ), ( 5, 21, 354, 0, 0 ), ( 5, 21, 355, 0, 0 ), ( 5, 21, 356, 0, 0 ), ( 5, 21, 357, 0, 0 ), ( 5, 21, 358, 0, 0 ), ( 5, 21, 359, 0, 0 ), ( 5, 21, 360, 0, 0 ), ( 5, 21, 361, 0, 0 ), ( 5, 21, 362, 0, 0 ), ( 5, 21, 363, 0, 0 ), ( 5, 21, 364, 0, 0 ), ( 5, 21, 365, 0, 0 ), ( 5, 21, 366, 0, 0 ), ( 5, 21, 367, 0, 0 ), ( 5, 21, 368, 0, 0 ), ( 5, 21, 369, 0, 0 ), ( 5, 21, 370, 0, 0 ), ( 5, 21, 371, 0, 0 ), ( 5, 21, 372, 0, 0 ), ( 5, 21, 373, 0, 0 ), ( 5, 21, 374, 0, 0 ), ( 5, 21, 375, 0, 0 ), ( 5, 21, 376, 0, 0 ), ( 5, 21, 377, 0, 0 ), ( 5, 21, 378, 0, 0 ), ( 5, 21, 379, 0, 0 ), ( 5, 21, 380, 0, 0 ), ( 5, 21, 381, 0, 0 ), ( 5, 21, 382, 0, 0 ), ( 5, 21, 383, 0, 0 ), ( 5, 21, 384, 0, 0 ), ( 5, 21, 385, 0, 0 ), ( 5, 21, 386, 0, 0 ), ( 5, 21, 387, 0, 0 ), ( 5, 21, 388, 0, 0 ), ( 5, 22, 389, 0, 0 ), ( 5, 22, 390, 0, 0 ), ( 5, 22, 391, 0, 0 ), ( 5, 22, 392, 0, 0 ), ( 5, 22, 393, 0, 0 ), ( 5, 22, 394, 0, 0 ), ( 5, 22, 395, 0, 0 ), ( 5, 22, 396, 0, 0 ), ( 5, 22, 397, 0, 0 ), ( 5, 22, 398, 0, 0 ), ( 5, 22, 399, 0, 0 ), ( 5, 22, 400, 0, 0 ), ( 5, 22, 401, 0, 0 ), ( 5, 22, 402, 0, 0 ), ( 5, 22, 403, 0, 0 ), ( 5, 22, 404, 0, 0 ), ( 5, 22, 405, 0, 0 ), ( 5, 22, 406, 0, 0 ), ( 5, 22, 407, 0, 0 ), ( 5, 22, 408, 0, 0 ), ( 5, 22, 409, 0, 0 ), ( 5, 22, 410, 0, 0 ), ( 5, 22, 411, 0, 0 ), ( 5, 22, 412, 0, 0 ), ( 5, 22, 413, 0, 0 ), ( 5, 22, 414, 0, 0 ), ( 5, 22, 415, 0, 0 ), ( 5, 22, 416, 0, 0 ), ( 5, 22, 417, 0, 0 ), ( 5, 22, 418, 0, 0 ), ( 5, 22, 419, 0, 0 ), ( 5, 22, 420, 0, 0 ), ( 5, 22, 421, 0, 0 ), ( 5, 22, 422, 0, 0 ), ( 5, 22, 423, 0, 0 ), ( 5, 22, 424, 0, 0 ), ( 5, 22, 425, 0, 0 ), ( 5, 22, 426, 0, 0 ), ( 5, 22, 427, 0, 0 ), ( 5, 22, 428, 0, 0 ), ( 5, 22, 429, 0, 0 ), ( 5, 22, 430, 0, 0 ), ( 5, 22, 431, 0, 0 ), ( 5, 22, 432, 0, 0 ), ( 5, 22, 433, 0, 0 ), ( 5, 22, 434, 0, 0 ), ( 5, 22, 435, 0, 0 ), ( 5, 23, 436, 0, 0 ), ( 5, 23, 437, 0, 0 ), ( 5, 23, 438, 0, 0 ), ( 5, 23, 439, 0, 0 ), ( 5, 23, 440, 0, 0 ), ( 5, 23, 441, 0, 0 ), ( 5, 23, 442, 0, 0 ), ( 5, 23, 443, 0, 0 ), ( 5, 23, 444, 0, 0 ), ( 5, 23, 445, 0, 0 ), ( 5, 23, 446, 0, 0 ), ( 5, 23, 447, 0, 0 ), ( 5, 23, 448, 0, 0 ), ( 5, 23, 449, 0, 0 ), ( 5, 23, 450, 0, 0 ), ( 5, 23, 451, 0, 0 ), ( 5, 23, 452, 0, 0 ), ( 5, 23, 453, 0, 0 ), ( 5, 23, 454, 0, 0 ), ( 5, 23, 455, 0, 0 ), ( 5, 23, 456, 0, 0 ), ( 5, 23, 457, 0, 0 ), ( 5, 23, 458, 0, 0 ), ( 5, 23, 459, 0, 0 ), ( 5, 23, 460, 0, 0 ), ( 5, 23, 461, 0, 0 ), ( 5, 23, 462, 0, 0 ), ( 5, 23, 463, 0, 0 ), ( 5, 23, 464, 0, 0 ), ( 5, 23, 465, 0, 0 ), ( 5, 23, 466, 0, 0 ), ( 5, 23, 467, 0, 0 ), ( 5, 23, 468, 0, 0 ), ( 5, 23, 469, 0, 0 ), ( 5, 23, 470, 0, 0 ), ( 5, 23, 471, 0, 0 ), ( 5, 23, 472, 0, 0 ), ( 5, 23, 473, 0, 0 ), ( 5, 23, 474, 0, 0 ), ( 5, 10, 519, 0, 0 ), ( 5, 10, 520, 0, 0 ), ( 5, 10, 521, 0, 0 ), ( 5, 10, 522, 0, 0 ), ( 5, 10, 523, 0, 0 ), ( 5, 10, 524, 0, 0 ), ( 5, 30, 525, 0, 0 ), ( 5, 30, 526, 0, 0 ), ( 5, 30, 527, 0, 0 ), ( 5, 30, 528, 0, 0 ), ( 5, 30, 529, 0, 0 ), ( 5, 30, 530, 0, 0 ), ( 5, 30, 531, 0, 0 ), ( 5, 30, 532, 0, 0 ), ( 5, 30, 533, 0, 0 ), ( 5, 30, 534, 0, 0 ), ( 5, 30, 535, 0, 0 ), ( 5, 30, 536, 0, 0 ), ( 5, 30, 537, 0, 0 ), ( 5, 30, 538, 0, 0 ), ( 5, 30, 539, 0, 0 ), ( 5, 30, 540, 0, 0 ), ( 5, 30, 541, 0, 0 ), ( 5, 30, 542, 0, 0 ), ( 5, 30, 543, 0, 0 ), ( 5, 39, 544, 0, 0 ), ( 5, 39, 545, 0, 0 ), ( 5, 39, 546, 0, 0 ), ( 5, 39, 547, 0, 0 ), ( 5, 40, 550, 0, 0 ), ( 5, 40, 551, 0, 0 ), ( 5, 40, 552, 0, 0 ), ( 5, 40, 553, 0, 0 ), ( 5, 40, 554, 0, 0 ), ( 5, 40, 555, 0, 0 ), ( 5, 40, 556, 0, 0 ), ( 5, 40, 557, 0, 0 ), ( 5, 40, 558, 1, 0 ), ( 5, 40, 559, 1, 0 ), ( 5, 40, 560, 1, 0 ), ( 5, 40, 561, 1, 0 ), ( 5, 40, 562, 1, 0 ), ( 5, 40, 563, 1, 0 ), ( 5, 40, 564, 1, 0 ), ( 5, 40, 565, 1, 0 ), ( 5, 40, 566, 1, 0 ), ( 5, 40, 567, 1, 0 ), ( 5, 40, 568, 1, 0 ), ( 5, 41, 569, 0, 0 ), ( 5, 41, 570, 1, 0 ), ( 5, 41, 571, 1, 0 ), ( 5, 41, 572, 1, 0 ), ( 5, 41, 573, 0, 0 ), ( 5, 43, 574, 1, 0 ), ( 5, 43, 575, 0, 0 ), ( 5, 43, 576, 0, 0 ), ( 5, 43, 577, 0, 0 ), ( 5, 43, 578, 0, 0 ), ( 5, 43, 579, 0, 0 ), ( 5, 43, 580, 1, 0 ), ( 5, 43, 581, 1, 0 ), ( 5, 43, 582, 1, 0 ), ( 5, 43, 583, 1, 0 ), ( 5, 43, 584, 0, 0 ), ( 5, 43, 585, 0, 0 ), ( 5, 43, 586, 0, 0 ), ( 5, 43, 587, 1, 0 ), ( 5, 43, 588, 1, 0 ), ( 5, 43, 589, 1, 0 ), ( 5, 43, 590, 1, 0 ), ( 5, 45, 591, 0, 0 ), ( 5, 45, 592, 1, 0 ), ( 5, 45, 593, 0, 0 ), ( 5, 45, 594, 1, 0 ), ( 5, 45, 595, 0, 0 ), ( 5, 45, 596, 1, 0 ), ( 5, 45, 597, 1, 0 ), ( 5, 45, 598, 1, 0 ), ( 5, 45, 599, 1, 0 ), ( 5, 45, 600, 1, 0 ), ( 5, 46, 601, 0, 0 ), ( 5, 46, 602, 1, 0 ), ( 5, 46, 603, 1, 0 ), ( 5, 46, 604, 0, 0 ), ( 5, 46, 605, 0, 0 ), ( 5, 46, 606, 1, 0 ), ( 5, 46, 607, 1, 0 ), ( 5, 46, 608, 1, 0 ), ( 5, 46, 609, 1, 0 ), ( 5, 46, 610, 1, 0 ), ( 5, 46, 611, 1, 0 ), ( 5, 46, 612, 1, 0 ), ( 5, 46, 613, 1, 0 ), ( 5, 46, 614, 1, 0 ), ( 5, 46, 615, 1, 0 ), ( 5, 47, 616, 0, 0 ), ( 5, 47, 617, 1, 0 ), ( 5, 47, 618, 1, 0 ), ( 5, 47, 619, 1, 0 ), ( 5, 47, 620, 1, 0 ), ( 5, 47, 621, 1, 0 ), ( 5, 47, 622, 1, 0 ), ( 5, 47, 623, 0, 0 ), ( 5, 47, 624, 1, 0 ), ( 5, 47, 625, 1, 0 ), ( 5, 47, 626, 1, 0 ), ( 5, 47, 627, 1, 0 ), ( 5, 47, 628, 1, 0 ), ( 5, 47, 629, 1, 0 ), ( 5, 47, 630, 1, 0 ), ( 5, 47, 631, 1, 0 ), ( 5, 47, 632, 1, 0 ), ( 5, 51, 633, 0, 0 ), ( 5, 51, 634, 0, 0 ), ( 5, 51, 635, 1, 0 ), ( 5, 51, 636, 1, 0 ), ( 5, 51, 637, 0, 0 ), ( 5, 51, 638, 1, 0 ), ( 5, 51, 639, 1, 0 ), ( 5, 4, 640, 0, 0 ), ( 5, 4, 641, 0, 0 ), ( 5, 4, 642, 0, 0 ), ( 5, 4, 643, 0, 0 ), ( 5, 4, 644, 0, 0 ), ( 5, 4, 645, 0, 0 ), ( 5, 4, 646, 0, 0 ), ( 5, 4, 647, 0, 0 ), ( 5, 4, 648, 0, 0 ), ( 5, 4, 649, 0, 0 ), ( 5, 4, 650, 0, 0 ), ( 5, 4, 651, 0, 0 ), ( 5, 2, 652, 0, 0 ), ( 5, 2, 653, 0, 0 ), ( 5, 2, 654, 0, 0 ), ( 5, 2, 655, 0, 0 ), ( 5, 2, 656, 0, 0 ), ( 5, 4, 657, 0, 0 ), ( 5, 4, 658, 0, 0 ), ( 5, 4, 659, 0, 0 ), ( 5, 4, 660, 0, 0 ), ( 5, 4, 661, 0, 0 ), ( 5, 4, 662, 0, 0 ), ( 5, 4, 663, 0, 0 ), ( 5, 4, 664, 0, 0 ), ( 5, 4, 665, 0, 0 ), ( 6, 6, 1, 0, 0 ), ( 6, 6, 2, 0, 0 ), ( 6, 6, 3, 0, 0 ), ( 6, 6, 4, 0, 0 ), ( 6, 6, 5, 0, 0 ), ( 6, 6, 6, 0, 0 ), ( 6, 6, 7, 0, 0 ), ( 6, 6, 8, 0, 0 ), ( 6, 6, 9, 0, 0 ), ( 6, 6, 10, 0, 0 ), ( 6, 6, 11, 0, 0 ), ( 6, 6, 12, 0, 0 ), ( 6, 6, 13, 0, 0 ), ( 6, 6, 14, 0, 0 ), ( 6, 6, 15, 0, 0 ), ( 6, 6, 16, 0, 0 ), ( 6, 6, 17, 0, 0 ), ( 6, 6, 18, 0, 0 ), ( 6, 6, 19, 0, 0 ), ( 6, 6, 20, 0, 0 ), ( 6, 6, 21, 0, 0 ), ( 6, 6, 22, 0, 0 ), ( 6, 6, 23, 0, 0 ), ( 6, 6, 24, 0, 0 ), ( 6, 6, 25, 0, 0 ), ( 6, 6, 26, 0, 0 ), ( 6, 6, 27, 0, 0 ), ( 6, 6, 28, 0, 0 ), ( 6, 6, 29, 0, 0 ), ( 6, 6, 30, 0, 0 ), ( 6, 6, 31, 0, 0 ), ( 6, 6, 32, 0, 0 ), ( 6, 6, 33, 0, 0 ), ( 6, 6, 34, 0, 0 ), ( 6, 6, 35, 0, 0 ), ( 6, 6, 36, 0, 0 ), ( 6, 7, 37, 0, 0 ), ( 6, 7, 38, 0, 0 ), ( 6, 7, 39, 0, 0 ), ( 6, 7, 40, 0, 0 ), ( 6, 7, 41, 0, 0 ), ( 6, 7, 42, 0, 0 ), ( 6, 7, 43, 0, 0 ), ( 6, 7, 44, 0, 0 ), ( 6, 7, 45, 0, 0 ), ( 6, 7, 46, 0, 0 ), ( 6, 7, 47, 0, 0 ), ( 6, 7, 48, 0, 0 ), ( 6, 7, 49, 0, 0 ), ( 6, 7, 50, 0, 0 ), ( 6, 7, 51, 0, 0 ), ( 6, 7, 52, 0, 0 ), ( 6, 7, 53, 0, 0 ), ( 6, 7, 54, 0, 0 ), ( 6, 7, 55, 0, 0 ), ( 6, 7, 56, 0, 0 ), ( 6, 7, 57, 0, 0 ), ( 6, 7, 58, 0, 0 ), ( 6, 7, 59, 0, 0 ), ( 6, 7, 60, 0, 0 ), ( 6, 7, 61, 0, 0 ), ( 6, 7, 62, 0, 0 ), ( 6, 7, 63, 0, 0 ), ( 6, 7, 64, 0, 0 ), ( 6, 7, 65, 0, 0 ), ( 6, 4, 66, 0, 0 ), ( 6, 4, 67, 0, 0 ), ( 6, 4, 68, 0, 0 ), ( 6, 4, 69, 0, 0 ), ( 6, 4, 70, 0, 0 ), ( 6, 4, 71, 0, 0 ), ( 6, 4, 72, 0, 0 ), ( 6, 4, 73, 0, 0 ), ( 6, 4, 74, 0, 0 ), ( 6, 4, 75, 0, 0 ), ( 6, 4, 76, 0, 0 ), ( 6, 4, 77, 0, 0 ), ( 6, 4, 78, 0, 0 ), ( 6, 4, 79, 0, 0 ), ( 6, 4, 80, 0, 0 ), ( 6, 4, 81, 0, 0 ), ( 6, 4, 82, 0, 0 ), ( 6, 4, 83, 0, 0 ), ( 6, 4, 84, 0, 0 ), ( 6, 4, 85, 0, 0 ), ( 6, 4, 86, 0, 0 ), ( 6, 4, 87, 0, 0 ), ( 6, 4, 88, 0, 0 ), ( 6, 4, 89, 0, 0 ), ( 6, 4, 90, 0, 0 ), ( 6, 4, 91, 0, 0 ), ( 6, 4, 92, 0, 0 ), ( 6, 4, 93, 0, 0 ), ( 6, 4, 94, 0, 0 ), ( 6, 4, 95, 0, 0 ), ( 6, 4, 96, 0, 0 ), ( 6, 4, 97, 0, 0 ), ( 6, 4, 98, 0, 0 ), ( 6, 4, 99, 0, 0 ), ( 6, 4, 100, 0, 0 ), ( 6, 4, 101, 0, 0 ), ( 6, 4, 102, 0, 0 ), ( 6, 4, 103, 0, 0 ), ( 6, 4, 104, 0, 0 ), ( 6, 4, 105, 0, 0 ), ( 6, 4, 106, 0, 0 ), ( 6, 4, 107, 0, 0 ), ( 6, 4, 108, 0, 0 ), ( 6, 4, 109, 0, 0 ), ( 6, 2, 110, 0, 0 ), ( 6, 2, 111, 0, 0 ), ( 6, 2, 112, 0, 0 ), ( 6, 2, 113, 0, 0 ), ( 6, 2, 114, 0, 0 ), ( 6, 2, 115, 0, 0 ), ( 6, 2, 116, 0, 0 ), ( 6, 2, 117, 0, 0 ), ( 6, 2, 118, 0, 0 ), ( 6, 2, 119, 0, 0 ), ( 6, 2, 120, 0, 0 ), ( 6, 2, 121, 0, 0 ), ( 6, 2, 122, 0, 0 ), ( 6, 2, 123, 0, 0 ), ( 6, 2, 124, 0, 0 ), ( 6, 2, 125, 0, 0 ), ( 6, 26, 126, 0, 0 ), ( 6, 26, 127, 0, 0 ), ( 6, 26, 128, 0, 0 ), ( 6, 26, 129, 0, 0 ), ( 6, 26, 130, 0, 0 ), ( 6, 26, 131, 0, 0 ), ( 6, 26, 132, 0, 0 ), ( 6, 26, 133, 0, 0 ), ( 6, 26, 134, 0, 0 ), ( 6, 26, 135, 0, 0 ), ( 6, 26, 136, 0, 0 ), ( 6, 26, 137, 0, 0 ), ( 6, 26, 138, 0, 0 ), ( 6, 26, 139, 0, 0 ), ( 6, 26, 140, 0, 0 ), ( 6, 26, 141, 0, 0 ), ( 6, 26, 142, 0, 0 ), ( 6, 26, 143, 0, 0 ), ( 6, 26, 144, 0, 0 ), ( 6, 26, 145, 0, 0 ), ( 6, 26, 146, 0, 0 ), ( 6, 26, 147, 0, 0 ), ( 6, 26, 148, 0, 0 ), ( 6, 26, 149, 0, 0 ), ( 6, 26, 150, 0, 0 ), ( 6, 4, 151, 0, 0 ), ( 6, 6, 152, 0, 0 ), ( 6, 7, 153, 0, 0 ), ( 6, 26, 154, 0, 0 ), ( 6, 13, 155, 0, 0 ), ( 6, 13, 156, 0, 0 ), ( 6, 13, 157, 0, 0 ), ( 6, 13, 158, 0, 0 ), ( 6, 13, 159, 0, 0 ), ( 6, 13, 160, 0, 0 ), ( 6, 13, 161, 0, 0 ), ( 6, 13, 162, 0, 0 ), ( 6, 13, 163, 0, 0 ), ( 6, 13, 164, 0, 0 ), ( 6, 13, 165, 0, 0 ), ( 6, 13, 166, 0, 0 ), ( 6, 13, 167, 0, 0 ), ( 6, 13, 168, 0, 0 ), ( 6, 13, 169, 0, 0 ), ( 6, 13, 170, 0, 0 ), ( 6, 13, 171, 0, 0 ), ( 6, 13, 172, 0, 0 ), ( 6, 13, 173, 0, 0 ), ( 6, 14, 174, 0, 0 ), ( 6, 14, 175, 0, 0 ), ( 6, 14, 176, 0, 0 ), ( 6, 14, 177, 0, 0 ), ( 6, 14, 178, 0, 0 ), ( 6, 14, 179, 0, 0 ), ( 6, 14, 180, 0, 0 ), ( 6, 14, 181, 0, 0 ), ( 6, 14, 182, 0, 0 ), ( 6, 14, 183, 0, 0 ), ( 6, 14, 184, 0, 0 ), ( 6, 14, 185, 0, 0 ), ( 6, 14, 186, 0, 0 ), ( 6, 14, 187, 0, 0 ), ( 6, 14, 188, 0, 0 ), ( 6, 14, 189, 0, 0 ), ( 6, 14, 190, 0, 0 ), ( 6, 14, 191, 0, 0 ), ( 6, 14, 192, 0, 0 ), ( 6, 14, 193, 0, 0 ), ( 6, 14, 194, 0, 0 ), ( 6, 14, 195, 0, 0 ), ( 6, 14, 196, 0, 0 ), ( 6, 14, 197, 0, 0 ), ( 6, 14, 198, 0, 0 ), ( 6, 14, 199, 0, 0 ), ( 6, 14, 200, 0, 0 ), ( 6, 14, 201, 0, 0 ), ( 6, 14, 202, 0, 0 ), ( 6, 14, 203, 0, 0 ), ( 6, 14, 204, 0, 0 ), ( 6, 8, 205, 0, 0 ), ( 6, 8, 206, 0, 0 ), ( 6, 8, 207, 0, 0 ), ( 6, 8, 208, 0, 0 ), ( 6, 8, 209, 0, 0 ), ( 6, 8, 210, 0, 0 ), ( 6, 8, 211, 0, 0 ), ( 6, 8, 212, 0, 0 ), ( 6, 8, 213, 0, 0 ), ( 6, 8, 214, 0, 0 ), ( 6, 8, 215, 0, 0 ), ( 6, 8, 216, 0, 0 ), ( 6, 8, 217, 0, 0 ), ( 6, 8, 218, 0, 0 ), ( 6, 8, 219, 0, 0 ), ( 6, 10, 220, 0, 0 ), ( 6, 10, 221, 0, 0 ), ( 6, 10, 222, 0, 0 ), ( 6, 10, 223, 0, 0 ), ( 6, 10, 224, 0, 0 ), ( 6, 10, 225, 0, 0 ), ( 6, 10, 226, 0, 0 ), ( 6, 10, 227, 0, 0 ), ( 6, 10, 228, 0, 0 ), ( 6, 10, 229, 0, 0 ), ( 6, 10, 230, 0, 0 ), ( 6, 10, 231, 0, 0 ), ( 6, 9, 232, 0, 0 ), ( 6, 9, 233, 0, 0 ), ( 6, 9, 234, 0, 0 ), ( 6, 9, 235, 0, 0 ), ( 6, 9, 236, 0, 0 ), ( 6, 9, 237, 0, 0 ), ( 6, 9, 238, 0, 0 ), ( 6, 9, 239, 0, 0 ), ( 6, 9, 240, 0, 0 ), ( 6, 9, 241, 0, 0 ), ( 6, 9, 242, 0, 0 ), ( 6, 9, 243, 0, 0 ), ( 6, 9, 244, 0, 0 ), ( 6, 9, 245, 0, 0 ), ( 6, 9, 246, 0, 0 ), ( 6, 9, 247, 0, 0 ), ( 6, 9, 248, 0, 0 ), ( 6, 9, 249, 0, 0 ), ( 6, 9, 250, 0, 0 ), ( 6, 9, 251, 0, 0 ), ( 6, 9, 252, 0, 0 ), ( 6, 9, 253, 0, 0 ), ( 6, 9, 254, 0, 0 ), ( 6, 9, 255, 0, 0 ), ( 6, 16, 256, 0, 0 ), ( 6, 16, 257, 0, 0 ), ( 6, 16, 258, 0, 0 ), ( 6, 16, 259, 0, 0 ), ( 6, 16, 260, 0, 0 ), ( 6, 16, 261, 0, 0 ), ( 6, 16, 262, 0, 0 ), ( 6, 16, 263, 0, 0 ), ( 6, 16, 264, 0, 0 ), ( 6, 16, 265, 0, 0 ), ( 6, 16, 266, 0, 0 ), ( 6, 16, 267, 0, 0 ), ( 6, 16, 268, 0, 0 ), ( 6, 16, 269, 0, 0 ), ( 6, 16, 270, 0, 0 ), ( 6, 16, 271, 0, 0 ), ( 6, 16, 272, 0, 0 ), ( 6, 16, 273, 0, 0 ), ( 6, 16, 274, 0, 0 ), ( 6, 16, 275, 0, 0 ), ( 6, 16, 276, 0, 0 ), ( 6, 16, 277, 0, 0 ), ( 6, 16, 278, 0, 0 ), ( 6, 15, 279, 0, 0 ), ( 6, 15, 280, 0, 0 ), ( 6, 15, 281, 0, 0 ), ( 6, 15, 282, 0, 0 ), ( 6, 15, 283, 0, 0 ), ( 6, 15, 284, 0, 0 ), ( 6, 15, 285, 0, 0 ), ( 6, 15, 286, 0, 0 ), ( 6, 15, 287, 0, 0 ), ( 6, 15, 288, 0, 0 ), ( 6, 18, 289, 0, 0 ), ( 6, 18, 290, 0, 0 ), ( 6, 18, 291, 0, 0 ), ( 6, 18, 292, 0, 0 ), ( 6, 18, 293, 0, 0 ), ( 6, 18, 294, 0, 0 ), ( 6, 18, 295, 0, 0 ), ( 6, 18, 296, 0, 0 ), ( 6, 18, 297, 0, 0 ), ( 6, 18, 298, 0, 0 ), ( 6, 18, 299, 0, 0 ), ( 6, 18, 300, 0, 0 ), ( 6, 18, 301, 0, 0 ), ( 6, 18, 302, 0, 0 ), ( 6, 18, 303, 0, 0 ), ( 6, 18, 304, 0, 0 ), ( 6, 18, 305, 0, 0 ), ( 6, 19, 306, 0, 0 ), ( 6, 19, 307, 0, 0 ), ( 6, 19, 308, 0, 0 ), ( 6, 19, 309, 0, 0 ), ( 6, 19, 310, 0, 0 ), ( 6, 19, 311, 0, 0 ), ( 6, 19, 312, 0, 0 ), ( 6, 19, 313, 0, 0 ), ( 6, 20, 314, 0, 0 ), ( 6, 20, 315, 0, 0 ), ( 6, 20, 316, 0, 0 ), ( 6, 20, 317, 0, 0 ), ( 6, 20, 318, 0, 0 ), ( 6, 20, 319, 0, 0 ), ( 6, 20, 320, 0, 0 ), ( 6, 20, 321, 0, 0 ), ( 6, 20, 322, 0, 0 ), ( 6, 20, 323, 0, 0 ), ( 6, 20, 324, 0, 0 ), ( 6, 20, 325, 0, 0 ), ( 6, 20, 326, 0, 0 ), ( 6, 20, 327, 0, 0 ), ( 6, 20, 328, 0, 0 ), ( 6, 20, 329, 0, 0 ), ( 6, 20, 330, 0, 0 ), ( 6, 20, 331, 0, 0 ), ( 6, 20, 332, 0, 0 ), ( 6, 20, 333, 0, 0 ), ( 6, 20, 334, 0, 0 ), ( 6, 20, 335, 0, 0 ), ( 6, 20, 336, 0, 0 ), ( 6, 20, 337, 0, 0 ), ( 6, 20, 338, 0, 0 ), ( 6, 20, 339, 0, 0 ), ( 6, 20, 340, 0, 0 ), ( 6, 20, 341, 0, 0 ), ( 6, 20, 342, 0, 0 ), ( 6, 20, 343, 0, 0 ), ( 6, 20, 344, 0, 0 ), ( 6, 20, 345, 0, 0 ), ( 6, 20, 346, 0, 0 ), ( 6, 20, 347, 0, 0 ), ( 6, 20, 348, 0, 0 ), ( 6, 20, 349, 0, 0 ), ( 6, 20, 350, 0, 0 ), ( 6, 21, 351, 0, 0 ), ( 6, 21, 352, 0, 0 ), ( 6, 21, 353, 0, 0 ), ( 6, 21, 354, 0, 0 ), ( 6, 21, 355, 0, 0 ), ( 6, 21, 356, 0, 0 ), ( 6, 21, 357, 0, 0 ), ( 6, 21, 358, 0, 0 ), ( 6, 21, 359, 0, 0 ), ( 6, 21, 360, 0, 0 ), ( 6, 21, 361, 0, 0 ), ( 6, 21, 362, 0, 0 ), ( 6, 21, 363, 0, 0 ), ( 6, 21, 364, 0, 0 ), ( 6, 21, 365, 0, 0 ), ( 6, 21, 366, 0, 0 ), ( 6, 21, 367, 0, 0 ), ( 6, 21, 368, 0, 0 ), ( 6, 21, 369, 0, 0 ), ( 6, 21, 370, 0, 0 ), ( 6, 21, 371, 0, 0 ), ( 6, 21, 372, 0, 0 ), ( 6, 21, 373, 0, 0 ), ( 6, 21, 374, 0, 0 ), ( 6, 21, 375, 0, 0 ), ( 6, 21, 376, 0, 0 ), ( 6, 21, 377, 0, 0 ), ( 6, 21, 378, 0, 0 ), ( 6, 21, 379, 0, 0 ), ( 6, 21, 380, 0, 0 ), ( 6, 21, 381, 0, 0 ), ( 6, 21, 382, 0, 0 ), ( 6, 21, 383, 0, 0 ), ( 6, 21, 384, 0, 0 ), ( 6, 21, 385, 0, 0 ), ( 6, 21, 386, 0, 0 ), ( 6, 21, 387, 0, 0 ), ( 6, 21, 388, 0, 0 ), ( 6, 22, 389, 0, 0 ), ( 6, 22, 390, 0, 0 ), ( 6, 22, 391, 0, 0 ), ( 6, 22, 392, 0, 0 ), ( 6, 22, 393, 0, 0 ), ( 6, 22, 394, 0, 0 ), ( 6, 22, 395, 0, 0 ), ( 6, 22, 396, 0, 0 ), ( 6, 22, 397, 0, 0 ), ( 6, 22, 398, 0, 0 ), ( 6, 22, 399, 0, 0 ), ( 6, 22, 400, 0, 0 ), ( 6, 22, 401, 0, 0 ), ( 6, 22, 402, 0, 0 ), ( 6, 22, 403, 0, 0 ), ( 6, 22, 404, 0, 0 ), ( 6, 22, 405, 0, 0 ), ( 6, 22, 406, 0, 0 ), ( 6, 22, 407, 0, 0 ), ( 6, 22, 408, 0, 0 ), ( 6, 22, 409, 0, 0 ), ( 6, 22, 410, 0, 0 ), ( 6, 22, 411, 0, 0 ), ( 6, 22, 412, 0, 0 ), ( 6, 22, 413, 0, 0 ), ( 6, 22, 414, 0, 0 ), ( 6, 22, 415, 0, 0 ), ( 6, 22, 416, 0, 0 ), ( 6, 22, 417, 0, 0 ), ( 6, 22, 418, 0, 0 ), ( 6, 22, 419, 0, 0 ), ( 6, 22, 420, 0, 0 ), ( 6, 22, 421, 0, 0 ), ( 6, 22, 422, 0, 0 ), ( 6, 22, 423, 0, 0 ), ( 6, 22, 424, 0, 0 ), ( 6, 22, 425, 0, 0 ), ( 6, 22, 426, 0, 0 ), ( 6, 22, 427, 0, 0 ), ( 6, 22, 428, 0, 0 ), ( 6, 22, 429, 0, 0 ), ( 6, 22, 430, 0, 0 ), ( 6, 22, 431, 0, 0 ), ( 6, 22, 432, 0, 0 ), ( 6, 22, 433, 0, 0 ), ( 6, 22, 434, 0, 0 ), ( 6, 22, 435, 0, 0 ), ( 6, 23, 436, 0, 0 ), ( 6, 23, 437, 0, 0 ), ( 6, 23, 438, 0, 0 ), ( 6, 23, 439, 0, 0 ), ( 6, 23, 440, 0, 0 ), ( 6, 23, 441, 0, 0 ), ( 6, 23, 442, 0, 0 ), ( 6, 23, 443, 0, 0 ), ( 6, 23, 444, 0, 0 ), ( 6, 23, 445, 0, 0 ), ( 6, 23, 446, 0, 0 ), ( 6, 23, 447, 0, 0 ), ( 6, 23, 448, 0, 0 ), ( 6, 23, 449, 0, 0 ), ( 6, 23, 450, 0, 0 ), ( 6, 23, 451, 0, 0 ), ( 6, 23, 452, 0, 0 ), ( 6, 23, 453, 0, 0 ), ( 6, 23, 454, 0, 0 ), ( 6, 23, 455, 0, 0 ), ( 6, 23, 456, 0, 0 ), ( 6, 23, 457, 0, 0 ), ( 6, 23, 458, 0, 0 ), ( 6, 23, 459, 0, 0 ), ( 6, 23, 460, 0, 0 ), ( 6, 23, 461, 0, 0 ), ( 6, 23, 462, 0, 0 ), ( 6, 23, 463, 0, 0 ), ( 6, 23, 464, 0, 0 ), ( 6, 23, 465, 0, 0 ), ( 6, 23, 466, 0, 0 ), ( 6, 23, 467, 0, 0 ), ( 6, 23, 468, 0, 0 ), ( 6, 23, 469, 0, 0 ), ( 6, 23, 470, 0, 0 ), ( 6, 23, 471, 0, 0 ), ( 6, 23, 472, 0, 0 ), ( 6, 23, 473, 0, 0 ), ( 6, 23, 474, 0, 0 ), ( 6, 10, 519, 0, 0 ), ( 6, 10, 520, 0, 0 ), ( 6, 10, 521, 0, 0 ), ( 6, 10, 522, 0, 0 ), ( 6, 10, 523, 0, 0 ), ( 6, 10, 524, 0, 0 ), ( 6, 30, 525, 0, 0 ), ( 6, 30, 526, 0, 0 ), ( 6, 30, 527, 0, 0 ), ( 6, 30, 528, 0, 0 ), ( 6, 30, 529, 0, 0 ), ( 6, 30, 530, 0, 0 ), ( 6, 30, 531, 0, 0 ), ( 6, 30, 532, 0, 0 ), ( 6, 30, 533, 0, 0 ), ( 6, 30, 534, 0, 0 ), ( 6, 30, 535, 0, 0 ), ( 6, 30, 536, 0, 0 ), ( 6, 30, 537, 0, 0 ), ( 6, 30, 538, 0, 0 ), ( 6, 30, 539, 0, 0 ), ( 6, 30, 540, 0, 0 ), ( 6, 30, 541, 0, 0 ), ( 6, 30, 542, 0, 0 ), ( 6, 30, 543, 0, 0 ), ( 6, 39, 544, 0, 0 ), ( 6, 39, 545, 0, 0 ), ( 6, 39, 546, 0, 0 ), ( 6, 39, 547, 0, 0 ), ( 6, 40, 550, 0, 0 ), ( 6, 40, 551, 0, 0 ), ( 6, 40, 552, 0, 0 ), ( 6, 40, 553, 0, 0 ), ( 6, 40, 554, 0, 0 ), ( 6, 40, 555, 0, 0 ), ( 6, 40, 556, 0, 0 ), ( 6, 40, 557, 0, 0 ), ( 6, 40, 558, 1, 0 ), ( 6, 40, 559, 1, 0 ), ( 6, 40, 560, 1, 0 ), ( 6, 40, 561, 1, 0 ), ( 6, 40, 562, 1, 0 ), ( 6, 40, 563, 1, 0 ), ( 6, 40, 564, 1, 0 ), ( 6, 40, 565, 1, 0 ), ( 6, 40, 566, 1, 0 ), ( 6, 40, 567, 1, 0 ), ( 6, 40, 568, 1, 0 ), ( 6, 41, 569, 0, 0 ), ( 6, 41, 570, 1, 0 ), ( 6, 41, 571, 1, 0 ), ( 6, 41, 572, 1, 0 ), ( 6, 41, 573, 0, 0 ), ( 6, 43, 574, 1, 0 ), ( 6, 43, 575, 0, 0 ), ( 6, 43, 576, 0, 0 ), ( 6, 43, 577, 0, 0 ), ( 6, 43, 578, 0, 0 ), ( 6, 43, 579, 0, 0 ), ( 6, 43, 580, 1, 0 ), ( 6, 43, 581, 1, 0 ), ( 6, 43, 582, 1, 0 ), ( 6, 43, 583, 1, 0 ), ( 6, 43, 584, 0, 0 ), ( 6, 43, 585, 0, 0 ), ( 6, 43, 586, 0, 0 ), ( 6, 43, 587, 1, 0 ), ( 6, 43, 588, 1, 0 ), ( 6, 43, 589, 1, 0 ), ( 6, 43, 590, 1, 0 ), ( 6, 45, 591, 0, 0 ), ( 6, 45, 592, 1, 0 ), ( 6, 45, 593, 0, 0 ), ( 6, 45, 594, 1, 0 ), ( 6, 45, 595, 0, 0 ), ( 6, 45, 596, 1, 0 ), ( 6, 45, 597, 1, 0 ), ( 6, 45, 598, 1, 0 ), ( 6, 45, 599, 1, 0 ), ( 6, 45, 600, 1, 0 ), ( 6, 46, 601, 0, 0 ), ( 6, 46, 602, 1, 0 ), ( 6, 46, 603, 1, 0 ), ( 6, 46, 604, 0, 0 ), ( 6, 46, 605, 0, 0 ), ( 6, 46, 606, 1, 0 ), ( 6, 46, 607, 1, 0 ), ( 6, 46, 608, 1, 0 ), ( 6, 46, 609, 1, 0 ), ( 6, 46, 610, 1, 0 ), ( 6, 46, 611, 1, 0 ), ( 6, 46, 612, 1, 0 ), ( 6, 46, 613, 1, 0 ), ( 6, 46, 614, 1, 0 ), ( 6, 46, 615, 1, 0 ), ( 6, 47, 616, 0, 0 ), ( 6, 47, 617, 1, 0 ), ( 6, 47, 618, 1, 0 ), ( 6, 47, 619, 1, 0 ), ( 6, 47, 620, 1, 0 ), ( 6, 47, 621, 1, 0 ), ( 6, 47, 622, 1, 0 ), ( 6, 47, 623, 0, 0 ), ( 6, 47, 624, 1, 0 ), ( 6, 47, 625, 1, 0 ), ( 6, 47, 626, 1, 0 ), ( 6, 47, 627, 1, 0 ), ( 6, 47, 628, 1, 0 ), ( 6, 47, 629, 1, 0 ), ( 6, 47, 630, 1, 0 ), ( 6, 47, 631, 1, 0 ), ( 6, 47, 632, 1, 0 ), ( 6, 51, 633, 0, 0 ), ( 6, 51, 634, 0, 0 ), ( 6, 51, 635, 1, 0 ), ( 6, 51, 636, 1, 0 ), ( 6, 51, 637, 0, 0 ), ( 6, 51, 638, 1, 0 ), ( 6, 51, 639, 1, 0 ), ( 6, 4, 640, 0, 0 ), ( 6, 4, 641, 0, 0 ), ( 6, 4, 642, 0, 0 ), ( 6, 4, 643, 0, 0 ), ( 6, 4, 644, 0, 0 ), ( 6, 4, 645, 0, 0 ), ( 6, 4, 646, 0, 0 ), ( 6, 4, 647, 0, 0 ), ( 6, 4, 648, 0, 0 ), ( 6, 4, 649, 0, 0 ), ( 6, 4, 650, 0, 0 ), ( 6, 4, 651, 0, 0 ), ( 6, 2, 652, 0, 0 ), ( 6, 2, 653, 0, 0 ), ( 6, 2, 654, 0, 0 ), ( 6, 2, 655, 0, 0 ), ( 6, 2, 656, 0, 0 ), ( 6, 4, 657, 0, 0 ), ( 6, 4, 658, 0, 0 ), ( 6, 4, 659, 0, 0 ), ( 6, 4, 660, 0, 0 ), ( 6, 4, 661, 0, 0 ), ( 6, 4, 662, 0, 0 ), ( 6, 4, 663, 0, 0 ), ( 6, 4, 664, 0, 0 ), ( 6, 4, 665, 0, 0 );
/*!40000 ALTER TABLE `vtiger_profile2field` ENABLE KEYS */;
UNLOCK TABLES;

--
-- Table structure for table vtiger_profile2globalpermissions
--

DROP TABLE IF EXISTS vtiger_profile2globalpermissions;
SET @saved_cs_client = @@character_set_client;
SET character_set_client = utf8;
CREATE TABLE `vtiger_profile2globalpermissions` (
  `profileid` int(19) NOT NULL,
  `globalactionid` int(19) NOT NULL,
  `globalactionpermission` int(19) DEFAULT NULL,
  PRIMARY KEY (`profileid`,`globalactionid`),
  KEY `idx_profile2globalpermissions` (`profileid`,`globalactionid`),
  CONSTRAINT `fk_1_vtiger_profile2globalpermissions` FOREIGN KEY (`profileid`) REFERENCES `vtiger_profile` (`profileid`) ON DELETE CASCADE
) ENGINE=InnoDB DEFAULT CHARSET=utf8;
SET character_set_client = @saved_cs_client;

--
-- Dumping data for table vtiger_profile2globalpermissions
--

LOCK TABLES `vtiger_profile2globalpermissions` WRITE;
/*!40000 ALTER TABLE `vtiger_profile2globalpermissions` DISABLE KEYS */;
INSERT INTO vtiger_profile2globalpermissions ( PROFILEID, GLOBALACTIONID, GLOBALACTIONPERMISSION ) VALUES ( 1, 1, 0 ), ( 1, 2, 0 ), ( 2, 1, 1 ), ( 2, 2, 1 ), ( 3, 1, 1 ), ( 3, 2, 1 ), ( 4, 1, 1 ), ( 4, 2, 1 ), ( 5, 1, 1 ), ( 5, 2, 1 ), ( 6, 1, 1 ), ( 6, 2, 1 );
/*!40000 ALTER TABLE `vtiger_profile2globalpermissions` ENABLE KEYS */;
UNLOCK TABLES;

--
-- Table structure for table vtiger_profile2standardpermissions
--

DROP TABLE IF EXISTS vtiger_profile2standardpermissions;
SET @saved_cs_client = @@character_set_client;
SET character_set_client = utf8;
CREATE TABLE `vtiger_profile2standardpermissions` (
  `profileid` int(11) NOT NULL,
  `tabid` int(10) NOT NULL,
  `operation` int(10) NOT NULL,
  `permissions` int(1) DEFAULT NULL,
  PRIMARY KEY (`profileid`,`tabid`,`operation`),
  KEY `profile2standardpermissions_profileid_tabid_operation_idx` (`profileid`,`tabid`,`operation`)
) ENGINE=InnoDB DEFAULT CHARSET=utf8;
SET character_set_client = @saved_cs_client;

--
-- Dumping data for table vtiger_profile2standardpermissions
--

LOCK TABLES `vtiger_profile2standardpermissions` WRITE;
/*!40000 ALTER TABLE `vtiger_profile2standardpermissions` DISABLE KEYS */;
INSERT INTO vtiger_profile2standardpermissions ( PROFILEID, TABID, OPERATION, PERMISSIONS ) VALUES ( 1, 2, 0, 0 ), ( 1, 2, 1, 0 ), ( 1, 2, 2, 0 ), ( 1, 2, 3, 0 ), ( 1, 2, 4, 0 ), ( 1, 4, 0, 0 ), ( 1, 4, 1, 0 ), ( 1, 4, 2, 0 ), ( 1, 4, 3, 0 ), ( 1, 4, 4, 0 ), ( 1, 6, 0, 0 ), ( 1, 6, 1, 0 ), ( 1, 6, 2, 0 ), ( 1, 6, 3, 0 ), ( 1, 6, 4, 0 ), ( 1, 7, 0, 0 ), ( 1, 7, 1, 0 ), ( 1, 7, 2, 0 ), ( 1, 7, 3, 0 ), ( 1, 7, 4, 0 ), ( 1, 8, 0, 0 ), ( 1, 8, 1, 0 ), ( 1, 8, 2, 0 ), ( 1, 8, 3, 0 ), ( 1, 8, 4, 0 ), ( 1, 9, 0, 0 ), ( 1, 9, 1, 0 ), ( 1, 9, 2, 0 ), ( 1, 9, 3, 0 ), ( 1, 9, 4, 0 ), ( 1, 13, 0, 0 ), ( 1, 13, 1, 0 ), ( 1, 13, 2, 0 ), ( 1, 13, 3, 0 ), ( 1, 13, 4, 0 ), ( 1, 14, 0, 0 ), ( 1, 14, 1, 0 ), ( 1, 14, 2, 0 ), ( 1, 14, 3, 0 ), ( 1, 14, 4, 0 ), ( 1, 15, 0, 0 ), ( 1, 15, 1, 0 ), ( 1, 15, 2, 0 ), ( 1, 15, 3, 0 ), ( 1, 15, 4, 0 ), ( 1, 16, 0, 0 ), ( 1, 16, 1, 0 ), ( 1, 16, 2, 0 ), ( 1, 16, 3, 0 ), ( 1, 16, 4, 0 ), ( 1, 18, 0, 0 ), ( 1, 18, 1, 0 ), ( 1, 18, 2, 0 ), ( 1, 18, 3, 0 ), ( 1, 18, 4, 0 ), ( 1, 19, 0, 0 ), ( 1, 19, 1, 0 ), ( 1, 19, 2, 0 ), ( 1, 19, 3, 0 ), ( 1, 19, 4, 0 ), ( 1, 20, 0, 0 ), ( 1, 20, 1, 0 ), ( 1, 20, 2, 0 ), ( 1, 20, 3, 0 ), ( 1, 20, 4, 0 ), ( 1, 21, 0, 0 ), ( 1, 21, 1, 0 ), ( 1, 21, 2, 0 ), ( 1, 21, 3, 0 ), ( 1, 21, 4, 0 ), ( 1, 22, 0, 0 ), ( 1, 22, 1, 0 ), ( 1, 22, 2, 0 ), ( 1, 22, 3, 0 ), ( 1, 22, 4, 0 ), ( 1, 23, 0, 0 ), ( 1, 23, 1, 0 ), ( 1, 23, 2, 0 ), ( 1, 23, 3, 0 ), ( 1, 23, 4, 0 ), ( 1, 26, 0, 0 ), ( 1, 26, 1, 0 ), ( 1, 26, 2, 0 ), ( 1, 26, 3, 0 ), ( 1, 26, 4, 0 ), ( 1, 30, 0, 0 ), ( 1, 30, 1, 0 ), ( 1, 30, 2, 0 ), ( 1, 30, 3, 0 ), ( 1, 30, 4, 0 ), ( 1, 39, 0, 0 ), ( 1, 39, 1, 0 ), ( 1, 39, 2, 0 ), ( 1, 39, 3, 0 ), ( 1, 39, 4, 0 ), ( 1, 40, 0, 0 ), ( 1, 40, 1, 0 ), ( 1, 40, 2, 0 ), ( 1, 40, 3, 0 ), ( 1, 40, 4, 0 ), ( 1, 41, 0, 0 ), ( 1, 41, 1, 0 ), ( 1, 41, 2, 0 ), ( 1, 41, 3, 0 ), ( 1, 41, 4, 0 ), ( 1, 43, 0, 0 ), ( 1, 43, 1, 0 ), ( 1, 43, 2, 0 ), ( 1, 43, 3, 0 ), ( 1, 43, 4, 0 ), ( 1, 45, 0, 0 ), ( 1, 45, 1, 0 ), ( 1, 45, 2, 0 ), ( 1, 45, 3, 0 ), ( 1, 45, 4, 0 ), ( 1, 46, 0, 0 ), ( 1, 46, 1, 0 ), ( 1, 46, 2, 0 ), ( 1, 46, 3, 0 ), ( 1, 46, 4, 0 ), ( 1, 47, 0, 0 ), ( 1, 47, 1, 0 ), ( 1, 47, 2, 0 ), ( 1, 47, 3, 0 ), ( 1, 47, 4, 0 ), ( 1, 51, 0, 0 ), ( 1, 51, 1, 0 ), ( 1, 51, 2, 0 ), ( 1, 51, 3, 0 ), ( 1, 51, 4, 0 ), ( 2, 2, 0, 0 ), ( 2, 2, 1, 0 ), ( 2, 2, 2, 0 ), ( 2, 2, 3, 0 ), ( 2, 2, 4, 0 ), ( 2, 4, 0, 0 ), ( 2, 4, 1, 0 ), ( 2, 4, 2, 0 ), ( 2, 4, 3, 0 ), ( 2, 4, 4, 0 ), ( 2, 6, 0, 0 ), ( 2, 6, 1, 0 ), ( 2, 6, 2, 0 ), ( 2, 6, 3, 0 ), ( 2, 6, 4, 0 ), ( 2, 7, 0, 0 ), ( 2, 7, 1, 0 ), ( 2, 7, 2, 0 ), ( 2, 7, 3, 0 ), ( 2, 7, 4, 0 ), ( 2, 8, 0, 0 ), ( 2, 8, 1, 0 ), ( 2, 8, 2, 0 ), ( 2, 8, 3, 0 ), ( 2, 8, 4, 0 ), ( 2, 9, 0, 0 ), ( 2, 9, 1, 0 ), ( 2, 9, 2, 0 ), ( 2, 9, 3, 0 ), ( 2, 9, 4, 0 ), ( 2, 13, 0, 1 ), ( 2, 13, 1, 1 ), ( 2, 13, 2, 1 ), ( 2, 13, 3, 0 ), ( 2, 13, 4, 0 ), ( 2, 14, 0, 0 ), ( 2, 14, 1, 0 ), ( 2, 14, 2, 0 ), ( 2, 14, 3, 0 ), ( 2, 14, 4, 0 ), ( 2, 15, 0, 0 ), ( 2, 15, 1, 0 ), ( 2, 15, 2, 0 ), ( 2, 15, 3, 0 ), ( 2, 15, 4, 0 ), ( 2, 16, 0, 0 ), ( 2, 16, 1, 0 ), ( 2, 16, 2, 0 ), ( 2, 16, 3, 0 ), ( 2, 16, 4, 0 ), ( 2, 18, 0, 0 ), ( 2, 18, 1, 0 ), ( 2, 18, 2, 0 ), ( 2, 18, 3, 0 ), ( 2, 18, 4, 0 ), ( 2, 19, 0, 0 ), ( 2, 19, 1, 0 ), ( 2, 19, 2, 0 ), ( 2, 19, 3, 0 ), ( 2, 19, 4, 0 ), ( 2, 20, 0, 0 ), ( 2, 20, 1, 0 ), ( 2, 20, 2, 0 ), ( 2, 20, 3, 0 ), ( 2, 20, 4, 0 ), ( 2, 21, 0, 0 ), ( 2, 21, 1, 0 ), ( 2, 21, 2, 0 ), ( 2, 21, 3, 0 ), ( 2, 21, 4, 0 ), ( 2, 22, 0, 0 ), ( 2, 22, 1, 0 ), ( 2, 22, 2, 0 ), ( 2, 22, 3, 0 ), ( 2, 22, 4, 0 ), ( 2, 23, 0, 0 ), ( 2, 23, 1, 0 ), ( 2, 23, 2, 0 ), ( 2, 23, 3, 0 ), ( 2, 23, 4, 0 ), ( 2, 26, 0, 0 ), ( 2, 26, 1, 0 ), ( 2, 26, 2, 0 ), ( 2, 26, 3, 0 ), ( 2, 26, 4, 0 ), ( 2, 30, 0, 0 ), ( 2, 30, 1, 0 ), ( 2, 30, 2, 0 ), ( 2, 30, 3, 0 ), ( 2, 30, 4, 0 ), ( 2, 39, 0, 0 ), ( 2, 39, 1, 0 ), ( 2, 39, 2, 0 ), ( 2, 39, 3, 0 ), ( 2, 39, 4, 0 ), ( 2, 40, 0, 0 ), ( 2, 40, 1, 0 ), ( 2, 40, 2, 0 ), ( 2, 40, 3, 0 ), ( 2, 40, 4, 0 ), ( 2, 41, 0, 0 ), ( 2, 41, 1, 0 ), ( 2, 41, 2, 0 ), ( 2, 41, 3, 0 ), ( 2, 41, 4, 0 ), ( 2, 43, 0, 0 ), ( 2, 43, 1, 0 ), ( 2, 43, 2, 0 ), ( 2, 43, 3, 0 ), ( 2, 43, 4, 0 ), ( 2, 45, 0, 0 ), ( 2, 45, 1, 0 ), ( 2, 45, 2, 0 ), ( 2, 45, 3, 0 ), ( 2, 45, 4, 0 ), ( 2, 46, 0, 0 ), ( 2, 46, 1, 0 ), ( 2, 46, 2, 0 ), ( 2, 46, 3, 0 ), ( 2, 46, 4, 0 ), ( 2, 47, 0, 0 ), ( 2, 47, 1, 0 ), ( 2, 47, 2, 0 ), ( 2, 47, 3, 0 ), ( 2, 47, 4, 0 ), ( 2, 51, 0, 0 ), ( 2, 51, 1, 0 ), ( 2, 51, 2, 0 ), ( 2, 51, 3, 0 ), ( 2, 51, 4, 0 ), ( 3, 2, 0, 1 ), ( 3, 2, 1, 1 ), ( 3, 2, 2, 1 ), ( 3, 2, 3, 0 ), ( 3, 2, 4, 0 ), ( 3, 4, 0, 0 ), ( 3, 4, 1, 0 ), ( 3, 4, 2, 0 ), ( 3, 4, 3, 0 ), ( 3, 4, 4, 0 ), ( 3, 6, 0, 0 ), ( 3, 6, 1, 0 ), ( 3, 6, 2, 0 ), ( 3, 6, 3, 0 ), ( 3, 6, 4, 0 ), ( 3, 7, 0, 0 ), ( 3, 7, 1, 0 ), ( 3, 7, 2, 0 ), ( 3, 7, 3, 0 ), ( 3, 7, 4, 0 ), ( 3, 8, 0, 0 ), ( 3, 8, 1, 0 ), ( 3, 8, 2, 0 ), ( 3, 8, 3, 0 ), ( 3, 8, 4, 0 ), ( 3, 9, 0, 0 ), ( 3, 9, 1, 0 ), ( 3, 9, 2, 0 ), ( 3, 9, 3, 0 ), ( 3, 9, 4, 0 ), ( 3, 13, 0, 0 ), ( 3, 13, 1, 0 ), ( 3, 13, 2, 0 ), ( 3, 13, 3, 0 ), ( 3, 13, 4, 0 ), ( 3, 14, 0, 0 ), ( 3, 14, 1, 0 ), ( 3, 14, 2, 0 ), ( 3, 14, 3, 0 ), ( 3, 14, 4, 0 ), ( 3, 15, 0, 0 ), ( 3, 15, 1, 0 ), ( 3, 15, 2, 0 ), ( 3, 15, 3, 0 ), ( 3, 15, 4, 0 ), ( 3, 16, 0, 0 ), ( 3, 16, 1, 0 ), ( 3, 16, 2, 0 ), ( 3, 16, 3, 0 ), ( 3, 16, 4, 0 ), ( 3, 18, 0, 0 ), ( 3, 18, 1, 0 ), ( 3, 18, 2, 0 ), ( 3, 18, 3, 0 ), ( 3, 18, 4, 0 ), ( 3, 19, 0, 0 ), ( 3, 19, 1, 0 ), ( 3, 19, 2, 0 ), ( 3, 19, 3, 0 ), ( 3, 19, 4, 0 ), ( 3, 20, 0, 0 ), ( 3, 20, 1, 0 ), ( 3, 20, 2, 0 ), ( 3, 20, 3, 0 ), ( 3, 20, 4, 0 ), ( 3, 21, 0, 0 ), ( 3, 21, 1, 0 ), ( 3, 21, 2, 0 ), ( 3, 21, 3, 0 ), ( 3, 21, 4, 0 ), ( 3, 22, 0, 0 ), ( 3, 22, 1, 0 ), ( 3, 22, 2, 0 ), ( 3, 22, 3, 0 ), ( 3, 22, 4, 0 ), ( 3, 23, 0, 0 ), ( 3, 23, 1, 0 ), ( 3, 23, 2, 0 ), ( 3, 23, 3, 0 ), ( 3, 23, 4, 0 ), ( 3, 26, 0, 0 ), ( 3, 26, 1, 0 ), ( 3, 26, 2, 0 ), ( 3, 26, 3, 0 ), ( 3, 26, 4, 0 ), ( 3, 30, 0, 0 ), ( 3, 30, 1, 0 ), ( 3, 30, 2, 0 ), ( 3, 30, 3, 0 ), ( 3, 30, 4, 0 ), ( 3, 39, 0, 0 ), ( 3, 39, 1, 0 ), ( 3, 39, 2, 0 ), ( 3, 39, 3, 0 ), ( 3, 39, 4, 0 ), ( 3, 40, 0, 0 ), ( 3, 40, 1, 0 ), ( 3, 40, 2, 0 ), ( 3, 40, 3, 0 ), ( 3, 40, 4, 0 ), ( 3, 41, 0, 0 ), ( 3, 41, 1, 0 ), ( 3, 41, 2, 0 ), ( 3, 41, 3, 0 ), ( 3, 41, 4, 0 ), ( 3, 43, 0, 0 ), ( 3, 43, 1, 0 ), ( 3, 43, 2, 0 ), ( 3, 43, 3, 0 ), ( 3, 43, 4, 0 ), ( 3, 45, 0, 0 ), ( 3, 45, 1, 0 ), ( 3, 45, 2, 0 ), ( 3, 45, 3, 0 ), ( 3, 45, 4, 0 ), ( 3, 46, 0, 0 ), ( 3, 46, 1, 0 ), ( 3, 46, 2, 0 ), ( 3, 46, 3, 0 ), ( 3, 46, 4, 0 ), ( 3, 47, 0, 0 ), ( 3, 47, 1, 0 ), ( 3, 47, 2, 0 ), ( 3, 47, 3, 0 ), ( 3, 47, 4, 0 ), ( 3, 51, 0, 0 ), ( 3, 51, 1, 0 ), ( 3, 51, 2, 0 ), ( 3, 51, 3, 0 ), ( 3, 51, 4, 0 ), ( 4, 2, 0, 1 ), ( 4, 2, 1, 1 ), ( 4, 2, 2, 1 ), ( 4, 2, 3, 0 ), ( 4, 2, 4, 0 ), ( 4, 4, 0, 1 ), ( 4, 4, 1, 1 ), ( 4, 4, 2, 1 ), ( 4, 4, 3, 0 ), ( 4, 4, 4, 0 ), ( 4, 6, 0, 1 ), ( 4, 6, 1, 1 ), ( 4, 6, 2, 1 ), ( 4, 6, 3, 0 ), ( 4, 6, 4, 0 ), ( 4, 7, 0, 1 ), ( 4, 7, 1, 1 ), ( 4, 7, 2, 1 ), ( 4, 7, 3, 0 ), ( 4, 7, 4, 0 ), ( 4, 8, 0, 1 ), ( 4, 8, 1, 1 ), ( 4, 8, 2, 1 ), ( 4, 8, 3, 0 ), ( 4, 8, 4, 0 ), ( 4, 9, 0, 1 ), ( 4, 9, 1, 1 ), ( 4, 9, 2, 1 ), ( 4, 9, 3, 0 ), ( 4, 9, 4, 0 ), ( 4, 13, 0, 1 ), ( 4, 13, 1, 1 ), ( 4, 13, 2, 1 ), ( 4, 13, 3, 0 ), ( 4, 13, 4, 0 ), ( 4, 14, 0, 1 ), ( 4, 14, 1, 1 ), ( 4, 14, 2, 1 ), ( 4, 14, 3, 0 ), ( 4, 14, 4, 0 ), ( 4, 15, 0, 1 ), ( 4, 15, 1, 1 ), ( 4, 15, 2, 1 ), ( 4, 15, 3, 0 ), ( 4, 15, 4, 0 ), ( 4, 16, 0, 1 ), ( 4, 16, 1, 1 ), ( 4, 16, 2, 1 ), ( 4, 16, 3, 0 ), ( 4, 16, 4, 0 ), ( 4, 18, 0, 1 ), ( 4, 18, 1, 1 ), ( 4, 18, 2, 1 ), ( 4, 18, 3, 0 ), ( 4, 18, 4, 0 ), ( 4, 19, 0, 1 ), ( 4, 19, 1, 1 ), ( 4, 19, 2, 1 ), ( 4, 19, 3, 0 ), ( 4, 19, 4, 0 ), ( 4, 20, 0, 1 ), ( 4, 20, 1, 1 ), ( 4, 20, 2, 1 ), ( 4, 20, 3, 0 ), ( 4, 20, 4, 0 ), ( 4, 21, 0, 1 ), ( 4, 21, 1, 1 ), ( 4, 21, 2, 1 ), ( 4, 21, 3, 0 ), ( 4, 21, 4, 0 ), ( 4, 22, 0, 1 ), ( 4, 22, 1, 1 ), ( 4, 22, 2, 1 ), ( 4, 22, 3, 0 ), ( 4, 22, 4, 0 ), ( 4, 23, 0, 1 ), ( 4, 23, 1, 1 ), ( 4, 23, 2, 1 ), ( 4, 23, 3, 0 ), ( 4, 23, 4, 0 ), ( 4, 26, 0, 1 ), ( 4, 26, 1, 1 ), ( 4, 26, 2, 1 ), ( 4, 26, 3, 0 ), ( 4, 26, 4, 0 ), ( 4, 30, 0, 0 ), ( 4, 30, 1, 0 ), ( 4, 30, 2, 0 ), ( 4, 30, 3, 0 ), ( 4, 30, 4, 0 ), ( 4, 39, 0, 0 ), ( 4, 39, 1, 0 ), ( 4, 39, 2, 0 ), ( 4, 39, 3, 0 ), ( 4, 39, 4, 0 ), ( 4, 40, 0, 0 ), ( 4, 40, 1, 0 ), ( 4, 40, 2, 0 ), ( 4, 40, 3, 0 ), ( 4, 40, 4, 0 ), ( 4, 41, 0, 0 ), ( 4, 41, 1, 0 ), ( 4, 41, 2, 0 ), ( 4, 41, 3, 0 ), ( 4, 41, 4, 0 ), ( 4, 43, 0, 0 ), ( 4, 43, 1, 0 ), ( 4, 43, 2, 0 ), ( 4, 43, 3, 0 ), ( 4, 43, 4, 0 ), ( 4, 45, 0, 0 ), ( 4, 45, 1, 0 ), ( 4, 45, 2, 0 ), ( 4, 45, 3, 0 ), ( 4, 45, 4, 0 ), ( 4, 46, 0, 0 ), ( 4, 46, 1, 0 ), ( 4, 46, 2, 0 ), ( 4, 46, 3, 0 ), ( 4, 46, 4, 0 ), ( 4, 47, 0, 0 ), ( 4, 47, 1, 0 ), ( 4, 47, 2, 0 ), ( 4, 47, 3, 0 ), ( 4, 47, 4, 0 ), ( 4, 51, 0, 0 ), ( 4, 51, 1, 0 ), ( 4, 51, 2, 0 ), ( 4, 51, 3, 0 ), ( 4, 51, 4, 0 ), ( 5, 2, 0, 0 ), ( 5, 2, 1, 0 ), ( 5, 2, 2, 0 ), ( 5, 2, 3, 0 ), ( 5, 2, 4, 0 ), ( 5, 4, 0, 0 ), ( 5, 4, 1, 0 ), ( 5, 4, 2, 0 ), ( 5, 4, 3, 0 ), ( 5, 4, 4, 0 ), ( 5, 6, 0, 0 ), ( 5, 6, 1, 0 ), ( 5, 6, 2, 0 ), ( 5, 6, 3, 0 ), ( 5, 6, 4, 0 ), ( 5, 7, 0, 0 ), ( 5, 7, 1, 0 ), ( 5, 7, 2, 0 ), ( 5, 7, 3, 0 ), ( 5, 7, 4, 0 ), ( 5, 8, 0, 0 ), ( 5, 8, 1, 0 ), ( 5, 8, 2, 0 ), ( 5, 8, 3, 0 ), ( 5, 8, 4, 0 ), ( 5, 9, 0, 0 ), ( 5, 9, 1, 0 ), ( 5, 9, 2, 0 ), ( 5, 9, 3, 0 ), ( 5, 9, 4, 0 ), ( 5, 13, 0, 1 ), ( 5, 13, 1, 1 ), ( 5, 13, 2, 1 ), ( 5, 13, 3, 1 ), ( 5, 13, 4, 1 ), ( 5, 14, 0, 1 ), ( 5, 14, 1, 1 ), ( 5, 14, 2, 1 ), ( 5, 14, 3, 1 ), ( 5, 14, 4, 1 ), ( 5, 15, 0, 1 ), ( 5, 15, 1, 1 ), ( 5, 15, 2, 1 ), ( 5, 15, 3, 1 ), ( 5, 15, 4, 1 ), ( 5, 16, 0, 0 ), ( 5, 16, 1, 0 ), ( 5, 16, 2, 0 ), ( 5, 16, 3, 0 ), ( 5, 16, 4, 0 ), ( 5, 18, 0, 1 ), ( 5, 18, 1, 1 ), ( 5, 18, 2, 1 ), ( 5, 18, 3, 1 ), ( 5, 18, 4, 1 ), ( 5, 19, 0, 1 ), ( 5, 19, 1, 1 ), ( 5, 19, 2, 1 ), ( 5, 19, 3, 1 ), ( 5, 19, 4, 1 ), ( 5, 20, 0, 1 ), ( 5, 20, 1, 1 ), ( 5, 20, 2, 1 ), ( 5, 20, 3, 1 ), ( 5, 20, 4, 1 ), ( 5, 21, 0, 1 ), ( 5, 21, 1, 1 ), ( 5, 21, 2, 1 ), ( 5, 21, 3, 1 ), ( 5, 21, 4, 1 ), ( 5, 22, 0, 1 ), ( 5, 22, 1, 1 ), ( 5, 22, 2, 1 ), ( 5, 22, 3, 1 ), ( 5, 22, 4, 1 ), ( 5, 23, 0, 1 ), ( 5, 23, 1, 1 ), ( 5, 23, 2, 1 ), ( 5, 23, 3, 1 ), ( 5, 23, 4, 1 ), ( 5, 26, 0, 0 ), ( 5, 26, 1, 0 ), ( 5, 26, 2, 0 ), ( 5, 26, 3, 0 ), ( 5, 26, 4, 0 ), ( 5, 30, 0, 1 ), ( 5, 30, 1, 1 ), ( 5, 30, 2, 1 ), ( 5, 30, 3, 1 ), ( 5, 30, 4, 1 ), ( 5, 39, 0, 1 ), ( 5, 39, 1, 1 ), ( 5, 39, 2, 1 ), ( 5, 39, 3, 1 ), ( 5, 39, 4, 1 ), ( 5, 40, 0, 1 ), ( 5, 40, 1, 1 ), ( 5, 40, 2, 1 ), ( 5, 40, 3, 1 ), ( 5, 40, 4, 1 ), ( 5, 41, 0, 1 ), ( 5, 41, 1, 1 ), ( 5, 41, 2, 1 ), ( 5, 41, 3, 1 ), ( 5, 41, 4, 1 ), ( 5, 43, 0, 1 ), ( 5, 43, 1, 1 ), ( 5, 43, 2, 1 ), ( 5, 43, 3, 1 ), ( 5, 43, 4, 1 ), ( 5, 45, 0, 1 ), ( 5, 45, 1, 1 ), ( 5, 45, 2, 1 ), ( 5, 45, 3, 1 ), ( 5, 45, 4, 1 ), ( 5, 46, 0, 1 ), ( 5, 46, 1, 1 ), ( 5, 46, 2, 1 ), ( 5, 46, 3, 1 ), ( 5, 46, 4, 1 ), ( 5, 47, 0, 1 ), ( 5, 47, 1, 1 ), ( 5, 47, 2, 1 ), ( 5, 47, 3, 1 ), ( 5, 47, 4, 1 ), ( 5, 51, 0, 1 ), ( 5, 51, 1, 1 ), ( 5, 51, 2, 1 ), ( 5, 51, 3, 1 ), ( 5, 51, 4, 1 ), ( 6, 2, 0, 1 ), ( 6, 2, 1, 1 ), ( 6, 2, 2, 1 ), ( 6, 2, 3, 0 ), ( 6, 2, 4, 0 ), ( 6, 4, 0, 0 ), ( 6, 4, 1, 0 ), ( 6, 4, 2, 1 ), ( 6, 4, 3, 0 ), ( 6, 4, 4, 0 ), ( 6, 6, 0, 1 ), ( 6, 6, 1, 1 ), ( 6, 6, 2, 1 ), ( 6, 6, 3, 1 ), ( 6, 6, 4, 1 ), ( 6, 7, 0, 1 ), ( 6, 7, 1, 1 ), ( 6, 7, 2, 1 ), ( 6, 7, 3, 1 ), ( 6, 7, 4, 1 ), ( 6, 8, 0, 0 ), ( 6, 8, 1, 0 ), ( 6, 8, 2, 1 ), ( 6, 8, 3, 0 ), ( 6, 8, 4, 0 ), ( 6, 9, 0, 1 ), ( 6, 9, 1, 1 ), ( 6, 9, 2, 1 ), ( 6, 9, 3, 1 ), ( 6, 9, 4, 1 ), ( 6, 13, 0, 1 ), ( 6, 13, 1, 1 ), ( 6, 13, 2, 1 ), ( 6, 13, 3, 1 ), ( 6, 13, 4, 1 ), ( 6, 14, 0, 1 ), ( 6, 14, 1, 1 ), ( 6, 14, 2, 1 ), ( 6, 14, 3, 1 ), ( 6, 14, 4, 1 ), ( 6, 15, 0, 1 ), ( 6, 15, 1, 1 ), ( 6, 15, 2, 1 ), ( 6, 15, 3, 1 ), ( 6, 15, 4, 1 ), ( 6, 16, 0, 1 ), ( 6, 16, 1, 1 ), ( 6, 16, 2, 1 ), ( 6, 16, 3, 1 ), ( 6, 16, 4, 1 ), ( 6, 18, 0, 1 ), ( 6, 18, 1, 1 ), ( 6, 18, 2, 1 ), ( 6, 18, 3, 1 ), ( 6, 18, 4, 1 ), ( 6, 19, 0, 1 ), ( 6, 19, 1, 1 ), ( 6, 19, 2, 1 ), ( 6, 19, 3, 1 ), ( 6, 19, 4, 1 ), ( 6, 20, 0, 1 ), ( 6, 20, 1, 1 ), ( 6, 20, 2, 1 ), ( 6, 20, 3, 1 ), ( 6, 20, 4, 1 ), ( 6, 21, 0, 1 ), ( 6, 21, 1, 1 ), ( 6, 21, 2, 1 ), ( 6, 21, 3, 1 ), ( 6, 21, 4, 1 ), ( 6, 22, 0, 1 ), ( 6, 22, 1, 1 ), ( 6, 22, 2, 1 ), ( 6, 22, 3, 1 ), ( 6, 22, 4, 1 ), ( 6, 23, 0, 1 ), ( 6, 23, 1, 1 ), ( 6, 23, 2, 1 ), ( 6, 23, 3, 1 ), ( 6, 23, 4, 1 ), ( 6, 26, 0, 1 ), ( 6, 26, 1, 1 ), ( 6, 26, 2, 1 ), ( 6, 26, 3, 1 ), ( 6, 26, 4, 1 ), ( 6, 30, 0, 1 ), ( 6, 30, 1, 1 ), ( 6, 30, 2, 1 ), ( 6, 30, 3, 1 ), ( 6, 30, 4, 1 ), ( 6, 39, 0, 1 ), ( 6, 39, 1, 1 ), ( 6, 39, 2, 1 ), ( 6, 39, 3, 1 ), ( 6, 39, 4, 1 ), ( 6, 40, 0, 1 ), ( 6, 40, 1, 1 ), ( 6, 40, 2, 1 ), ( 6, 40, 3, 1 ), ( 6, 40, 4, 1 ), ( 6, 41, 0, 1 ), ( 6, 41, 1, 1 ), ( 6, 41, 2, 1 ), ( 6, 41, 3, 1 ), ( 6, 41, 4, 1 ), ( 6, 43, 0, 1 ), ( 6, 43, 1, 1 ), ( 6, 43, 2, 1 ), ( 6, 43, 3, 1 ), ( 6, 43, 4, 1 ), ( 6, 45, 0, 1 ), ( 6, 45, 1, 1 ), ( 6, 45, 2, 1 ), ( 6, 45, 3, 1 ), ( 6, 45, 4, 1 ), ( 6, 46, 0, 1 ), ( 6, 46, 1, 1 ), ( 6, 46, 2, 1 ), ( 6, 46, 3, 1 ), ( 6, 46, 4, 1 ), ( 6, 47, 0, 1 ), ( 6, 47, 1, 1 ), ( 6, 47, 2, 1 ), ( 6, 47, 3, 1 ), ( 6, 47, 4, 1 ), ( 6, 51, 0, 1 ), ( 6, 51, 1, 1 ), ( 6, 51, 2, 1 ), ( 6, 51, 3, 1 ), ( 6, 51, 4, 1 );
/*!40000 ALTER TABLE `vtiger_profile2standardpermissions` ENABLE KEYS */;
UNLOCK TABLES;

--
-- Table structure for table vtiger_profile2tab
--

DROP TABLE IF EXISTS vtiger_profile2tab;
SET @saved_cs_client = @@character_set_client;
SET character_set_client = utf8;
CREATE TABLE `vtiger_profile2tab` (
  `profileid` int(11) DEFAULT NULL,
  `tabid` int(10) DEFAULT NULL,
  `permissions` int(10) NOT NULL DEFAULT '0',
  KEY `profile2tab_profileid_tabid_idx` (`profileid`,`tabid`)
) ENGINE=InnoDB DEFAULT CHARSET=utf8;
SET character_set_client = @saved_cs_client;

--
-- Dumping data for table vtiger_profile2tab
--

LOCK TABLES `vtiger_profile2tab` WRITE;
/*!40000 ALTER TABLE `vtiger_profile2tab` DISABLE KEYS */;
INSERT INTO vtiger_profile2tab ( PROFILEID, TABID, PERMISSIONS ) VALUES ( 1, 1, 0 ), ( 1, 2, 0 ), ( 1, 3, 0 ), ( 1, 4, 0 ), ( 1, 6, 0 ), ( 1, 7, 0 ), ( 1, 8, 0 ), ( 1, 9, 0 ), ( 1, 10, 0 ), ( 1, 13, 0 ), ( 1, 14, 0 ), ( 1, 15, 0 ), ( 1, 16, 0 ), ( 1, 18, 0 ), ( 1, 19, 0 ), ( 1, 20, 0 ), ( 1, 21, 0 ), ( 1, 22, 0 ), ( 1, 23, 0 ), ( 1, 24, 0 ), ( 1, 25, 0 ), ( 1, 26, 0 ), ( 1, 27, 0 ), ( 2, 1, 0 ), ( 2, 2, 0 ), ( 2, 3, 0 ), ( 2, 4, 0 ), ( 2, 6, 0 ), ( 2, 7, 0 ), ( 2, 8, 0 ), ( 2, 9, 0 ), ( 2, 10, 0 ), ( 2, 13, 0 ), ( 2, 14, 0 ), ( 2, 15, 0 ), ( 2, 16, 0 ), ( 2, 18, 0 ), ( 2, 19, 0 ), ( 2, 20, 0 ), ( 2, 21, 0 ), ( 2, 22, 0 ), ( 2, 23, 0 ), ( 2, 24, 0 ), ( 2, 25, 0 ), ( 2, 26, 0 ), ( 2, 27, 0 ), ( 3, 1, 0 ), ( 3, 2, 0 ), ( 3, 3, 0 ), ( 3, 4, 0 ), ( 3, 6, 0 ), ( 3, 7, 0 ), ( 3, 8, 0 ), ( 3, 9, 0 ), ( 3, 10, 0 ), ( 3, 13, 0 ), ( 3, 14, 0 ), ( 3, 15, 0 ), ( 3, 16, 0 ), ( 3, 18, 0 ), ( 3, 19, 0 ), ( 3, 20, 0 ), ( 3, 21, 0 ), ( 3, 22, 0 ), ( 3, 23, 0 ), ( 3, 24, 0 ), ( 3, 25, 0 ), ( 3, 26, 0 ), ( 3, 27, 0 ), ( 4, 1, 0 ), ( 4, 2, 0 ), ( 4, 3, 0 ), ( 4, 4, 0 ), ( 4, 6, 0 ), ( 4, 7, 0 ), ( 4, 8, 0 ), ( 4, 9, 0 ), ( 4, 10, 0 ), ( 4, 13, 0 ), ( 4, 14, 0 ), ( 4, 15, 0 ), ( 4, 16, 0 ), ( 4, 18, 0 ), ( 4, 19, 0 ), ( 4, 20, 0 ), ( 4, 21, 0 ), ( 4, 22, 0 ), ( 4, 23, 0 ), ( 4, 24, 0 ), ( 4, 25, 0 ), ( 4, 26, 0 ), ( 4, 27, 0 ), ( 1, 30, 0 ), ( 2, 30, 0 ), ( 3, 30, 0 ), ( 4, 30, 0 ), ( 1, 31, 0 ), ( 2, 31, 0 ), ( 3, 31, 0 ), ( 4, 31, 0 ), ( 1, 32, 0 ), ( 2, 32, 0 ), ( 3, 32, 0 ), ( 4, 32, 0 ), ( 1, 33, 0 ), ( 2, 33, 0 ), ( 3, 33, 0 ), ( 4, 33, 0 ), ( 1, 34, 0 ), ( 2, 34, 0 ), ( 3, 34, 0 ), ( 4, 34, 0 ), ( 1, 35, 0 ), ( 2, 35, 0 ), ( 3, 35, 0 ), ( 4, 35, 0 ), ( 1, 36, 0 ), ( 2, 36, 0 ), ( 3, 36, 0 ), ( 4, 36, 0 ), ( 1, 37, 0 ), ( 2, 37, 0 ), ( 3, 37, 0 ), ( 4, 37, 0 ), ( 1, 38, 0 ), ( 2, 38, 0 ), ( 3, 38, 0 ), ( 4, 38, 0 ), ( 1, 39, 0 ), ( 2, 39, 0 ), ( 3, 39, 0 ), ( 4, 39, 0 ), ( 1, 40, 0 ), ( 2, 40, 0 ), ( 3, 40, 0 ), ( 4, 40, 0 ), ( 1, 41, 0 ), ( 2, 41, 0 ), ( 3, 41, 0 ), ( 4, 41, 0 ), ( 1, 42, 0 ), ( 2, 42, 0 ), ( 3, 42, 0 ), ( 4, 42, 0 ), ( 1, 43, 0 ), ( 2, 43, 0 ), ( 3, 43, 0 ), ( 4, 43, 0 ), ( 1, 44, 0 ), ( 2, 44, 0 ), ( 3, 44, 0 ), ( 4, 44, 0 ), ( 1, 45, 0 ), ( 2, 45, 0 ), ( 3, 45, 0 ), ( 4, 45, 0 ), ( 1, 46, 0 ), ( 2, 46, 0 ), ( 3, 46, 0 ), ( 4, 46, 0 ), ( 1, 47, 0 ), ( 2, 47, 0 ), ( 3, 47, 0 ), ( 4, 47, 0 ), ( 1, 48, 0 ), ( 2, 48, 0 ), ( 3, 48, 0 ), ( 4, 48, 0 ), ( 1, 49, 0 ), ( 2, 49, 0 ), ( 3, 49, 0 ), ( 4, 49, 0 ), ( 1, 50, 0 ), ( 2, 50, 0 ), ( 3, 50, 0 ), ( 4, 50, 0 ), ( 1, 51, 0 ), ( 2, 51, 0 ), ( 3, 51, 0 ), ( 4, 51, 0 ), ( 5, 1, 0 ), ( 5, 2, 0 ), ( 5, 4, 0 ), ( 5, 6, 0 ), ( 5, 7, 0 ), ( 5, 8, 0 ), ( 5, 9, 0 ), ( 5, 16, 0 ), ( 5, 10, 0 ), ( 5, 13, 1 ), ( 5, 14, 1 ), ( 5, 15, 1 ), ( 5, 18, 1 ), ( 5, 19, 1 ), ( 5, 20, 1 ), ( 5, 21, 1 ), ( 5, 22, 1 ), ( 5, 23, 1 ), ( 5, 24, 1 ), ( 5, 25, 1 ), ( 5, 26, 0 ), ( 5, 27, 1 ), ( 5, 30, 1 ), ( 5, 31, 1 ), ( 5, 32, 1 ), ( 5, 33, 1 ), ( 5, 34, 1 ), ( 5, 35, 1 ), ( 5, 36, 1 ), ( 5, 37, 1 ), ( 5, 38, 1 ), ( 5, 39, 1 ), ( 5, 40, 1 ), ( 5, 41, 1 ), ( 5, 42, 1 ), ( 5, 43, 1 ), ( 5, 44, 1 ), ( 5, 45, 1 ), ( 5, 46, 1 ), ( 5, 47, 1 ), ( 5, 48, 1 ), ( 5, 49, 1 ), ( 5, 50, 1 ), ( 5, 51, 1 ), ( 6, 1, 1 ), ( 6, 2, 0 ), ( 6, 4, 0 ), ( 6, 6, 1 ), ( 6, 7, 1 ), ( 6, 8, 0 ), ( 6, 9, 1 ), ( 6, 16, 1 ), ( 6, 10, 1 ), ( 6, 13, 1 ), ( 6, 14, 1 ), ( 6, 15, 1 ), ( 6, 18, 1 ), ( 6, 19, 1 ), ( 6, 20, 1 ), ( 6, 21, 1 ), ( 6, 22, 1 ), ( 6, 23, 1 ), ( 6, 24, 1 ), ( 6, 25, 1 ), ( 6, 26, 1 ), ( 6, 27, 1 ), ( 6, 30, 1 ), ( 6, 31, 1 ), ( 6, 32, 1 ), ( 6, 33, 1 ), ( 6, 34, 1 ), ( 6, 35, 1 ), ( 6, 36, 1 ), ( 6, 37, 1 ), ( 6, 38, 1 ), ( 6, 39, 1 ), ( 6, 40, 1 ), ( 6, 41, 1 ), ( 6, 42, 1 ), ( 6, 43, 1 ), ( 6, 44, 1 ), ( 6, 45, 1 ), ( 6, 46, 1 ), ( 6, 47, 1 ), ( 6, 48, 1 ), ( 6, 49, 1 ), ( 6, 50, 1 ), ( 6, 51, 1 );
/*!40000 ALTER TABLE `vtiger_profile2tab` ENABLE KEYS */;
UNLOCK TABLES;

--
-- Table structure for table vtiger_profile2utility
--

DROP TABLE IF EXISTS vtiger_profile2utility;
SET @saved_cs_client = @@character_set_client;
SET character_set_client = utf8;
CREATE TABLE `vtiger_profile2utility` (
  `profileid` int(11) NOT NULL,
  `tabid` int(11) NOT NULL,
  `activityid` int(11) NOT NULL,
  `permission` int(1) DEFAULT NULL,
  PRIMARY KEY (`profileid`,`tabid`,`activityid`),
  KEY `profile2utility_profileid_tabid_activityid_idx` (`profileid`,`tabid`,`activityid`)
) ENGINE=InnoDB DEFAULT CHARSET=utf8;
SET character_set_client = @saved_cs_client;

--
-- Dumping data for table vtiger_profile2utility
--

LOCK TABLES `vtiger_profile2utility` WRITE;
/*!40000 ALTER TABLE `vtiger_profile2utility` DISABLE KEYS */;
INSERT INTO vtiger_profile2utility ( PROFILEID, TABID, ACTIVITYID, PERMISSION ) VALUES ( 1, 2, 5, 0 ), ( 1, 2, 6, 0 ), ( 1, 2, 10, 0 ), ( 1, 4, 5, 0 ), ( 1, 4, 6, 0 ), ( 1, 4, 8, 0 ), ( 1, 4, 10, 0 ), ( 1, 6, 5, 0 ), ( 1, 6, 6, 0 ), ( 1, 6, 8, 0 ), ( 1, 6, 10, 0 ), ( 1, 7, 5, 0 ), ( 1, 7, 6, 0 ), ( 1, 7, 8, 0 ), ( 1, 7, 9, 0 ), ( 1, 7, 10, 0 ), ( 1, 8, 6, 0 ), ( 1, 13, 5, 0 ), ( 1, 13, 6, 0 ), ( 1, 13, 8, 0 ), ( 1, 13, 10, 0 ), ( 1, 14, 5, 0 ), ( 1, 14, 6, 0 ), ( 1, 14, 10, 0 ), ( 1, 18, 5, 0 ), ( 1, 18, 6, 0 ), ( 1, 18, 10, 0 ), ( 1, 30, 5, 0 ), ( 1, 30, 6, 0 ), ( 1, 30, 10, 0 ), ( 1, 39, 5, 1 ), ( 1, 39, 6, 1 ), ( 1, 39, 8, 1 ), ( 1, 40, 5, 0 ), ( 1, 40, 6, 0 ), ( 1, 40, 10, 0 ), ( 1, 43, 5, 0 ), ( 1, 43, 6, 0 ), ( 1, 43, 10, 0 ), ( 1, 45, 5, 0 ), ( 1, 45, 6, 0 ), ( 1, 45, 10, 0 ), ( 1, 46, 5, 0 ), ( 1, 46, 6, 0 ), ( 1, 46, 10, 0 ), ( 1, 47, 5, 0 ), ( 1, 47, 6, 0 ), ( 1, 47, 10, 0 ), ( 2, 2, 5, 1 ), ( 2, 2, 6, 1 ), ( 2, 2, 10, 0 ), ( 2, 4, 5, 1 ), ( 2, 4, 6, 1 ), ( 2, 4, 8, 0 ), ( 2, 4, 10, 0 ), ( 2, 6, 5, 1 ), ( 2, 6, 6, 1 ), ( 2, 6, 8, 0 ), ( 2, 6, 10, 0 ), ( 2, 7, 5, 1 ), ( 2, 7, 6, 1 ), ( 2, 7, 8, 0 ), ( 2, 7, 9, 0 ), ( 2, 7, 10, 0 ), ( 2, 8, 6, 1 ), ( 2, 13, 5, 1 ), ( 2, 13, 6, 1 ), ( 2, 13, 8, 0 ), ( 2, 13, 10, 0 ), ( 2, 14, 5, 1 ), ( 2, 14, 6, 1 ), ( 2, 14, 10, 0 ), ( 2, 18, 5, 1 ), ( 2, 18, 6, 1 ), ( 2, 18, 10, 0 ), ( 2, 30, 5, 0 ), ( 2, 30, 6, 0 ), ( 2, 30, 10, 0 ), ( 2, 39, 5, 1 ), ( 2, 39, 6, 1 ), ( 2, 39, 8, 1 ), ( 2, 40, 5, 0 ), ( 2, 40, 6, 0 ), ( 2, 40, 10, 0 ), ( 2, 43, 5, 0 ), ( 2, 43, 6, 0 ), ( 2, 43, 10, 0 ), ( 2, 45, 5, 0 ), ( 2, 45, 6, 0 ), ( 2, 45, 10, 0 ), ( 2, 46, 5, 0 ), ( 2, 46, 6, 0 ), ( 2, 46, 10, 0 ), ( 2, 47, 5, 0 ), ( 2, 47, 6, 0 ), ( 2, 47, 10, 0 ), ( 3, 2, 5, 1 ), ( 3, 2, 6, 1 ), ( 3, 2, 10, 0 ), ( 3, 4, 5, 1 ), ( 3, 4, 6, 1 ), ( 3, 4, 8, 0 ), ( 3, 4, 10, 0 ), ( 3, 6, 5, 1 ), ( 3, 6, 6, 1 ), ( 3, 6, 8, 0 ), ( 3, 6, 10, 0 ), ( 3, 7, 5, 1 ), ( 3, 7, 6, 1 ), ( 3, 7, 8, 0 ), ( 3, 7, 9, 0 ), ( 3, 7, 10, 0 ), ( 3, 8, 6, 1 ), ( 3, 13, 5, 1 ), ( 3, 13, 6, 1 ), ( 3, 13, 8, 0 ), ( 3, 13, 10, 0 ), ( 3, 14, 5, 1 ), ( 3, 14, 6, 1 ), ( 3, 14, 10, 0 ), ( 3, 18, 5, 1 ), ( 3, 18, 6, 1 ), ( 3, 18, 10, 0 ), ( 3, 30, 5, 0 ), ( 3, 30, 6, 0 ), ( 3, 30, 10, 0 ), ( 3, 39, 5, 1 ), ( 3, 39, 6, 1 ), ( 3, 39, 8, 1 ), ( 3, 40, 5, 0 ), ( 3, 40, 6, 0 ), ( 3, 40, 10, 0 ), ( 3, 43, 5, 0 ), ( 3, 43, 6, 0 ), ( 3, 43, 10, 0 ), ( 3, 45, 5, 0 ), ( 3, 45, 6, 0 ), ( 3, 45, 10, 0 ), ( 3, 46, 5, 0 ), ( 3, 46, 6, 0 ), ( 3, 46, 10, 0 ), ( 3, 47, 5, 0 ), ( 3, 47, 6, 0 ), ( 3, 47, 10, 0 ), ( 4, 2, 5, 1 ), ( 4, 2, 6, 1 ), ( 4, 2, 10, 0 ), ( 4, 4, 5, 1 ), ( 4, 4, 6, 1 ), ( 4, 4, 8, 1 ), ( 4, 4, 10, 0 ), ( 4, 6, 5, 1 ), ( 4, 6, 6, 1 ), ( 4, 6, 8, 1 ), ( 4, 6, 10, 0 ), ( 4, 7, 5, 1 ), ( 4, 7, 6, 1 ), ( 4, 7, 8, 1 ), ( 4, 7, 9, 0 ), ( 4, 7, 10, 0 ), ( 4, 8, 6, 1 ), ( 4, 13, 5, 1 ), ( 4, 13, 6, 1 ), ( 4, 13, 8, 1 ), ( 4, 13, 10, 0 ), ( 4, 14, 5, 1 ), ( 4, 14, 6, 1 ), ( 4, 14, 10, 0 ), ( 4, 18, 5, 1 ), ( 4, 18, 6, 1 ), ( 4, 18, 10, 0 ), ( 4, 30, 5, 0 ), ( 4, 30, 6, 0 ), ( 4, 30, 10, 0 ), ( 4, 39, 5, 1 ), ( 4, 39, 6, 1 ), ( 4, 39, 8, 1 ), ( 4, 40, 5, 0 ), ( 4, 40, 6, 0 ), ( 4, 40, 10, 0 ), ( 4, 43, 5, 0 ), ( 4, 43, 6, 0 ), ( 4, 43, 10, 0 ), ( 4, 45, 5, 0 ), ( 4, 45, 6, 0 ), ( 4, 45, 10, 0 ), ( 4, 46, 5, 0 ), ( 4, 46, 6, 0 ), ( 4, 46, 10, 0 ), ( 4, 47, 5, 0 ), ( 4, 47, 6, 0 ), ( 4, 47, 10, 0 ), ( 5, 2, 5, 1 ), ( 5, 2, 6, 1 ), ( 5, 2, 10, 0 ), ( 5, 4, 5, 1 ), ( 5, 4, 6, 1 ), ( 5, 4, 8, 0 ), ( 5, 4, 10, 0 ), ( 5, 6, 5, 1 ), ( 5, 6, 6, 1 ), ( 5, 6, 8, 0 ), ( 5, 6, 10, 0 ), ( 5, 7, 5, 1 ), ( 5, 7, 6, 1 ), ( 5, 7, 8, 0 ), ( 5, 7, 9, 0 ), ( 5, 7, 10, 0 ), ( 5, 8, 6, 1 ), ( 5, 13, 5, 1 ), ( 5, 13, 6, 1 ), ( 5, 13, 8, 0 ), ( 5, 13, 10, 0 ), ( 5, 14, 5, 1 ), ( 5, 14, 6, 1 ), ( 5, 14, 10, 0 ), ( 5, 18, 5, 1 ), ( 5, 18, 6, 1 ), ( 5, 18, 10, 0 ), ( 5, 30, 5, 0 ), ( 5, 30, 6, 0 ), ( 5, 30, 10, 0 ), ( 5, 39, 5, 1 ), ( 5, 39, 6, 1 ), ( 5, 39, 8, 1 ), ( 5, 40, 5, 1 ), ( 5, 40, 6, 1 ), ( 5, 40, 10, 1 ), ( 5, 43, 5, 1 ), ( 5, 43, 6, 1 ), ( 5, 43, 10, 1 ), ( 5, 45, 5, 1 ), ( 5, 45, 6, 1 ), ( 5, 45, 10, 1 ), ( 5, 46, 5, 1 ), ( 5, 46, 6, 1 ), ( 5, 46, 10, 1 ), ( 5, 47, 5, 1 ), ( 5, 47, 6, 1 ), ( 5, 47, 10, 1 ), ( 6, 2, 5, 1 ), ( 6, 2, 6, 1 ), ( 6, 2, 10, 0 ), ( 6, 4, 5, 1 ), ( 6, 4, 6, 1 ), ( 6, 4, 8, 0 ), ( 6, 4, 10, 0 ), ( 6, 6, 5, 1 ), ( 6, 6, 6, 1 ), ( 6, 6, 8, 0 ), ( 6, 6, 10, 0 ), ( 6, 7, 5, 1 ), ( 6, 7, 6, 1 ), ( 6, 7, 8, 0 ), ( 6, 7, 9, 0 ), ( 6, 7, 10, 0 ), ( 6, 8, 6, 1 ), ( 6, 13, 5, 1 ), ( 6, 13, 6, 1 ), ( 6, 13, 8, 0 ), ( 6, 13, 10, 0 ), ( 6, 14, 5, 1 ), ( 6, 14, 6, 1 ), ( 6, 14, 10, 0 ), ( 6, 18, 5, 1 ), ( 6, 18, 6, 1 ), ( 6, 18, 10, 0 ), ( 6, 30, 5, 0 ), ( 6, 30, 6, 0 ), ( 6, 30, 10, 0 ), ( 6, 39, 5, 1 ), ( 6, 39, 6, 1 ), ( 6, 39, 8, 1 ), ( 6, 40, 5, 1 ), ( 6, 40, 6, 1 ), ( 6, 40, 10, 1 ), ( 6, 43, 5, 1 ), ( 6, 43, 6, 1 ), ( 6, 43, 10, 1 ), ( 6, 45, 5, 1 ), ( 6, 45, 6, 1 ), ( 6, 45, 10, 1 ), ( 6, 46, 5, 1 ), ( 6, 46, 6, 1 ), ( 6, 46, 10, 1 ), ( 6, 47, 5, 1 ), ( 6, 47, 6, 1 ), ( 6, 47, 10, 1 );
/*!40000 ALTER TABLE `vtiger_profile2utility` ENABLE KEYS */;
UNLOCK TABLES;

--
-- Table structure for table vtiger_profile_seq
--

DROP TABLE IF EXISTS vtiger_profile_seq;
SET @saved_cs_client = @@character_set_client;
SET character_set_client = utf8;
CREATE TABLE `vtiger_profile_seq` (
  `id` int(11) NOT NULL
) ENGINE=MyISAM DEFAULT CHARSET=utf8;
SET character_set_client = @saved_cs_client;

--
-- Dumping data for table vtiger_profile_seq
--

LOCK TABLES `vtiger_profile_seq` WRITE;
/*!40000 ALTER TABLE `vtiger_profile_seq` DISABLE KEYS */;
INSERT INTO vtiger_profile_seq ( ID ) VALUES ( 6 );
/*!40000 ALTER TABLE `vtiger_profile_seq` ENABLE KEYS */;
UNLOCK TABLES;

--
-- Table structure for table vtiger_progress
--

DROP TABLE IF EXISTS vtiger_progress;
SET @saved_cs_client = @@character_set_client;
SET character_set_client = utf8;
CREATE TABLE `vtiger_progress` (
  `progressid` int(11) NOT NULL AUTO_INCREMENT,
  `progress` varchar(200) NOT NULL,
  `presence` int(1) NOT NULL DEFAULT '1',
  `picklist_valueid` int(11) NOT NULL DEFAULT '0',
  PRIMARY KEY (`progressid`)
) ENGINE=InnoDB AUTO_INCREMENT=12 DEFAULT CHARSET=utf8;
SET character_set_client = @saved_cs_client;

--
-- Dumping data for table vtiger_progress
--

LOCK TABLES `vtiger_progress` WRITE;
/*!40000 ALTER TABLE `vtiger_progress` DISABLE KEYS */;
INSERT INTO vtiger_progress ( PROGRESSID, PROGRESS, PRESENCE, PICKLIST_VALUEID ) VALUES ( 1, '--none--', 1, 277 ), ( 2, '10%', 1, 278 ), ( 3, '20%', 1, 279 ), ( 4, '30%', 1, 280 ), ( 5, '40%', 1, 281 ), ( 6, '50%', 1, 282 ), ( 7, '60%', 1, 283 ), ( 8, '70%', 1, 284 ), ( 9, '80%', 1, 285 ), ( 10, '90%', 1, 286 ), ( 11, '100%', 1, 287 );
/*!40000 ALTER TABLE `vtiger_progress` ENABLE KEYS */;
UNLOCK TABLES;

--
-- Table structure for table vtiger_progress_seq
--

DROP TABLE IF EXISTS vtiger_progress_seq;
SET @saved_cs_client = @@character_set_client;
SET character_set_client = utf8;
CREATE TABLE `vtiger_progress_seq` (
  `id` int(11) NOT NULL
) ENGINE=MyISAM DEFAULT CHARSET=utf8;
SET character_set_client = @saved_cs_client;

--
-- Dumping data for table vtiger_progress_seq
--

LOCK TABLES `vtiger_progress_seq` WRITE;
/*!40000 ALTER TABLE `vtiger_progress_seq` DISABLE KEYS */;
INSERT INTO vtiger_progress_seq ( ID ) VALUES ( 11 );
/*!40000 ALTER TABLE `vtiger_progress_seq` ENABLE KEYS */;
UNLOCK TABLES;

--
-- Table structure for table vtiger_project
--

DROP TABLE IF EXISTS vtiger_project;
SET @saved_cs_client = @@character_set_client;
SET character_set_client = utf8;
CREATE TABLE `vtiger_project` (
  `projectid` int(11) DEFAULT NULL,
  `projectname` varchar(255) DEFAULT NULL,
  `project_no` varchar(100) DEFAULT NULL,
  `startdate` date DEFAULT NULL,
  `targetenddate` date DEFAULT NULL,
  `actualenddate` date DEFAULT NULL,
  `targetbudget` varchar(255) DEFAULT NULL,
  `projecturl` varchar(255) DEFAULT NULL,
  `projectstatus` varchar(100) DEFAULT NULL,
  `projectpriority` varchar(100) DEFAULT NULL,
  `projecttype` varchar(100) DEFAULT NULL,
  `progress` varchar(100) DEFAULT NULL,
  `linktoaccountscontacts` varchar(100) DEFAULT NULL
) ENGINE=InnoDB DEFAULT CHARSET=utf8;
SET character_set_client = @saved_cs_client;

--
-- Dumping data for table vtiger_project
--

LOCK TABLES `vtiger_project` WRITE;
/*!40000 ALTER TABLE `vtiger_project` DISABLE KEYS */;
INSERT INTO vtiger_project ( PROJECTID, PROJECTNAME, PROJECT_NO, STARTDATE, TARGETENDDATE, ACTUALENDDATE, TARGETBUDGET, PROJECTURL, PROJECTSTATUS, PROJECTPRIORITY, PROJECTTYPE, PROGRESS, LINKTOACCOUNTSCONTACTS ) VALUES ( 9, 'QA COE', '', '2012-10-22', '2012-10-26', '2012-10-22', '', '', 'in progress', '--none--', '--none--', '--none--', '' ), ( 47, 'Recruiting and Marketing for Staffing', '', '2012-11-13', '2013-10-31', '2012-11-13', '', '', 'in progress', '--none--', 'operative', '--none--', '' );
/*!40000 ALTER TABLE `vtiger_project` ENABLE KEYS */;
UNLOCK TABLES;

--
-- Table structure for table vtiger_projectcf
--

DROP TABLE IF EXISTS vtiger_projectcf;
SET @saved_cs_client = @@character_set_client;
SET character_set_client = utf8;
CREATE TABLE `vtiger_projectcf` (
  `projectid` int(11) NOT NULL,
  PRIMARY KEY (`projectid`)
) ENGINE=InnoDB DEFAULT CHARSET=utf8;
SET character_set_client = @saved_cs_client;

--
-- Dumping data for table vtiger_projectcf
--

LOCK TABLES `vtiger_projectcf` WRITE;
/*!40000 ALTER TABLE `vtiger_projectcf` DISABLE KEYS */;
INSERT INTO vtiger_projectcf ( PROJECTID ) VALUES ( 9 ), ( 47 );
/*!40000 ALTER TABLE `vtiger_projectcf` ENABLE KEYS */;
UNLOCK TABLES;

--
-- Table structure for table vtiger_projectmilestone
--

DROP TABLE IF EXISTS vtiger_projectmilestone;
SET @saved_cs_client = @@character_set_client;
SET character_set_client = utf8;
CREATE TABLE `vtiger_projectmilestone` (
  `projectmilestoneid` int(11) NOT NULL,
  `projectmilestonename` varchar(255) DEFAULT NULL,
  `projectmilestone_no` varchar(100) DEFAULT NULL,
  `projectmilestonedate` varchar(255) DEFAULT NULL,
  `projectid` varchar(100) DEFAULT NULL,
  `projectmilestonetype` varchar(100) DEFAULT NULL,
  PRIMARY KEY (`projectmilestoneid`)
) ENGINE=InnoDB DEFAULT CHARSET=utf8;
SET character_set_client = @saved_cs_client;

--
-- Dumping data for table vtiger_projectmilestone
--

LOCK TABLES `vtiger_projectmilestone` WRITE;
/*!40000 ALTER TABLE `vtiger_projectmilestone` DISABLE KEYS */;

/*!40000 ALTER TABLE `vtiger_projectmilestone` ENABLE KEYS */;
UNLOCK TABLES;

--
-- Table structure for table vtiger_projectmilestonecf
--

DROP TABLE IF EXISTS vtiger_projectmilestonecf;
SET @saved_cs_client = @@character_set_client;
SET character_set_client = utf8;
CREATE TABLE `vtiger_projectmilestonecf` (
  `projectmilestoneid` int(11) NOT NULL DEFAULT '0',
  PRIMARY KEY (`projectmilestoneid`)
) ENGINE=InnoDB DEFAULT CHARSET=utf8;
SET character_set_client = @saved_cs_client;

--
-- Dumping data for table vtiger_projectmilestonecf
--

LOCK TABLES `vtiger_projectmilestonecf` WRITE;
/*!40000 ALTER TABLE `vtiger_projectmilestonecf` DISABLE KEYS */;

/*!40000 ALTER TABLE `vtiger_projectmilestonecf` ENABLE KEYS */;
UNLOCK TABLES;

--
-- Table structure for table vtiger_projectmilestonetype
--

DROP TABLE IF EXISTS vtiger_projectmilestonetype;
SET @saved_cs_client = @@character_set_client;
SET character_set_client = utf8;
CREATE TABLE `vtiger_projectmilestonetype` (
  `projectmilestonetypeid` int(11) NOT NULL AUTO_INCREMENT,
  `projectmilestonetype` varchar(200) NOT NULL,
  `presence` int(1) NOT NULL DEFAULT '1',
  `picklist_valueid` int(11) NOT NULL DEFAULT '0',
  PRIMARY KEY (`projectmilestonetypeid`)
) ENGINE=InnoDB AUTO_INCREMENT=5 DEFAULT CHARSET=utf8;
SET character_set_client = @saved_cs_client;

--
-- Dumping data for table vtiger_projectmilestonetype
--

LOCK TABLES `vtiger_projectmilestonetype` WRITE;
/*!40000 ALTER TABLE `vtiger_projectmilestonetype` DISABLE KEYS */;
INSERT INTO vtiger_projectmilestonetype ( PROJECTMILESTONETYPEID, PROJECTMILESTONETYPE, PRESENCE, PICKLIST_VALUEID ) VALUES ( 1, '--none--', 1, 237 ), ( 2, 'administrative', 1, 238 ), ( 3, 'operative', 1, 239 ), ( 4, 'other', 1, 240 );
/*!40000 ALTER TABLE `vtiger_projectmilestonetype` ENABLE KEYS */;
UNLOCK TABLES;

--
-- Table structure for table vtiger_projectmilestonetype_seq
--

DROP TABLE IF EXISTS vtiger_projectmilestonetype_seq;
SET @saved_cs_client = @@character_set_client;
SET character_set_client = utf8;
CREATE TABLE `vtiger_projectmilestonetype_seq` (
  `id` int(11) NOT NULL
) ENGINE=MyISAM DEFAULT CHARSET=utf8;
SET character_set_client = @saved_cs_client;

--
-- Dumping data for table vtiger_projectmilestonetype_seq
--

LOCK TABLES `vtiger_projectmilestonetype_seq` WRITE;
/*!40000 ALTER TABLE `vtiger_projectmilestonetype_seq` DISABLE KEYS */;
INSERT INTO vtiger_projectmilestonetype_seq ( ID ) VALUES ( 4 );
/*!40000 ALTER TABLE `vtiger_projectmilestonetype_seq` ENABLE KEYS */;
UNLOCK TABLES;

--
-- Table structure for table vtiger_projectpriority
--

DROP TABLE IF EXISTS vtiger_projectpriority;
SET @saved_cs_client = @@character_set_client;
SET character_set_client = utf8;
CREATE TABLE `vtiger_projectpriority` (
  `projectpriorityid` int(11) NOT NULL AUTO_INCREMENT,
  `projectpriority` varchar(200) NOT NULL,
  `presence` int(1) NOT NULL DEFAULT '1',
  `picklist_valueid` int(11) NOT NULL DEFAULT '0',
  PRIMARY KEY (`projectpriorityid`)
) ENGINE=InnoDB AUTO_INCREMENT=5 DEFAULT CHARSET=utf8;
SET character_set_client = @saved_cs_client;

--
-- Dumping data for table vtiger_projectpriority
--

LOCK TABLES `vtiger_projectpriority` WRITE;
/*!40000 ALTER TABLE `vtiger_projectpriority` DISABLE KEYS */;
INSERT INTO vtiger_projectpriority ( PROJECTPRIORITYID, PROJECTPRIORITY, PRESENCE, PICKLIST_VALUEID ) VALUES ( 1, '--none--', 1, 273 ), ( 2, 'low', 1, 274 ), ( 3, 'normal', 1, 275 ), ( 4, 'high', 1, 276 );
/*!40000 ALTER TABLE `vtiger_projectpriority` ENABLE KEYS */;
UNLOCK TABLES;

--
-- Table structure for table vtiger_projectpriority_seq
--

DROP TABLE IF EXISTS vtiger_projectpriority_seq;
SET @saved_cs_client = @@character_set_client;
SET character_set_client = utf8;
CREATE TABLE `vtiger_projectpriority_seq` (
  `id` int(11) NOT NULL
) ENGINE=MyISAM DEFAULT CHARSET=utf8;
SET character_set_client = @saved_cs_client;

--
-- Dumping data for table vtiger_projectpriority_seq
--

LOCK TABLES `vtiger_projectpriority_seq` WRITE;
/*!40000 ALTER TABLE `vtiger_projectpriority_seq` DISABLE KEYS */;
INSERT INTO vtiger_projectpriority_seq ( ID ) VALUES ( 4 );
/*!40000 ALTER TABLE `vtiger_projectpriority_seq` ENABLE KEYS */;
UNLOCK TABLES;

--
-- Table structure for table vtiger_projectstatus
--

DROP TABLE IF EXISTS vtiger_projectstatus;
SET @saved_cs_client = @@character_set_client;
SET character_set_client = utf8;
CREATE TABLE `vtiger_projectstatus` (
  `projectstatusid` int(11) NOT NULL AUTO_INCREMENT,
  `projectstatus` varchar(200) NOT NULL,
  `presence` int(1) NOT NULL DEFAULT '1',
  `picklist_valueid` int(11) NOT NULL DEFAULT '0',
  PRIMARY KEY (`projectstatusid`)
) ENGINE=InnoDB AUTO_INCREMENT=10 DEFAULT CHARSET=utf8;
SET character_set_client = @saved_cs_client;

--
-- Dumping data for table vtiger_projectstatus
--

LOCK TABLES `vtiger_projectstatus` WRITE;
/*!40000 ALTER TABLE `vtiger_projectstatus` DISABLE KEYS */;
INSERT INTO vtiger_projectstatus ( PROJECTSTATUSID, PROJECTSTATUS, PRESENCE, PICKLIST_VALUEID ) VALUES ( 1, '--none--', 1, 260 ), ( 2, 'prospecting', 1, 261 ), ( 3, 'initiated', 1, 262 ), ( 4, 'in progress', 1, 263 ), ( 5, 'waiting for feedback', 1, 264 ), ( 6, 'on hold', 1, 265 ), ( 7, 'completed', 1, 266 ), ( 8, 'delivered', 1, 267 ), ( 9, 'archived', 1, 268 );
/*!40000 ALTER TABLE `vtiger_projectstatus` ENABLE KEYS */;
UNLOCK TABLES;

--
-- Table structure for table vtiger_projectstatus_seq
--

DROP TABLE IF EXISTS vtiger_projectstatus_seq;
SET @saved_cs_client = @@character_set_client;
SET character_set_client = utf8;
CREATE TABLE `vtiger_projectstatus_seq` (
  `id` int(11) NOT NULL
) ENGINE=MyISAM DEFAULT CHARSET=utf8;
SET character_set_client = @saved_cs_client;

--
-- Dumping data for table vtiger_projectstatus_seq
--

LOCK TABLES `vtiger_projectstatus_seq` WRITE;
/*!40000 ALTER TABLE `vtiger_projectstatus_seq` DISABLE KEYS */;
INSERT INTO vtiger_projectstatus_seq ( ID ) VALUES ( 9 );
/*!40000 ALTER TABLE `vtiger_projectstatus_seq` ENABLE KEYS */;
UNLOCK TABLES;

--
-- Table structure for table vtiger_projecttask
--

DROP TABLE IF EXISTS vtiger_projecttask;
SET @saved_cs_client = @@character_set_client;
SET character_set_client = utf8;
CREATE TABLE `vtiger_projecttask` (
  `projecttaskid` int(11) NOT NULL,
  `projecttaskname` varchar(255) DEFAULT NULL,
  `projecttask_no` varchar(100) DEFAULT NULL,
  `projecttasktype` varchar(100) DEFAULT NULL,
  `projecttaskpriority` varchar(100) DEFAULT NULL,
  `projecttaskprogress` varchar(100) DEFAULT NULL,
  `projecttaskhours` varchar(255) DEFAULT NULL,
  `startdate` date DEFAULT NULL,
  `enddate` date DEFAULT NULL,
  `projectid` varchar(100) DEFAULT NULL,
  `projecttasknumber` int(11) DEFAULT NULL,
  PRIMARY KEY (`projecttaskid`)
) ENGINE=InnoDB DEFAULT CHARSET=utf8;
SET character_set_client = @saved_cs_client;

--
-- Dumping data for table vtiger_projecttask
--

LOCK TABLES `vtiger_projecttask` WRITE;
/*!40000 ALTER TABLE `vtiger_projecttask` DISABLE KEYS */;
INSERT INTO vtiger_projecttask ( PROJECTTASKID, PROJECTTASKNAME, PROJECTTASK_NO, PROJECTTASKTYPE, PROJECTTASKPRIORITY, PROJECTTASKPROGRESS, PROJECTTASKHOURS, STARTDATE, ENDDATE, PROJECTID, PROJECTTASKNUMBER ) VALUES ( 48, 'Send Davids Resume to Aquinas for Starwoords', 'TSK1', 'operative', 'normal', '100%', '', '2012-11-13', '2012-11-16', '47', 0 ), ( 49, 'Post Job descriptions in Computrabajo', 'TSK2', '--none--', 'normal', '10%', '', '2012-11-13', '2012-11-16', '47', 0 ), ( 50, 'Follow up with Aquinas about Varuns Resume', 'TSK3', 'operative', 'normal', '50%', '', '2012-11-13', '2012-11-16', '47', 0 ), ( 51, 'Notify friends that they can get a 500 USD bonus for referals', 'TSK4', 'operative', 'normal', '--none--', '', '2012-11-13', '2012-11-16', '47', 0 ), ( 52, 'Get access to corp2corpusing careers@sintesys.us', 'TSK5', '--none--', 'normal', '--none--', '', '2012-11-13', '2012-11-16', '47', 0 ), ( 53, 'Add Juan and Alejandro to vTiger', 'TSK6', 'operative', 'normal', '--none--', '', '2012-11-13', '2012-11-13', '47', 0 ), ( 54, 'Add Tyron, Francisco Roman and David Lemus to vTiger', 'TSK7', '--none--', 'normal', '--none--', '', '2012-11-13', '2012-11-16', '47', 0 );
/*!40000 ALTER TABLE `vtiger_projecttask` ENABLE KEYS */;
UNLOCK TABLES;

--
-- Table structure for table vtiger_projecttaskcf
--

DROP TABLE IF EXISTS vtiger_projecttaskcf;
SET @saved_cs_client = @@character_set_client;
SET character_set_client = utf8;
CREATE TABLE `vtiger_projecttaskcf` (
  `projecttaskid` int(11) NOT NULL DEFAULT '0',
  PRIMARY KEY (`projecttaskid`)
) ENGINE=InnoDB DEFAULT CHARSET=utf8;
SET character_set_client = @saved_cs_client;

--
-- Dumping data for table vtiger_projecttaskcf
--

LOCK TABLES `vtiger_projecttaskcf` WRITE;
/*!40000 ALTER TABLE `vtiger_projecttaskcf` DISABLE KEYS */;
INSERT INTO vtiger_projecttaskcf ( PROJECTTASKID ) VALUES ( 48 ), ( 49 ), ( 50 ), ( 51 ), ( 52 ), ( 53 ), ( 54 );
/*!40000 ALTER TABLE `vtiger_projecttaskcf` ENABLE KEYS */;
UNLOCK TABLES;

--
-- Table structure for table vtiger_projecttaskpriority
--

DROP TABLE IF EXISTS vtiger_projecttaskpriority;
SET @saved_cs_client = @@character_set_client;
SET character_set_client = utf8;
CREATE TABLE `vtiger_projecttaskpriority` (
  `projecttaskpriorityid` int(11) NOT NULL AUTO_INCREMENT,
  `projecttaskpriority` varchar(200) NOT NULL,
  `presence` int(1) NOT NULL DEFAULT '1',
  `picklist_valueid` int(11) NOT NULL DEFAULT '0',
  PRIMARY KEY (`projecttaskpriorityid`)
) ENGINE=InnoDB AUTO_INCREMENT=5 DEFAULT CHARSET=utf8;
SET character_set_client = @saved_cs_client;

--
-- Dumping data for table vtiger_projecttaskpriority
--

LOCK TABLES `vtiger_projecttaskpriority` WRITE;
/*!40000 ALTER TABLE `vtiger_projecttaskpriority` DISABLE KEYS */;
INSERT INTO vtiger_projecttaskpriority ( PROJECTTASKPRIORITYID, PROJECTTASKPRIORITY, PRESENCE, PICKLIST_VALUEID ) VALUES ( 1, '--none--', 1, 245 ), ( 2, 'low', 1, 246 ), ( 3, 'normal', 1, 247 ), ( 4, 'high', 1, 248 );
/*!40000 ALTER TABLE `vtiger_projecttaskpriority` ENABLE KEYS */;
UNLOCK TABLES;

--
-- Table structure for table vtiger_projecttaskpriority_seq
--

DROP TABLE IF EXISTS vtiger_projecttaskpriority_seq;
SET @saved_cs_client = @@character_set_client;
SET character_set_client = utf8;
CREATE TABLE `vtiger_projecttaskpriority_seq` (
  `id` int(11) NOT NULL
) ENGINE=MyISAM DEFAULT CHARSET=utf8;
SET character_set_client = @saved_cs_client;

--
-- Dumping data for table vtiger_projecttaskpriority_seq
--

LOCK TABLES `vtiger_projecttaskpriority_seq` WRITE;
/*!40000 ALTER TABLE `vtiger_projecttaskpriority_seq` DISABLE KEYS */;
INSERT INTO vtiger_projecttaskpriority_seq ( ID ) VALUES ( 4 );
/*!40000 ALTER TABLE `vtiger_projecttaskpriority_seq` ENABLE KEYS */;
UNLOCK TABLES;

--
-- Table structure for table vtiger_projecttaskprogress
--

DROP TABLE IF EXISTS vtiger_projecttaskprogress;
SET @saved_cs_client = @@character_set_client;
SET character_set_client = utf8;
CREATE TABLE `vtiger_projecttaskprogress` (
  `projecttaskprogressid` int(11) NOT NULL AUTO_INCREMENT,
  `projecttaskprogress` varchar(200) NOT NULL,
  `presence` int(1) NOT NULL DEFAULT '1',
  `picklist_valueid` int(11) NOT NULL DEFAULT '0',
  PRIMARY KEY (`projecttaskprogressid`)
) ENGINE=InnoDB AUTO_INCREMENT=12 DEFAULT CHARSET=utf8;
SET character_set_client = @saved_cs_client;

--
-- Dumping data for table vtiger_projecttaskprogress
--

LOCK TABLES `vtiger_projecttaskprogress` WRITE;
/*!40000 ALTER TABLE `vtiger_projecttaskprogress` DISABLE KEYS */;
INSERT INTO vtiger_projecttaskprogress ( PROJECTTASKPROGRESSID, PROJECTTASKPROGRESS, PRESENCE, PICKLIST_VALUEID ) VALUES ( 1, '--none--', 1, 249 ), ( 2, '10%', 1, 250 ), ( 3, '20%', 1, 251 ), ( 4, '30%', 1, 252 ), ( 5, '40%', 1, 253 ), ( 6, '50%', 1, 254 ), ( 7, '60%', 1, 255 ), ( 8, '70%', 1, 256 ), ( 9, '80%', 1, 257 ), ( 10, '90%', 1, 258 ), ( 11, '100%', 1, 259 );
/*!40000 ALTER TABLE `vtiger_projecttaskprogress` ENABLE KEYS */;
UNLOCK TABLES;

--
-- Table structure for table vtiger_projecttaskprogress_seq
--

DROP TABLE IF EXISTS vtiger_projecttaskprogress_seq;
SET @saved_cs_client = @@character_set_client;
SET character_set_client = utf8;
CREATE TABLE `vtiger_projecttaskprogress_seq` (
  `id` int(11) NOT NULL
) ENGINE=MyISAM DEFAULT CHARSET=utf8;
SET character_set_client = @saved_cs_client;

--
-- Dumping data for table vtiger_projecttaskprogress_seq
--

LOCK TABLES `vtiger_projecttaskprogress_seq` WRITE;
/*!40000 ALTER TABLE `vtiger_projecttaskprogress_seq` DISABLE KEYS */;
INSERT INTO vtiger_projecttaskprogress_seq ( ID ) VALUES ( 11 );
/*!40000 ALTER TABLE `vtiger_projecttaskprogress_seq` ENABLE KEYS */;
UNLOCK TABLES;

--
-- Table structure for table vtiger_projecttasktype
--

DROP TABLE IF EXISTS vtiger_projecttasktype;
SET @saved_cs_client = @@character_set_client;
SET character_set_client = utf8;
CREATE TABLE `vtiger_projecttasktype` (
  `projecttasktypeid` int(11) NOT NULL AUTO_INCREMENT,
  `projecttasktype` varchar(200) NOT NULL,
  `presence` int(1) NOT NULL DEFAULT '1',
  `picklist_valueid` int(11) NOT NULL DEFAULT '0',
  PRIMARY KEY (`projecttasktypeid`)
) ENGINE=InnoDB AUTO_INCREMENT=5 DEFAULT CHARSET=utf8;
SET character_set_client = @saved_cs_client;

--
-- Dumping data for table vtiger_projecttasktype
--

LOCK TABLES `vtiger_projecttasktype` WRITE;
/*!40000 ALTER TABLE `vtiger_projecttasktype` DISABLE KEYS */;
INSERT INTO vtiger_projecttasktype ( PROJECTTASKTYPEID, PROJECTTASKTYPE, PRESENCE, PICKLIST_VALUEID ) VALUES ( 1, '--none--', 1, 241 ), ( 2, 'administrative', 1, 242 ), ( 3, 'operative', 1, 243 ), ( 4, 'other', 1, 244 );
/*!40000 ALTER TABLE `vtiger_projecttasktype` ENABLE KEYS */;
UNLOCK TABLES;

--
-- Table structure for table vtiger_projecttasktype_seq
--

DROP TABLE IF EXISTS vtiger_projecttasktype_seq;
SET @saved_cs_client = @@character_set_client;
SET character_set_client = utf8;
CREATE TABLE `vtiger_projecttasktype_seq` (
  `id` int(11) NOT NULL
) ENGINE=MyISAM DEFAULT CHARSET=utf8;
SET character_set_client = @saved_cs_client;

--
-- Dumping data for table vtiger_projecttasktype_seq
--

LOCK TABLES `vtiger_projecttasktype_seq` WRITE;
/*!40000 ALTER TABLE `vtiger_projecttasktype_seq` DISABLE KEYS */;
INSERT INTO vtiger_projecttasktype_seq ( ID ) VALUES ( 4 );
/*!40000 ALTER TABLE `vtiger_projecttasktype_seq` ENABLE KEYS */;
UNLOCK TABLES;

--
-- Table structure for table vtiger_projecttype
--

DROP TABLE IF EXISTS vtiger_projecttype;
SET @saved_cs_client = @@character_set_client;
SET character_set_client = utf8;
CREATE TABLE `vtiger_projecttype` (
  `projecttypeid` int(11) NOT NULL AUTO_INCREMENT,
  `projecttype` varchar(200) NOT NULL,
  `presence` int(1) NOT NULL DEFAULT '1',
  `picklist_valueid` int(11) NOT NULL DEFAULT '0',
  PRIMARY KEY (`projecttypeid`)
) ENGINE=InnoDB AUTO_INCREMENT=5 DEFAULT CHARSET=utf8;
SET character_set_client = @saved_cs_client;

--
-- Dumping data for table vtiger_projecttype
--

LOCK TABLES `vtiger_projecttype` WRITE;
/*!40000 ALTER TABLE `vtiger_projecttype` DISABLE KEYS */;
INSERT INTO vtiger_projecttype ( PROJECTTYPEID, PROJECTTYPE, PRESENCE, PICKLIST_VALUEID ) VALUES ( 1, '--none--', 1, 269 ), ( 2, 'administrative', 1, 270 ), ( 3, 'operative', 1, 271 ), ( 4, 'other', 1, 272 );
/*!40000 ALTER TABLE `vtiger_projecttype` ENABLE KEYS */;
UNLOCK TABLES;

--
-- Table structure for table vtiger_projecttype_seq
--

DROP TABLE IF EXISTS vtiger_projecttype_seq;
SET @saved_cs_client = @@character_set_client;
SET character_set_client = utf8;
CREATE TABLE `vtiger_projecttype_seq` (
  `id` int(11) NOT NULL
) ENGINE=MyISAM DEFAULT CHARSET=utf8;
SET character_set_client = @saved_cs_client;

--
-- Dumping data for table vtiger_projecttype_seq
--

LOCK TABLES `vtiger_projecttype_seq` WRITE;
/*!40000 ALTER TABLE `vtiger_projecttype_seq` DISABLE KEYS */;
INSERT INTO vtiger_projecttype_seq ( ID ) VALUES ( 4 );
/*!40000 ALTER TABLE `vtiger_projecttype_seq` ENABLE KEYS */;
UNLOCK TABLES;

--
-- Table structure for table vtiger_purchaseorder
--

DROP TABLE IF EXISTS vtiger_purchaseorder;
SET @saved_cs_client = @@character_set_client;
SET character_set_client = utf8;
CREATE TABLE `vtiger_purchaseorder` (
  `purchaseorderid` int(19) NOT NULL DEFAULT '0',
  `subject` varchar(100) DEFAULT NULL,
  `quoteid` int(19) DEFAULT NULL,
  `vendorid` int(19) DEFAULT NULL,
  `requisition_no` varchar(100) DEFAULT NULL,
  `purchaseorder_no` varchar(100) DEFAULT NULL,
  `tracking_no` varchar(100) DEFAULT NULL,
  `contactid` int(19) DEFAULT NULL,
  `duedate` date DEFAULT NULL,
  `carrier` varchar(200) DEFAULT NULL,
  `type` varchar(100) DEFAULT NULL,
  `adjustment` decimal(25,3) DEFAULT NULL,
  `salescommission` decimal(25,3) DEFAULT NULL,
  `exciseduty` decimal(25,3) DEFAULT NULL,
  `total` decimal(25,3) DEFAULT NULL,
  `subtotal` decimal(25,3) DEFAULT NULL,
  `taxtype` varchar(25) DEFAULT NULL,
  `discount_percent` decimal(25,3) DEFAULT NULL,
  `discount_amount` decimal(25,3) DEFAULT NULL,
  `s_h_amount` decimal(25,3) DEFAULT NULL,
  `terms_conditions` text,
  `postatus` varchar(200) DEFAULT NULL,
  `currency_id` int(19) NOT NULL DEFAULT '1',
  `conversion_rate` decimal(10,3) NOT NULL DEFAULT '1.000',
  PRIMARY KEY (`purchaseorderid`),
  KEY `purchaseorder_vendorid_idx` (`vendorid`),
  KEY `purchaseorder_quoteid_idx` (`quoteid`),
  KEY `purchaseorder_contactid_idx` (`contactid`),
  CONSTRAINT `fk_4_vtiger_purchaseorder` FOREIGN KEY (`vendorid`) REFERENCES `vtiger_vendor` (`vendorid`) ON DELETE CASCADE
) ENGINE=InnoDB DEFAULT CHARSET=utf8;
SET character_set_client = @saved_cs_client;

--
-- Dumping data for table vtiger_purchaseorder
--

LOCK TABLES `vtiger_purchaseorder` WRITE;
/*!40000 ALTER TABLE `vtiger_purchaseorder` DISABLE KEYS */;

/*!40000 ALTER TABLE `vtiger_purchaseorder` ENABLE KEYS */;
UNLOCK TABLES;

--
-- Table structure for table vtiger_purchaseordercf
--

DROP TABLE IF EXISTS vtiger_purchaseordercf;
SET @saved_cs_client = @@character_set_client;
SET character_set_client = utf8;
CREATE TABLE `vtiger_purchaseordercf` (
  `purchaseorderid` int(19) NOT NULL DEFAULT '0',
  PRIMARY KEY (`purchaseorderid`),
  CONSTRAINT `fk_1_vtiger_purchaseordercf` FOREIGN KEY (`purchaseorderid`) REFERENCES `vtiger_purchaseorder` (`purchaseorderid`) ON DELETE CASCADE
) ENGINE=InnoDB DEFAULT CHARSET=utf8;
SET character_set_client = @saved_cs_client;

--
-- Dumping data for table vtiger_purchaseordercf
--

LOCK TABLES `vtiger_purchaseordercf` WRITE;
/*!40000 ALTER TABLE `vtiger_purchaseordercf` DISABLE KEYS */;

/*!40000 ALTER TABLE `vtiger_purchaseordercf` ENABLE KEYS */;
UNLOCK TABLES;

--
-- Table structure for table vtiger_quickview
--

DROP TABLE IF EXISTS vtiger_quickview;
SET @saved_cs_client = @@character_set_client;
SET character_set_client = utf8;
CREATE TABLE `vtiger_quickview` (
  `fieldid` int(19) NOT NULL,
  `related_fieldid` int(19) NOT NULL,
  `sequence` int(19) NOT NULL,
  `currentview` int(19) NOT NULL,
  KEY `fk_1_vtiger_quickview` (`fieldid`),
  CONSTRAINT `fk_1_vtiger_quickview` FOREIGN KEY (`fieldid`) REFERENCES `vtiger_field` (`fieldid`) ON DELETE CASCADE
) ENGINE=InnoDB DEFAULT CHARSET=utf8;
SET character_set_client = @saved_cs_client;

--
-- Dumping data for table vtiger_quickview
--

LOCK TABLES `vtiger_quickview` WRITE;
/*!40000 ALTER TABLE `vtiger_quickview` DISABLE KEYS */;

/*!40000 ALTER TABLE `vtiger_quickview` ENABLE KEYS */;
UNLOCK TABLES;

--
-- Table structure for table vtiger_quotes
--

DROP TABLE IF EXISTS vtiger_quotes;
SET @saved_cs_client = @@character_set_client;
SET character_set_client = utf8;
CREATE TABLE `vtiger_quotes` (
  `quoteid` int(19) NOT NULL DEFAULT '0',
  `subject` varchar(100) DEFAULT NULL,
  `potentialid` int(19) DEFAULT NULL,
  `quotestage` varchar(200) DEFAULT NULL,
  `validtill` date DEFAULT NULL,
  `contactid` int(19) DEFAULT NULL,
  `quote_no` varchar(100) DEFAULT NULL,
  `subtotal` decimal(25,3) DEFAULT NULL,
  `carrier` varchar(200) DEFAULT NULL,
  `shipping` varchar(100) DEFAULT NULL,
  `inventorymanager` int(19) DEFAULT NULL,
  `type` varchar(100) DEFAULT NULL,
  `adjustment` decimal(25,3) DEFAULT NULL,
  `total` decimal(25,3) DEFAULT NULL,
  `taxtype` varchar(25) DEFAULT NULL,
  `discount_percent` decimal(25,3) DEFAULT NULL,
  `discount_amount` decimal(25,3) DEFAULT NULL,
  `s_h_amount` decimal(25,3) DEFAULT NULL,
  `accountid` int(19) DEFAULT NULL,
  `terms_conditions` text,
  `currency_id` int(19) NOT NULL DEFAULT '1',
  `conversion_rate` decimal(10,3) NOT NULL DEFAULT '1.000',
  PRIMARY KEY (`quoteid`),
  KEY `quote_quotestage_idx` (`quotestage`),
  KEY `quotes_potentialid_idx` (`potentialid`),
  KEY `quotes_contactid_idx` (`contactid`),
  CONSTRAINT `fk_3_vtiger_quotes` FOREIGN KEY (`potentialid`) REFERENCES `vtiger_potential` (`potentialid`) ON DELETE CASCADE
) ENGINE=InnoDB DEFAULT CHARSET=utf8;
SET character_set_client = @saved_cs_client;

--
-- Dumping data for table vtiger_quotes
--

LOCK TABLES `vtiger_quotes` WRITE;
/*!40000 ALTER TABLE `vtiger_quotes` DISABLE KEYS */;

/*!40000 ALTER TABLE `vtiger_quotes` ENABLE KEYS */;
UNLOCK TABLES;

--
-- Table structure for table vtiger_quotesbillads
--

DROP TABLE IF EXISTS vtiger_quotesbillads;
SET @saved_cs_client = @@character_set_client;
SET character_set_client = utf8;
CREATE TABLE `vtiger_quotesbillads` (
  `quotebilladdressid` int(19) NOT NULL DEFAULT '0',
  `bill_city` varchar(30) DEFAULT NULL,
  `bill_code` varchar(30) DEFAULT NULL,
  `bill_country` varchar(30) DEFAULT NULL,
  `bill_state` varchar(30) DEFAULT NULL,
  `bill_street` varchar(250) DEFAULT NULL,
  `bill_pobox` varchar(30) DEFAULT NULL,
  PRIMARY KEY (`quotebilladdressid`),
  CONSTRAINT `fk_1_vtiger_quotesbillads` FOREIGN KEY (`quotebilladdressid`) REFERENCES `vtiger_quotes` (`quoteid`) ON DELETE CASCADE
) ENGINE=InnoDB DEFAULT CHARSET=utf8;
SET character_set_client = @saved_cs_client;

--
-- Dumping data for table vtiger_quotesbillads
--

LOCK TABLES `vtiger_quotesbillads` WRITE;
/*!40000 ALTER TABLE `vtiger_quotesbillads` DISABLE KEYS */;

/*!40000 ALTER TABLE `vtiger_quotesbillads` ENABLE KEYS */;
UNLOCK TABLES;

--
-- Table structure for table vtiger_quotescf
--

DROP TABLE IF EXISTS vtiger_quotescf;
SET @saved_cs_client = @@character_set_client;
SET character_set_client = utf8;
CREATE TABLE `vtiger_quotescf` (
  `quoteid` int(19) NOT NULL DEFAULT '0',
  PRIMARY KEY (`quoteid`),
  CONSTRAINT `fk_1_vtiger_quotescf` FOREIGN KEY (`quoteid`) REFERENCES `vtiger_quotes` (`quoteid`) ON DELETE CASCADE
) ENGINE=InnoDB DEFAULT CHARSET=utf8;
SET character_set_client = @saved_cs_client;

--
-- Dumping data for table vtiger_quotescf
--

LOCK TABLES `vtiger_quotescf` WRITE;
/*!40000 ALTER TABLE `vtiger_quotescf` DISABLE KEYS */;

/*!40000 ALTER TABLE `vtiger_quotescf` ENABLE KEYS */;
UNLOCK TABLES;

--
-- Table structure for table vtiger_quotesshipads
--

DROP TABLE IF EXISTS vtiger_quotesshipads;
SET @saved_cs_client = @@character_set_client;
SET character_set_client = utf8;
CREATE TABLE `vtiger_quotesshipads` (
  `quoteshipaddressid` int(19) NOT NULL DEFAULT '0',
  `ship_city` varchar(30) DEFAULT NULL,
  `ship_code` varchar(30) DEFAULT NULL,
  `ship_country` varchar(30) DEFAULT NULL,
  `ship_state` varchar(30) DEFAULT NULL,
  `ship_street` varchar(250) DEFAULT NULL,
  `ship_pobox` varchar(30) DEFAULT NULL,
  PRIMARY KEY (`quoteshipaddressid`),
  CONSTRAINT `fk_1_vtiger_quotesshipads` FOREIGN KEY (`quoteshipaddressid`) REFERENCES `vtiger_quotes` (`quoteid`) ON DELETE CASCADE
) ENGINE=InnoDB DEFAULT CHARSET=utf8;
SET character_set_client = @saved_cs_client;

--
-- Dumping data for table vtiger_quotesshipads
--

LOCK TABLES `vtiger_quotesshipads` WRITE;
/*!40000 ALTER TABLE `vtiger_quotesshipads` DISABLE KEYS */;

/*!40000 ALTER TABLE `vtiger_quotesshipads` ENABLE KEYS */;
UNLOCK TABLES;

--
-- Table structure for table vtiger_quotestage
--

DROP TABLE IF EXISTS vtiger_quotestage;
SET @saved_cs_client = @@character_set_client;
SET character_set_client = utf8;
CREATE TABLE `vtiger_quotestage` (
  `quotestageid` int(19) NOT NULL AUTO_INCREMENT,
  `quotestage` varchar(200) NOT NULL,
  `presence` int(1) NOT NULL DEFAULT '1',
  `picklist_valueid` int(19) NOT NULL DEFAULT '0',
  PRIMARY KEY (`quotestageid`),
  UNIQUE KEY `quotestage_quotestage_idx` (`quotestage`)
) ENGINE=InnoDB AUTO_INCREMENT=6 DEFAULT CHARSET=utf8;
SET character_set_client = @saved_cs_client;

--
-- Dumping data for table vtiger_quotestage
--

LOCK TABLES `vtiger_quotestage` WRITE;
/*!40000 ALTER TABLE `vtiger_quotestage` DISABLE KEYS */;
INSERT INTO vtiger_quotestage ( QUOTESTAGEID, QUOTESTAGE, PRESENCE, PICKLIST_VALUEID ) VALUES ( 1, 'Created', 0, 139 ), ( 2, 'Delivered', 0, 140 ), ( 3, 'Reviewed', 0, 141 ), ( 4, 'Accepted', 0, 142 ), ( 5, 'Rejected', 0, 143 );
/*!40000 ALTER TABLE `vtiger_quotestage` ENABLE KEYS */;
UNLOCK TABLES;

--
-- Table structure for table vtiger_quotestage_seq
--

DROP TABLE IF EXISTS vtiger_quotestage_seq;
SET @saved_cs_client = @@character_set_client;
SET character_set_client = utf8;
CREATE TABLE `vtiger_quotestage_seq` (
  `id` int(11) NOT NULL
) ENGINE=MyISAM DEFAULT CHARSET=utf8;
SET character_set_client = @saved_cs_client;

--
-- Dumping data for table vtiger_quotestage_seq
--

LOCK TABLES `vtiger_quotestage_seq` WRITE;
/*!40000 ALTER TABLE `vtiger_quotestage_seq` DISABLE KEYS */;
INSERT INTO vtiger_quotestage_seq ( ID ) VALUES ( 5 );
/*!40000 ALTER TABLE `vtiger_quotestage_seq` ENABLE KEYS */;
UNLOCK TABLES;

--
-- Table structure for table vtiger_quotestagehistory
--

DROP TABLE IF EXISTS vtiger_quotestagehistory;
SET @saved_cs_client = @@character_set_client;
SET character_set_client = utf8;
CREATE TABLE `vtiger_quotestagehistory` (
  `historyid` int(19) NOT NULL AUTO_INCREMENT,
  `quoteid` int(19) NOT NULL,
  `accountname` varchar(100) DEFAULT NULL,
  `total` decimal(10,0) DEFAULT NULL,
  `quotestage` varchar(200) DEFAULT NULL,
  `lastmodified` datetime DEFAULT NULL,
  PRIMARY KEY (`historyid`),
  KEY `quotestagehistory_quoteid_idx` (`quoteid`),
  CONSTRAINT `fk_1_vtiger_quotestagehistory` FOREIGN KEY (`quoteid`) REFERENCES `vtiger_quotes` (`quoteid`) ON DELETE CASCADE
) ENGINE=InnoDB DEFAULT CHARSET=utf8;
SET character_set_client = @saved_cs_client;

--
-- Dumping data for table vtiger_quotestagehistory
--

LOCK TABLES `vtiger_quotestagehistory` WRITE;
/*!40000 ALTER TABLE `vtiger_quotestagehistory` DISABLE KEYS */;

/*!40000 ALTER TABLE `vtiger_quotestagehistory` ENABLE KEYS */;
UNLOCK TABLES;

--
-- Table structure for table vtiger_rating
--

DROP TABLE IF EXISTS vtiger_rating;
SET @saved_cs_client = @@character_set_client;
SET character_set_client = utf8;
CREATE TABLE `vtiger_rating` (
  `rating_id` int(19) NOT NULL AUTO_INCREMENT,
  `rating` varchar(200) DEFAULT NULL,
  `presence` int(1) NOT NULL DEFAULT '1',
  `picklist_valueid` int(19) NOT NULL DEFAULT '0',
  PRIMARY KEY (`rating_id`)
) ENGINE=InnoDB AUTO_INCREMENT=7 DEFAULT CHARSET=utf8;
SET character_set_client = @saved_cs_client;

--
-- Dumping data for table vtiger_rating
--

LOCK TABLES `vtiger_rating` WRITE;
/*!40000 ALTER TABLE `vtiger_rating` DISABLE KEYS */;
INSERT INTO vtiger_rating ( RATING_ID, RATING, PRESENCE, PICKLIST_VALUEID ) VALUES ( 1, '--None--', 1, 144 ), ( 2, 'Acquired', 1, 145 ), ( 3, 'Active', 1, 146 ), ( 4, 'Market Failed', 1, 147 ), ( 5, 'Project Cancelled', 1, 148 ), ( 6, 'Shutdown', 1, 149 );
/*!40000 ALTER TABLE `vtiger_rating` ENABLE KEYS */;
UNLOCK TABLES;

--
-- Table structure for table vtiger_rating_seq
--

DROP TABLE IF EXISTS vtiger_rating_seq;
SET @saved_cs_client = @@character_set_client;
SET character_set_client = utf8;
CREATE TABLE `vtiger_rating_seq` (
  `id` int(11) NOT NULL
) ENGINE=MyISAM DEFAULT CHARSET=utf8;
SET character_set_client = @saved_cs_client;

--
-- Dumping data for table vtiger_rating_seq
--

LOCK TABLES `vtiger_rating_seq` WRITE;
/*!40000 ALTER TABLE `vtiger_rating_seq` DISABLE KEYS */;
INSERT INTO vtiger_rating_seq ( ID ) VALUES ( 6 );
/*!40000 ALTER TABLE `vtiger_rating_seq` ENABLE KEYS */;
UNLOCK TABLES;

--
-- Table structure for table vtiger_recurring_frequency
--

DROP TABLE IF EXISTS vtiger_recurring_frequency;
SET @saved_cs_client = @@character_set_client;
SET character_set_client = utf8;
CREATE TABLE `vtiger_recurring_frequency` (
  `recurring_frequency_id` int(11) DEFAULT NULL,
  `recurring_frequency` varchar(200) DEFAULT NULL,
  `sortorderid` int(11) DEFAULT NULL,
  `presence` int(11) DEFAULT NULL
) ENGINE=InnoDB DEFAULT CHARSET=utf8;
SET character_set_client = @saved_cs_client;

--
-- Dumping data for table vtiger_recurring_frequency
--

LOCK TABLES `vtiger_recurring_frequency` WRITE;
/*!40000 ALTER TABLE `vtiger_recurring_frequency` DISABLE KEYS */;
INSERT INTO vtiger_recurring_frequency ( RECURRING_FREQUENCY_ID, RECURRING_FREQUENCY, SORTORDERID, PRESENCE ) VALUES ( 1, '--None--', 0, 1 ), ( 2, 'Daily', 1, 1 ), ( 3, 'Weekly', 2, 1 ), ( 4, 'Monthly', 3, 1 ), ( 5, 'Quarterly', 4, 1 ), ( 6, 'Yearly', 5, 1 );
/*!40000 ALTER TABLE `vtiger_recurring_frequency` ENABLE KEYS */;
UNLOCK TABLES;

--
-- Table structure for table vtiger_recurring_frequency_seq
--

DROP TABLE IF EXISTS vtiger_recurring_frequency_seq;
SET @saved_cs_client = @@character_set_client;
SET character_set_client = utf8;
CREATE TABLE `vtiger_recurring_frequency_seq` (
  `id` int(11) NOT NULL
) ENGINE=MyISAM DEFAULT CHARSET=utf8;
SET character_set_client = @saved_cs_client;

--
-- Dumping data for table vtiger_recurring_frequency_seq
--

LOCK TABLES `vtiger_recurring_frequency_seq` WRITE;
/*!40000 ALTER TABLE `vtiger_recurring_frequency_seq` DISABLE KEYS */;
INSERT INTO vtiger_recurring_frequency_seq ( ID ) VALUES ( 6 );
/*!40000 ALTER TABLE `vtiger_recurring_frequency_seq` ENABLE KEYS */;
UNLOCK TABLES;

--
-- Table structure for table vtiger_recurringevents
--

DROP TABLE IF EXISTS vtiger_recurringevents;
SET @saved_cs_client = @@character_set_client;
SET character_set_client = utf8;
CREATE TABLE `vtiger_recurringevents` (
  `recurringid` int(19) NOT NULL AUTO_INCREMENT,
  `activityid` int(19) NOT NULL,
  `recurringdate` date DEFAULT NULL,
  `recurringtype` varchar(30) DEFAULT NULL,
  `recurringfreq` int(19) DEFAULT NULL,
  `recurringinfo` varchar(50) DEFAULT NULL,
  PRIMARY KEY (`recurringid`),
  KEY `fk_1_vtiger_recurringevents` (`activityid`),
  CONSTRAINT `fk_1_vtiger_recurringevents` FOREIGN KEY (`activityid`) REFERENCES `vtiger_activity` (`activityid`) ON DELETE CASCADE
) ENGINE=InnoDB DEFAULT CHARSET=utf8;
SET character_set_client = @saved_cs_client;

--
-- Dumping data for table vtiger_recurringevents
--

LOCK TABLES `vtiger_recurringevents` WRITE;
/*!40000 ALTER TABLE `vtiger_recurringevents` DISABLE KEYS */;

/*!40000 ALTER TABLE `vtiger_recurringevents` ENABLE KEYS */;
UNLOCK TABLES;

--
-- Table structure for table vtiger_recurringtype
--

DROP TABLE IF EXISTS vtiger_recurringtype;
SET @saved_cs_client = @@character_set_client;
SET character_set_client = utf8;
CREATE TABLE `vtiger_recurringtype` (
  `recurringeventid` int(19) NOT NULL AUTO_INCREMENT,
  `recurringtype` varchar(200) NOT NULL,
  `sortorderid` int(19) NOT NULL DEFAULT '0',
  `presence` int(1) NOT NULL DEFAULT '1',
  PRIMARY KEY (`recurringeventid`),
  UNIQUE KEY `recurringtype_status_idx` (`recurringtype`)
) ENGINE=InnoDB AUTO_INCREMENT=6 DEFAULT CHARSET=utf8;
SET character_set_client = @saved_cs_client;

--
-- Dumping data for table vtiger_recurringtype
--

LOCK TABLES `vtiger_recurringtype` WRITE;
/*!40000 ALTER TABLE `vtiger_recurringtype` DISABLE KEYS */;
INSERT INTO vtiger_recurringtype ( RECURRINGEVENTID, RECURRINGTYPE, SORTORDERID, PRESENCE ) VALUES ( 1, '--None--', 0, 1 ), ( 2, 'Daily', 1, 1 ), ( 3, 'Weekly', 2, 1 ), ( 4, 'Monthly', 3, 1 ), ( 5, 'Yearly', 4, 1 );
/*!40000 ALTER TABLE `vtiger_recurringtype` ENABLE KEYS */;
UNLOCK TABLES;

--
-- Table structure for table vtiger_recurringtype_seq
--

DROP TABLE IF EXISTS vtiger_recurringtype_seq;
SET @saved_cs_client = @@character_set_client;
SET character_set_client = utf8;
CREATE TABLE `vtiger_recurringtype_seq` (
  `id` int(11) NOT NULL
) ENGINE=MyISAM DEFAULT CHARSET=utf8;
SET character_set_client = @saved_cs_client;

--
-- Dumping data for table vtiger_recurringtype_seq
--

LOCK TABLES `vtiger_recurringtype_seq` WRITE;
/*!40000 ALTER TABLE `vtiger_recurringtype_seq` DISABLE KEYS */;
INSERT INTO vtiger_recurringtype_seq ( ID ) VALUES ( 5 );
/*!40000 ALTER TABLE `vtiger_recurringtype_seq` ENABLE KEYS */;
UNLOCK TABLES;

--
-- Table structure for table vtiger_relatedlists
--

DROP TABLE IF EXISTS vtiger_relatedlists;
SET @saved_cs_client = @@character_set_client;
SET character_set_client = utf8;
CREATE TABLE `vtiger_relatedlists` (
  `relation_id` int(19) NOT NULL,
  `tabid` int(10) DEFAULT NULL,
  `related_tabid` int(10) DEFAULT NULL,
  `name` varchar(100) DEFAULT NULL,
  `sequence` int(10) DEFAULT NULL,
  `label` varchar(100) DEFAULT NULL,
  `presence` int(10) NOT NULL DEFAULT '0',
  `actions` varchar(50) NOT NULL DEFAULT '',
  PRIMARY KEY (`relation_id`),
  KEY `relatedlists_relation_id_idx` (`relation_id`)
) ENGINE=InnoDB DEFAULT CHARSET=utf8;
SET character_set_client = @saved_cs_client;

--
-- Dumping data for table vtiger_relatedlists
--

LOCK TABLES `vtiger_relatedlists` WRITE;
/*!40000 ALTER TABLE `vtiger_relatedlists` DISABLE KEYS */;
INSERT INTO vtiger_relatedlists ( RELATION_ID, TABID, RELATED_TABID, NAME, SEQUENCE, LABEL, PRESENCE, ACTIONS ) VALUES ( 1, 6, 4, 'get_contacts', 1, 'Contacts', 0, 'add' ), ( 2, 6, 2, 'get_opportunities', 2, 'Potentials', 0, 'add' ), ( 3, 6, 20, 'get_quotes', 3, 'Quotes', 0, 'add' ), ( 4, 6, 22, 'get_salesorder', 4, 'Sales Order', 0, 'add' ), ( 5, 6, 23, 'get_invoices', 5, 'Invoice', 0, 'add' ), ( 6, 6, 9, 'get_activities', 6, 'Activities', 0, 'add' ), ( 7, 6, 10, 'get_emails', 7, 'Emails', 0, 'add' ), ( 8, 6, 9, 'get_history', 8, 'Activity History', 0, 'add' ), ( 9, 6, 8, 'get_attachments', 9, 'Documents', 0, 'add,select' ), ( 10, 6, 13, 'get_tickets', 10, 'HelpDesk', 0, 'add' ), ( 11, 6, 14, 'get_products', 11, 'Products', 0, 'select' ), ( 12, 7, 9, 'get_activities', 1, 'Activities', 0, 'add' ), ( 13, 7, 10, 'get_emails', 2, 'Emails', 0, 'add' ), ( 14, 7, 9, 'get_history', 3, 'Activity History', 0, 'add' ), ( 15, 7, 8, 'get_attachments', 4, 'Documents', 0, 'add,select' ), ( 16, 7, 14, 'get_products', 5, 'Products', 0, 'select' ), ( 17, 7, 26, 'get_campaigns', 6, 'Campaigns', 0, 'select' ), ( 18, 4, 2, 'get_opportunities', 1, 'Potentials', 0, 'add' ), ( 19, 4, 9, 'get_activities', 3, 'Activities', 0, 'add' ), ( 20, 4, 10, 'get_emails', 4, 'Emails', 0, 'add' ), ( 21, 4, 13, 'get_tickets', 5, 'HelpDesk', 0, 'add' ), ( 22, 4, 20, 'get_quotes', 6, 'Quotes', 0, 'add' ), ( 23, 4, 21, 'get_purchase_orders', 7, 'Purchase Order', 0, 'add' ), ( 24, 4, 22, 'get_salesorder', 8, 'Sales Order', 0, 'add' ), ( 25, 4, 14, 'get_products', 9, 'Products', 0, 'select' ), ( 26, 4, 9, 'get_history', 10, 'Activity History', 0, 'add' ), ( 27, 4, 8, 'get_attachments', 2, 'Documents', 0, 'add,select' ), ( 28, 4, 26, 'get_campaigns', 11, 'Campaigns', 0, 'select' ), ( 29, 4, 23, 'get_invoices', 12, 'Invoice', 0, 'add' ), ( 30, 2, 9, 'get_activities', 1, 'Activities', 0, 'add' ), ( 31, 2, 4, 'get_contacts', 2, 'Contacts', 0, 'select' ), ( 32, 2, 14, 'get_products', 3, 'Products', 0, 'select' ), ( 33, 2, 0, 'get_stage_history', 4, 'Sales Stage History', 0, '' ), ( 34, 2, 8, 'get_attachments', 5, 'Documents', 0, 'add,select' ), ( 35, 2, 20, 'get_Quotes', 6, 'Quotes', 0, 'add' ), ( 36, 2, 22, 'get_salesorder', 7, 'Sales Order', 0, 'add' ), ( 37, 2, 9, 'get_history', 8, 'Activity History', 0, '' ), ( 38, 14, 13, 'get_tickets', 1, 'HelpDesk', 0, 'add' ), ( 39, 14, 8, 'get_attachments', 3, 'Documents', 0, 'add,select' ), ( 40, 14, 20, 'get_quotes', 4, 'Quotes', 0, 'add' ), ( 41, 14, 21, 'get_purchase_orders', 5, 'Purchase Order', 0, 'add' ), ( 42, 14, 22, 'get_salesorder', 6, 'Sales Order', 0, 'add' ), ( 43, 14, 23, 'get_invoices', 7, 'Invoice', 0, 'add' ), ( 44, 14, 19, 'get_product_pricebooks', 8, 'PriceBooks', 0, 'add' ), ( 45, 14, 7, 'get_leads', 9, 'Leads', 0, 'select' ), ( 46, 14, 6, 'get_accounts', 10, 'Accounts', 0, 'select' ), ( 47, 14, 4, 'get_contacts', 11, 'Contacts', 0, 'select' ), ( 48, 14, 2, 'get_opportunities', 12, 'Potentials', 0, 'select' ), ( 49, 14, 14, 'get_products', 13, 'Product Bundles', 0, 'add,select' ), ( 50, 14, 14, 'get_parent_products', 14, 'Parent Product', 0, '' ), ( 51, 10, 4, 'get_contacts', 1, 'Contacts', 0, 'select,bulkmail' ), ( 52, 10, 0, 'get_users', 2, 'Users', 0, '' ), ( 53, 10, 8, 'get_attachments', 3, 'Documents', 0, 'add,select' ), ( 54, 13, 9, 'get_activities', 1, 'Activities', 0, 'add,select' ), ( 55, 13, 8, 'get_attachments', 2, 'Documents', 0, 'add,select' ), ( 56, 13, 0, 'get_ticket_history', 3, 'Ticket History', 0, '' ), ( 57, 13, 9, 'get_history', 4, 'Activity History', 0, '' ), ( 58, 19, 14, 'get_pricebook_products', 2, 'Products', 0, 'select' ), ( 59, 18, 14, 'get_products', 1, 'Products', 0, 'add,select' ), ( 60, 18, 21, 'get_purchase_orders', 2, 'Purchase Order', 0, 'add' ), ( 61, 18, 4, 'get_contacts', 3, 'Contacts', 0, 'select' ), ( 62, 18, 10, 'get_emails', 4, 'Emails', 0, 'add' ), ( 63, 20, 22, 'get_salesorder', 1, 'Sales Order', 0, '' ), ( 64, 20, 9, 'get_activities', 2, 'Activities', 0, 'add' ), ( 65, 20, 8, 'get_attachments', 3, 'Documents', 0, 'add,select' ), ( 66, 20, 9, 'get_history', 4, 'Activity History', 0, '' ), ( 67, 20, 0, 'get_quotestagehistory', 5, 'Quote Stage History', 0, '' ), ( 68, 21, 9, 'get_activities', 1, 'Activities', 0, 'add' ), ( 69, 21, 8, 'get_attachments', 2, 'Documents', 0, 'add,select' ), ( 70, 21, 9, 'get_history', 3, 'Activity History', 0, '' ), ( 71, 21, 0, 'get_postatushistory', 4, 'PurchaseOrder Status History', 0, '' ), ( 72, 22, 9, 'get_activities', 1, 'Activities', 0, 'add' ), ( 73, 22, 8, 'get_attachments', 2, 'Documents', 0, 'add,select' ), ( 74, 22, 23, 'get_invoices', 3, 'Invoice', 0, '' ), ( 75, 22, 9, 'get_history', 4, 'Activity History', 0, '' ), ( 76, 22, 0, 'get_sostatushistory', 5, 'SalesOrder Status History', 0, '' ), ( 77, 23, 9, 'get_activities', 1, 'Activities', 0, 'add' ), ( 78, 23, 8, 'get_attachments', 2, 'Documents', 0, 'add,select' ), ( 79, 23, 9, 'get_history', 3, 'Activity History', 0, '' ), ( 80, 23, 0, 'get_invoicestatushistory', 4, 'Invoice Status History', 0, '' ), ( 81, 9, 0, 'get_users', 1, 'Users', 0, '' ), ( 82, 9, 4, 'get_contacts', 2, 'Contacts', 0, '' ), ( 83, 26, 4, 'get_contacts', 1, 'Contacts', 0, 'add,select' ), ( 84, 26, 7, 'get_leads', 2, 'Leads', 0, 'add,select' ), ( 85, 26, 2, 'get_opportunities', 3, 'Potentials', 0, 'add' ), ( 86, 26, 9, 'get_activities', 4, 'Activities', 0, 'add' ), ( 87, 6, 26, 'get_campaigns', 13, 'Campaigns', 0, 'select' ), ( 88, 26, 6, 'get_accounts', 5, 'Accounts', 0, 'add,select' ), ( 89, 15, 8, 'get_attachments', 1, 'Documents', 0, 'add,select' ), ( 90, 30, 13, 'get_related_list', 1, 'Service Requests', 0, 'ADD,SELECT' ), ( 91, 30, 8, 'get_attachments', 2, 'Documents', 0, 'ADD,SELECT' ), ( 92, 6, 30, 'get_dependents_list', 14, 'Service Contracts', 0, 'ADD' ), ( 93, 4, 30, 'get_dependents_list', 13, 'Service Contracts', 0, 'ADD' ), ( 94, 13, 30, 'get_related_list', 5, 'Service Contracts', 0, 'ADD,SELECT' ), ( 95, 40, 13, 'get_related_list', 1, 'HelpDesk', 0, 'ADD,SELECT' ), ( 96, 40, 20, 'get_quotes', 2, 'Quotes', 0, 'ADD' ), ( 97, 40, 21, 'get_purchase_orders', 3, 'Purchase Order', 0, 'ADD' ), ( 98, 40, 22, 'get_salesorder', 4, 'Sales Order', 0, 'ADD' ), ( 99, 40, 23, 'get_invoices', 5, 'Invoice', 0, 'ADD' ), ( 100, 40, 19, 'get_service_pricebooks', 6, 'PriceBooks', 0, 'ADD' ), ( 101, 40, 7, 'get_related_list', 7, 'Leads', 0, 'SELECT' ), ( 102, 40, 6, 'get_related_list', 8, 'Accounts', 0, 'SELECT' ), ( 103, 40, 4, 'get_related_list', 9, 'Contacts', 0, 'SELECT' ), ( 104, 40, 2, 'get_related_list', 10, 'Potentials', 0, 'SELECT' ), ( 105, 40, 8, 'get_attachments', 11, 'Documents', 0, 'ADD,SELECT' ), ( 106, 13, 40, 'get_related_list', 6, 'Services', 0, 'SELECT' ), ( 107, 7, 40, 'get_related_list', 7, 'Services', 0, 'SELECT' ), ( 108, 6, 40, 'get_related_list', 15, 'Services', 0, 'SELECT' ), ( 109, 4, 40, 'get_related_list', 14, 'Services', 0, 'SELECT' ), ( 110, 2, 40, 'get_related_list', 9, 'Services', 0, 'SELECT' ), ( 111, 19, 40, 'get_pricebook_services', 3, 'Services', 0, 'SELECT' ), ( 112, 41, 6, 'get_related_list', 1, 'Accounts', 0, ' ' ), ( 113, 41, 4, 'get_related_list', 2, 'Contacts', 0, ' ' ), ( 114, 41, 7, 'get_related_list', 3, 'Leads', 0, ' ' ), ( 115, 43, 13, 'get_related_list', 1, 'HelpDesk', 0, 'ADD,SELECT' ), ( 116, 43, 8, 'get_attachments', 2, 'Documents', 0, 'ADD,SELECT' ), ( 117, 6, 43, 'get_dependents_list', 16, 'Assets', 0, 'ADD' ), ( 118, 14, 43, 'get_dependents_list', 15, 'Assets', 0, 'ADD' ), ( 119, 23, 43, 'get_dependents_list', 5, 'Assets', 0, 'ADD' ), ( 120, 46, 8, 'get_attachments', 1, 'Documents', 0, 'ADD,SELECT' ), ( 121, 47, 46, 'get_dependents_list', 1, 'Project Tasks', 0, 'ADD,SELECT' ), ( 122, 47, 45, 'get_dependents_list', 2, 'Project Milestones', 0, 'ADD,SELECT' ), ( 123, 47, 8, 'get_attachments', 3, 'Documents', 0, 'ADD,SELECT' ), ( 124, 47, 13, 'get_related_list', 4, 'Trouble Tickets', 0, 'ADD,SELECT' ), ( 125, 47, 0, 'get_gantt_chart', 5, 'Charts', 0, '' ), ( 126, 6, 47, 'get_dependents_list', 17, 'Projects', 0, 'ADD,SELECT' ), ( 127, 4, 47, 'get_dependents_list', 15, 'Projects', 0, 'ADD,SELECT' ), ( 128, 13, 47, 'get_related_list', 7, 'Projects', 0, 'SELECT' );
/*!40000 ALTER TABLE `vtiger_relatedlists` ENABLE KEYS */;
UNLOCK TABLES;

--
-- Table structure for table vtiger_relatedlists_rb
--

DROP TABLE IF EXISTS vtiger_relatedlists_rb;
SET @saved_cs_client = @@character_set_client;
SET character_set_client = utf8;
CREATE TABLE `vtiger_relatedlists_rb` (
  `entityid` int(19) DEFAULT NULL,
  `action` varchar(50) DEFAULT NULL,
  `rel_table` varchar(200) DEFAULT NULL,
  `rel_column` varchar(200) DEFAULT NULL,
  `ref_column` varchar(200) DEFAULT NULL,
  `related_crm_ids` text
) ENGINE=InnoDB DEFAULT CHARSET=utf8;
SET character_set_client = @saved_cs_client;

--
-- Dumping data for table vtiger_relatedlists_rb
--

LOCK TABLES `vtiger_relatedlists_rb` WRITE;
/*!40000 ALTER TABLE `vtiger_relatedlists_rb` DISABLE KEYS */;
INSERT INTO vtiger_relatedlists_rb ( ENTITYID, ACTION, REL_TABLE, REL_COLUMN, REF_COLUMN, RELATED_CRM_IDS ) VALUES ( 5, 'update', 'vtiger_crmentity', 'deleted', 'crmid', '11' ), ( 5, 'update', 'vtiger_potential', 'related_to', 'potentialid', '11' );
/*!40000 ALTER TABLE `vtiger_relatedlists_rb` ENABLE KEYS */;
UNLOCK TABLES;

--
-- Table structure for table vtiger_relatedlists_seq
--

DROP TABLE IF EXISTS vtiger_relatedlists_seq;
SET @saved_cs_client = @@character_set_client;
SET character_set_client = utf8;
CREATE TABLE `vtiger_relatedlists_seq` (
  `id` int(11) NOT NULL
) ENGINE=MyISAM DEFAULT CHARSET=utf8;
SET character_set_client = @saved_cs_client;

--
-- Dumping data for table vtiger_relatedlists_seq
--

LOCK TABLES `vtiger_relatedlists_seq` WRITE;
/*!40000 ALTER TABLE `vtiger_relatedlists_seq` DISABLE KEYS */;
INSERT INTO vtiger_relatedlists_seq ( ID ) VALUES ( 128 );
/*!40000 ALTER TABLE `vtiger_relatedlists_seq` ENABLE KEYS */;
UNLOCK TABLES;

--
-- Table structure for table vtiger_relcriteria
--

DROP TABLE IF EXISTS vtiger_relcriteria;
SET @saved_cs_client = @@character_set_client;
SET character_set_client = utf8;
CREATE TABLE `vtiger_relcriteria` (
  `queryid` int(19) NOT NULL,
  `columnindex` int(11) NOT NULL,
  `columnname` varchar(250) DEFAULT '',
  `comparator` varchar(10) DEFAULT '',
  `value` varchar(200) DEFAULT '',
  `groupid` int(11) DEFAULT '1',
  `column_condition` varchar(256) DEFAULT 'and',
  PRIMARY KEY (`queryid`,`columnindex`),
  KEY `relcriteria_queryid_idx` (`queryid`),
  CONSTRAINT `fk_1_vtiger_relcriteria` FOREIGN KEY (`queryid`) REFERENCES `vtiger_selectquery` (`queryid`) ON DELETE CASCADE
) ENGINE=InnoDB DEFAULT CHARSET=utf8;
SET character_set_client = @saved_cs_client;

--
-- Dumping data for table vtiger_relcriteria
--

LOCK TABLES `vtiger_relcriteria` WRITE;
/*!40000 ALTER TABLE `vtiger_relcriteria` DISABLE KEYS */;
INSERT INTO vtiger_relcriteria ( QUERYID, COLUMNINDEX, COLUMNNAME, COMPARATOR, VALUE, GROUPID, COLUMN_CONDITION ) VALUES ( 1, 0, 'vtiger_contactdetails:accountid:Contacts_Account_Name:account_id:V', 'n', '', 1, 'and' ), ( 2, 0, 'vtiger_contactdetails:accountid:Contacts_Account_Name:account_id:V', 'e', '', 1, 'and' ), ( 3, 0, 'vtiger_potential:potentialname:Potentials_Potential_Name:potentialname:V', 'n', '', 1, 'and' ), ( 7, 0, 'vtiger_potential:sales_stage:Potentials_Sales_Stage:sales_stage:V', 'e', 'Closed Won', 1, 'and' ), ( 12, 0, 'vtiger_troubletickets:status:HelpDesk_Status:ticketstatus:V', 'n', 'Closed', 1, 'and' ), ( 15, 0, 'vtiger_quotes:quotestage:Quotes_Quote_Stage:quotestage:V', 'n', 'Accepted', 1, 'and' ), ( 15, 1, 'vtiger_quotes:quotestage:Quotes_Quote_Stage:quotestage:V', 'n', 'Rejected', 1, 'and' );
/*!40000 ALTER TABLE `vtiger_relcriteria` ENABLE KEYS */;
UNLOCK TABLES;

--
-- Table structure for table vtiger_relcriteria_grouping
--

DROP TABLE IF EXISTS vtiger_relcriteria_grouping;
SET @saved_cs_client = @@character_set_client;
SET character_set_client = utf8;
CREATE TABLE `vtiger_relcriteria_grouping` (
  `groupid` int(11) NOT NULL,
  `queryid` int(19) NOT NULL,
  `group_condition` varchar(256) DEFAULT NULL,
  `condition_expression` text,
  PRIMARY KEY (`groupid`,`queryid`)
) ENGINE=InnoDB DEFAULT CHARSET=utf8;
SET character_set_client = @saved_cs_client;

--
-- Dumping data for table vtiger_relcriteria_grouping
--

LOCK TABLES `vtiger_relcriteria_grouping` WRITE;
/*!40000 ALTER TABLE `vtiger_relcriteria_grouping` DISABLE KEYS */;
INSERT INTO vtiger_relcriteria_grouping ( GROUPID, QUERYID, GROUP_CONDITION, CONDITION_EXPRESSION ) VALUES ( 1, 1, '', '0' ), ( 1, 2, '', '0' ), ( 1, 3, '', '0' ), ( 1, 7, '', '0' ), ( 1, 12, '', '0' ), ( 1, 15, '', '0 and 1' );
/*!40000 ALTER TABLE `vtiger_relcriteria_grouping` ENABLE KEYS */;
UNLOCK TABLES;

--
-- Table structure for table vtiger_reminder_interval
--

DROP TABLE IF EXISTS vtiger_reminder_interval;
SET @saved_cs_client = @@character_set_client;
SET character_set_client = utf8;
CREATE TABLE `vtiger_reminder_interval` (
  `reminder_intervalid` int(19) NOT NULL AUTO_INCREMENT,
  `reminder_interval` varchar(200) NOT NULL,
  `sortorderid` int(19) NOT NULL,
  `presence` int(1) NOT NULL,
  PRIMARY KEY (`reminder_intervalid`)
) ENGINE=InnoDB AUTO_INCREMENT=9 DEFAULT CHARSET=utf8;
SET character_set_client = @saved_cs_client;

--
-- Dumping data for table vtiger_reminder_interval
--

LOCK TABLES `vtiger_reminder_interval` WRITE;
/*!40000 ALTER TABLE `vtiger_reminder_interval` DISABLE KEYS */;
INSERT INTO vtiger_reminder_interval ( REMINDER_INTERVALID, REMINDER_INTERVAL, SORTORDERID, PRESENCE ) VALUES ( 1, 'None', 0, 1 ), ( 2, '1 Minute', 1, 1 ), ( 3, '5 Minutes', 2, 1 ), ( 4, '15 Minutes', 3, 1 ), ( 5, '30 Minutes', 4, 1 ), ( 6, '45 Minutes', 5, 1 ), ( 7, '1 Hour', 6, 1 ), ( 8, '1 Day', 7, 1 );
/*!40000 ALTER TABLE `vtiger_reminder_interval` ENABLE KEYS */;
UNLOCK TABLES;

--
-- Table structure for table vtiger_reminder_interval_seq
--

DROP TABLE IF EXISTS vtiger_reminder_interval_seq;
SET @saved_cs_client = @@character_set_client;
SET character_set_client = utf8;
CREATE TABLE `vtiger_reminder_interval_seq` (
  `id` int(11) NOT NULL
) ENGINE=MyISAM DEFAULT CHARSET=utf8;
SET character_set_client = @saved_cs_client;

--
-- Dumping data for table vtiger_reminder_interval_seq
--

LOCK TABLES `vtiger_reminder_interval_seq` WRITE;
/*!40000 ALTER TABLE `vtiger_reminder_interval_seq` DISABLE KEYS */;
INSERT INTO vtiger_reminder_interval_seq ( ID ) VALUES ( 8 );
/*!40000 ALTER TABLE `vtiger_reminder_interval_seq` ENABLE KEYS */;
UNLOCK TABLES;

--
-- Table structure for table vtiger_report
--

DROP TABLE IF EXISTS vtiger_report;
SET @saved_cs_client = @@character_set_client;
SET character_set_client = utf8;
CREATE TABLE `vtiger_report` (
  `reportid` int(19) NOT NULL,
  `folderid` int(19) NOT NULL,
  `reportname` varchar(100) DEFAULT '',
  `description` varchar(250) DEFAULT '',
  `reporttype` varchar(50) DEFAULT '',
  `queryid` int(19) NOT NULL DEFAULT '0',
  `state` varchar(50) DEFAULT 'SAVED',
  `customizable` int(1) DEFAULT '1',
  `category` int(11) DEFAULT '1',
  `owner` int(11) DEFAULT '1',
  `sharingtype` varchar(200) DEFAULT 'Private',
  PRIMARY KEY (`reportid`),
  KEY `report_queryid_idx` (`queryid`),
  KEY `report_folderid_idx` (`folderid`),
  CONSTRAINT `fk_2_vtiger_report` FOREIGN KEY (`queryid`) REFERENCES `vtiger_selectquery` (`queryid`) ON DELETE CASCADE
) ENGINE=InnoDB DEFAULT CHARSET=utf8;
SET character_set_client = @saved_cs_client;

--
-- Dumping data for table vtiger_report
--

LOCK TABLES `vtiger_report` WRITE;
/*!40000 ALTER TABLE `vtiger_report` DISABLE KEYS */;
INSERT INTO vtiger_report ( REPORTID, FOLDERID, REPORTNAME, DESCRIPTION, REPORTTYPE, QUERYID, STATE, CUSTOMIZABLE, CATEGORY, OWNER, SHARINGTYPE ) VALUES ( 1, 1, 'Contacts by Accounts', 'Contacts related to Accounts', 'tabular', 1, 'SAVED', 1, 1, 1, 'Public' ), ( 2, 1, 'Contacts without Accounts', 'Contacts not related to Accounts', 'tabular', 2, 'SAVED', 1, 1, 1, 'Public' ), ( 3, 1, 'Contacts by Potentials', 'Contacts related to Potentials', 'tabular', 3, 'SAVED', 1, 1, 1, 'Public' ), ( 4, 2, 'Lead by Source', 'Lead by Source', 'summary', 4, 'SAVED', 1, 1, 1, 'Public' ), ( 5, 2, 'Lead Status Report', 'Lead Status Report', 'summary', 5, 'SAVED', 1, 1, 1, 'Public' ), ( 6, 3, 'Potential Pipeline', 'Potential Pipeline', 'summary', 6, 'SAVED', 1, 1, 1, 'Public' ), ( 7, 3, 'Closed Potentials', 'Potential that have Won', 'tabular', 7, 'SAVED', 1, 1, 1, 'Public' ), ( 8, 4, 'Last Month Activities', 'Last Month Activities', 'tabular', 8, 'SAVED', 1, 1, 1, 'Public' ), ( 9, 4, 'This Month Activities', 'This Month Activities', 'tabular', 9, 'SAVED', 1, 1, 1, 'Public' ), ( 10, 5, 'Tickets by Products', 'Tickets related to Products', 'tabular', 10, 'SAVED', 1, 1, 1, 'Public' ), ( 11, 5, 'Tickets by Priority', 'Tickets by Priority', 'summary', 11, 'SAVED', 1, 1, 1, 'Public' ), ( 12, 5, 'Open Tickets', 'Tickets that are Open', 'tabular', 12, 'SAVED', 1, 1, 1, 'Public' ), ( 13, 6, 'Product Details', 'Product Detailed Report', 'tabular', 13, 'SAVED', 1, 1, 1, 'Public' ), ( 14, 6, 'Products by Contacts', 'Products related to Contacts', 'tabular', 14, 'SAVED', 1, 1, 1, 'Public' ), ( 15, 7, 'Open Quotes', 'Quotes that are Open', 'tabular', 15, 'SAVED', 1, 1, 1, 'Public' ), ( 16, 7, 'Quotes Detailed Report', 'Quotes Detailed Report', 'tabular', 16, 'SAVED', 1, 1, 1, 'Public' ), ( 17, 8, 'PurchaseOrder by Contacts', 'PurchaseOrder related to Contacts', 'tabular', 17, 'SAVED', 1, 1, 1, 'Public' ), ( 18, 8, 'PurchaseOrder Detailed Report', 'PurchaseOrder Detailed Report', 'tabular', 18, 'SAVED', 1, 1, 1, 'Public' ), ( 19, 9, 'Invoice Detailed Report', 'Invoice Detailed Report', 'tabular', 19, 'SAVED', 1, 1, 1, 'Public' ), ( 20, 10, 'SalesOrder Detailed Report', 'SalesOrder Detailed Report', 'tabular', 20, 'SAVED', 1, 1, 1, 'Public' ), ( 21, 11, 'Campaign Expectations and Actuals', 'Campaign Expectations and Actuals', 'tabular', 21, 'SAVED', 1, 1, 1, 'Public' );
/*!40000 ALTER TABLE `vtiger_report` ENABLE KEYS */;
UNLOCK TABLES;

--
-- Table structure for table vtiger_reportdatefilter
--

DROP TABLE IF EXISTS vtiger_reportdatefilter;
SET @saved_cs_client = @@character_set_client;
SET character_set_client = utf8;
CREATE TABLE `vtiger_reportdatefilter` (
  `datefilterid` int(19) NOT NULL,
  `datecolumnname` varchar(250) DEFAULT '',
  `datefilter` varchar(250) DEFAULT '',
  `startdate` date DEFAULT NULL,
  `enddate` date DEFAULT NULL,
  PRIMARY KEY (`datefilterid`),
  KEY `reportdatefilter_datefilterid_idx` (`datefilterid`),
  CONSTRAINT `fk_1_vtiger_reportdatefilter` FOREIGN KEY (`datefilterid`) REFERENCES `vtiger_report` (`reportid`) ON DELETE CASCADE
) ENGINE=InnoDB DEFAULT CHARSET=utf8;
SET character_set_client = @saved_cs_client;

--
-- Dumping data for table vtiger_reportdatefilter
--

LOCK TABLES `vtiger_reportdatefilter` WRITE;
/*!40000 ALTER TABLE `vtiger_reportdatefilter` DISABLE KEYS */;
INSERT INTO vtiger_reportdatefilter ( DATEFILTERID, DATECOLUMNNAME, DATEFILTER, STARTDATE, ENDDATE ) VALUES ( 8, 'vtiger_crmentity:modifiedtime:modifiedtime:Calendar_Modified_Time', 'lastmonth', '2005-05-01', '2005-05-31' ), ( 9, 'vtiger_crmentity:modifiedtime:modifiedtime:Calendar_Modified_Time', 'thismonth', '2005-06-01', '2005-06-30' );
/*!40000 ALTER TABLE `vtiger_reportdatefilter` ENABLE KEYS */;
UNLOCK TABLES;

--
-- Table structure for table vtiger_reportfilters
--

DROP TABLE IF EXISTS vtiger_reportfilters;
SET @saved_cs_client = @@character_set_client;
SET character_set_client = utf8;
CREATE TABLE `vtiger_reportfilters` (
  `filterid` int(19) NOT NULL,
  `name` varchar(200) NOT NULL
) ENGINE=InnoDB DEFAULT CHARSET=utf8;
SET character_set_client = @saved_cs_client;

--
-- Dumping data for table vtiger_reportfilters
--

LOCK TABLES `vtiger_reportfilters` WRITE;
/*!40000 ALTER TABLE `vtiger_reportfilters` DISABLE KEYS */;
INSERT INTO vtiger_reportfilters ( FILTERID, NAME ) VALUES ( 1, 'Private' ), ( 2, 'Public' ), ( 3, 'Shared' );
/*!40000 ALTER TABLE `vtiger_reportfilters` ENABLE KEYS */;
UNLOCK TABLES;

--
-- Table structure for table vtiger_reportfolder
--

DROP TABLE IF EXISTS vtiger_reportfolder;
SET @saved_cs_client = @@character_set_client;
SET character_set_client = utf8;
CREATE TABLE `vtiger_reportfolder` (
  `folderid` int(19) NOT NULL AUTO_INCREMENT,
  `foldername` varchar(100) NOT NULL DEFAULT '',
  `description` varchar(250) DEFAULT '',
  `state` varchar(50) DEFAULT 'SAVED',
  PRIMARY KEY (`folderid`)
) ENGINE=InnoDB AUTO_INCREMENT=12 DEFAULT CHARSET=utf8;
SET character_set_client = @saved_cs_client;

--
-- Dumping data for table vtiger_reportfolder
--

LOCK TABLES `vtiger_reportfolder` WRITE;
/*!40000 ALTER TABLE `vtiger_reportfolder` DISABLE KEYS */;
INSERT INTO vtiger_reportfolder ( FOLDERID, FOLDERNAME, DESCRIPTION, STATE ) VALUES ( 1, 'Account and Contact Reports', 'Account and Contact Reports', 'SAVED' ), ( 2, 'Lead Reports', 'Lead Reports', 'SAVED' ), ( 3, 'Potential Reports', 'Potential Reports', 'SAVED' ), ( 4, 'Activity Reports', 'Activity Reports', 'SAVED' ), ( 5, 'HelpDesk Reports', 'HelpDesk Reports', 'SAVED' ), ( 6, 'Product Reports', 'Product Reports', 'SAVED' ), ( 7, 'Quote Reports', 'Quote Reports', 'SAVED' ), ( 8, 'PurchaseOrder Reports', 'PurchaseOrder Reports', 'SAVED' ), ( 9, 'Invoice Reports', 'Invoice Reports', 'SAVED' ), ( 10, 'SalesOrder Reports', 'SalesOrder Reports', 'SAVED' ), ( 11, 'Campaign Reports', 'Campaign Reports', 'SAVED' );
/*!40000 ALTER TABLE `vtiger_reportfolder` ENABLE KEYS */;
UNLOCK TABLES;

--
-- Table structure for table vtiger_reportgroupbycolumn
--

DROP TABLE IF EXISTS vtiger_reportgroupbycolumn;
SET @saved_cs_client = @@character_set_client;
SET character_set_client = utf8;
CREATE TABLE `vtiger_reportgroupbycolumn` (
  `reportid` int(19) DEFAULT NULL,
  `sortid` int(19) DEFAULT NULL,
  `sortcolname` varchar(250) DEFAULT NULL,
  `dategroupbycriteria` varchar(250) DEFAULT NULL,
  KEY `fk_1_vtiger_reportgroupbycolumn` (`reportid`),
  CONSTRAINT `fk_1_vtiger_reportgroupbycolumn` FOREIGN KEY (`reportid`) REFERENCES `vtiger_report` (`reportid`) ON DELETE CASCADE
) ENGINE=InnoDB DEFAULT CHARSET=utf8;
SET character_set_client = @saved_cs_client;

--
-- Dumping data for table vtiger_reportgroupbycolumn
--

LOCK TABLES `vtiger_reportgroupbycolumn` WRITE;
/*!40000 ALTER TABLE `vtiger_reportgroupbycolumn` DISABLE KEYS */;

/*!40000 ALTER TABLE `vtiger_reportgroupbycolumn` ENABLE KEYS */;
UNLOCK TABLES;

--
-- Table structure for table vtiger_reportmodules
--

DROP TABLE IF EXISTS vtiger_reportmodules;
SET @saved_cs_client = @@character_set_client;
SET character_set_client = utf8;
CREATE TABLE `vtiger_reportmodules` (
  `reportmodulesid` int(19) NOT NULL,
  `primarymodule` varchar(50) NOT NULL DEFAULT '',
  `secondarymodules` varchar(250) DEFAULT '',
  PRIMARY KEY (`reportmodulesid`),
  CONSTRAINT `fk_1_vtiger_reportmodules` FOREIGN KEY (`reportmodulesid`) REFERENCES `vtiger_report` (`reportid`) ON DELETE CASCADE
) ENGINE=InnoDB DEFAULT CHARSET=utf8;
SET character_set_client = @saved_cs_client;

--
-- Dumping data for table vtiger_reportmodules
--

LOCK TABLES `vtiger_reportmodules` WRITE;
/*!40000 ALTER TABLE `vtiger_reportmodules` DISABLE KEYS */;
INSERT INTO vtiger_reportmodules ( REPORTMODULESID, PRIMARYMODULE, SECONDARYMODULES ) VALUES ( 1, 'Contacts', 'Accounts' ), ( 2, 'Contacts', 'Accounts' ), ( 3, 'Contacts', 'Potentials' ), ( 4, 'Leads', '' ), ( 5, 'Leads', '' ), ( 6, 'Potentials', '' ), ( 7, 'Potentials', '' ), ( 8, 'Calendar', '' ), ( 9, 'Calendar', '' ), ( 10, 'HelpDesk', 'Products' ), ( 11, 'HelpDesk', '' ), ( 12, 'HelpDesk', '' ), ( 13, 'Products', '' ), ( 14, 'Products', 'Contacts' ), ( 15, 'Quotes', '' ), ( 16, 'Quotes', '' ), ( 17, 'PurchaseOrder', 'Contacts' ), ( 18, 'PurchaseOrder', '' ), ( 19, 'Invoice', '' ), ( 20, 'SalesOrder', '' ), ( 21, 'Campaigns', '' );
/*!40000 ALTER TABLE `vtiger_reportmodules` ENABLE KEYS */;
UNLOCK TABLES;

--
-- Table structure for table vtiger_reportsharing
--

DROP TABLE IF EXISTS vtiger_reportsharing;
SET @saved_cs_client = @@character_set_client;
SET character_set_client = utf8;
CREATE TABLE `vtiger_reportsharing` (
  `reportid` int(19) NOT NULL,
  `shareid` int(19) NOT NULL,
  `setype` varchar(200) NOT NULL
) ENGINE=InnoDB DEFAULT CHARSET=utf8;
SET character_set_client = @saved_cs_client;

--
-- Dumping data for table vtiger_reportsharing
--

LOCK TABLES `vtiger_reportsharing` WRITE;
/*!40000 ALTER TABLE `vtiger_reportsharing` DISABLE KEYS */;

/*!40000 ALTER TABLE `vtiger_reportsharing` ENABLE KEYS */;
UNLOCK TABLES;

--
-- Table structure for table vtiger_reportsortcol
--

DROP TABLE IF EXISTS vtiger_reportsortcol;
SET @saved_cs_client = @@character_set_client;
SET character_set_client = utf8;
CREATE TABLE `vtiger_reportsortcol` (
  `sortcolid` int(19) NOT NULL,
  `reportid` int(19) NOT NULL,
  `columnname` varchar(250) DEFAULT '',
  `sortorder` varchar(250) DEFAULT 'Asc',
  PRIMARY KEY (`sortcolid`,`reportid`),
  KEY `fk_1_vtiger_reportsortcol` (`reportid`),
  CONSTRAINT `fk_1_vtiger_reportsortcol` FOREIGN KEY (`reportid`) REFERENCES `vtiger_report` (`reportid`) ON DELETE CASCADE
) ENGINE=InnoDB DEFAULT CHARSET=utf8;
SET character_set_client = @saved_cs_client;

--
-- Dumping data for table vtiger_reportsortcol
--

LOCK TABLES `vtiger_reportsortcol` WRITE;
/*!40000 ALTER TABLE `vtiger_reportsortcol` DISABLE KEYS */;
INSERT INTO vtiger_reportsortcol ( SORTCOLID, REPORTID, COLUMNNAME, SORTORDER ) VALUES ( 1, 4, 'vtiger_leaddetails:leadsource:Leads_Lead_Source:leadsource:V', 'Ascending' ), ( 1, 5, 'vtiger_leaddetails:leadstatus:Leads_Lead_Status:leadstatus:V', 'Ascending' ), ( 1, 6, 'vtiger_potential:sales_stage:Potentials_Sales_Stage:sales_stage:V', 'Ascending' ), ( 1, 11, 'vtiger_troubletickets:priority:HelpDesk_Priority:ticketpriorities:V', 'Ascending' );
/*!40000 ALTER TABLE `vtiger_reportsortcol` ENABLE KEYS */;
UNLOCK TABLES;

--
-- Table structure for table vtiger_reportsummary
--

DROP TABLE IF EXISTS vtiger_reportsummary;
SET @saved_cs_client = @@character_set_client;
SET character_set_client = utf8;
CREATE TABLE `vtiger_reportsummary` (
  `reportsummaryid` int(19) NOT NULL,
  `summarytype` int(19) NOT NULL,
  `columnname` varchar(250) NOT NULL DEFAULT '',
  PRIMARY KEY (`reportsummaryid`,`summarytype`,`columnname`),
  KEY `reportsummary_reportsummaryid_idx` (`reportsummaryid`),
  CONSTRAINT `fk_1_vtiger_reportsummary` FOREIGN KEY (`reportsummaryid`) REFERENCES `vtiger_report` (`reportid`) ON DELETE CASCADE
) ENGINE=InnoDB DEFAULT CHARSET=utf8;
SET character_set_client = @saved_cs_client;

--
-- Dumping data for table vtiger_reportsummary
--

LOCK TABLES `vtiger_reportsummary` WRITE;
/*!40000 ALTER TABLE `vtiger_reportsummary` DISABLE KEYS */;

/*!40000 ALTER TABLE `vtiger_reportsummary` ENABLE KEYS */;
UNLOCK TABLES;

--
-- Table structure for table vtiger_revenuetype
--

DROP TABLE IF EXISTS vtiger_revenuetype;
SET @saved_cs_client = @@character_set_client;
SET character_set_client = utf8;
CREATE TABLE `vtiger_revenuetype` (
  `revenuetypeid` int(19) NOT NULL AUTO_INCREMENT,
  `revenuetype` varchar(200) NOT NULL,
  `sortorderid` int(19) NOT NULL DEFAULT '0',
  `presence` int(1) NOT NULL DEFAULT '1',
  PRIMARY KEY (`revenuetypeid`),
  UNIQUE KEY `revenuetype_revenuetype_idx` (`revenuetype`)
) ENGINE=InnoDB DEFAULT CHARSET=utf8;
SET character_set_client = @saved_cs_client;

--
-- Dumping data for table vtiger_revenuetype
--

LOCK TABLES `vtiger_revenuetype` WRITE;
/*!40000 ALTER TABLE `vtiger_revenuetype` DISABLE KEYS */;

/*!40000 ALTER TABLE `vtiger_revenuetype` ENABLE KEYS */;
UNLOCK TABLES;

--
-- Table structure for table vtiger_role
--

DROP TABLE IF EXISTS vtiger_role;
SET @saved_cs_client = @@character_set_client;
SET character_set_client = utf8;
CREATE TABLE `vtiger_role` (
  `roleid` varchar(255) NOT NULL,
  `rolename` varchar(200) DEFAULT NULL,
  `parentrole` varchar(255) DEFAULT NULL,
  `depth` int(19) DEFAULT NULL,
  PRIMARY KEY (`roleid`)
) ENGINE=InnoDB DEFAULT CHARSET=utf8;
SET character_set_client = @saved_cs_client;

--
-- Dumping data for table vtiger_role
--

LOCK TABLES `vtiger_role` WRITE;
/*!40000 ALTER TABLE `vtiger_role` DISABLE KEYS */;
INSERT INTO vtiger_role ( ROLEID, ROLENAME, PARENTROLE, DEPTH ) VALUES ( 'H1', 'Organisation', 'H1', 0 ), ( 'H2', 'CEO', 'H1::H2', 1 ), ( 'H3', 'Vice President', 'H1::H2::H3', 2 ), ( 'H4', 'Sales Manager', 'H1::H2::H3::H4', 3 ), ( 'H5', 'Sales Man', 'H1::H2::H3::H4::H5', 4 ), ( 'H6', 'Lead generation agent', 'H1::H2::H3::H4::H6', 4 ), ( 'H7', 'Staffing Partners', 'H1::H2::H3::H4::H6::H7', 5 );
/*!40000 ALTER TABLE `vtiger_role` ENABLE KEYS */;
UNLOCK TABLES;

--
-- Table structure for table vtiger_role2picklist
--

DROP TABLE IF EXISTS vtiger_role2picklist;
SET @saved_cs_client = @@character_set_client;
SET character_set_client = utf8;
CREATE TABLE `vtiger_role2picklist` (
  `roleid` varchar(255) NOT NULL,
  `picklistvalueid` int(11) NOT NULL,
  `picklistid` int(11) NOT NULL,
  `sortid` int(11) DEFAULT NULL,
  PRIMARY KEY (`roleid`,`picklistvalueid`,`picklistid`),
  KEY `role2picklist_roleid_picklistid_idx` (`roleid`,`picklistid`,`picklistvalueid`),
  KEY `fk_2_vtiger_role2picklist` (`picklistid`),
  CONSTRAINT `fk_1_vtiger_role2picklist` FOREIGN KEY (`roleid`) REFERENCES `vtiger_role` (`roleid`) ON DELETE CASCADE,
  CONSTRAINT `fk_2_vtiger_role2picklist` FOREIGN KEY (`picklistid`) REFERENCES `vtiger_picklist` (`picklistid`) ON DELETE CASCADE
) ENGINE=InnoDB DEFAULT CHARSET=utf8;
SET character_set_client = @saved_cs_client;

--
-- Dumping data for table vtiger_role2picklist
--

LOCK TABLES `vtiger_role2picklist` WRITE;
/*!40000 ALTER TABLE `vtiger_role2picklist` DISABLE KEYS */;
INSERT INTO vtiger_role2picklist ( ROLEID, PICKLISTVALUEID, PICKLISTID, SORTID ) VALUES ( 'H1', 1, 1, 0 ), ( 'H1', 2, 1, 1 ), ( 'H1', 3, 1, 2 ), ( 'H1', 4, 1, 3 ), ( 'H1', 5, 1, 4 ), ( 'H1', 6, 1, 5 ), ( 'H1', 7, 1, 6 ), ( 'H1', 8, 1, 7 ), ( 'H1', 9, 1, 8 ), ( 'H1', 10, 1, 9 ), ( 'H1', 11, 1, 10 ), ( 'H1', 12, 2, 0 ), ( 'H1', 13, 2, 1 ), ( 'H1', 14, 3, 0 ), ( 'H1', 15, 3, 1 ), ( 'H1', 16, 3, 2 ), ( 'H1', 17, 3, 3 ), ( 'H1', 18, 3, 4 ), ( 'H1', 19, 3, 5 ), ( 'H1', 20, 4, 0 ), ( 'H1', 21, 4, 1 ), ( 'H1', 22, 4, 2 ), ( 'H1', 23, 4, 3 ), ( 'H1', 24, 4, 4 ), ( 'H1', 25, 4, 5 ), ( 'H1', 26, 4, 6 ), ( 'H1', 27, 4, 7 ), ( 'H1', 28, 4, 8 ), ( 'H1', 29, 4, 9 ), ( 'H1', 30, 4, 10 ), ( 'H1', 31, 4, 11 ), ( 'H1', 32, 4, 12 ), ( 'H1', 33, 5, 0 ), ( 'H1', 34, 5, 1 ), ( 'H1', 35, 5, 2 ), ( 'H1', 36, 5, 3 ), ( 'H1', 37, 5, 4 ), ( 'H1', 38, 6, 0 ), ( 'H1', 39, 6, 1 ), ( 'H1', 40, 6, 2 ), ( 'H1', 41, 7, 0 ), ( 'H1', 42, 7, 1 ), ( 'H1', 43, 7, 2 ), ( 'H1', 44, 7, 3 ), ( 'H1', 45, 7, 4 ), ( 'H1', 46, 8, 0 ), ( 'H1', 47, 9, 0 ), ( 'H1', 48, 9, 1 ), ( 'H1', 49, 9, 2 ), ( 'H1', 50, 9, 3 ), ( 'H1', 51, 10, 0 ), ( 'H1', 52, 10, 1 ), ( 'H1', 53, 10, 2 ), ( 'H1', 54, 10, 3 ), ( 'H1', 55, 10, 4 ), ( 'H1', 56, 10, 5 ), ( 'H1', 57, 10, 6 ), ( 'H1', 58, 10, 7 ), ( 'H1', 59, 10, 8 ), ( 'H1', 60, 11, 0 ), ( 'H1', 61, 11, 1 ), ( 'H1', 62, 11, 2 ), ( 'H1', 63, 11, 3 ), ( 'H1', 64, 11, 4 ), ( 'H1', 65, 11, 5 ), ( 'H1', 66, 11, 6 ), ( 'H1', 67, 11, 7 ), ( 'H1', 68, 11, 8 ), ( 'H1', 69, 11, 9 ), ( 'H1', 70, 11, 10 ), ( 'H1', 71, 11, 11 ), ( 'H1', 72, 11, 12 ), ( 'H1', 73, 11, 13 ), ( 'H1', 74, 11, 14 ), ( 'H1', 75, 11, 15 ), ( 'H1', 76, 11, 16 ), ( 'H1', 77, 11, 17 ), ( 'H1', 78, 11, 18 ), ( 'H1', 79, 11, 19 ), ( 'H1', 80, 11, 20 ), ( 'H1', 81, 11, 21 ), ( 'H1', 82, 11, 22 ), ( 'H1', 83, 11, 23 ), ( 'H1', 84, 11, 24 ), ( 'H1', 85, 11, 25 ), ( 'H1', 86, 11, 26 ), ( 'H1', 87, 11, 27 ), ( 'H1', 88, 11, 28 ), ( 'H1', 89, 11, 29 ), ( 'H1', 90, 11, 30 ), ( 'H1', 91, 11, 31 ), ( 'H1', 92, 12, 0 ), ( 'H1', 93, 12, 1 ), ( 'H1', 94, 12, 2 ), ( 'H1', 95, 12, 3 ), ( 'H1', 96, 12, 4 ), ( 'H1', 97, 12, 5 ), ( 'H1', 98, 13, 0 ), ( 'H1', 99, 13, 1 ), ( 'H1', 100, 13, 2 ), ( 'H1', 101, 13, 3 ), ( 'H1', 102, 13, 4 ), ( 'H1', 103, 13, 5 ), ( 'H1', 104, 13, 6 ), ( 'H1', 105, 13, 7 ), ( 'H1', 106, 13, 8 ), ( 'H1', 107, 13, 9 ), ( 'H1', 108, 13, 10 ), ( 'H1', 109, 13, 11 ), ( 'H1', 110, 13, 12 ), ( 'H1', 111, 14, 0 ), ( 'H1', 112, 14, 1 ), ( 'H1', 113, 14, 2 ), ( 'H1', 114, 14, 3 ), ( 'H1', 115, 14, 4 ), ( 'H1', 116, 14, 5 ), ( 'H1', 117, 14, 6 ), ( 'H1', 118, 14, 7 ), ( 'H1', 119, 14, 8 ), ( 'H1', 120, 14, 9 ), ( 'H1', 121, 14, 10 ), ( 'H1', 122, 14, 11 ), ( 'H1', 123, 15, 0 ), ( 'H1', 124, 15, 1 ), ( 'H1', 125, 15, 2 ), ( 'H1', 126, 15, 3 ), ( 'H1', 127, 16, 0 ), ( 'H1', 128, 16, 1 ), ( 'H1', 129, 16, 2 ), ( 'H1', 130, 17, 0 ), ( 'H1', 131, 17, 1 ), ( 'H1', 132, 17, 2 ), ( 'H1', 133, 17, 3 ), ( 'H1', 134, 17, 4 ), ( 'H1', 135, 18, 0 ), ( 'H1', 136, 18, 1 ), ( 'H1', 137, 18, 2 ), ( 'H1', 138, 18, 3 ), ( 'H1', 139, 19, 0 ), ( 'H1', 140, 19, 1 ), ( 'H1', 141, 19, 2 ), ( 'H1', 142, 19, 3 ), ( 'H1', 143, 19, 4 ), ( 'H1', 144, 20, 0 ), ( 'H1', 145, 20, 1 ), ( 'H1', 146, 20, 2 ), ( 'H1', 147, 20, 3 ), ( 'H1', 148, 20, 4 ), ( 'H1', 149, 20, 5 ), ( 'H1', 150, 21, 0 ), ( 'H1', 151, 21, 1 ), ( 'H1', 152, 21, 2 ), ( 'H1', 153, 21, 3 ), ( 'H1', 154, 21, 4 ), ( 'H1', 155, 21, 5 ), ( 'H1', 156, 21, 6 ), ( 'H1', 157, 21, 7 ), ( 'H1', 158, 21, 8 ), ( 'H1', 159, 21, 9 ), ( 'H1', 160, 22, 0 ), ( 'H1', 161, 22, 1 ), ( 'H1', 162, 22, 2 ), ( 'H1', 163, 22, 3 ), ( 'H1', 164, 22, 4 ), ( 'H1', 165, 22, 5 ), ( 'H1', 166, 23, 0 ), ( 'H1', 167, 23, 1 ), ( 'H1', 168, 23, 2 ), ( 'H1', 169, 23, 3 ), ( 'H1', 170, 24, 0 ), ( 'H1', 171, 24, 1 ), ( 'H1', 172, 24, 2 ), ( 'H1', 173, 25, 0 ), ( 'H1', 174, 25, 1 ), ( 'H1', 175, 25, 2 ), ( 'H1', 176, 25, 3 ), ( 'H1', 177, 25, 4 ), ( 'H1', 178, 25, 5 ), ( 'H1', 179, 26, 0 ), ( 'H1', 180, 26, 1 ), ( 'H1', 181, 26, 2 ), ( 'H1', 182, 27, 0 ), ( 'H1', 183, 27, 1 ), ( 'H1', 184, 27, 2 ), ( 'H1', 185, 27, 3 ), ( 'H1', 186, 28, 0 ), ( 'H1', 187, 28, 1 ), ( 'H1', 188, 28, 2 ), ( 'H1', 189, 28, 3 ), ( 'H1', 190, 29, 0 ), ( 'H1', 191, 29, 1 ), ( 'H1', 192, 29, 2 ), ( 'H1', 193, 29, 3 ), ( 'H1', 194, 30, 0 ), ( 'H1', 195, 30, 1 ), ( 'H1', 196, 30, 2 ), ( 'H1', 197, 30, 3 ), ( 'H1', 198, 30, 4 ), ( 'H1', 199, 30, 5 ), ( 'H1', 200, 30, 6 ), ( 'H1', 201, 30, 7 ), ( 'H1', 202, 30, 8 ), ( 'H1', 203, 30, 9 ), ( 'H1', 204, 30, 10 ), ( 'H1', 205, 30, 11 ), ( 'H1', 206, 30, 12 ), ( 'H1', 207, 30, 13 ), ( 'H1', 208, 30, 14 ), ( 'H1', 209, 30, 15 ), ( 'H1', 210, 31, 1 ), ( 'H1', 211, 31, 2 ), ( 'H1', 212, 31, 3 ), ( 'H1', 213, 31, 4 ), ( 'H1', 214, 32, 1 ), ( 'H1', 215, 32, 2 ), ( 'H1', 216, 32, 3 ), ( 'H1', 217, 32, 4 ), ( 'H1', 218, 32, 5 ), ( 'H1', 219, 32, 6 ), ( 'H1', 220, 33, 1 ), ( 'H1', 221, 33, 2 ), ( 'H1', 222, 33, 3 ), ( 'H1', 223, 34, 1 ), ( 'H1', 224, 34, 2 ), ( 'H1', 225, 34, 3 ), ( 'H1', 226, 35, 1 ), ( 'H1', 227, 35, 2 ), ( 'H1', 228, 35, 3 ), ( 'H1', 229, 36, 1 ), ( 'H1', 230, 36, 2 ), ( 'H1', 231, 36, 3 ), ( 'H1', 232, 36, 4 ), ( 'H1', 233, 36, 5 ), ( 'H1', 234, 36, 6 ), ( 'H1', 235, 37, 1 ), ( 'H1', 236, 37, 2 ), ( 'H1', 237, 38, 1 ), ( 'H1', 238, 38, 2 ), ( 'H1', 239, 38, 3 ), ( 'H1', 240, 38, 4 ), ( 'H1', 241, 39, 1 ), ( 'H1', 242, 39, 2 ), ( 'H1', 243, 39, 3 ), ( 'H1', 244, 39, 4 ), ( 'H1', 245, 40, 1 ), ( 'H1', 246, 40, 2 ), ( 'H1', 247, 40, 3 ), ( 'H1', 248, 40, 4 ), ( 'H1', 249, 41, 1 ), ( 'H1', 250, 41, 2 ), ( 'H1', 251, 41, 3 ), ( 'H1', 252, 41, 4 ), ( 'H1', 253, 41, 5 ), ( 'H1', 254, 41, 6 ), ( 'H1', 255, 41, 7 ), ( 'H1', 256, 41, 8 ), ( 'H1', 257, 41, 9 ), ( 'H1', 258, 41, 10 ), ( 'H1', 259, 41, 11 ), ( 'H1', 260, 42, 1 ), ( 'H1', 261, 42, 2 ), ( 'H1', 262, 42, 3 ), ( 'H1', 263, 42, 4 ), ( 'H1', 264, 42, 5 ), ( 'H1', 265, 42, 6 ), ( 'H1', 266, 42, 7 ), ( 'H1', 267, 42, 8 ), ( 'H1', 268, 42, 9 ), ( 'H1', 269, 43, 1 ), ( 'H1', 270, 43, 2 ), ( 'H1', 271, 43, 3 ), ( 'H1', 272, 43, 4 ), ( 'H1', 273, 44, 1 ), ( 'H1', 274, 44, 2 ), ( 'H1', 275, 44, 3 ), ( 'H1', 276, 44, 4 ), ( 'H1', 277, 45, 1 ), ( 'H1', 278, 45, 2 ), ( 'H1', 279, 45, 3 ), ( 'H1', 280, 45, 4 ), ( 'H1', 281, 45, 5 ), ( 'H1', 282, 45, 6 ), ( 'H1', 283, 45, 7 ), ( 'H1', 284, 45, 8 ), ( 'H1', 285, 45, 9 ), ( 'H1', 286, 45, 10 ), ( 'H1', 287, 45, 11 ), ( 'H1', 291, 46, 0 ), ( 'H1', 292, 46, 1 ), ( 'H1', 293, 46, 2 ), ( 'H1', 294, 46, 3 ), ( 'H1', 295, 46, 4 ), ( 'H1', 296, 46, 5 ), ( 'H1', 297, 47, 0 ), ( 'H1', 298, 47, 1 ), ( 'H1', 299, 47, 2 ), ( 'H1', 300, 47, 3 ), ( 'H1', 301, 47, 4 ), ( 'H1', 302, 47, 5 ), ( 'H1', 303, 47, 6 ), ( 'H1', 304, 48, 0 ), ( 'H1', 305, 48, 1 ), ( 'H1', 306, 48, 2 ), ( 'H1', 307, 48, 3 ), ( 'H1', 308, 48, 4 ), ( 'H1', 309, 48, 5 ), ( 'H1', 318, 49, 0 ), ( 'H1', 319, 49, 1 ), ( 'H1', 320, 49, 2 ), ( 'H1', 321, 49, 3 ), ( 'H1', 326, 50, 0 ), ( 'H1', 327, 50, 1 ), ( 'H1', 328, 50, 2 ), ( 'H1', 329, 50, 3 ), ( 'H1', 330, 51, 0 ), ( 'H1', 331, 51, 1 ), ( 'H1', 332, 51, 2 ), ( 'H1', 333, 51, 3 ), ( 'H1', 334, 51, 4 ), ( 'H1', 335, 51, 5 ), ( 'H2', 1, 1, 0 ), ( 'H2', 2, 1, 1 ), ( 'H2', 3, 1, 2 ), ( 'H2', 4, 1, 3 ), ( 'H2', 5, 1, 4 ), ( 'H2', 6, 1, 5 ), ( 'H2', 7, 1, 6 ), ( 'H2', 8, 1, 7 ), ( 'H2', 9, 1, 8 ), ( 'H2', 10, 1, 9 ), ( 'H2', 11, 1, 10 ), ( 'H2', 12, 2, 0 ), ( 'H2', 13, 2, 1 ), ( 'H2', 14, 3, 0 ), ( 'H2', 15, 3, 1 ), ( 'H2', 16, 3, 2 ), ( 'H2', 17, 3, 3 ), ( 'H2', 18, 3, 4 ), ( 'H2', 19, 3, 5 ), ( 'H2', 20, 4, 0 ), ( 'H2', 21, 4, 1 ), ( 'H2', 22, 4, 2 ), ( 'H2', 23, 4, 3 ), ( 'H2', 24, 4, 4 ), ( 'H2', 25, 4, 5 ), ( 'H2', 26, 4, 6 ), ( 'H2', 27, 4, 7 ), ( 'H2', 28, 4, 8 ), ( 'H2', 29, 4, 9 ), ( 'H2', 30, 4, 10 ), ( 'H2', 31, 4, 11 ), ( 'H2', 32, 4, 12 ), ( 'H2', 33, 5, 0 ), ( 'H2', 34, 5, 1 ), ( 'H2', 35, 5, 2 ), ( 'H2', 36, 5, 3 ), ( 'H2', 37, 5, 4 ), ( 'H2', 38, 6, 0 ), ( 'H2', 39, 6, 1 ), ( 'H2', 40, 6, 2 ), ( 'H2', 41, 7, 0 ), ( 'H2', 42, 7, 1 ), ( 'H2', 43, 7, 2 ), ( 'H2', 44, 7, 3 ), ( 'H2', 45, 7, 4 ), ( 'H2', 46, 8, 0 ), ( 'H2', 47, 9, 0 ), ( 'H2', 48, 9, 1 ), ( 'H2', 49, 9, 2 ), ( 'H2', 50, 9, 3 ), ( 'H2', 51, 10, 0 ), ( 'H2', 52, 10, 1 ), ( 'H2', 53, 10, 2 ), ( 'H2', 54, 10, 3 ), ( 'H2', 55, 10, 4 ), ( 'H2', 56, 10, 5 ), ( 'H2', 57, 10, 6 ), ( 'H2', 58, 10, 7 ), ( 'H2', 59, 10, 8 ), ( 'H2', 60, 11, 0 ), ( 'H2', 61, 11, 1 ), ( 'H2', 62, 11, 2 ), ( 'H2', 63, 11, 3 ), ( 'H2', 64, 11, 4 ), ( 'H2', 65, 11, 5 ), ( 'H2', 66, 11, 6 ), ( 'H2', 67, 11, 7 ), ( 'H2', 68, 11, 8 ), ( 'H2', 69, 11, 9 ), ( 'H2', 70, 11, 10 ), ( 'H2', 71, 11, 11 ), ( 'H2', 72, 11, 12 ), ( 'H2', 73, 11, 13 ), ( 'H2', 74, 11, 14 ), ( 'H2', 75, 11, 15 ), ( 'H2', 76, 11, 16 ), ( 'H2', 77, 11, 17 ), ( 'H2', 78, 11, 18 ), ( 'H2', 79, 11, 19 ), ( 'H2', 80, 11, 20 ), ( 'H2', 81, 11, 21 ), ( 'H2', 82, 11, 22 ), ( 'H2', 83, 11, 23 ), ( 'H2', 84, 11, 24 ), ( 'H2', 85, 11, 25 ), ( 'H2', 86, 11, 26 ), ( 'H2', 87, 11, 27 ), ( 'H2', 88, 11, 28 ), ( 'H2', 89, 11, 29 ), ( 'H2', 90, 11, 30 ), ( 'H2', 91, 11, 31 ), ( 'H2', 92, 12, 0 ), ( 'H2', 93, 12, 1 ), ( 'H2', 94, 12, 2 ), ( 'H2', 95, 12, 3 ), ( 'H2', 96, 12, 4 ), ( 'H2', 97, 12, 5 ), ( 'H2', 98, 13, 0 ), ( 'H2', 99, 13, 1 ), ( 'H2', 100, 13, 2 ), ( 'H2', 101, 13, 3 ), ( 'H2', 102, 13, 4 ), ( 'H2', 103, 13, 5 ), ( 'H2', 104, 13, 6 ), ( 'H2', 105, 13, 7 ), ( 'H2', 106, 13, 8 ), ( 'H2', 107, 13, 9 ), ( 'H2', 108, 13, 10 ), ( 'H2', 109, 13, 11 ), ( 'H2', 110, 13, 12 ), ( 'H2', 111, 14, 0 ), ( 'H2', 112, 14, 1 ), ( 'H2', 113, 14, 2 ), ( 'H2', 114, 14, 3 ), ( 'H2', 115, 14, 4 ), ( 'H2', 116, 14, 5 ), ( 'H2', 117, 14, 6 ), ( 'H2', 118, 14, 7 ), ( 'H2', 119, 14, 8 ), ( 'H2', 120, 14, 9 ), ( 'H2', 121, 14, 10 ), ( 'H2', 122, 14, 11 ), ( 'H2', 123, 15, 0 ), ( 'H2', 124, 15, 1 ), ( 'H2', 125, 15, 2 ), ( 'H2', 126, 15, 3 ), ( 'H2', 127, 16, 0 ), ( 'H2', 128, 16, 1 ), ( 'H2', 129, 16, 2 ), ( 'H2', 130, 17, 0 ), ( 'H2', 131, 17, 1 ), ( 'H2', 132, 17, 2 ), ( 'H2', 133, 17, 3 ), ( 'H2', 134, 17, 4 ), ( 'H2', 135, 18, 0 ), ( 'H2', 136, 18, 1 ), ( 'H2', 137, 18, 2 ), ( 'H2', 138, 18, 3 ), ( 'H2', 139, 19, 0 ), ( 'H2', 140, 19, 1 ), ( 'H2', 141, 19, 2 ), ( 'H2', 142, 19, 3 ), ( 'H2', 143, 19, 4 ), ( 'H2', 144, 20, 0 ), ( 'H2', 145, 20, 1 ), ( 'H2', 146, 20, 2 ), ( 'H2', 147, 20, 3 ), ( 'H2', 148, 20, 4 ), ( 'H2', 149, 20, 5 ), ( 'H2', 150, 21, 0 ), ( 'H2', 151, 21, 1 ), ( 'H2', 152, 21, 2 ), ( 'H2', 153, 21, 3 ), ( 'H2', 154, 21, 4 ), ( 'H2', 155, 21, 5 ), ( 'H2', 156, 21, 6 ), ( 'H2', 157, 21, 7 ), ( 'H2', 158, 21, 8 ), ( 'H2', 159, 21, 9 ), ( 'H2', 160, 22, 0 ), ( 'H2', 161, 22, 1 ), ( 'H2', 162, 22, 2 ), ( 'H2', 163, 22, 3 ), ( 'H2', 164, 22, 4 ), ( 'H2', 165, 22, 5 ), ( 'H2', 166, 23, 0 ), ( 'H2', 167, 23, 1 ), ( 'H2', 168, 23, 2 ), ( 'H2', 169, 23, 3 ), ( 'H2', 170, 24, 0 ), ( 'H2', 171, 24, 1 ), ( 'H2', 172, 24, 2 ), ( 'H2', 173, 25, 0 ), ( 'H2', 174, 25, 1 ), ( 'H2', 175, 25, 2 ), ( 'H2', 176, 25, 3 ), ( 'H2', 177, 25, 4 ), ( 'H2', 178, 25, 5 ), ( 'H2', 179, 26, 0 ), ( 'H2', 180, 26, 1 ), ( 'H2', 181, 26, 2 ), ( 'H2', 182, 27, 0 ), ( 'H2', 183, 27, 1 ), ( 'H2', 184, 27, 2 ), ( 'H2', 185, 27, 3 ), ( 'H2', 186, 28, 0 ), ( 'H2', 187, 28, 1 ), ( 'H2', 188, 28, 2 ), ( 'H2', 189, 28, 3 ), ( 'H2', 190, 29, 0 ), ( 'H2', 191, 29, 1 ), ( 'H2', 192, 29, 2 ), ( 'H2', 193, 29, 3 ), ( 'H2', 194, 30, 0 ), ( 'H2', 195, 30, 1 ), ( 'H2', 196, 30, 2 ), ( 'H2', 197, 30, 3 ), ( 'H2', 198, 30, 4 ), ( 'H2', 199, 30, 5 ), ( 'H2', 200, 30, 6 ), ( 'H2', 201, 30, 7 ), ( 'H2', 202, 30, 8 ), ( 'H2', 203, 30, 9 ), ( 'H2', 204, 30, 10 ), ( 'H2', 205, 30, 11 ), ( 'H2', 206, 30, 12 ), ( 'H2', 207, 30, 13 ), ( 'H2', 208, 30, 14 ), ( 'H2', 209, 30, 15 ), ( 'H2', 210, 31, 1 ), ( 'H2', 211, 31, 2 ), ( 'H2', 212, 31, 3 ), ( 'H2', 213, 31, 4 ), ( 'H2', 214, 32, 1 ), ( 'H2', 215, 32, 2 ), ( 'H2', 216, 32, 3 ), ( 'H2', 217, 32, 4 ), ( 'H2', 218, 32, 5 ), ( 'H2', 219, 32, 6 ), ( 'H2', 220, 33, 1 ), ( 'H2', 221, 33, 2 ), ( 'H2', 222, 33, 3 ), ( 'H2', 223, 34, 1 ), ( 'H2', 224, 34, 2 ), ( 'H2', 225, 34, 3 ), ( 'H2', 226, 35, 1 ), ( 'H2', 227, 35, 2 ), ( 'H2', 228, 35, 3 ), ( 'H2', 229, 36, 1 ), ( 'H2', 230, 36, 2 ), ( 'H2', 231, 36, 3 ), ( 'H2', 232, 36, 4 ), ( 'H2', 233, 36, 5 ), ( 'H2', 234, 36, 6 ), ( 'H2', 235, 37, 1 ), ( 'H2', 236, 37, 2 ), ( 'H2', 237, 38, 1 ), ( 'H2', 238, 38, 2 ), ( 'H2', 239, 38, 3 ), ( 'H2', 240, 38, 4 ), ( 'H2', 241, 39, 1 ), ( 'H2', 242, 39, 2 ), ( 'H2', 243, 39, 3 ), ( 'H2', 244, 39, 4 ), ( 'H2', 245, 40, 1 ), ( 'H2', 246, 40, 2 ), ( 'H2', 247, 40, 3 ), ( 'H2', 248, 40, 4 ), ( 'H2', 249, 41, 1 ), ( 'H2', 250, 41, 2 ), ( 'H2', 251, 41, 3 ), ( 'H2', 252, 41, 4 ), ( 'H2', 253, 41, 5 ), ( 'H2', 254, 41, 6 ), ( 'H2', 255, 41, 7 ), ( 'H2', 256, 41, 8 ), ( 'H2', 257, 41, 9 ), ( 'H2', 258, 41, 10 ), ( 'H2', 259, 41, 11 ), ( 'H2', 260, 42, 1 ), ( 'H2', 261, 42, 2 ), ( 'H2', 262, 42, 3 ), ( 'H2', 263, 42, 4 ), ( 'H2', 264, 42, 5 ), ( 'H2', 265, 42, 6 ), ( 'H2', 266, 42, 7 ), ( 'H2', 267, 42, 8 ), ( 'H2', 268, 42, 9 ), ( 'H2', 269, 43, 1 ), ( 'H2', 270, 43, 2 ), ( 'H2', 271, 43, 3 ), ( 'H2', 272, 43, 4 ), ( 'H2', 273, 44, 1 ), ( 'H2', 274, 44, 2 ), ( 'H2', 275, 44, 3 ), ( 'H2', 276, 44, 4 ), ( 'H2', 277, 45, 1 ), ( 'H2', 278, 45, 2 ), ( 'H2', 279, 45, 3 ), ( 'H2', 280, 45, 4 ), ( 'H2', 281, 45, 5 ), ( 'H2', 282, 45, 6 ), ( 'H2', 283, 45, 7 ), ( 'H2', 284, 45, 8 ), ( 'H2', 285, 45, 9 ), ( 'H2', 286, 45, 10 ), ( 'H2', 287, 45, 11 ), ( 'H2', 288, 16, 3 ), ( 'H2', 289, 16, 4 ), ( 'H2', 290, 21, 10 ), ( 'H2', 291, 46, 3 ), ( 'H2', 292, 46, 4 ), ( 'H2', 293, 46, 2 ), ( 'H2', 294, 46, 5 ), ( 'H2', 295, 46, 6 ), ( 'H2', 296, 46, 7 ), ( 'H2', 297, 47, 0 ), ( 'H2', 298, 47, 1 ), ( 'H2', 299, 47, 2 ), ( 'H2', 300, 47, 3 ), ( 'H2', 301, 47, 4 ), ( 'H2', 302, 47, 5 ), ( 'H2', 303, 47, 6 ), ( 'H2', 304, 48, 0 ), ( 'H2', 305, 48, 1 ), ( 'H2', 306, 48, 2 ), ( 'H2', 307, 48, 3 ), ( 'H2', 308, 48, 4 ), ( 'H2', 309, 48, 5 ), ( 'H2', 310, 13, 13 ), ( 'H2', 311, 13, 14 ), ( 'H2', 312, 13, 15 ), ( 'H2', 313, 13, 16 ), ( 'H2', 314, 13, 17 ), ( 'H2', 315, 13, 18 ), ( 'H2', 316, 13, 19 ), ( 'H2', 317, 13, 20 ), ( 'H2', 318, 49, 0 ), ( 'H2', 319, 49, 1 ), ( 'H2', 320, 49, 2 ), ( 'H2', 321, 49, 3 ), ( 'H2', 322, 47, 7 ), ( 'H2', 323, 47, 8 ), ( 'H2', 324, 47, 9 ), ( 'H2', 326, 50, 0 ), ( 'H2', 327, 50, 1 ), ( 'H2', 328, 50, 2 ), ( 'H2', 329, 50, 3 ), ( 'H2', 330, 51, 0 ), ( 'H2', 331, 51, 1 ), ( 'H2', 332, 51, 2 ), ( 'H2', 333, 51, 3 ), ( 'H2', 334, 51, 4 ), ( 'H2', 335, 51, 5 ), ( 'H2', 336, 46, 1 ), ( 'H3', 1, 1, 0 ), ( 'H3', 2, 1, 1 ), ( 'H3', 3, 1, 2 ), ( 'H3', 4, 1, 3 ), ( 'H3', 5, 1, 4 ), ( 'H3', 6, 1, 5 ), ( 'H3', 7, 1, 6 ), ( 'H3', 8, 1, 7 ), ( 'H3', 9, 1, 8 ), ( 'H3', 10, 1, 9 ), ( 'H3', 11, 1, 10 ), ( 'H3', 12, 2, 0 ), ( 'H3', 13, 2, 1 ), ( 'H3', 14, 3, 0 ), ( 'H3', 15, 3, 1 ), ( 'H3', 16, 3, 2 ), ( 'H3', 17, 3, 3 ), ( 'H3', 18, 3, 4 ), ( 'H3', 19, 3, 5 ), ( 'H3', 20, 4, 0 ), ( 'H3', 21, 4, 1 ), ( 'H3', 22, 4, 2 ), ( 'H3', 23, 4, 3 ), ( 'H3', 24, 4, 4 ), ( 'H3', 25, 4, 5 ), ( 'H3', 26, 4, 6 ), ( 'H3', 27, 4, 7 ), ( 'H3', 28, 4, 8 ), ( 'H3', 29, 4, 9 ), ( 'H3', 30, 4, 10 ), ( 'H3', 31, 4, 11 ), ( 'H3', 32, 4, 12 ), ( 'H3', 33, 5, 0 ), ( 'H3', 34, 5, 1 ), ( 'H3', 35, 5, 2 ), ( 'H3', 36, 5, 3 ), ( 'H3', 37, 5, 4 ), ( 'H3', 38, 6, 0 ), ( 'H3', 39, 6, 1 ), ( 'H3', 40, 6, 2 ), ( 'H3', 41, 7, 0 ), ( 'H3', 42, 7, 1 ), ( 'H3', 43, 7, 2 ), ( 'H3', 44, 7, 3 ), ( 'H3', 45, 7, 4 ), ( 'H3', 46, 8, 0 ), ( 'H3', 47, 9, 0 ), ( 'H3', 48, 9, 1 ), ( 'H3', 49, 9, 2 ), ( 'H3', 50, 9, 3 ), ( 'H3', 51, 10, 0 ), ( 'H3', 52, 10, 1 ), ( 'H3', 53, 10, 2 ), ( 'H3', 54, 10, 3 ), ( 'H3', 55, 10, 4 ), ( 'H3', 56, 10, 5 ), ( 'H3', 57, 10, 6 ), ( 'H3', 58, 10, 7 ), ( 'H3', 59, 10, 8 ), ( 'H3', 60, 11, 0 ), ( 'H3', 61, 11, 1 ), ( 'H3', 62, 11, 2 ), ( 'H3', 63, 11, 3 ), ( 'H3', 64, 11, 4 ), ( 'H3', 65, 11, 5 ), ( 'H3', 66, 11, 6 ), ( 'H3', 67, 11, 7 ), ( 'H3', 68, 11, 8 ), ( 'H3', 69, 11, 9 ), ( 'H3', 70, 11, 10 ), ( 'H3', 71, 11, 11 ), ( 'H3', 72, 11, 12 ), ( 'H3', 73, 11, 13 ), ( 'H3', 74, 11, 14 ), ( 'H3', 75, 11, 15 ), ( 'H3', 76, 11, 16 ), ( 'H3', 77, 11, 17 ), ( 'H3', 78, 11, 18 ), ( 'H3', 79, 11, 19 ), ( 'H3', 80, 11, 20 ), ( 'H3', 81, 11, 21 ), ( 'H3', 82, 11, 22 ), ( 'H3', 83, 11, 23 ), ( 'H3', 84, 11, 24 ), ( 'H3', 85, 11, 25 ), ( 'H3', 86, 11, 26 ), ( 'H3', 87, 11, 27 ), ( 'H3', 88, 11, 28 ), ( 'H3', 89, 11, 29 ), ( 'H3', 90, 11, 30 ), ( 'H3', 91, 11, 31 ), ( 'H3', 92, 12, 0 ), ( 'H3', 93, 12, 1 ), ( 'H3', 94, 12, 2 ), ( 'H3', 95, 12, 3 ), ( 'H3', 96, 12, 4 ), ( 'H3', 97, 12, 5 ), ( 'H3', 98, 13, 0 ), ( 'H3', 99, 13, 1 ), ( 'H3', 100, 13, 2 ), ( 'H3', 101, 13, 3 ), ( 'H3', 102, 13, 4 ), ( 'H3', 103, 13, 5 ), ( 'H3', 104, 13, 6 ), ( 'H3', 105, 13, 7 ), ( 'H3', 106, 13, 8 ), ( 'H3', 107, 13, 9 ), ( 'H3', 108, 13, 10 ), ( 'H3', 109, 13, 11 ), ( 'H3', 110, 13, 12 ), ( 'H3', 111, 14, 0 ), ( 'H3', 112, 14, 1 ), ( 'H3', 113, 14, 2 ), ( 'H3', 114, 14, 3 ), ( 'H3', 115, 14, 4 ), ( 'H3', 116, 14, 5 ), ( 'H3', 117, 14, 6 ), ( 'H3', 118, 14, 7 ), ( 'H3', 119, 14, 8 ), ( 'H3', 120, 14, 9 ), ( 'H3', 121, 14, 10 ), ( 'H3', 122, 14, 11 ), ( 'H3', 123, 15, 0 ), ( 'H3', 124, 15, 1 ), ( 'H3', 125, 15, 2 ), ( 'H3', 126, 15, 3 ), ( 'H3', 127, 16, 0 ), ( 'H3', 128, 16, 1 ), ( 'H3', 129, 16, 2 ), ( 'H3', 130, 17, 0 ), ( 'H3', 131, 17, 1 ), ( 'H3', 132, 17, 2 ), ( 'H3', 133, 17, 3 ), ( 'H3', 134, 17, 4 ), ( 'H3', 135, 18, 0 ), ( 'H3', 136, 18, 1 ), ( 'H3', 137, 18, 2 ), ( 'H3', 138, 18, 3 ), ( 'H3', 139, 19, 0 ), ( 'H3', 140, 19, 1 ), ( 'H3', 141, 19, 2 ), ( 'H3', 142, 19, 3 ), ( 'H3', 143, 19, 4 ), ( 'H3', 144, 20, 0 ), ( 'H3', 145, 20, 1 ), ( 'H3', 146, 20, 2 ), ( 'H3', 147, 20, 3 ), ( 'H3', 148, 20, 4 ), ( 'H3', 149, 20, 5 ), ( 'H3', 150, 21, 0 ), ( 'H3', 151, 21, 1 ), ( 'H3', 152, 21, 2 ), ( 'H3', 153, 21, 3 ), ( 'H3', 154, 21, 4 ), ( 'H3', 155, 21, 5 ), ( 'H3', 156, 21, 6 ), ( 'H3', 157, 21, 7 ), ( 'H3', 158, 21, 8 ), ( 'H3', 159, 21, 9 ), ( 'H3', 160, 22, 0 ), ( 'H3', 161, 22, 1 ), ( 'H3', 162, 22, 2 ), ( 'H3', 163, 22, 3 ), ( 'H3', 164, 22, 4 ), ( 'H3', 165, 22, 5 ), ( 'H3', 166, 23, 0 ), ( 'H3', 167, 23, 1 ), ( 'H3', 168, 23, 2 ), ( 'H3', 169, 23, 3 ), ( 'H3', 170, 24, 0 ), ( 'H3', 171, 24, 1 ), ( 'H3', 172, 24, 2 ), ( 'H3', 173, 25, 0 ), ( 'H3', 174, 25, 1 ), ( 'H3', 175, 25, 2 ), ( 'H3', 176, 25, 3 ), ( 'H3', 177, 25, 4 ), ( 'H3', 178, 25, 5 ), ( 'H3', 179, 26, 0 ), ( 'H3', 180, 26, 1 ), ( 'H3', 181, 26, 2 ), ( 'H3', 182, 27, 0 ), ( 'H3', 183, 27, 1 ), ( 'H3', 184, 27, 2 ), ( 'H3', 185, 27, 3 ), ( 'H3', 186, 28, 0 ), ( 'H3', 187, 28, 1 ), ( 'H3', 188, 28, 2 ), ( 'H3', 189, 28, 3 ), ( 'H3', 190, 29, 0 ), ( 'H3', 191, 29, 1 ), ( 'H3', 192, 29, 2 ), ( 'H3', 193, 29, 3 ), ( 'H3', 194, 30, 0 ), ( 'H3', 195, 30, 1 ), ( 'H3', 196, 30, 2 ), ( 'H3', 197, 30, 3 ), ( 'H3', 198, 30, 4 ), ( 'H3', 199, 30, 5 ), ( 'H3', 200, 30, 6 ), ( 'H3', 201, 30, 7 ), ( 'H3', 202, 30, 8 ), ( 'H3', 203, 30, 9 ), ( 'H3', 204, 30, 10 ), ( 'H3', 205, 30, 11 ), ( 'H3', 206, 30, 12 ), ( 'H3', 207, 30, 13 ), ( 'H3', 208, 30, 14 ), ( 'H3', 209, 30, 15 ), ( 'H3', 210, 31, 1 ), ( 'H3', 211, 31, 2 ), ( 'H3', 212, 31, 3 ), ( 'H3', 213, 31, 4 ), ( 'H3', 214, 32, 1 ), ( 'H3', 215, 32, 2 ), ( 'H3', 216, 32, 3 ), ( 'H3', 217, 32, 4 ), ( 'H3', 218, 32, 5 ), ( 'H3', 219, 32, 6 ), ( 'H3', 220, 33, 1 ), ( 'H3', 221, 33, 2 ), ( 'H3', 222, 33, 3 ), ( 'H3', 223, 34, 1 ), ( 'H3', 224, 34, 2 ), ( 'H3', 225, 34, 3 ), ( 'H3', 226, 35, 1 ), ( 'H3', 227, 35, 2 ), ( 'H3', 228, 35, 3 ), ( 'H3', 229, 36, 1 ), ( 'H3', 230, 36, 2 ), ( 'H3', 231, 36, 3 ), ( 'H3', 232, 36, 4 ), ( 'H3', 233, 36, 5 ), ( 'H3', 234, 36, 6 ), ( 'H3', 235, 37, 1 ), ( 'H3', 236, 37, 2 ), ( 'H3', 237, 38, 1 ), ( 'H3', 238, 38, 2 ), ( 'H3', 239, 38, 3 ), ( 'H3', 240, 38, 4 ), ( 'H3', 241, 39, 1 ), ( 'H3', 242, 39, 2 ), ( 'H3', 243, 39, 3 ), ( 'H3', 244, 39, 4 ), ( 'H3', 245, 40, 1 ), ( 'H3', 246, 40, 2 ), ( 'H3', 247, 40, 3 ), ( 'H3', 248, 40, 4 ), ( 'H3', 249, 41, 1 ), ( 'H3', 250, 41, 2 ), ( 'H3', 251, 41, 3 ), ( 'H3', 252, 41, 4 ), ( 'H3', 253, 41, 5 ), ( 'H3', 254, 41, 6 ), ( 'H3', 255, 41, 7 ), ( 'H3', 256, 41, 8 ), ( 'H3', 257, 41, 9 ), ( 'H3', 258, 41, 10 ), ( 'H3', 259, 41, 11 ), ( 'H3', 260, 42, 1 ), ( 'H3', 261, 42, 2 ), ( 'H3', 262, 42, 3 ), ( 'H3', 263, 42, 4 ), ( 'H3', 264, 42, 5 ), ( 'H3', 265, 42, 6 ), ( 'H3', 266, 42, 7 ), ( 'H3', 267, 42, 8 ), ( 'H3', 268, 42, 9 ), ( 'H3', 269, 43, 1 ), ( 'H3', 270, 43, 2 ), ( 'H3', 271, 43, 3 ), ( 'H3', 272, 43, 4 ), ( 'H3', 273, 44, 1 ), ( 'H3', 274, 44, 2 ), ( 'H3', 275, 44, 3 ), ( 'H3', 276, 44, 4 ), ( 'H3', 277, 45, 1 ), ( 'H3', 278, 45, 2 ), ( 'H3', 279, 45, 3 ), ( 'H3', 280, 45, 4 ), ( 'H3', 281, 45, 5 ), ( 'H3', 282, 45, 6 ), ( 'H3', 283, 45, 7 ), ( 'H3', 284, 45, 8 ), ( 'H3', 285, 45, 9 ), ( 'H3', 286, 45, 10 ), ( 'H3', 287, 45, 11 ), ( 'H3', 288, 16, 3 ), ( 'H3', 289, 16, 4 ), ( 'H3', 290, 21, 10 ), ( 'H3', 291, 46, 3 ), ( 'H3', 292, 46, 4 ), ( 'H3', 293, 46, 2 ), ( 'H3', 294, 46, 5 ), ( 'H3', 295, 46, 6 ), ( 'H3', 296, 46, 7 ), ( 'H3', 297, 47, 0 ), ( 'H3', 298, 47, 1 ), ( 'H3', 299, 47, 2 ), ( 'H3', 300, 47, 3 ), ( 'H3', 301, 47, 4 ), ( 'H3', 302, 47, 5 ), ( 'H3', 303, 47, 6 ), ( 'H3', 304, 48, 0 ), ( 'H3', 305, 48, 1 ), ( 'H3', 306, 48, 2 ), ( 'H3', 307, 48, 3 ), ( 'H3', 308, 48, 4 ), ( 'H3', 309, 48, 5 ), ( 'H3', 310, 13, 13 ), ( 'H3', 311, 13, 14 ), ( 'H3', 312, 13, 15 ), ( 'H3', 313, 13, 16 ), ( 'H3', 314, 13, 17 ), ( 'H3', 315, 13, 18 ), ( 'H3', 316, 13, 19 ), ( 'H3', 317, 13, 20 ), ( 'H3', 318, 49, 0 ), ( 'H3', 319, 49, 1 ), ( 'H3', 320, 49, 2 ), ( 'H3', 321, 49, 3 ), ( 'H3', 322, 47, 7 ), ( 'H3', 323, 47, 8 ), ( 'H3', 324, 47, 9 ), ( 'H3', 325, 13, 21 ), ( 'H3', 326, 50, 0 ), ( 'H3', 327, 50, 1 ), ( 'H3', 328, 50, 2 ), ( 'H3', 329, 50, 3 ), ( 'H3', 330, 51, 0 ), ( 'H3', 331, 51, 1 ), ( 'H3', 332, 51, 2 ), ( 'H3', 333, 51, 3 ), ( 'H3', 334, 51, 4 ), ( 'H3', 335, 51, 5 ), ( 'H3', 336, 46, 1 ), ( 'H4', 1, 1, 0 ), ( 'H4', 2, 1, 1 ), ( 'H4', 3, 1, 2 ), ( 'H4', 4, 1, 3 ), ( 'H4', 5, 1, 4 ), ( 'H4', 6, 1, 5 ), ( 'H4', 7, 1, 6 ), ( 'H4', 8, 1, 7 ), ( 'H4', 9, 1, 8 ), ( 'H4', 10, 1, 9 ), ( 'H4', 11, 1, 10 ), ( 'H4', 12, 2, 0 ), ( 'H4', 13, 2, 1 ), ( 'H4', 14, 3, 0 ), ( 'H4', 15, 3, 1 ), ( 'H4', 16, 3, 2 ), ( 'H4', 17, 3, 3 ), ( 'H4', 18, 3, 4 ), ( 'H4', 19, 3, 5 ), ( 'H4', 20, 4, 0 ), ( 'H4', 21, 4, 1 ), ( 'H4', 22, 4, 2 ), ( 'H4', 23, 4, 3 ), ( 'H4', 24, 4, 4 ), ( 'H4', 25, 4, 5 ), ( 'H4', 26, 4, 6 ), ( 'H4', 27, 4, 7 ), ( 'H4', 28, 4, 8 ), ( 'H4', 29, 4, 9 ), ( 'H4', 30, 4, 10 ), ( 'H4', 31, 4, 11 ), ( 'H4', 32, 4, 12 ), ( 'H4', 33, 5, 0 ), ( 'H4', 34, 5, 1 ), ( 'H4', 35, 5, 2 ), ( 'H4', 36, 5, 3 ), ( 'H4', 37, 5, 4 ), ( 'H4', 38, 6, 0 ), ( 'H4', 39, 6, 1 ), ( 'H4', 40, 6, 2 ), ( 'H4', 41, 7, 0 ), ( 'H4', 42, 7, 1 ), ( 'H4', 43, 7, 2 ), ( 'H4', 44, 7, 3 ), ( 'H4', 45, 7, 4 ), ( 'H4', 46, 8, 0 ), ( 'H4', 47, 9, 0 ), ( 'H4', 48, 9, 1 ), ( 'H4', 49, 9, 2 ), ( 'H4', 50, 9, 3 ), ( 'H4', 51, 10, 0 ), ( 'H4', 52, 10, 1 ), ( 'H4', 53, 10, 2 ), ( 'H4', 54, 10, 3 ), ( 'H4', 55, 10, 4 ), ( 'H4', 56, 10, 5 ), ( 'H4', 57, 10, 6 ), ( 'H4', 58, 10, 7 ), ( 'H4', 59, 10, 8 ), ( 'H4', 60, 11, 0 ), ( 'H4', 61, 11, 1 ), ( 'H4', 62, 11, 2 ), ( 'H4', 63, 11, 3 ), ( 'H4', 64, 11, 4 ), ( 'H4', 65, 11, 5 ), ( 'H4', 66, 11, 6 ), ( 'H4', 67, 11, 7 ), ( 'H4', 68, 11, 8 ), ( 'H4', 69, 11, 9 ), ( 'H4', 70, 11, 10 ), ( 'H4', 71, 11, 11 ), ( 'H4', 72, 11, 12 ), ( 'H4', 73, 11, 13 ), ( 'H4', 74, 11, 14 ), ( 'H4', 75, 11, 15 ), ( 'H4', 76, 11, 16 ), ( 'H4', 77, 11, 17 ), ( 'H4', 78, 11, 18 ), ( 'H4', 79, 11, 19 ), ( 'H4', 80, 11, 20 ), ( 'H4', 81, 11, 21 ), ( 'H4', 82, 11, 22 ), ( 'H4', 83, 11, 23 ), ( 'H4', 84, 11, 24 ), ( 'H4', 85, 11, 25 ), ( 'H4', 86, 11, 26 ), ( 'H4', 87, 11, 27 ), ( 'H4', 88, 11, 28 ), ( 'H4', 89, 11, 29 ), ( 'H4', 90, 11, 30 ), ( 'H4', 91, 11, 31 ), ( 'H4', 92, 12, 0 ), ( 'H4', 93, 12, 1 ), ( 'H4', 94, 12, 2 ), ( 'H4', 95, 12, 3 ), ( 'H4', 96, 12, 4 ), ( 'H4', 97, 12, 5 ), ( 'H4', 98, 13, 0 ), ( 'H4', 99, 13, 1 ), ( 'H4', 100, 13, 2 ), ( 'H4', 101, 13, 3 ), ( 'H4', 102, 13, 4 ), ( 'H4', 103, 13, 5 ), ( 'H4', 104, 13, 6 ), ( 'H4', 105, 13, 7 ), ( 'H4', 106, 13, 8 ), ( 'H4', 107, 13, 9 ), ( 'H4', 108, 13, 10 ), ( 'H4', 109, 13, 11 ), ( 'H4', 110, 13, 12 ), ( 'H4', 111, 14, 0 ), ( 'H4', 112, 14, 1 ), ( 'H4', 113, 14, 2 ), ( 'H4', 114, 14, 3 ), ( 'H4', 115, 14, 4 ), ( 'H4', 116, 14, 5 ), ( 'H4', 117, 14, 6 ), ( 'H4', 118, 14, 7 ), ( 'H4', 119, 14, 8 ), ( 'H4', 120, 14, 9 ), ( 'H4', 121, 14, 10 ), ( 'H4', 122, 14, 11 ), ( 'H4', 123, 15, 0 ), ( 'H4', 124, 15, 1 ), ( 'H4', 125, 15, 2 ), ( 'H4', 126, 15, 3 ), ( 'H4', 127, 16, 0 ), ( 'H4', 128, 16, 1 ), ( 'H4', 129, 16, 2 ), ( 'H4', 130, 17, 0 ), ( 'H4', 131, 17, 1 ), ( 'H4', 132, 17, 2 ), ( 'H4', 133, 17, 3 ), ( 'H4', 134, 17, 4 ), ( 'H4', 135, 18, 0 ), ( 'H4', 136, 18, 1 ), ( 'H4', 137, 18, 2 ), ( 'H4', 138, 18, 3 ), ( 'H4', 139, 19, 0 ), ( 'H4', 140, 19, 1 ), ( 'H4', 141, 19, 2 ), ( 'H4', 142, 19, 3 ), ( 'H4', 143, 19, 4 ), ( 'H4', 144, 20, 0 ), ( 'H4', 145, 20, 1 ), ( 'H4', 146, 20, 2 ), ( 'H4', 147, 20, 3 ), ( 'H4', 148, 20, 4 ), ( 'H4', 149, 20, 5 ), ( 'H4', 150, 21, 0 ), ( 'H4', 151, 21, 1 ), ( 'H4', 152, 21, 2 ), ( 'H4', 153, 21, 3 ), ( 'H4', 154, 21, 4 ), ( 'H4', 155, 21, 5 ), ( 'H4', 156, 21, 6 ), ( 'H4', 157, 21, 7 ), ( 'H4', 158, 21, 8 ), ( 'H4', 159, 21, 9 ), ( 'H4', 160, 22, 0 ), ( 'H4', 161, 22, 1 ), ( 'H4', 162, 22, 2 ), ( 'H4', 163, 22, 3 ), ( 'H4', 164, 22, 4 ), ( 'H4', 165, 22, 5 ), ( 'H4', 166, 23, 0 ), ( 'H4', 167, 23, 1 ), ( 'H4', 168, 23, 2 ), ( 'H4', 169, 23, 3 ), ( 'H4', 170, 24, 0 ), ( 'H4', 171, 24, 1 ), ( 'H4', 172, 24, 2 ), ( 'H4', 173, 25, 0 ), ( 'H4', 174, 25, 1 ), ( 'H4', 175, 25, 2 ), ( 'H4', 176, 25, 3 ), ( 'H4', 177, 25, 4 ), ( 'H4', 178, 25, 5 ), ( 'H4', 179, 26, 0 ), ( 'H4', 180, 26, 1 ), ( 'H4', 181, 26, 2 ), ( 'H4', 182, 27, 0 ), ( 'H4', 183, 27, 1 ), ( 'H4', 184, 27, 2 ), ( 'H4', 185, 27, 3 ), ( 'H4', 186, 28, 0 ), ( 'H4', 187, 28, 1 ), ( 'H4', 188, 28, 2 ), ( 'H4', 189, 28, 3 ), ( 'H4', 190, 29, 0 ), ( 'H4', 191, 29, 1 ), ( 'H4', 192, 29, 2 ), ( 'H4', 193, 29, 3 ), ( 'H4', 194, 30, 0 ), ( 'H4', 195, 30, 1 ), ( 'H4', 196, 30, 2 ), ( 'H4', 197, 30, 3 ), ( 'H4', 198, 30, 4 ), ( 'H4', 199, 30, 5 ), ( 'H4', 200, 30, 6 ), ( 'H4', 201, 30, 7 ), ( 'H4', 202, 30, 8 ), ( 'H4', 203, 30, 9 ), ( 'H4', 204, 30, 10 ), ( 'H4', 205, 30, 11 ), ( 'H4', 206, 30, 12 ), ( 'H4', 207, 30, 13 ), ( 'H4', 208, 30, 14 ), ( 'H4', 209, 30, 15 ), ( 'H4', 210, 31, 1 ), ( 'H4', 211, 31, 2 ), ( 'H4', 212, 31, 3 ), ( 'H4', 213, 31, 4 ), ( 'H4', 214, 32, 1 ), ( 'H4', 215, 32, 2 ), ( 'H4', 216, 32, 3 ), ( 'H4', 217, 32, 4 ), ( 'H4', 218, 32, 5 ), ( 'H4', 219, 32, 6 ), ( 'H4', 220, 33, 1 ), ( 'H4', 221, 33, 2 ), ( 'H4', 222, 33, 3 ), ( 'H4', 223, 34, 1 ), ( 'H4', 224, 34, 2 ), ( 'H4', 225, 34, 3 ), ( 'H4', 226, 35, 1 ), ( 'H4', 227, 35, 2 ), ( 'H4', 228, 35, 3 ), ( 'H4', 229, 36, 1 ), ( 'H4', 230, 36, 2 ), ( 'H4', 231, 36, 3 ), ( 'H4', 232, 36, 4 ), ( 'H4', 233, 36, 5 ), ( 'H4', 234, 36, 6 ), ( 'H4', 235, 37, 1 ), ( 'H4', 236, 37, 2 ), ( 'H4', 237, 38, 1 ), ( 'H4', 238, 38, 2 ), ( 'H4', 239, 38, 3 ), ( 'H4', 240, 38, 4 ), ( 'H4', 241, 39, 1 ), ( 'H4', 242, 39, 2 ), ( 'H4', 243, 39, 3 ), ( 'H4', 244, 39, 4 ), ( 'H4', 245, 40, 1 ), ( 'H4', 246, 40, 2 ), ( 'H4', 247, 40, 3 ), ( 'H4', 248, 40, 4 ), ( 'H4', 249, 41, 1 ), ( 'H4', 250, 41, 2 ), ( 'H4', 251, 41, 3 ), ( 'H4', 252, 41, 4 ), ( 'H4', 253, 41, 5 ), ( 'H4', 254, 41, 6 ), ( 'H4', 255, 41, 7 ), ( 'H4', 256, 41, 8 ), ( 'H4', 257, 41, 9 ), ( 'H4', 258, 41, 10 ), ( 'H4', 259, 41, 11 ), ( 'H4', 260, 42, 1 ), ( 'H4', 261, 42, 2 ), ( 'H4', 262, 42, 3 ), ( 'H4', 263, 42, 4 ), ( 'H4', 264, 42, 5 ), ( 'H4', 265, 42, 6 ), ( 'H4', 266, 42, 7 ), ( 'H4', 267, 42, 8 ), ( 'H4', 268, 42, 9 ), ( 'H4', 269, 43, 1 ), ( 'H4', 270, 43, 2 ), ( 'H4', 271, 43, 3 ), ( 'H4', 272, 43, 4 ), ( 'H4', 273, 44, 1 ), ( 'H4', 274, 44, 2 ), ( 'H4', 275, 44, 3 ), ( 'H4', 276, 44, 4 ), ( 'H4', 277, 45, 1 ), ( 'H4', 278, 45, 2 ), ( 'H4', 279, 45, 3 ), ( 'H4', 280, 45, 4 ), ( 'H4', 281, 45, 5 ), ( 'H4', 282, 45, 6 ), ( 'H4', 283, 45, 7 ), ( 'H4', 284, 45, 8 ), ( 'H4', 285, 45, 9 ), ( 'H4', 286, 45, 10 ), ( 'H4', 287, 45, 11 ), ( 'H4', 288, 16, 3 ), ( 'H4', 289, 16, 4 ), ( 'H4', 290, 21, 10 ), ( 'H4', 291, 46, 3 ), ( 'H4', 292, 46, 4 ), ( 'H4', 293, 46, 2 ), ( 'H4', 294, 46, 5 ), ( 'H4', 295, 46, 6 ), ( 'H4', 296, 46, 7 ), ( 'H4', 297, 47, 0 ), ( 'H4', 298, 47, 1 ), ( 'H4', 299, 47, 2 ), ( 'H4', 300, 47, 3 ), ( 'H4', 301, 47, 4 ), ( 'H4', 302, 47, 5 ), ( 'H4', 303, 47, 6 ), ( 'H4', 304, 48, 0 ), ( 'H4', 305, 48, 1 ), ( 'H4', 306, 48, 2 ), ( 'H4', 307, 48, 3 ), ( 'H4', 308, 48, 4 ), ( 'H4', 309, 48, 5 ), ( 'H4', 310, 13, 13 ), ( 'H4', 311, 13, 14 ), ( 'H4', 312, 13, 15 ), ( 'H4', 313, 13, 16 ), ( 'H4', 314, 13, 17 ), ( 'H4', 315, 13, 18 ), ( 'H4', 316, 13, 19 ), ( 'H4', 317, 13, 20 ), ( 'H4', 318, 49, 0 ), ( 'H4', 319, 49, 1 ), ( 'H4', 320, 49, 2 ), ( 'H4', 321, 49, 3 ), ( 'H4', 322, 47, 7 ), ( 'H4', 323, 47, 8 ), ( 'H4', 324, 47, 9 ), ( 'H4', 325, 13, 21 ), ( 'H4', 326, 50, 0 ), ( 'H4', 327, 50, 1 ), ( 'H4', 328, 50, 2 ), ( 'H4', 329, 50, 3 ), ( 'H4', 330, 51, 0 ), ( 'H4', 331, 51, 1 ), ( 'H4', 332, 51, 2 ), ( 'H4', 333, 51, 3 ), ( 'H4', 334, 51, 4 ), ( 'H4', 335, 51, 5 ), ( 'H4', 336, 46, 1 ), ( 'H5', 1, 1, 0 ), ( 'H5', 2, 1, 1 ), ( 'H5', 3, 1, 2 ), ( 'H5', 4, 1, 3 ), ( 'H5', 5, 1, 4 ), ( 'H5', 6, 1, 5 ), ( 'H5', 7, 1, 6 ), ( 'H5', 8, 1, 7 ), ( 'H5', 9, 1, 8 ), ( 'H5', 10, 1, 9 ), ( 'H5', 11, 1, 10 ), ( 'H5', 12, 2, 0 ), ( 'H5', 13, 2, 1 ), ( 'H5', 14, 3, 0 ), ( 'H5', 15, 3, 1 ), ( 'H5', 16, 3, 2 ), ( 'H5', 17, 3, 3 ), ( 'H5', 18, 3, 4 ), ( 'H5', 19, 3, 5 ), ( 'H5', 20, 4, 0 ), ( 'H5', 21, 4, 1 ), ( 'H5', 22, 4, 2 ), ( 'H5', 23, 4, 3 ), ( 'H5', 24, 4, 4 ), ( 'H5', 25, 4, 5 ), ( 'H5', 26, 4, 6 ), ( 'H5', 27, 4, 7 ), ( 'H5', 28, 4, 8 ), ( 'H5', 29, 4, 9 ), ( 'H5', 30, 4, 10 ), ( 'H5', 31, 4, 11 ), ( 'H5', 32, 4, 12 ), ( 'H5', 33, 5, 0 ), ( 'H5', 34, 5, 1 ), ( 'H5', 35, 5, 2 ), ( 'H5', 36, 5, 3 ), ( 'H5', 37, 5, 4 ), ( 'H5', 38, 6, 0 ), ( 'H5', 39, 6, 1 ), ( 'H5', 40, 6, 2 ), ( 'H5', 41, 7, 0 ), ( 'H5', 42, 7, 1 ), ( 'H5', 43, 7, 2 ), ( 'H5', 44, 7, 3 ), ( 'H5', 45, 7, 4 ), ( 'H5', 46, 8, 0 ), ( 'H5', 47, 9, 0 ), ( 'H5', 48, 9, 1 ), ( 'H5', 49, 9, 2 ), ( 'H5', 50, 9, 3 ), ( 'H5', 51, 10, 0 ), ( 'H5', 52, 10, 1 ), ( 'H5', 53, 10, 2 ), ( 'H5', 54, 10, 3 ), ( 'H5', 55, 10, 4 ), ( 'H5', 56, 10, 5 ), ( 'H5', 57, 10, 6 ), ( 'H5', 58, 10, 7 ), ( 'H5', 59, 10, 8 ), ( 'H5', 60, 11, 0 ), ( 'H5', 61, 11, 1 ), ( 'H5', 62, 11, 2 ), ( 'H5', 63, 11, 3 ), ( 'H5', 64, 11, 4 ), ( 'H5', 65, 11, 5 ), ( 'H5', 66, 11, 6 ), ( 'H5', 67, 11, 7 ), ( 'H5', 68, 11, 8 ), ( 'H5', 69, 11, 9 ), ( 'H5', 70, 11, 10 ), ( 'H5', 71, 11, 11 ), ( 'H5', 72, 11, 12 ), ( 'H5', 73, 11, 13 ), ( 'H5', 74, 11, 14 ), ( 'H5', 75, 11, 15 ), ( 'H5', 76, 11, 16 ), ( 'H5', 77, 11, 17 ), ( 'H5', 78, 11, 18 ), ( 'H5', 79, 11, 19 ), ( 'H5', 80, 11, 20 ), ( 'H5', 81, 11, 21 ), ( 'H5', 82, 11, 22 ), ( 'H5', 83, 11, 23 ), ( 'H5', 84, 11, 24 ), ( 'H5', 85, 11, 25 ), ( 'H5', 86, 11, 26 ), ( 'H5', 87, 11, 27 ), ( 'H5', 88, 11, 28 ), ( 'H5', 89, 11, 29 ), ( 'H5', 90, 11, 30 ), ( 'H5', 91, 11, 31 ), ( 'H5', 92, 12, 0 ), ( 'H5', 93, 12, 1 ), ( 'H5', 94, 12, 2 ), ( 'H5', 95, 12, 3 ), ( 'H5', 96, 12, 4 ), ( 'H5', 97, 12, 5 ), ( 'H5', 98, 13, 0 ), ( 'H5', 99, 13, 1 ), ( 'H5', 100, 13, 2 ), ( 'H5', 101, 13, 3 ), ( 'H5', 102, 13, 4 ), ( 'H5', 103, 13, 5 ), ( 'H5', 104, 13, 6 ), ( 'H5', 105, 13, 7 ), ( 'H5', 106, 13, 8 ), ( 'H5', 107, 13, 9 ), ( 'H5', 108, 13, 10 ), ( 'H5', 109, 13, 11 ), ( 'H5', 110, 13, 12 ), ( 'H5', 111, 14, 0 ), ( 'H5', 112, 14, 1 ), ( 'H5', 113, 14, 2 ), ( 'H5', 114, 14, 3 ), ( 'H5', 115, 14, 4 ), ( 'H5', 116, 14, 5 ), ( 'H5', 117, 14, 6 ), ( 'H5', 118, 14, 7 ), ( 'H5', 119, 14, 8 ), ( 'H5', 120, 14, 9 ), ( 'H5', 121, 14, 10 ), ( 'H5', 122, 14, 11 ), ( 'H5', 123, 15, 0 ), ( 'H5', 124, 15, 1 ), ( 'H5', 125, 15, 2 ), ( 'H5', 126, 15, 3 ), ( 'H5', 127, 16, 0 ), ( 'H5', 128, 16, 1 ), ( 'H5', 129, 16, 2 ), ( 'H5', 130, 17, 0 ), ( 'H5', 131, 17, 1 ), ( 'H5', 132, 17, 2 ), ( 'H5', 133, 17, 3 ), ( 'H5', 134, 17, 4 ), ( 'H5', 135, 18, 0 ), ( 'H5', 136, 18, 1 ), ( 'H5', 137, 18, 2 ), ( 'H5', 138, 18, 3 ), ( 'H5', 139, 19, 0 ), ( 'H5', 140, 19, 1 ), ( 'H5', 141, 19, 2 ), ( 'H5', 142, 19, 3 ), ( 'H5', 143, 19, 4 ), ( 'H5', 144, 20, 0 ), ( 'H5', 145, 20, 1 ), ( 'H5', 146, 20, 2 ), ( 'H5', 147, 20, 3 ), ( 'H5', 148, 20, 4 ), ( 'H5', 149, 20, 5 ), ( 'H5', 150, 21, 0 ), ( 'H5', 151, 21, 1 ), ( 'H5', 152, 21, 2 ), ( 'H5', 153, 21, 3 ), ( 'H5', 154, 21, 4 ), ( 'H5', 155, 21, 5 ), ( 'H5', 156, 21, 6 ), ( 'H5', 157, 21, 7 ), ( 'H5', 158, 21, 8 ), ( 'H5', 159, 21, 9 ), ( 'H5', 160, 22, 0 ), ( 'H5', 161, 22, 1 ), ( 'H5', 162, 22, 2 ), ( 'H5', 163, 22, 3 ), ( 'H5', 164, 22, 4 ), ( 'H5', 165, 22, 5 ), ( 'H5', 166, 23, 0 ), ( 'H5', 167, 23, 1 ), ( 'H5', 168, 23, 2 ), ( 'H5', 169, 23, 3 ), ( 'H5', 170, 24, 0 ), ( 'H5', 171, 24, 1 ), ( 'H5', 172, 24, 2 ), ( 'H5', 173, 25, 0 ), ( 'H5', 174, 25, 1 ), ( 'H5', 175, 25, 2 ), ( 'H5', 176, 25, 3 ), ( 'H5', 177, 25, 4 ), ( 'H5', 178, 25, 5 ), ( 'H5', 179, 26, 0 ), ( 'H5', 180, 26, 1 ), ( 'H5', 181, 26, 2 ), ( 'H5', 182, 27, 0 ), ( 'H5', 183, 27, 1 ), ( 'H5', 184, 27, 2 ), ( 'H5', 185, 27, 3 ), ( 'H5', 186, 28, 0 ), ( 'H5', 187, 28, 1 ), ( 'H5', 188, 28, 2 ), ( 'H5', 189, 28, 3 ), ( 'H5', 190, 29, 0 ), ( 'H5', 191, 29, 1 ), ( 'H5', 192, 29, 2 ), ( 'H5', 193, 29, 3 ), ( 'H5', 194, 30, 0 ), ( 'H5', 195, 30, 1 ), ( 'H5', 196, 30, 2 ), ( 'H5', 197, 30, 3 ), ( 'H5', 198, 30, 4 ), ( 'H5', 199, 30, 5 ), ( 'H5', 200, 30, 6 ), ( 'H5', 201, 30, 7 ), ( 'H5', 202, 30, 8 ), ( 'H5', 203, 30, 9 ), ( 'H5', 204, 30, 10 ), ( 'H5', 205, 30, 11 ), ( 'H5', 206, 30, 12 ), ( 'H5', 207, 30, 13 ), ( 'H5', 208, 30, 14 ), ( 'H5', 209, 30, 15 ), ( 'H5', 210, 31, 1 ), ( 'H5', 211, 31, 2 ), ( 'H5', 212, 31, 3 ), ( 'H5', 213, 31, 4 ), ( 'H5', 214, 32, 1 ), ( 'H5', 215, 32, 2 ), ( 'H5', 216, 32, 3 ), ( 'H5', 217, 32, 4 ), ( 'H5', 218, 32, 5 ), ( 'H5', 219, 32, 6 ), ( 'H5', 220, 33, 1 ), ( 'H5', 221, 33, 2 ), ( 'H5', 222, 33, 3 ), ( 'H5', 223, 34, 1 ), ( 'H5', 224, 34, 2 ), ( 'H5', 225, 34, 3 ), ( 'H5', 226, 35, 1 ), ( 'H5', 227, 35, 2 ), ( 'H5', 228, 35, 3 ), ( 'H5', 229, 36, 1 ), ( 'H5', 230, 36, 2 ), ( 'H5', 231, 36, 3 ), ( 'H5', 232, 36, 4 ), ( 'H5', 233, 36, 5 ), ( 'H5', 234, 36, 6 ), ( 'H5', 235, 37, 1 ), ( 'H5', 236, 37, 2 ), ( 'H5', 237, 38, 1 ), ( 'H5', 238, 38, 2 ), ( 'H5', 239, 38, 3 ), ( 'H5', 240, 38, 4 ), ( 'H5', 241, 39, 1 ), ( 'H5', 242, 39, 2 ), ( 'H5', 243, 39, 3 ), ( 'H5', 244, 39, 4 ), ( 'H5', 245, 40, 1 ), ( 'H5', 246, 40, 2 ), ( 'H5', 247, 40, 3 ), ( 'H5', 248, 40, 4 ), ( 'H5', 249, 41, 1 ), ( 'H5', 250, 41, 2 ), ( 'H5', 251, 41, 3 ), ( 'H5', 252, 41, 4 ), ( 'H5', 253, 41, 5 ), ( 'H5', 254, 41, 6 ), ( 'H5', 255, 41, 7 ), ( 'H5', 256, 41, 8 ), ( 'H5', 257, 41, 9 ), ( 'H5', 258, 41, 10 ), ( 'H5', 259, 41, 11 ), ( 'H5', 260, 42, 1 ), ( 'H5', 261, 42, 2 ), ( 'H5', 262, 42, 3 ), ( 'H5', 263, 42, 4 ), ( 'H5', 264, 42, 5 ), ( 'H5', 265, 42, 6 ), ( 'H5', 266, 42, 7 ), ( 'H5', 267, 42, 8 ), ( 'H5', 268, 42, 9 ), ( 'H5', 269, 43, 1 ), ( 'H5', 270, 43, 2 ), ( 'H5', 271, 43, 3 ), ( 'H5', 272, 43, 4 ), ( 'H5', 273, 44, 1 ), ( 'H5', 274, 44, 2 ), ( 'H5', 275, 44, 3 ), ( 'H5', 276, 44, 4 ), ( 'H5', 277, 45, 1 ), ( 'H5', 278, 45, 2 ), ( 'H5', 279, 45, 3 ), ( 'H5', 280, 45, 4 ), ( 'H5', 281, 45, 5 ), ( 'H5', 282, 45, 6 ), ( 'H5', 283, 45, 7 ), ( 'H5', 284, 45, 8 ), ( 'H5', 285, 45, 9 ), ( 'H5', 286, 45, 10 ), ( 'H5', 287, 45, 11 ), ( 'H5', 288, 16, 3 ), ( 'H5', 289, 16, 4 ), ( 'H5', 290, 21, 10 ), ( 'H5', 291, 46, 3 ), ( 'H5', 292, 46, 4 ), ( 'H5', 293, 46, 2 ), ( 'H5', 294, 46, 5 ), ( 'H5', 295, 46, 6 ), ( 'H5', 296, 46, 7 ), ( 'H5', 297, 47, 0 ), ( 'H5', 298, 47, 1 ), ( 'H5', 299, 47, 2 ), ( 'H5', 300, 47, 3 ), ( 'H5', 301, 47, 4 ), ( 'H5', 302, 47, 5 ), ( 'H5', 303, 47, 6 ), ( 'H5', 304, 48, 0 ), ( 'H5', 305, 48, 1 ), ( 'H5', 306, 48, 2 ), ( 'H5', 307, 48, 3 ), ( 'H5', 308, 48, 4 ), ( 'H5', 309, 48, 5 ), ( 'H5', 310, 13, 13 ), ( 'H5', 311, 13, 14 ), ( 'H5', 312, 13, 15 ), ( 'H5', 313, 13, 16 ), ( 'H5', 314, 13, 17 ), ( 'H5', 315, 13, 18 ), ( 'H5', 316, 13, 19 ), ( 'H5', 317, 13, 20 ), ( 'H5', 318, 49, 0 ), ( 'H5', 319, 49, 1 ), ( 'H5', 320, 49, 2 ), ( 'H5', 321, 49, 3 ), ( 'H5', 322, 47, 7 ), ( 'H5', 323, 47, 8 ), ( 'H5', 324, 47, 9 ), ( 'H5', 325, 13, 21 ), ( 'H5', 326, 50, 0 ), ( 'H5', 327, 50, 1 ), ( 'H5', 328, 50, 2 ), ( 'H5', 329, 50, 3 ), ( 'H5', 330, 51, 0 ), ( 'H5', 331, 51, 1 ), ( 'H5', 332, 51, 2 ), ( 'H5', 333, 51, 3 ), ( 'H5', 334, 51, 4 ), ( 'H5', 335, 51, 5 ), ( 'H5', 336, 46, 1 ), ( 'H6', 1, 1, 0 ), ( 'H6', 2, 1, 1 ), ( 'H6', 3, 1, 2 ), ( 'H6', 4, 1, 3 ), ( 'H6', 5, 1, 4 ), ( 'H6', 6, 1, 5 ), ( 'H6', 7, 1, 6 ), ( 'H6', 8, 1, 7 ), ( 'H6', 9, 1, 8 ), ( 'H6', 10, 1, 9 ), ( 'H6', 11, 1, 10 ), ( 'H6', 12, 2, 0 ), ( 'H6', 13, 2, 1 ), ( 'H6', 14, 3, 0 ), ( 'H6', 15, 3, 1 ), ( 'H6', 16, 3, 2 ), ( 'H6', 17, 3, 3 ), ( 'H6', 18, 3, 4 ), ( 'H6', 19, 3, 5 ), ( 'H6', 20, 4, 0 ), ( 'H6', 21, 4, 1 ), ( 'H6', 22, 4, 2 ), ( 'H6', 23, 4, 3 ), ( 'H6', 24, 4, 4 ), ( 'H6', 25, 4, 5 ), ( 'H6', 26, 4, 6 ), ( 'H6', 27, 4, 7 ), ( 'H6', 28, 4, 8 ), ( 'H6', 29, 4, 9 ), ( 'H6', 30, 4, 10 ), ( 'H6', 31, 4, 11 ), ( 'H6', 32, 4, 12 ), ( 'H6', 33, 5, 0 ), ( 'H6', 34, 5, 1 ), ( 'H6', 35, 5, 2 ), ( 'H6', 36, 5, 3 ), ( 'H6', 37, 5, 4 ), ( 'H6', 38, 6, 0 ), ( 'H6', 39, 6, 1 ), ( 'H6', 40, 6, 2 ), ( 'H6', 41, 7, 0 ), ( 'H6', 42, 7, 1 ), ( 'H6', 43, 7, 2 ), ( 'H6', 44, 7, 3 ), ( 'H6', 45, 7, 4 ), ( 'H6', 46, 8, 0 ), ( 'H6', 47, 9, 0 ), ( 'H6', 48, 9, 1 ), ( 'H6', 49, 9, 2 ), ( 'H6', 50, 9, 3 ), ( 'H6', 51, 10, 0 ), ( 'H6', 52, 10, 1 ), ( 'H6', 53, 10, 2 ), ( 'H6', 54, 10, 3 ), ( 'H6', 55, 10, 4 ), ( 'H6', 56, 10, 5 ), ( 'H6', 57, 10, 6 ), ( 'H6', 58, 10, 7 ), ( 'H6', 59, 10, 8 ), ( 'H6', 60, 11, 0 ), ( 'H6', 61, 11, 1 ), ( 'H6', 62, 11, 2 ), ( 'H6', 63, 11, 3 ), ( 'H6', 64, 11, 4 ), ( 'H6', 65, 11, 5 ), ( 'H6', 66, 11, 6 ), ( 'H6', 67, 11, 7 ), ( 'H6', 68, 11, 8 ), ( 'H6', 69, 11, 9 ), ( 'H6', 70, 11, 10 ), ( 'H6', 71, 11, 11 ), ( 'H6', 72, 11, 12 ), ( 'H6', 73, 11, 13 ), ( 'H6', 74, 11, 14 ), ( 'H6', 75, 11, 15 ), ( 'H6', 76, 11, 16 ), ( 'H6', 77, 11, 17 ), ( 'H6', 78, 11, 18 ), ( 'H6', 79, 11, 19 ), ( 'H6', 80, 11, 20 ), ( 'H6', 81, 11, 21 ), ( 'H6', 82, 11, 22 ), ( 'H6', 83, 11, 23 ), ( 'H6', 84, 11, 24 ), ( 'H6', 85, 11, 25 ), ( 'H6', 86, 11, 26 ), ( 'H6', 87, 11, 27 ), ( 'H6', 88, 11, 28 ), ( 'H6', 89, 11, 29 ), ( 'H6', 90, 11, 30 ), ( 'H6', 91, 11, 31 ), ( 'H6', 92, 12, 0 ), ( 'H6', 93, 12, 1 ), ( 'H6', 94, 12, 2 ), ( 'H6', 95, 12, 3 ), ( 'H6', 96, 12, 4 ), ( 'H6', 97, 12, 5 ), ( 'H6', 98, 13, 0 ), ( 'H6', 99, 13, 1 ), ( 'H6', 100, 13, 2 ), ( 'H6', 101, 13, 3 ), ( 'H6', 102, 13, 4 ), ( 'H6', 103, 13, 5 ), ( 'H6', 104, 13, 6 ), ( 'H6', 105, 13, 7 ), ( 'H6', 106, 13, 8 ), ( 'H6', 107, 13, 9 ), ( 'H6', 108, 13, 10 ), ( 'H6', 109, 13, 11 ), ( 'H6', 110, 13, 12 ), ( 'H6', 111, 14, 0 ), ( 'H6', 112, 14, 1 ), ( 'H6', 113, 14, 2 ), ( 'H6', 114, 14, 3 ), ( 'H6', 115, 14, 4 ), ( 'H6', 116, 14, 5 ), ( 'H6', 117, 14, 6 ), ( 'H6', 118, 14, 7 ), ( 'H6', 119, 14, 8 ), ( 'H6', 120, 14, 9 ), ( 'H6', 121, 14, 10 ), ( 'H6', 122, 14, 11 ), ( 'H6', 123, 15, 0 ), ( 'H6', 124, 15, 1 ), ( 'H6', 125, 15, 2 ), ( 'H6', 126, 15, 3 ), ( 'H6', 127, 16, 0 ), ( 'H6', 128, 16, 1 ), ( 'H6', 129, 16, 2 ), ( 'H6', 130, 17, 0 ), ( 'H6', 131, 17, 1 ), ( 'H6', 132, 17, 2 ), ( 'H6', 133, 17, 3 ), ( 'H6', 134, 17, 4 ), ( 'H6', 135, 18, 0 ), ( 'H6', 136, 18, 1 ), ( 'H6', 137, 18, 2 ), ( 'H6', 138, 18, 3 ), ( 'H6', 139, 19, 0 ), ( 'H6', 140, 19, 1 ), ( 'H6', 141, 19, 2 ), ( 'H6', 142, 19, 3 ), ( 'H6', 143, 19, 4 ), ( 'H6', 144, 20, 0 ), ( 'H6', 145, 20, 1 ), ( 'H6', 146, 20, 2 ), ( 'H6', 147, 20, 3 ), ( 'H6', 148, 20, 4 ), ( 'H6', 149, 20, 5 ), ( 'H6', 150, 21, 0 ), ( 'H6', 151, 21, 1 ), ( 'H6', 152, 21, 2 ), ( 'H6', 153, 21, 3 ), ( 'H6', 154, 21, 4 ), ( 'H6', 155, 21, 5 ), ( 'H6', 156, 21, 6 ), ( 'H6', 157, 21, 7 ), ( 'H6', 158, 21, 8 ), ( 'H6', 159, 21, 9 ), ( 'H6', 160, 22, 0 ), ( 'H6', 161, 22, 1 ), ( 'H6', 162, 22, 2 ), ( 'H6', 163, 22, 3 ), ( 'H6', 164, 22, 4 ), ( 'H6', 165, 22, 5 ), ( 'H6', 166, 23, 0 ), ( 'H6', 167, 23, 1 ), ( 'H6', 168, 23, 2 ), ( 'H6', 169, 23, 3 ), ( 'H6', 170, 24, 0 ), ( 'H6', 171, 24, 1 ), ( 'H6', 172, 24, 2 ), ( 'H6', 173, 25, 0 ), ( 'H6', 174, 25, 1 ), ( 'H6', 175, 25, 2 ), ( 'H6', 176, 25, 3 ), ( 'H6', 177, 25, 4 ), ( 'H6', 178, 25, 5 ), ( 'H6', 179, 26, 0 ), ( 'H6', 180, 26, 1 ), ( 'H6', 181, 26, 2 ), ( 'H6', 182, 27, 0 ), ( 'H6', 183, 27, 1 ), ( 'H6', 184, 27, 2 ), ( 'H6', 185, 27, 3 ), ( 'H6', 186, 28, 0 ), ( 'H6', 187, 28, 1 ), ( 'H6', 188, 28, 2 ), ( 'H6', 189, 28, 3 ), ( 'H6', 190, 29, 0 ), ( 'H6', 191, 29, 1 ), ( 'H6', 192, 29, 2 ), ( 'H6', 193, 29, 3 ), ( 'H6', 194, 30, 0 ), ( 'H6', 195, 30, 1 ), ( 'H6', 196, 30, 2 ), ( 'H6', 197, 30, 3 ), ( 'H6', 198, 30, 4 ), ( 'H6', 199, 30, 5 ), ( 'H6', 200, 30, 6 ), ( 'H6', 201, 30, 7 ), ( 'H6', 202, 30, 8 ), ( 'H6', 203, 30, 9 ), ( 'H6', 204, 30, 10 ), ( 'H6', 205, 30, 11 ), ( 'H6', 206, 30, 12 ), ( 'H6', 207, 30, 13 ), ( 'H6', 208, 30, 14 ), ( 'H6', 209, 30, 15 ), ( 'H6', 210, 31, 1 ), ( 'H6', 211, 31, 2 ), ( 'H6', 212, 31, 3 ), ( 'H6', 213, 31, 4 ), ( 'H6', 214, 32, 1 ), ( 'H6', 215, 32, 2 ), ( 'H6', 216, 32, 3 ), ( 'H6', 217, 32, 4 ), ( 'H6', 218, 32, 5 ), ( 'H6', 219, 32, 6 ), ( 'H6', 220, 33, 1 ), ( 'H6', 221, 33, 2 ), ( 'H6', 222, 33, 3 ), ( 'H6', 223, 34, 1 ), ( 'H6', 224, 34, 2 ), ( 'H6', 225, 34, 3 ), ( 'H6', 226, 35, 1 ), ( 'H6', 227, 35, 2 ), ( 'H6', 228, 35, 3 ), ( 'H6', 229, 36, 1 ), ( 'H6', 230, 36, 2 ), ( 'H6', 231, 36, 3 ), ( 'H6', 232, 36, 4 ), ( 'H6', 233, 36, 5 ), ( 'H6', 234, 36, 6 ), ( 'H6', 235, 37, 1 ), ( 'H6', 236, 37, 2 ), ( 'H6', 237, 38, 1 ), ( 'H6', 238, 38, 2 ), ( 'H6', 239, 38, 3 ), ( 'H6', 240, 38, 4 ), ( 'H6', 241, 39, 1 ), ( 'H6', 242, 39, 2 ), ( 'H6', 243, 39, 3 ), ( 'H6', 244, 39, 4 ), ( 'H6', 245, 40, 1 ), ( 'H6', 246, 40, 2 ), ( 'H6', 247, 40, 3 ), ( 'H6', 248, 40, 4 ), ( 'H6', 249, 41, 1 ), ( 'H6', 250, 41, 2 ), ( 'H6', 251, 41, 3 ), ( 'H6', 252, 41, 4 ), ( 'H6', 253, 41, 5 ), ( 'H6', 254, 41, 6 ), ( 'H6', 255, 41, 7 ), ( 'H6', 256, 41, 8 ), ( 'H6', 257, 41, 9 ), ( 'H6', 258, 41, 10 ), ( 'H6', 259, 41, 11 ), ( 'H6', 260, 42, 1 ), ( 'H6', 261, 42, 2 ), ( 'H6', 262, 42, 3 ), ( 'H6', 263, 42, 4 ), ( 'H6', 264, 42, 5 ), ( 'H6', 265, 42, 6 ), ( 'H6', 266, 42, 7 ), ( 'H6', 267, 42, 8 ), ( 'H6', 268, 42, 9 ), ( 'H6', 269, 43, 1 ), ( 'H6', 270, 43, 2 ), ( 'H6', 271, 43, 3 ), ( 'H6', 272, 43, 4 ), ( 'H6', 273, 44, 1 ), ( 'H6', 274, 44, 2 ), ( 'H6', 275, 44, 3 ), ( 'H6', 276, 44, 4 ), ( 'H6', 277, 45, 1 ), ( 'H6', 278, 45, 2 ), ( 'H6', 279, 45, 3 ), ( 'H6', 280, 45, 4 ), ( 'H6', 281, 45, 5 ), ( 'H6', 282, 45, 6 ), ( 'H6', 283, 45, 7 ), ( 'H6', 284, 45, 8 ), ( 'H6', 285, 45, 9 ), ( 'H6', 286, 45, 10 ), ( 'H6', 287, 45, 11 ), ( 'H6', 288, 16, 3 ), ( 'H6', 289, 16, 4 ), ( 'H6', 290, 21, 10 ), ( 'H6', 291, 46, 3 ), ( 'H6', 292, 46, 4 ), ( 'H6', 293, 46, 2 ), ( 'H6', 294, 46, 5 ), ( 'H6', 295, 46, 6 ), ( 'H6', 296, 46, 7 ), ( 'H6', 297, 47, 0 ), ( 'H6', 298, 47, 1 ), ( 'H6', 299, 47, 2 ), ( 'H6', 300, 47, 3 ), ( 'H6', 301, 47, 4 ), ( 'H6', 302, 47, 5 ), ( 'H6', 303, 47, 6 ), ( 'H6', 304, 48, 0 ), ( 'H6', 305, 48, 1 ), ( 'H6', 306, 48, 2 ), ( 'H6', 307, 48, 3 ), ( 'H6', 308, 48, 4 ), ( 'H6', 309, 48, 5 ), ( 'H6', 310, 13, 13 ), ( 'H6', 311, 13, 14 ), ( 'H6', 312, 13, 15 ), ( 'H6', 313, 13, 16 ), ( 'H6', 314, 13, 17 ), ( 'H6', 315, 13, 18 ), ( 'H6', 316, 13, 19 ), ( 'H6', 317, 13, 20 ), ( 'H6', 318, 49, 0 ), ( 'H6', 319, 49, 1 ), ( 'H6', 320, 49, 2 ), ( 'H6', 321, 49, 3 ), ( 'H6', 322, 47, 7 ), ( 'H6', 323, 47, 8 ), ( 'H6', 324, 47, 9 ), ( 'H6', 325, 13, 21 ), ( 'H6', 326, 50, 0 ), ( 'H6', 327, 50, 1 ), ( 'H6', 328, 50, 2 ), ( 'H6', 329, 50, 3 ), ( 'H6', 330, 51, 0 ), ( 'H6', 331, 51, 1 ), ( 'H6', 332, 51, 2 ), ( 'H6', 333, 51, 3 ), ( 'H6', 334, 51, 4 ), ( 'H6', 335, 51, 5 ), ( 'H6', 336, 46, 1 ), ( 'H7', 1, 1, 0 ), ( 'H7', 2, 1, 1 ), ( 'H7', 3, 1, 2 ), ( 'H7', 4, 1, 3 ), ( 'H7', 5, 1, 4 ), ( 'H7', 6, 1, 5 ), ( 'H7', 7, 1, 6 ), ( 'H7', 8, 1, 7 ), ( 'H7', 9, 1, 8 ), ( 'H7', 10, 1, 9 ), ( 'H7', 11, 1, 10 ), ( 'H7', 12, 2, 0 ), ( 'H7', 13, 2, 1 ), ( 'H7', 14, 3, 0 ), ( 'H7', 15, 3, 1 ), ( 'H7', 16, 3, 2 ), ( 'H7', 17, 3, 3 ), ( 'H7', 18, 3, 4 ), ( 'H7', 19, 3, 5 ), ( 'H7', 20, 4, 0 ), ( 'H7', 21, 4, 1 ), ( 'H7', 22, 4, 2 ), ( 'H7', 23, 4, 3 ), ( 'H7', 24, 4, 4 ), ( 'H7', 25, 4, 5 ), ( 'H7', 26, 4, 6 ), ( 'H7', 27, 4, 7 ), ( 'H7', 28, 4, 8 ), ( 'H7', 29, 4, 9 ), ( 'H7', 30, 4, 10 ), ( 'H7', 31, 4, 11 ), ( 'H7', 32, 4, 12 ), ( 'H7', 33, 5, 0 ), ( 'H7', 34, 5, 1 ), ( 'H7', 35, 5, 2 ), ( 'H7', 36, 5, 3 ), ( 'H7', 37, 5, 4 ), ( 'H7', 38, 6, 0 ), ( 'H7', 39, 6, 1 ), ( 'H7', 40, 6, 2 ), ( 'H7', 41, 7, 0 ), ( 'H7', 42, 7, 1 ), ( 'H7', 43, 7, 2 ), ( 'H7', 44, 7, 3 ), ( 'H7', 45, 7, 4 ), ( 'H7', 46, 8, 0 ), ( 'H7', 47, 9, 0 ), ( 'H7', 48, 9, 1 ), ( 'H7', 49, 9, 2 ), ( 'H7', 50, 9, 3 ), ( 'H7', 51, 10, 0 ), ( 'H7', 52, 10, 1 ), ( 'H7', 53, 10, 2 ), ( 'H7', 54, 10, 3 ), ( 'H7', 55, 10, 4 ), ( 'H7', 56, 10, 5 ), ( 'H7', 57, 10, 6 ), ( 'H7', 58, 10, 7 ), ( 'H7', 59, 10, 8 ), ( 'H7', 60, 11, 0 ), ( 'H7', 61, 11, 1 ), ( 'H7', 62, 11, 2 ), ( 'H7', 63, 11, 3 ), ( 'H7', 64, 11, 4 ), ( 'H7', 65, 11, 5 ), ( 'H7', 66, 11, 6 ), ( 'H7', 67, 11, 7 ), ( 'H7', 68, 11, 8 ), ( 'H7', 69, 11, 9 ), ( 'H7', 70, 11, 10 ), ( 'H7', 71, 11, 11 ), ( 'H7', 72, 11, 12 ), ( 'H7', 73, 11, 13 ), ( 'H7', 74, 11, 14 ), ( 'H7', 75, 11, 15 ), ( 'H7', 76, 11, 16 ), ( 'H7', 77, 11, 17 ), ( 'H7', 78, 11, 18 ), ( 'H7', 79, 11, 19 ), ( 'H7', 80, 11, 20 ), ( 'H7', 81, 11, 21 ), ( 'H7', 82, 11, 22 ), ( 'H7', 83, 11, 23 ), ( 'H7', 84, 11, 24 ), ( 'H7', 85, 11, 25 ), ( 'H7', 86, 11, 26 ), ( 'H7', 87, 11, 27 ), ( 'H7', 88, 11, 28 ), ( 'H7', 89, 11, 29 ), ( 'H7', 90, 11, 30 ), ( 'H7', 91, 11, 31 ), ( 'H7', 92, 12, 0 ), ( 'H7', 93, 12, 1 ), ( 'H7', 94, 12, 2 ), ( 'H7', 95, 12, 3 ), ( 'H7', 96, 12, 4 ), ( 'H7', 97, 12, 5 ), ( 'H7', 103, 13, 1 ), ( 'H7', 111, 14, 0 ), ( 'H7', 112, 14, 1 ), ( 'H7', 113, 14, 2 ), ( 'H7', 114, 14, 3 ), ( 'H7', 115, 14, 4 ), ( 'H7', 116, 14, 5 ), ( 'H7', 117, 14, 6 ), ( 'H7', 118, 14, 7 ), ( 'H7', 119, 14, 8 ), ( 'H7', 120, 14, 9 ), ( 'H7', 121, 14, 10 ), ( 'H7', 122, 14, 11 ), ( 'H7', 123, 15, 0 ), ( 'H7', 124, 15, 1 ), ( 'H7', 125, 15, 2 ), ( 'H7', 126, 15, 3 ), ( 'H7', 127, 16, 0 ), ( 'H7', 128, 16, 1 ), ( 'H7', 129, 16, 2 ), ( 'H7', 130, 17, 0 ), ( 'H7', 131, 17, 1 ), ( 'H7', 132, 17, 2 ), ( 'H7', 133, 17, 3 ), ( 'H7', 134, 17, 4 ), ( 'H7', 135, 18, 0 ), ( 'H7', 136, 18, 1 ), ( 'H7', 137, 18, 2 ), ( 'H7', 138, 18, 3 ), ( 'H7', 139, 19, 0 ), ( 'H7', 140, 19, 1 ), ( 'H7', 141, 19, 2 ), ( 'H7', 142, 19, 3 ), ( 'H7', 143, 19, 4 ), ( 'H7', 144, 20, 0 ), ( 'H7', 145, 20, 1 ), ( 'H7', 146, 20, 2 ), ( 'H7', 147, 20, 3 ), ( 'H7', 148, 20, 4 ), ( 'H7', 149, 20, 5 ), ( 'H7', 150, 21, 0 ), ( 'H7', 151, 21, 1 ), ( 'H7', 152, 21, 2 ), ( 'H7', 153, 21, 3 ), ( 'H7', 154, 21, 4 ), ( 'H7', 155, 21, 5 ), ( 'H7', 156, 21, 6 ), ( 'H7', 157, 21, 7 ), ( 'H7', 158, 21, 8 ), ( 'H7', 159, 21, 9 ), ( 'H7', 160, 22, 0 ), ( 'H7', 161, 22, 1 ), ( 'H7', 162, 22, 2 ), ( 'H7', 163, 22, 3 ), ( 'H7', 164, 22, 4 ), ( 'H7', 165, 22, 5 ), ( 'H7', 166, 23, 0 ), ( 'H7', 167, 23, 1 ), ( 'H7', 168, 23, 2 ), ( 'H7', 169, 23, 3 ), ( 'H7', 170, 24, 0 ), ( 'H7', 171, 24, 1 ), ( 'H7', 172, 24, 2 ), ( 'H7', 173, 25, 0 ), ( 'H7', 174, 25, 1 ), ( 'H7', 175, 25, 2 ), ( 'H7', 176, 25, 3 ), ( 'H7', 177, 25, 4 ), ( 'H7', 178, 25, 5 ), ( 'H7', 179, 26, 0 ), ( 'H7', 180, 26, 1 ), ( 'H7', 181, 26, 2 ), ( 'H7', 182, 27, 0 ), ( 'H7', 183, 27, 1 ), ( 'H7', 184, 27, 2 ), ( 'H7', 185, 27, 3 ), ( 'H7', 186, 28, 0 ), ( 'H7', 187, 28, 1 ), ( 'H7', 188, 28, 2 ), ( 'H7', 189, 28, 3 ), ( 'H7', 190, 29, 0 ), ( 'H7', 191, 29, 1 ), ( 'H7', 192, 29, 2 ), ( 'H7', 193, 29, 3 ), ( 'H7', 194, 30, 0 ), ( 'H7', 195, 30, 1 ), ( 'H7', 196, 30, 2 ), ( 'H7', 197, 30, 3 ), ( 'H7', 198, 30, 4 ), ( 'H7', 199, 30, 5 ), ( 'H7', 200, 30, 6 ), ( 'H7', 201, 30, 7 ), ( 'H7', 202, 30, 8 ), ( 'H7', 203, 30, 9 ), ( 'H7', 204, 30, 10 ), ( 'H7', 205, 30, 11 ), ( 'H7', 206, 30, 12 ), ( 'H7', 207, 30, 13 ), ( 'H7', 208, 30, 14 ), ( 'H7', 209, 30, 15 ), ( 'H7', 210, 31, 1 ), ( 'H7', 211, 31, 2 ), ( 'H7', 212, 31, 3 ), ( 'H7', 213, 31, 4 ), ( 'H7', 214, 32, 1 ), ( 'H7', 215, 32, 2 ), ( 'H7', 216, 32, 3 ), ( 'H7', 217, 32, 4 ), ( 'H7', 218, 32, 5 ), ( 'H7', 219, 32, 6 ), ( 'H7', 220, 33, 1 ), ( 'H7', 221, 33, 2 ), ( 'H7', 222, 33, 3 ), ( 'H7', 223, 34, 1 ), ( 'H7', 224, 34, 2 ), ( 'H7', 225, 34, 3 ), ( 'H7', 226, 35, 1 ), ( 'H7', 227, 35, 2 ), ( 'H7', 228, 35, 3 ), ( 'H7', 229, 36, 1 ), ( 'H7', 230, 36, 2 ), ( 'H7', 231, 36, 3 ), ( 'H7', 232, 36, 4 ), ( 'H7', 233, 36, 5 ), ( 'H7', 234, 36, 6 ), ( 'H7', 235, 37, 1 ), ( 'H7', 236, 37, 2 ), ( 'H7', 237, 38, 1 ), ( 'H7', 238, 38, 2 ), ( 'H7', 239, 38, 3 ), ( 'H7', 240, 38, 4 ), ( 'H7', 241, 39, 1 ), ( 'H7', 242, 39, 2 ), ( 'H7', 243, 39, 3 ), ( 'H7', 244, 39, 4 ), ( 'H7', 245, 40, 1 ), ( 'H7', 246, 40, 2 ), ( 'H7', 247, 40, 3 ), ( 'H7', 248, 40, 4 ), ( 'H7', 249, 41, 1 ), ( 'H7', 250, 41, 2 ), ( 'H7', 251, 41, 3 ), ( 'H7', 252, 41, 4 ), ( 'H7', 253, 41, 5 ), ( 'H7', 254, 41, 6 ), ( 'H7', 255, 41, 7 ), ( 'H7', 256, 41, 8 ), ( 'H7', 257, 41, 9 ), ( 'H7', 258, 41, 10 ), ( 'H7', 259, 41, 11 ), ( 'H7', 260, 42, 1 ), ( 'H7', 261, 42, 2 ), ( 'H7', 262, 42, 3 ), ( 'H7', 263, 42, 4 ), ( 'H7', 264, 42, 5 ), ( 'H7', 265, 42, 6 ), ( 'H7', 266, 42, 7 ), ( 'H7', 267, 42, 8 ), ( 'H7', 268, 42, 9 ), ( 'H7', 269, 43, 1 ), ( 'H7', 270, 43, 2 ), ( 'H7', 271, 43, 3 ), ( 'H7', 272, 43, 4 ), ( 'H7', 273, 44, 1 ), ( 'H7', 274, 44, 2 ), ( 'H7', 275, 44, 3 ), ( 'H7', 276, 44, 4 ), ( 'H7', 277, 45, 1 ), ( 'H7', 278, 45, 2 ), ( 'H7', 279, 45, 3 ), ( 'H7', 280, 45, 4 ), ( 'H7', 281, 45, 5 ), ( 'H7', 282, 45, 6 ), ( 'H7', 283, 45, 7 ), ( 'H7', 284, 45, 8 ), ( 'H7', 285, 45, 9 ), ( 'H7', 286, 45, 10 ), ( 'H7', 287, 45, 11 ), ( 'H7', 288, 16, 3 ), ( 'H7', 289, 16, 4 ), ( 'H7', 290, 21, 10 ), ( 'H7', 291, 46, 3 ), ( 'H7', 292, 46, 4 ), ( 'H7', 293, 46, 2 ), ( 'H7', 294, 46, 5 ), ( 'H7', 295, 46, 6 ), ( 'H7', 296, 46, 7 ), ( 'H7', 297, 47, 0 ), ( 'H7', 298, 47, 1 ), ( 'H7', 299, 47, 2 ), ( 'H7', 300, 47, 3 ), ( 'H7', 301, 47, 4 ), ( 'H7', 302, 47, 5 ), ( 'H7', 303, 47, 6 ), ( 'H7', 304, 48, 0 ), ( 'H7', 305, 48, 1 ), ( 'H7', 306, 48, 2 ), ( 'H7', 307, 48, 3 ), ( 'H7', 308, 48, 4 ), ( 'H7', 309, 48, 5 ), ( 'H7', 318, 49, 0 ), ( 'H7', 319, 49, 1 ), ( 'H7', 320, 49, 2 ), ( 'H7', 321, 49, 3 ), ( 'H7', 322, 47, 7 ), ( 'H7', 323, 47, 8 ), ( 'H7', 324, 47, 9 ), ( 'H7', 325, 13, 2 ), ( 'H7', 326, 50, 0 ), ( 'H7', 327, 50, 1 ), ( 'H7', 328, 50, 2 ), ( 'H7', 329, 50, 3 ), ( 'H7', 330, 51, 0 ), ( 'H7', 331, 51, 1 ), ( 'H7', 332, 51, 2 ), ( 'H7', 333, 51, 3 ), ( 'H7', 334, 51, 4 ), ( 'H7', 335, 51, 5 ), ( 'H7', 336, 46, 1 );
/*!40000 ALTER TABLE `vtiger_role2picklist` ENABLE KEYS */;
UNLOCK TABLES;

--
-- Table structure for table vtiger_role2profile
--

DROP TABLE IF EXISTS vtiger_role2profile;
SET @saved_cs_client = @@character_set_client;
SET character_set_client = utf8;
CREATE TABLE `vtiger_role2profile` (
  `roleid` varchar(255) NOT NULL,
  `profileid` int(11) NOT NULL,
  PRIMARY KEY (`roleid`,`profileid`),
  KEY `role2profile_roleid_profileid_idx` (`roleid`,`profileid`)
) ENGINE=InnoDB DEFAULT CHARSET=utf8;
SET character_set_client = @saved_cs_client;

--
-- Dumping data for table vtiger_role2profile
--

LOCK TABLES `vtiger_role2profile` WRITE;
/*!40000 ALTER TABLE `vtiger_role2profile` DISABLE KEYS */;
INSERT INTO vtiger_role2profile ( ROLEID, PROFILEID ) VALUES ( 'H2', 1 ), ( 'H3', 2 ), ( 'H4', 2 ), ( 'H5', 5 ), ( 'H6', 5 ), ( 'H7', 6 );
/*!40000 ALTER TABLE `vtiger_role2profile` ENABLE KEYS */;
UNLOCK TABLES;

--
-- Table structure for table vtiger_role_seq
--

DROP TABLE IF EXISTS vtiger_role_seq;
SET @saved_cs_client = @@character_set_client;
SET character_set_client = utf8;
CREATE TABLE `vtiger_role_seq` (
  `id` int(11) NOT NULL
) ENGINE=MyISAM DEFAULT CHARSET=utf8;
SET character_set_client = @saved_cs_client;

--
-- Dumping data for table vtiger_role_seq
--

LOCK TABLES `vtiger_role_seq` WRITE;
/*!40000 ALTER TABLE `vtiger_role_seq` DISABLE KEYS */;
INSERT INTO vtiger_role_seq ( ID ) VALUES ( 7 );
/*!40000 ALTER TABLE `vtiger_role_seq` ENABLE KEYS */;
UNLOCK TABLES;

--
-- Table structure for table vtiger_rss
--

DROP TABLE IF EXISTS vtiger_rss;
SET @saved_cs_client = @@character_set_client;
SET character_set_client = utf8;
CREATE TABLE `vtiger_rss` (
  `rssid` int(19) NOT NULL,
  `rssurl` varchar(200) NOT NULL DEFAULT '',
  `rsstitle` varchar(200) DEFAULT NULL,
  `rsstype` int(10) DEFAULT '0',
  `starred` int(1) DEFAULT '0',
  PRIMARY KEY (`rssid`)
) ENGINE=InnoDB DEFAULT CHARSET=utf8;
SET character_set_client = @saved_cs_client;

--
-- Dumping data for table vtiger_rss
--

LOCK TABLES `vtiger_rss` WRITE;
/*!40000 ALTER TABLE `vtiger_rss` DISABLE KEYS */;

/*!40000 ALTER TABLE `vtiger_rss` ENABLE KEYS */;
UNLOCK TABLES;

--
-- Table structure for table vtiger_sales_stage
--

DROP TABLE IF EXISTS vtiger_sales_stage;
SET @saved_cs_client = @@character_set_client;
SET character_set_client = utf8;
CREATE TABLE `vtiger_sales_stage` (
  `sales_stage_id` int(19) NOT NULL AUTO_INCREMENT,
  `sales_stage` varchar(200) DEFAULT NULL,
  `presence` int(1) NOT NULL DEFAULT '1',
  `picklist_valueid` int(19) NOT NULL DEFAULT '0',
  PRIMARY KEY (`sales_stage_id`)
) ENGINE=InnoDB AUTO_INCREMENT=12 DEFAULT CHARSET=utf8;
SET character_set_client = @saved_cs_client;

--
-- Dumping data for table vtiger_sales_stage
--

LOCK TABLES `vtiger_sales_stage` WRITE;
/*!40000 ALTER TABLE `vtiger_sales_stage` DISABLE KEYS */;
INSERT INTO vtiger_sales_stage ( SALES_STAGE_ID, SALES_STAGE, PRESENCE, PICKLIST_VALUEID ) VALUES ( 1, 'Prospecting', 1, 150 ), ( 2, 'Qualification', 1, 151 ), ( 3, 'Needs Analysis', 1, 152 ), ( 4, 'Value Proposition', 1, 153 ), ( 5, 'Id. Decision Makers', 1, 154 ), ( 6, 'Perception Analysis', 1, 155 ), ( 7, 'Proposal/Price Quote', 1, 156 ), ( 8, 'Negotiation/Review', 1, 157 ), ( 9, 'Closed Won', 0, 158 ), ( 10, 'Closed Lost', 0, 159 ), ( 11, 'Sending Resumes', 1, 290 );
/*!40000 ALTER TABLE `vtiger_sales_stage` ENABLE KEYS */;
UNLOCK TABLES;

--
-- Table structure for table vtiger_sales_stage_seq
--

DROP TABLE IF EXISTS vtiger_sales_stage_seq;
SET @saved_cs_client = @@character_set_client;
SET character_set_client = utf8;
CREATE TABLE `vtiger_sales_stage_seq` (
  `id` int(11) NOT NULL
) ENGINE=MyISAM DEFAULT CHARSET=utf8;
SET character_set_client = @saved_cs_client;

--
-- Dumping data for table vtiger_sales_stage_seq
--

LOCK TABLES `vtiger_sales_stage_seq` WRITE;
/*!40000 ALTER TABLE `vtiger_sales_stage_seq` DISABLE KEYS */;
INSERT INTO vtiger_sales_stage_seq ( ID ) VALUES ( 11 );
/*!40000 ALTER TABLE `vtiger_sales_stage_seq` ENABLE KEYS */;
UNLOCK TABLES;

--
-- Table structure for table vtiger_salesmanactivityrel
--

DROP TABLE IF EXISTS vtiger_salesmanactivityrel;
SET @saved_cs_client = @@character_set_client;
SET character_set_client = utf8;
CREATE TABLE `vtiger_salesmanactivityrel` (
  `smid` int(19) NOT NULL DEFAULT '0',
  `activityid` int(19) NOT NULL DEFAULT '0',
  PRIMARY KEY (`smid`,`activityid`),
  KEY `salesmanactivityrel_activityid_idx` (`activityid`),
  KEY `salesmanactivityrel_smid_idx` (`smid`),
  CONSTRAINT `fk_2_vtiger_salesmanactivityrel` FOREIGN KEY (`smid`) REFERENCES `vtiger_users` (`id`) ON DELETE CASCADE
) ENGINE=InnoDB DEFAULT CHARSET=utf8;
SET character_set_client = @saved_cs_client;

--
-- Dumping data for table vtiger_salesmanactivityrel
--

LOCK TABLES `vtiger_salesmanactivityrel` WRITE;
/*!40000 ALTER TABLE `vtiger_salesmanactivityrel` DISABLE KEYS */;
INSERT INTO vtiger_salesmanactivityrel ( SMID, ACTIVITYID ) VALUES ( 5, 6 ), ( 5, 55 ), ( 5, 56 ), ( 5, 57 ), ( 7, 58 ), ( 7, 59 ), ( 7, 60 ), ( 5, 61 ), ( 7, 62 ), ( 5, 63 ), ( 5, 64 ), ( 7, 65 ), ( 9, 100 );
/*!40000 ALTER TABLE `vtiger_salesmanactivityrel` ENABLE KEYS */;
UNLOCK TABLES;

--
-- Table structure for table vtiger_salesmanattachmentsrel
--

DROP TABLE IF EXISTS vtiger_salesmanattachmentsrel;
SET @saved_cs_client = @@character_set_client;
SET character_set_client = utf8;
CREATE TABLE `vtiger_salesmanattachmentsrel` (
  `smid` int(19) NOT NULL DEFAULT '0',
  `attachmentsid` int(19) NOT NULL DEFAULT '0',
  PRIMARY KEY (`smid`,`attachmentsid`),
  KEY `salesmanattachmentsrel_smid_idx` (`smid`),
  KEY `salesmanattachmentsrel_attachmentsid_idx` (`attachmentsid`),
  CONSTRAINT `fk_2_vtiger_salesmanattachmentsrel` FOREIGN KEY (`attachmentsid`) REFERENCES `vtiger_attachments` (`attachmentsid`) ON DELETE CASCADE
) ENGINE=InnoDB DEFAULT CHARSET=utf8;
SET character_set_client = @saved_cs_client;

--
-- Dumping data for table vtiger_salesmanattachmentsrel
--

LOCK TABLES `vtiger_salesmanattachmentsrel` WRITE;
/*!40000 ALTER TABLE `vtiger_salesmanattachmentsrel` DISABLE KEYS */;
INSERT INTO vtiger_salesmanattachmentsrel ( SMID, ATTACHMENTSID ) VALUES ( 5, 2 );
/*!40000 ALTER TABLE `vtiger_salesmanattachmentsrel` ENABLE KEYS */;
UNLOCK TABLES;

--
-- Table structure for table vtiger_salesmanticketrel
--

DROP TABLE IF EXISTS vtiger_salesmanticketrel;
SET @saved_cs_client = @@character_set_client;
SET character_set_client = utf8;
CREATE TABLE `vtiger_salesmanticketrel` (
  `smid` int(19) NOT NULL DEFAULT '0',
  `id` int(19) NOT NULL DEFAULT '0',
  PRIMARY KEY (`smid`,`id`),
  KEY `salesmanticketrel_smid_idx` (`smid`),
  KEY `salesmanticketrel_id_idx` (`id`),
  CONSTRAINT `fk_2_vtiger_salesmanticketrel` FOREIGN KEY (`smid`) REFERENCES `vtiger_users` (`id`) ON DELETE CASCADE
) ENGINE=InnoDB DEFAULT CHARSET=utf8;
SET character_set_client = @saved_cs_client;

--
-- Dumping data for table vtiger_salesmanticketrel
--

LOCK TABLES `vtiger_salesmanticketrel` WRITE;
/*!40000 ALTER TABLE `vtiger_salesmanticketrel` DISABLE KEYS */;

/*!40000 ALTER TABLE `vtiger_salesmanticketrel` ENABLE KEYS */;
UNLOCK TABLES;

--
-- Table structure for table vtiger_salesorder
--

DROP TABLE IF EXISTS vtiger_salesorder;
SET @saved_cs_client = @@character_set_client;
SET character_set_client = utf8;
CREATE TABLE `vtiger_salesorder` (
  `salesorderid` int(19) NOT NULL DEFAULT '0',
  `subject` varchar(100) DEFAULT NULL,
  `potentialid` int(19) DEFAULT NULL,
  `customerno` varchar(100) DEFAULT NULL,
  `salesorder_no` varchar(100) DEFAULT NULL,
  `quoteid` int(19) DEFAULT NULL,
  `vendorterms` varchar(100) DEFAULT NULL,
  `contactid` int(19) DEFAULT NULL,
  `vendorid` int(19) DEFAULT NULL,
  `duedate` date DEFAULT NULL,
  `carrier` varchar(200) DEFAULT NULL,
  `pending` varchar(200) DEFAULT NULL,
  `type` varchar(100) DEFAULT NULL,
  `adjustment` decimal(25,3) DEFAULT NULL,
  `salescommission` decimal(25,3) DEFAULT NULL,
  `exciseduty` decimal(25,3) DEFAULT NULL,
  `total` decimal(25,3) DEFAULT NULL,
  `subtotal` decimal(25,3) DEFAULT NULL,
  `taxtype` varchar(25) DEFAULT NULL,
  `discount_percent` decimal(25,3) DEFAULT NULL,
  `discount_amount` decimal(25,3) DEFAULT NULL,
  `s_h_amount` decimal(25,3) DEFAULT NULL,
  `accountid` int(19) DEFAULT NULL,
  `terms_conditions` text,
  `purchaseorder` varchar(200) DEFAULT NULL,
  `sostatus` varchar(200) DEFAULT NULL,
  `currency_id` int(19) NOT NULL DEFAULT '1',
  `conversion_rate` decimal(10,3) NOT NULL DEFAULT '1.000',
  `enable_recurring` int(11) DEFAULT '0',
  PRIMARY KEY (`salesorderid`),
  KEY `salesorder_vendorid_idx` (`vendorid`),
  KEY `salesorder_contactid_idx` (`contactid`),
  CONSTRAINT `fk_3_vtiger_salesorder` FOREIGN KEY (`vendorid`) REFERENCES `vtiger_vendor` (`vendorid`) ON DELETE CASCADE
) ENGINE=InnoDB DEFAULT CHARSET=utf8;
SET character_set_client = @saved_cs_client;

--
-- Dumping data for table vtiger_salesorder
--

LOCK TABLES `vtiger_salesorder` WRITE;
/*!40000 ALTER TABLE `vtiger_salesorder` DISABLE KEYS */;

/*!40000 ALTER TABLE `vtiger_salesorder` ENABLE KEYS */;
UNLOCK TABLES;

--
-- Table structure for table vtiger_salesordercf
--

DROP TABLE IF EXISTS vtiger_salesordercf;
SET @saved_cs_client = @@character_set_client;
SET character_set_client = utf8;
CREATE TABLE `vtiger_salesordercf` (
  `salesorderid` int(19) NOT NULL DEFAULT '0',
  PRIMARY KEY (`salesorderid`),
  CONSTRAINT `fk_1_vtiger_salesordercf` FOREIGN KEY (`salesorderid`) REFERENCES `vtiger_salesorder` (`salesorderid`) ON DELETE CASCADE
) ENGINE=InnoDB DEFAULT CHARSET=utf8;
SET character_set_client = @saved_cs_client;

--
-- Dumping data for table vtiger_salesordercf
--

LOCK TABLES `vtiger_salesordercf` WRITE;
/*!40000 ALTER TABLE `vtiger_salesordercf` DISABLE KEYS */;

/*!40000 ALTER TABLE `vtiger_salesordercf` ENABLE KEYS */;
UNLOCK TABLES;

--
-- Table structure for table vtiger_salutationtype
--

DROP TABLE IF EXISTS vtiger_salutationtype;
SET @saved_cs_client = @@character_set_client;
SET character_set_client = utf8;
CREATE TABLE `vtiger_salutationtype` (
  `salutationid` int(19) NOT NULL AUTO_INCREMENT,
  `salutationtype` varchar(200) NOT NULL,
  `presence` int(1) NOT NULL DEFAULT '1',
  `picklist_valueid` int(19) NOT NULL DEFAULT '0',
  PRIMARY KEY (`salutationid`)
) ENGINE=InnoDB AUTO_INCREMENT=7 DEFAULT CHARSET=utf8;
SET character_set_client = @saved_cs_client;

--
-- Dumping data for table vtiger_salutationtype
--

LOCK TABLES `vtiger_salutationtype` WRITE;
/*!40000 ALTER TABLE `vtiger_salutationtype` DISABLE KEYS */;
INSERT INTO vtiger_salutationtype ( SALUTATIONID, SALUTATIONTYPE, PRESENCE, PICKLIST_VALUEID ) VALUES ( 1, '--None--', 1, 160 ), ( 2, 'Mr.', 1, 161 ), ( 3, 'Ms.', 1, 162 ), ( 4, 'Mrs.', 1, 163 ), ( 5, 'Dr.', 1, 164 ), ( 6, 'Prof.', 1, 165 );
/*!40000 ALTER TABLE `vtiger_salutationtype` ENABLE KEYS */;
UNLOCK TABLES;

--
-- Table structure for table vtiger_salutationtype_seq
--

DROP TABLE IF EXISTS vtiger_salutationtype_seq;
SET @saved_cs_client = @@character_set_client;
SET character_set_client = utf8;
CREATE TABLE `vtiger_salutationtype_seq` (
  `id` int(11) NOT NULL
) ENGINE=MyISAM DEFAULT CHARSET=utf8;
SET character_set_client = @saved_cs_client;

--
-- Dumping data for table vtiger_salutationtype_seq
--

LOCK TABLES `vtiger_salutationtype_seq` WRITE;
/*!40000 ALTER TABLE `vtiger_salutationtype_seq` DISABLE KEYS */;
INSERT INTO vtiger_salutationtype_seq ( ID ) VALUES ( 6 );
/*!40000 ALTER TABLE `vtiger_salutationtype_seq` ENABLE KEYS */;
UNLOCK TABLES;

--
-- Table structure for table vtiger_scheduled_reports
--

DROP TABLE IF EXISTS vtiger_scheduled_reports;
SET @saved_cs_client = @@character_set_client;
SET character_set_client = utf8;
CREATE TABLE `vtiger_scheduled_reports` (
  `reportid` int(11) NOT NULL,
  `recipients` text,
  `schedule` text,
  `format` varchar(10) DEFAULT NULL,
  `next_trigger_time` timestamp NOT NULL DEFAULT CURRENT_TIMESTAMP ON UPDATE CURRENT_TIMESTAMP,
  PRIMARY KEY (`reportid`)
) ENGINE=InnoDB DEFAULT CHARSET=utf8;
SET character_set_client = @saved_cs_client;

--
-- Dumping data for table vtiger_scheduled_reports
--

LOCK TABLES `vtiger_scheduled_reports` WRITE;
/*!40000 ALTER TABLE `vtiger_scheduled_reports` DISABLE KEYS */;

/*!40000 ALTER TABLE `vtiger_scheduled_reports` ENABLE KEYS */;
UNLOCK TABLES;

--
-- Table structure for table vtiger_seactivityrel
--

DROP TABLE IF EXISTS vtiger_seactivityrel;
SET @saved_cs_client = @@character_set_client;
SET character_set_client = utf8;
CREATE TABLE `vtiger_seactivityrel` (
  `crmid` int(19) NOT NULL,
  `activityid` int(19) NOT NULL,
  PRIMARY KEY (`crmid`,`activityid`),
  KEY `seactivityrel_activityid_idx` (`activityid`),
  KEY `seactivityrel_crmid_idx` (`crmid`),
  CONSTRAINT `fk_2_vtiger_seactivityrel` FOREIGN KEY (`crmid`) REFERENCES `vtiger_crmentity` (`crmid`) ON DELETE CASCADE
) ENGINE=InnoDB DEFAULT CHARSET=utf8;
SET character_set_client = @saved_cs_client;

--
-- Dumping data for table vtiger_seactivityrel
--

LOCK TABLES `vtiger_seactivityrel` WRITE;
/*!40000 ALTER TABLE `vtiger_seactivityrel` DISABLE KEYS */;
INSERT INTO vtiger_seactivityrel ( CRMID, ACTIVITYID ) VALUES ( 343, 578 ), ( 579, 580 ), ( 493, 582 ), ( 498, 583 ), ( 527, 584 ), ( 511, 585 ), ( 514, 585 ), ( 521, 585 ), ( 575, 586 ), ( 542, 587 ), ( 579, 590 ), ( 588, 590 ), ( 589, 590 ), ( 497, 704 ), ( 557, 704 ), ( 563, 704 ), ( 581, 704 ), ( 610, 704 ), ( 628, 704 ), ( 635, 704 ), ( 644, 704 ), ( 645, 704 ), ( 652, 704 ), ( 661, 704 ), ( 616, 716 ), ( 632, 716 ), ( 649, 716 ), ( 664, 716 ), ( 674, 716 );
/*!40000 ALTER TABLE `vtiger_seactivityrel` ENABLE KEYS */;
UNLOCK TABLES;

--
-- Table structure for table vtiger_seactivityrel_seq
--

DROP TABLE IF EXISTS vtiger_seactivityrel_seq;
SET @saved_cs_client = @@character_set_client;
SET character_set_client = utf8;
CREATE TABLE `vtiger_seactivityrel_seq` (
  `id` int(11) NOT NULL
) ENGINE=MyISAM DEFAULT CHARSET=utf8;
SET character_set_client = @saved_cs_client;

--
-- Dumping data for table vtiger_seactivityrel_seq
--

LOCK TABLES `vtiger_seactivityrel_seq` WRITE;
/*!40000 ALTER TABLE `vtiger_seactivityrel_seq` DISABLE KEYS */;
INSERT INTO vtiger_seactivityrel_seq ( ID ) VALUES ( 1 );
/*!40000 ALTER TABLE `vtiger_seactivityrel_seq` ENABLE KEYS */;
UNLOCK TABLES;

--
-- Table structure for table vtiger_seattachmentsrel
--

DROP TABLE IF EXISTS vtiger_seattachmentsrel;
SET @saved_cs_client = @@character_set_client;
SET character_set_client = utf8;
CREATE TABLE `vtiger_seattachmentsrel` (
  `crmid` int(19) NOT NULL DEFAULT '0',
  `attachmentsid` int(19) NOT NULL DEFAULT '0',
  PRIMARY KEY (`crmid`,`attachmentsid`),
  KEY `seattachmentsrel_attachmentsid_idx` (`attachmentsid`),
  KEY `seattachmentsrel_crmid_idx` (`crmid`),
  KEY `seattachmentsrel_attachmentsid_crmid_idx` (`attachmentsid`,`crmid`),
  CONSTRAINT `fk_2_vtiger_seattachmentsrel` FOREIGN KEY (`crmid`) REFERENCES `vtiger_crmentity` (`crmid`) ON DELETE CASCADE
) ENGINE=InnoDB DEFAULT CHARSET=utf8;
SET character_set_client = @saved_cs_client;

--
-- Dumping data for table vtiger_seattachmentsrel
--

LOCK TABLES `vtiger_seattachmentsrel` WRITE;
/*!40000 ALTER TABLE `vtiger_seattachmentsrel` DISABLE KEYS */;
INSERT INTO vtiger_seattachmentsrel ( CRMID, ATTACHMENTSID ) VALUES ( 20, 21 ), ( 32, 33 ), ( 35, 36 ), ( 38, 39 ), ( 42, 43 ), ( 45, 46 ), ( 67, 68 ), ( 70, 71 ), ( 73, 74 ), ( 76, 77 ), ( 79, 80 ), ( 82, 83 ), ( 85, 86 ), ( 88, 89 ), ( 91, 92 ), ( 94, 95 ), ( 120, 121 ), ( 123, 124 ), ( 126, 127 ), ( 154, 155 ), ( 165, 166 ), ( 167, 168 ), ( 178, 179 ), ( 181, 182 ), ( 188, 189 ), ( 196, 197 ), ( 198, 199 ), ( 200, 201 ), ( 344, 345 ), ( 349, 350 ), ( 353, 354 ), ( 356, 357 ), ( 359, 360 ), ( 362, 363 ), ( 365, 366 ), ( 368, 369 ), ( 372, 373 ), ( 375, 376 ), ( 378, 379 ), ( 381, 382 ), ( 384, 385 ), ( 387, 388 ), ( 390, 391 ), ( 393, 394 ), ( 397, 398 ), ( 399, 400 ), ( 402, 403 ), ( 405, 406 ), ( 408, 409 ), ( 411, 412 ), ( 414, 415 ), ( 417, 418 ), ( 420, 421 ), ( 425, 426 ), ( 430, 431 ), ( 433, 434 ), ( 436, 437 ), ( 439, 440 ), ( 442, 443 ), ( 454, 455 ), ( 491, 492 ), ( 499, 500 ), ( 502, 503 ), ( 506, 507 ), ( 509, 510 ), ( 512, 513 ), ( 515, 516 ), ( 519, 520 ), ( 522, 523 ), ( 525, 526 ), ( 528, 529 ), ( 531, 532 ), ( 534, 535 ), ( 537, 538 ), ( 540, 541 ), ( 543, 544 ), ( 546, 547 ), ( 549, 550 ), ( 552, 553 ), ( 555, 556 ), ( 558, 559 ), ( 566, 567 ), ( 569, 570 ), ( 573, 574 ), ( 593, 594 ), ( 595, 596 ), ( 598, 599 ), ( 605, 606 ), ( 608, 609 ), ( 611, 612 ), ( 614, 615 ), ( 617, 618 ), ( 620, 621 ), ( 623, 624 ), ( 626, 627 ), ( 633, 634 ), ( 636, 637 ), ( 639, 640 ), ( 646, 647 ), ( 650, 651 ), ( 653, 654 ), ( 656, 657 ), ( 659, 660 ), ( 662, 663 ), ( 665, 666 ), ( 670, 671 ), ( 672, 673 ), ( 677, 678 ), ( 680, 681 ), ( 683, 684 ), ( 686, 687 ), ( 689, 690 ), ( 706, 707 ), ( 731, 732 ), ( 735, 736 ), ( 737, 738 ), ( 743, 744 ), ( 746, 747 ), ( 749, 750 ), ( 752, 753 ), ( 755, 756 ), ( 758, 759 ), ( 760, 761 ), ( 769, 770 ), ( 773, 774 ), ( 776, 777 ), ( 781, 782 ), ( 784, 785 ), ( 787, 788 ), ( 790, 791 ), ( 793, 794 );
/*!40000 ALTER TABLE `vtiger_seattachmentsrel` ENABLE KEYS */;
UNLOCK TABLES;

--
-- Table structure for table vtiger_selectcolumn
--

DROP TABLE IF EXISTS vtiger_selectcolumn;
SET @saved_cs_client = @@character_set_client;
SET character_set_client = utf8;
CREATE TABLE `vtiger_selectcolumn` (
  `queryid` int(19) NOT NULL,
  `columnindex` int(11) NOT NULL DEFAULT '0',
  `columnname` varchar(250) DEFAULT '',
  PRIMARY KEY (`queryid`,`columnindex`),
  KEY `selectcolumn_queryid_idx` (`queryid`),
  CONSTRAINT `fk_1_vtiger_selectcolumn` FOREIGN KEY (`queryid`) REFERENCES `vtiger_selectquery` (`queryid`) ON DELETE CASCADE
) ENGINE=InnoDB DEFAULT CHARSET=utf8;
SET character_set_client = @saved_cs_client;

--
-- Dumping data for table vtiger_selectcolumn
--

LOCK TABLES `vtiger_selectcolumn` WRITE;
/*!40000 ALTER TABLE `vtiger_selectcolumn` DISABLE KEYS */;
INSERT INTO vtiger_selectcolumn ( QUERYID, COLUMNINDEX, COLUMNNAME ) VALUES ( 1, 0, 'vtiger_contactdetails:firstname:Contacts_First_Name:firstname:V' ), ( 1, 1, 'vtiger_contactdetails:lastname:Contacts_Last_Name:lastname:V' ), ( 1, 2, 'vtiger_contactsubdetails:leadsource:Contacts_Lead_Source:leadsource:V' ), ( 1, 3, 'vtiger_contactdetails:accountid:Contacts_Account_Name:account_id:V' ), ( 1, 4, 'vtiger_account:industry:Accounts_industry:industry:V' ), ( 1, 5, 'vtiger_contactdetails:email:Contacts_Email:email:E' ), ( 2, 0, 'vtiger_contactdetails:firstname:Contacts_First_Name:firstname:V' ), ( 2, 1, 'vtiger_contactdetails:lastname:Contacts_Last_Name:lastname:V' ), ( 2, 2, 'vtiger_contactsubdetails:leadsource:Contacts_Lead_Source:leadsource:V' ), ( 2, 3, 'vtiger_contactdetails:accountid:Contacts_Account_Name:account_id:V' ), ( 2, 4, 'vtiger_account:industry:Accounts_industry:industry:V' ), ( 2, 5, 'vtiger_contactdetails:email:Contacts_Email:email:E' ), ( 3, 0, 'vtiger_contactdetails:firstname:Contacts_First_Name:firstname:V' ), ( 3, 1, 'vtiger_contactdetails:lastname:Contacts_Last_Name:lastname:V' ), ( 3, 2, 'vtiger_contactdetails:accountid:Contacts_Account_Name:account_id:V' ), ( 3, 3, 'vtiger_contactdetails:email:Contacts_Email:email:E' ), ( 3, 4, 'vtiger_potential:potentialname:Potentials_Potential_Name:potentialname:V' ), ( 3, 5, 'vtiger_potential:sales_stage:Potentials_Sales_Stage:sales_stage:V' ), ( 4, 0, 'vtiger_leaddetails:firstname:Leads_First_Name:firstname:V' ), ( 4, 1, 'vtiger_leaddetails:lastname:Leads_Last_Name:lastname:V' ), ( 4, 2, 'vtiger_leaddetails:company:Leads_Company:company:V' ), ( 4, 3, 'vtiger_leaddetails:email:Leads_Email:email:E' ), ( 4, 4, 'vtiger_leaddetails:leadsource:Leads_Lead_Source:leadsource:V' ), ( 5, 0, 'vtiger_leaddetails:firstname:Leads_First_Name:firstname:V' ), ( 5, 1, 'vtiger_leaddetails:lastname:Leads_Last_Name:lastname:V' ), ( 5, 2, 'vtiger_leaddetails:company:Leads_Company:company:V' ), ( 5, 3, 'vtiger_leaddetails:email:Leads_Email:email:E' ), ( 5, 4, 'vtiger_leaddetails:leadsource:Leads_Lead_Source:leadsource:V' ), ( 5, 5, 'vtiger_leaddetails:leadstatus:Leads_Lead_Status:leadstatus:V' ), ( 6, 0, 'vtiger_potential:potentialname:Potentials_Potential_Name:potentialname:V' ), ( 6, 1, 'vtiger_potential:amount:Potentials_Amount:amount:N' ), ( 6, 2, 'vtiger_potential:potentialtype:Potentials_Type:opportunity_type:V' ), ( 6, 3, 'vtiger_potential:leadsource:Potentials_Lead_Source:leadsource:V' ), ( 6, 4, 'vtiger_potential:sales_stage:Potentials_Sales_Stage:sales_stage:V' ), ( 7, 0, 'vtiger_potential:potentialname:Potentials_Potential_Name:potentialname:V' ), ( 7, 1, 'vtiger_potential:amount:Potentials_Amount:amount:N' ), ( 7, 2, 'vtiger_potential:potentialtype:Potentials_Type:opportunity_type:V' ), ( 7, 3, 'vtiger_potential:leadsource:Potentials_Lead_Source:leadsource:V' ), ( 7, 4, 'vtiger_potential:sales_stage:Potentials_Sales_Stage:sales_stage:V' ), ( 8, 0, 'vtiger_activity:subject:Calendar_Subject:subject:V' ), ( 8, 1, 'vtiger_contactdetailsCalendar:lastname:Calendar_Contact_Name:contact_id:I' ), ( 8, 2, 'vtiger_activity:status:Calendar_Status:taskstatus:V' ), ( 8, 3, 'vtiger_activity:priority:Calendar_Priority:taskpriority:V' ), ( 8, 4, 'vtiger_usersCalendar:user_name:Calendar_Assigned_To:assigned_user_id:V' ), ( 9, 0, 'vtiger_activity:subject:Calendar_Subject:subject:V' ), ( 9, 1, 'vtiger_contactdetailsCalendar:lastname:Calendar_Contact_Name:contact_id:I' ), ( 9, 2, 'vtiger_activity:status:Calendar_Status:taskstatus:V' ), ( 9, 3, 'vtiger_activity:priority:Calendar_Priority:taskpriority:V' ), ( 9, 4, 'vtiger_usersCalendar:user_name:Calendar_Assigned_To:assigned_user_id:V' ), ( 10, 0, 'vtiger_troubletickets:title:HelpDesk_Title:ticket_title:V' ), ( 10, 1, 'vtiger_troubletickets:status:HelpDesk_Status:ticketstatus:V' ), ( 10, 2, 'vtiger_products:productname:Products_Product_Name:productname:V' ), ( 10, 3, 'vtiger_products:discontinued:Products_Product_Active:discontinued:V' ), ( 10, 4, 'vtiger_products:productcategory:Products_Product_Category:productcategory:V' ), ( 10, 5, 'vtiger_products:manufacturer:Products_Manufacturer:manufacturer:V' ), ( 11, 0, 'vtiger_troubletickets:title:HelpDesk_Title:ticket_title:V' ), ( 11, 1, 'vtiger_troubletickets:priority:HelpDesk_Priority:ticketpriorities:V' ), ( 11, 2, 'vtiger_troubletickets:severity:HelpDesk_Severity:ticketseverities:V' ), ( 11, 3, 'vtiger_troubletickets:status:HelpDesk_Status:ticketstatus:V' ), ( 11, 4, 'vtiger_troubletickets:category:HelpDesk_Category:ticketcategories:V' ), ( 11, 5, 'vtiger_usersHelpDesk:user_name:HelpDesk_Assigned_To:assigned_user_id:V' ), ( 12, 0, 'vtiger_troubletickets:title:HelpDesk_Title:ticket_title:V' ), ( 12, 1, 'vtiger_troubletickets:priority:HelpDesk_Priority:ticketpriorities:V' ), ( 12, 2, 'vtiger_troubletickets:severity:HelpDesk_Severity:ticketseverities:V' ), ( 12, 3, 'vtiger_troubletickets:status:HelpDesk_Status:ticketstatus:V' ), ( 12, 4, 'vtiger_troubletickets:category:HelpDesk_Category:ticketcategories:V' ), ( 12, 5, 'vtiger_usersHelpDesk:user_name:HelpDesk_Assigned_To:assigned_user_id:V' ), ( 13, 0, 'vtiger_products:productname:Products_Product_Name:productname:V' ), ( 13, 1, 'vtiger_products:productcode:Products_Product_Code:productcode:V' ), ( 13, 2, 'vtiger_products:discontinued:Products_Product_Active:discontinued:V' ), ( 13, 3, 'vtiger_products:productcategory:Products_Product_Category:productcategory:V' ), ( 13, 4, 'vtiger_products:website:Products_Website:website:V' ), ( 13, 5, 'vtiger_vendorRelProducts:vendorname:Products_Vendor_Name:vendor_id:I' ), ( 13, 6, 'vtiger_products:mfr_part_no:Products_Mfr_PartNo:mfr_part_no:V' ), ( 14, 0, 'vtiger_products:productname:Products_Product_Name:productname:V' ), ( 14, 1, 'vtiger_products:manufacturer:Products_Manufacturer:manufacturer:V' ), ( 14, 2, 'vtiger_products:productcategory:Products_Product_Category:productcategory:V' ), ( 14, 3, 'vtiger_contactdetails:firstname:Contacts_First_Name:firstname:V' ), ( 14, 4, 'vtiger_contactdetails:lastname:Contacts_Last_Name:lastname:V' ), ( 14, 5, 'vtiger_contactsubdetails:leadsource:Contacts_Lead_Source:leadsource:V' ), ( 15, 0, 'vtiger_quotes:subject:Quotes_Subject:subject:V' ), ( 15, 1, 'vtiger_potentialRelQuotes:potentialname:Quotes_Potential_Name:potential_id:I' ), ( 15, 2, 'vtiger_quotes:quotestage:Quotes_Quote_Stage:quotestage:V' ), ( 15, 3, 'vtiger_quotes:contactid:Quotes_Contact_Name:contact_id:V' ), ( 15, 4, 'vtiger_usersRel1:user_name:Quotes_Inventory_Manager:assigned_user_id1:I' ), ( 15, 5, 'vtiger_accountQuotes:accountname:Quotes_Account_Name:account_id:I' ), ( 16, 0, 'vtiger_quotes:subject:Quotes_Subject:subject:V' ), ( 16, 1, 'vtiger_potentialRelQuotes:potentialname:Quotes_Potential_Name:potential_id:I' ), ( 16, 2, 'vtiger_quotes:quotestage:Quotes_Quote_Stage:quotestage:V' ), ( 16, 3, 'vtiger_quotes:contactid:Quotes_Contact_Name:contact_id:V' ), ( 16, 4, 'vtiger_usersRel1:user_name:Quotes_Inventory_Manager:assigned_user_id1:I' ), ( 16, 5, 'vtiger_accountQuotes:accountname:Quotes_Account_Name:account_id:I' ), ( 16, 6, 'vtiger_quotes:carrier:Quotes_Carrier:carrier:V' ), ( 16, 7, 'vtiger_quotes:shipping:Quotes_Shipping:shipping:V' ), ( 17, 0, 'vtiger_purchaseorder:subject:PurchaseOrder_Subject:subject:V' ), ( 17, 1, 'vtiger_vendorRelPurchaseOrder:vendorname:PurchaseOrder_Vendor_Name:vendor_id:I' ), ( 17, 2, 'vtiger_purchaseorder:tracking_no:PurchaseOrder_Tracking_Number:tracking_no:V' ), ( 17, 3, 'vtiger_contactdetails:firstname:Contacts_First_Name:firstname:V' ), ( 17, 4, 'vtiger_contactdetails:lastname:Contacts_Last_Name:lastname:V' ), ( 17, 5, 'vtiger_contactsubdetails:leadsource:Contacts_Lead_Source:leadsource:V' ), ( 17, 6, 'vtiger_contactdetails:email:Contacts_Email:email:E' ), ( 18, 0, 'vtiger_purchaseorder:subject:PurchaseOrder_Subject:subject:V' ), ( 18, 1, 'vtiger_vendorRelPurchaseOrder:vendorname:PurchaseOrder_Vendor_Name:vendor_id:I' ), ( 18, 2, 'vtiger_purchaseorder:requisition_no:PurchaseOrder_Requisition_No:requisition_no:V' ), ( 18, 3, 'vtiger_purchaseorder:tracking_no:PurchaseOrder_Tracking_Number:tracking_no:V' ), ( 18, 4, 'vtiger_contactdetailsPurchaseOrder:lastname:PurchaseOrder_Contact_Name:contact_id:I' ), ( 18, 5, 'vtiger_purchaseorder:carrier:PurchaseOrder_Carrier:carrier:V' ), ( 18, 6, 'vtiger_purchaseorder:salescommission:PurchaseOrder_Sales_Commission:salescommission:N' ), ( 18, 7, 'vtiger_purchaseorder:exciseduty:PurchaseOrder_Excise_Duty:exciseduty:N' ), ( 18, 8, 'vtiger_usersPurchaseOrder:user_name:PurchaseOrder_Assigned_To:assigned_user_id:V' ), ( 19, 0, 'vtiger_invoice:subject:Invoice_Subject:subject:V' ), ( 19, 1, 'vtiger_invoice:salesorderid:Invoice_Sales_Order:salesorder_id:I' ), ( 19, 2, 'vtiger_invoice:customerno:Invoice_Customer_No:customerno:V' ), ( 19, 3, 'vtiger_invoice:exciseduty:Invoice_Excise_Duty:exciseduty:N' ), ( 19, 4, 'vtiger_invoice:salescommission:Invoice_Sales_Commission:salescommission:N' ), ( 19, 5, 'vtiger_accountInvoice:accountname:Invoice_Account_Name:account_id:I' ), ( 20, 0, 'vtiger_salesorder:subject:SalesOrder_Subject:subject:V' ), ( 20, 1, 'vtiger_quotesSalesOrder:subject:SalesOrder_Quote_Name:quote_id:I' ), ( 20, 2, 'vtiger_contactdetailsSalesOrder:lastname:SalesOrder_Contact_Name:contact_id:I' ), ( 20, 3, 'vtiger_salesorder:duedate:SalesOrder_Due_Date:duedate:D' ), ( 20, 4, 'vtiger_salesorder:carrier:SalesOrder_Carrier:carrier:V' ), ( 20, 5, 'vtiger_salesorder:sostatus:SalesOrder_Status:sostatus:V' ), ( 20, 6, 'vtiger_accountSalesOrder:accountname:SalesOrder_Account_Name:account_id:I' ), ( 20, 7, 'vtiger_salesorder:salescommission:SalesOrder_Sales_Commission:salescommission:N' ), ( 20, 8, 'vtiger_salesorder:exciseduty:SalesOrder_Excise_Duty:exciseduty:N' ), ( 20, 9, 'vtiger_usersSalesOrder:user_name:SalesOrder_Assigned_To:assigned_user_id:V' ), ( 21, 0, 'vtiger_campaign:campaignname:Campaigns_Campaign_Name:campaignname:V' ), ( 21, 1, 'vtiger_campaign:campaigntype:Campaigns_Campaign_Type:campaigntype:V' ), ( 21, 2, 'vtiger_campaign:targetaudience:Campaigns_Target_Audience:targetaudience:V' ), ( 21, 3, 'vtiger_campaign:budgetcost:Campaigns_Budget_Cost:budgetcost:I' ), ( 21, 4, 'vtiger_campaign:actualcost:Campaigns_Actual_Cost:actualcost:I' ), ( 21, 5, 'vtiger_campaign:expectedrevenue:Campaigns_Expected_Revenue:expectedrevenue:I' ), ( 21, 6, 'vtiger_campaign:expectedsalescount:Campaigns_Expected_Sales_Count:expectedsalescount:N' ), ( 21, 7, 'vtiger_campaign:actualsalescount:Campaigns_Actual_Sales_Count:actualsalescount:N' ), ( 21, 8, 'vtiger_usersCampaigns:user_name:Campaigns_Assigned_To:assigned_user_id:V' );
/*!40000 ALTER TABLE `vtiger_selectcolumn` ENABLE KEYS */;
UNLOCK TABLES;

--
-- Table structure for table vtiger_selectquery
--

DROP TABLE IF EXISTS vtiger_selectquery;
SET @saved_cs_client = @@character_set_client;
SET character_set_client = utf8;
CREATE TABLE `vtiger_selectquery` (
  `queryid` int(19) NOT NULL,
  `startindex` int(19) DEFAULT '0',
  `numofobjects` int(19) DEFAULT '0',
  PRIMARY KEY (`queryid`),
  KEY `selectquery_queryid_idx` (`queryid`)
) ENGINE=InnoDB DEFAULT CHARSET=utf8;
SET character_set_client = @saved_cs_client;

--
-- Dumping data for table vtiger_selectquery
--

LOCK TABLES `vtiger_selectquery` WRITE;
/*!40000 ALTER TABLE `vtiger_selectquery` DISABLE KEYS */;
INSERT INTO vtiger_selectquery ( QUERYID, STARTINDEX, NUMOFOBJECTS ) VALUES ( 1, 0, 0 ), ( 2, 0, 0 ), ( 3, 0, 0 ), ( 4, 0, 0 ), ( 5, 0, 0 ), ( 6, 0, 0 ), ( 7, 0, 0 ), ( 8, 0, 0 ), ( 9, 0, 0 ), ( 10, 0, 0 ), ( 11, 0, 0 ), ( 12, 0, 0 ), ( 13, 0, 0 ), ( 14, 0, 0 ), ( 15, 0, 0 ), ( 16, 0, 0 ), ( 17, 0, 0 ), ( 18, 0, 0 ), ( 19, 0, 0 ), ( 20, 0, 0 ), ( 21, 0, 0 );
/*!40000 ALTER TABLE `vtiger_selectquery` ENABLE KEYS */;
UNLOCK TABLES;

--
-- Table structure for table vtiger_selectquery_seq
--

DROP TABLE IF EXISTS vtiger_selectquery_seq;
SET @saved_cs_client = @@character_set_client;
SET character_set_client = utf8;
CREATE TABLE `vtiger_selectquery_seq` (
  `id` int(11) NOT NULL
) ENGINE=MyISAM DEFAULT CHARSET=utf8;
SET character_set_client = @saved_cs_client;

--
-- Dumping data for table vtiger_selectquery_seq
--

LOCK TABLES `vtiger_selectquery_seq` WRITE;
/*!40000 ALTER TABLE `vtiger_selectquery_seq` DISABLE KEYS */;
INSERT INTO vtiger_selectquery_seq ( ID ) VALUES ( 21 );
/*!40000 ALTER TABLE `vtiger_selectquery_seq` ENABLE KEYS */;
UNLOCK TABLES;

--
-- Table structure for table vtiger_senotesrel
--

DROP TABLE IF EXISTS vtiger_senotesrel;
SET @saved_cs_client = @@character_set_client;
SET character_set_client = utf8;
CREATE TABLE `vtiger_senotesrel` (
  `crmid` int(19) NOT NULL DEFAULT '0',
  `notesid` int(19) NOT NULL DEFAULT '0',
  PRIMARY KEY (`crmid`,`notesid`),
  KEY `senotesrel_notesid_idx` (`notesid`),
  KEY `senotesrel_crmid_idx` (`crmid`),
  CONSTRAINT `fk_2_vtiger_senotesrel` FOREIGN KEY (`notesid`) REFERENCES `vtiger_notes` (`notesid`) ON DELETE CASCADE
) ENGINE=InnoDB DEFAULT CHARSET=utf8;
SET character_set_client = @saved_cs_client;

--
-- Dumping data for table vtiger_senotesrel
--

LOCK TABLES `vtiger_senotesrel` WRITE;
/*!40000 ALTER TABLE `vtiger_senotesrel` DISABLE KEYS */;
INSERT INTO vtiger_senotesrel ( CRMID, NOTESID ) VALUES ( 19, 20 ), ( 31, 32 ), ( 34, 35 ), ( 37, 38 ), ( 41, 42 ), ( 44, 45 ), ( 66, 67 ), ( 69, 70 ), ( 72, 73 ), ( 75, 76 ), ( 78, 79 ), ( 81, 82 ), ( 84, 85 ), ( 87, 88 ), ( 90, 91 ), ( 93, 94 ), ( 119, 120 ), ( 122, 123 ), ( 125, 126 ), ( 153, 154 ), ( 143, 165 ), ( 142, 167 ), ( 177, 178 ), ( 180, 181 ), ( 187, 188 ), ( 195, 196 ), ( 192, 198 ), ( 194, 200 ), ( 343, 344 ), ( 348, 349 ), ( 352, 353 ), ( 355, 356 ), ( 358, 359 ), ( 361, 362 ), ( 364, 365 ), ( 367, 368 ), ( 370, 372 ), ( 374, 375 ), ( 377, 378 ), ( 380, 381 ), ( 383, 384 ), ( 386, 387 ), ( 389, 390 ), ( 392, 393 ), ( 395, 397 ), ( 396, 399 ), ( 401, 402 ), ( 404, 405 ), ( 407, 408 ), ( 410, 411 ), ( 413, 414 ), ( 416, 417 ), ( 419, 420 ), ( 424, 425 ), ( 429, 430 ), ( 432, 433 ), ( 435, 436 ), ( 438, 439 ), ( 441, 442 ), ( 453, 454 ), ( 490, 491 ), ( 498, 499 ), ( 501, 502 ), ( 505, 506 ), ( 508, 509 ), ( 511, 512 ), ( 514, 515 ), ( 517, 518 ), ( 517, 519 ), ( 521, 522 ), ( 524, 525 ), ( 527, 528 ), ( 530, 531 ), ( 533, 534 ), ( 536, 537 ), ( 539, 540 ), ( 542, 543 ), ( 545, 546 ), ( 548, 549 ), ( 551, 552 ), ( 554, 555 ), ( 557, 558 ), ( 565, 566 ), ( 568, 569 ), ( 572, 573 ), ( 592, 593 ), ( 475, 595 ), ( 597, 598 ), ( 604, 605 ), ( 607, 608 ), ( 610, 611 ), ( 613, 614 ), ( 616, 617 ), ( 619, 620 ), ( 622, 623 ), ( 625, 626 ), ( 632, 633 ), ( 635, 636 ), ( 638, 639 ), ( 645, 646 ), ( 649, 650 ), ( 652, 653 ), ( 655, 656 ), ( 658, 659 ), ( 661, 662 ), ( 664, 665 ), ( 669, 670 ), ( 667, 672 ), ( 676, 677 ), ( 679, 680 ), ( 682, 683 ), ( 685, 686 ), ( 688, 689 ), ( 493, 706 ), ( 730, 731 ), ( 733, 735 ), ( 734, 737 ), ( 742, 743 ), ( 745, 746 ), ( 748, 749 ), ( 751, 752 ), ( 754, 755 ), ( 757, 758 ), ( 404, 760 ), ( 767, 769 ), ( 772, 773 ), ( 775, 776 ), ( 780, 781 ), ( 783, 784 ), ( 786, 787 ), ( 789, 790 ), ( 792, 793 );
/*!40000 ALTER TABLE `vtiger_senotesrel` ENABLE KEYS */;
UNLOCK TABLES;

--
-- Table structure for table vtiger_seproductsrel
--

DROP TABLE IF EXISTS vtiger_seproductsrel;
SET @saved_cs_client = @@character_set_client;
SET character_set_client = utf8;
CREATE TABLE `vtiger_seproductsrel` (
  `crmid` int(19) NOT NULL DEFAULT '0',
  `productid` int(19) NOT NULL DEFAULT '0',
  `setype` varchar(30) NOT NULL,
  PRIMARY KEY (`crmid`,`productid`),
  KEY `seproductsrel_productid_idx` (`productid`),
  KEY `seproductrel_crmid_idx` (`crmid`),
  CONSTRAINT `fk_2_vtiger_seproductsrel` FOREIGN KEY (`productid`) REFERENCES `vtiger_products` (`productid`) ON DELETE CASCADE
) ENGINE=InnoDB DEFAULT CHARSET=utf8;
SET character_set_client = @saved_cs_client;

--
-- Dumping data for table vtiger_seproductsrel
--

LOCK TABLES `vtiger_seproductsrel` WRITE;
/*!40000 ALTER TABLE `vtiger_seproductsrel` DISABLE KEYS */;

/*!40000 ALTER TABLE `vtiger_seproductsrel` ENABLE KEYS */;
UNLOCK TABLES;

--
-- Table structure for table vtiger_service
--

DROP TABLE IF EXISTS vtiger_service;
SET @saved_cs_client = @@character_set_client;
SET character_set_client = utf8;
CREATE TABLE `vtiger_service` (
  `serviceid` int(11) NOT NULL,
  `service_no` varchar(100) NOT NULL,
  `servicename` varchar(50) NOT NULL,
  `servicecategory` varchar(200) DEFAULT NULL,
  `qty_per_unit` decimal(11,2) DEFAULT '0.00',
  `unit_price` decimal(25,2) DEFAULT NULL,
  `sales_start_date` date DEFAULT NULL,
  `sales_end_date` date DEFAULT NULL,
  `start_date` date DEFAULT NULL,
  `expiry_date` date DEFAULT NULL,
  `discontinued` int(1) NOT NULL DEFAULT '0',
  `service_usageunit` varchar(200) DEFAULT NULL,
  `website` varchar(100) DEFAULT NULL,
  `taxclass` varchar(200) DEFAULT NULL,
  `currency_id` int(19) NOT NULL DEFAULT '1',
  `commissionrate` decimal(7,3) DEFAULT NULL,
  PRIMARY KEY (`serviceid`),
  CONSTRAINT `fk_1_vtiger_service` FOREIGN KEY (`serviceid`) REFERENCES `vtiger_crmentity` (`crmid`) ON DELETE CASCADE
) ENGINE=InnoDB DEFAULT CHARSET=utf8;
SET character_set_client = @saved_cs_client;

--
-- Dumping data for table vtiger_service
--

LOCK TABLES `vtiger_service` WRITE;
/*!40000 ALTER TABLE `vtiger_service` DISABLE KEYS */;

/*!40000 ALTER TABLE `vtiger_service` ENABLE KEYS */;
UNLOCK TABLES;

--
-- Table structure for table vtiger_service_usageunit
--

DROP TABLE IF EXISTS vtiger_service_usageunit;
SET @saved_cs_client = @@character_set_client;
SET character_set_client = utf8;
CREATE TABLE `vtiger_service_usageunit` (
  `service_usageunitid` int(11) NOT NULL AUTO_INCREMENT,
  `service_usageunit` varchar(200) NOT NULL,
  `presence` int(1) NOT NULL DEFAULT '1',
  `picklist_valueid` int(11) NOT NULL DEFAULT '0',
  PRIMARY KEY (`service_usageunitid`)
) ENGINE=InnoDB AUTO_INCREMENT=4 DEFAULT CHARSET=utf8;
SET character_set_client = @saved_cs_client;

--
-- Dumping data for table vtiger_service_usageunit
--

LOCK TABLES `vtiger_service_usageunit` WRITE;
/*!40000 ALTER TABLE `vtiger_service_usageunit` DISABLE KEYS */;
INSERT INTO vtiger_service_usageunit ( SERVICE_USAGEUNITID, SERVICE_USAGEUNIT, PRESENCE, PICKLIST_VALUEID ) VALUES ( 1, 'Hours', 1, 226 ), ( 2, 'Days', 1, 227 ), ( 3, 'Incidents', 1, 228 );
/*!40000 ALTER TABLE `vtiger_service_usageunit` ENABLE KEYS */;
UNLOCK TABLES;

--
-- Table structure for table vtiger_service_usageunit_seq
--

DROP TABLE IF EXISTS vtiger_service_usageunit_seq;
SET @saved_cs_client = @@character_set_client;
SET character_set_client = utf8;
CREATE TABLE `vtiger_service_usageunit_seq` (
  `id` int(11) NOT NULL
) ENGINE=MyISAM DEFAULT CHARSET=utf8;
SET character_set_client = @saved_cs_client;

--
-- Dumping data for table vtiger_service_usageunit_seq
--

LOCK TABLES `vtiger_service_usageunit_seq` WRITE;
/*!40000 ALTER TABLE `vtiger_service_usageunit_seq` DISABLE KEYS */;
INSERT INTO vtiger_service_usageunit_seq ( ID ) VALUES ( 3 );
/*!40000 ALTER TABLE `vtiger_service_usageunit_seq` ENABLE KEYS */;
UNLOCK TABLES;

--
-- Table structure for table vtiger_servicecategory
--

DROP TABLE IF EXISTS vtiger_servicecategory;
SET @saved_cs_client = @@character_set_client;
SET character_set_client = utf8;
CREATE TABLE `vtiger_servicecategory` (
  `servicecategoryid` int(11) NOT NULL AUTO_INCREMENT,
  `servicecategory` varchar(200) NOT NULL,
  `presence` int(1) NOT NULL DEFAULT '1',
  `picklist_valueid` int(11) NOT NULL DEFAULT '0',
  PRIMARY KEY (`servicecategoryid`)
) ENGINE=InnoDB AUTO_INCREMENT=7 DEFAULT CHARSET=utf8;
SET character_set_client = @saved_cs_client;

--
-- Dumping data for table vtiger_servicecategory
--

LOCK TABLES `vtiger_servicecategory` WRITE;
/*!40000 ALTER TABLE `vtiger_servicecategory` DISABLE KEYS */;
INSERT INTO vtiger_servicecategory ( SERVICECATEGORYID, SERVICECATEGORY, PRESENCE, PICKLIST_VALUEID ) VALUES ( 1, '--None--', 1, 229 ), ( 2, 'Support', 1, 230 ), ( 3, 'Installation', 1, 231 ), ( 4, 'Migration', 1, 232 ), ( 5, 'Customization', 1, 233 ), ( 6, 'Training', 1, 234 );
/*!40000 ALTER TABLE `vtiger_servicecategory` ENABLE KEYS */;
UNLOCK TABLES;

--
-- Table structure for table vtiger_servicecategory_seq
--

DROP TABLE IF EXISTS vtiger_servicecategory_seq;
SET @saved_cs_client = @@character_set_client;
SET character_set_client = utf8;
CREATE TABLE `vtiger_servicecategory_seq` (
  `id` int(11) NOT NULL
) ENGINE=MyISAM DEFAULT CHARSET=utf8;
SET character_set_client = @saved_cs_client;

--
-- Dumping data for table vtiger_servicecategory_seq
--

LOCK TABLES `vtiger_servicecategory_seq` WRITE;
/*!40000 ALTER TABLE `vtiger_servicecategory_seq` DISABLE KEYS */;
INSERT INTO vtiger_servicecategory_seq ( ID ) VALUES ( 6 );
/*!40000 ALTER TABLE `vtiger_servicecategory_seq` ENABLE KEYS */;
UNLOCK TABLES;

--
-- Table structure for table vtiger_servicecf
--

DROP TABLE IF EXISTS vtiger_servicecf;
SET @saved_cs_client = @@character_set_client;
SET character_set_client = utf8;
CREATE TABLE `vtiger_servicecf` (
  `serviceid` int(19) NOT NULL DEFAULT '0',
  PRIMARY KEY (`serviceid`)
) ENGINE=InnoDB DEFAULT CHARSET=utf8;
SET character_set_client = @saved_cs_client;

--
-- Dumping data for table vtiger_servicecf
--

LOCK TABLES `vtiger_servicecf` WRITE;
/*!40000 ALTER TABLE `vtiger_servicecf` DISABLE KEYS */;

/*!40000 ALTER TABLE `vtiger_servicecf` ENABLE KEYS */;
UNLOCK TABLES;

--
-- Table structure for table vtiger_servicecontracts
--

DROP TABLE IF EXISTS vtiger_servicecontracts;
SET @saved_cs_client = @@character_set_client;
SET character_set_client = utf8;
CREATE TABLE `vtiger_servicecontracts` (
  `servicecontractsid` int(11) DEFAULT NULL,
  `start_date` date DEFAULT NULL,
  `end_date` date DEFAULT NULL,
  `sc_related_to` int(11) DEFAULT NULL,
  `tracking_unit` varchar(100) DEFAULT NULL,
  `total_units` decimal(5,2) DEFAULT NULL,
  `used_units` decimal(5,2) DEFAULT NULL,
  `subject` varchar(100) DEFAULT NULL,
  `due_date` date DEFAULT NULL,
  `planned_duration` varchar(256) DEFAULT NULL,
  `actual_duration` varchar(256) DEFAULT NULL,
  `contract_status` varchar(200) DEFAULT NULL,
  `priority` varchar(200) DEFAULT NULL,
  `contract_type` varchar(200) DEFAULT NULL,
  `progress` decimal(5,2) DEFAULT NULL,
  `contract_no` varchar(100) DEFAULT NULL
) ENGINE=InnoDB DEFAULT CHARSET=utf8;
SET character_set_client = @saved_cs_client;

--
-- Dumping data for table vtiger_servicecontracts
--

LOCK TABLES `vtiger_servicecontracts` WRITE;
/*!40000 ALTER TABLE `vtiger_servicecontracts` DISABLE KEYS */;
INSERT INTO vtiger_servicecontracts ( SERVICECONTRACTSID, START_DATE, END_DATE, SC_RELATED_TO, TRACKING_UNIT, TOTAL_UNITS, USED_UNITS, SUBJECT, DUE_DATE, PLANNED_DURATION, ACTUAL_DURATION, CONTRACT_STATUS, PRIORITY, CONTRACT_TYPE, PROGRESS, CONTRACT_NO ) VALUES ( 10, '2012-10-22', null, 0, 'None', 0.00, 0.00, 'QA COE', '2012-10-22', '1', '', 'Undefined', 'Low', 'Support', 0, 'SERCON1' );
/*!40000 ALTER TABLE `vtiger_servicecontracts` ENABLE KEYS */;
UNLOCK TABLES;

--
-- Table structure for table vtiger_servicecontractscf
--

DROP TABLE IF EXISTS vtiger_servicecontractscf;
SET @saved_cs_client = @@character_set_client;
SET character_set_client = utf8;
CREATE TABLE `vtiger_servicecontractscf` (
  `servicecontractsid` int(11) NOT NULL,
  PRIMARY KEY (`servicecontractsid`)
) ENGINE=InnoDB DEFAULT CHARSET=utf8;
SET character_set_client = @saved_cs_client;

--
-- Dumping data for table vtiger_servicecontractscf
--

LOCK TABLES `vtiger_servicecontractscf` WRITE;
/*!40000 ALTER TABLE `vtiger_servicecontractscf` DISABLE KEYS */;
INSERT INTO vtiger_servicecontractscf ( SERVICECONTRACTSID ) VALUES ( 10 );
/*!40000 ALTER TABLE `vtiger_servicecontractscf` ENABLE KEYS */;
UNLOCK TABLES;

--
-- Table structure for table vtiger_seticketsrel
--

DROP TABLE IF EXISTS vtiger_seticketsrel;
SET @saved_cs_client = @@character_set_client;
SET character_set_client = utf8;
CREATE TABLE `vtiger_seticketsrel` (
  `crmid` int(19) NOT NULL DEFAULT '0',
  `ticketid` int(19) NOT NULL DEFAULT '0',
  PRIMARY KEY (`crmid`,`ticketid`),
  KEY `seticketsrel_crmid_idx` (`crmid`),
  KEY `seticketsrel_ticketid_idx` (`ticketid`),
  CONSTRAINT `fk_2_vtiger_seticketsrel` FOREIGN KEY (`ticketid`) REFERENCES `vtiger_troubletickets` (`ticketid`) ON DELETE CASCADE
) ENGINE=InnoDB DEFAULT CHARSET=utf8;
SET character_set_client = @saved_cs_client;

--
-- Dumping data for table vtiger_seticketsrel
--

LOCK TABLES `vtiger_seticketsrel` WRITE;
/*!40000 ALTER TABLE `vtiger_seticketsrel` DISABLE KEYS */;

/*!40000 ALTER TABLE `vtiger_seticketsrel` ENABLE KEYS */;
UNLOCK TABLES;

--
-- Table structure for table vtiger_settings_blocks
--

DROP TABLE IF EXISTS vtiger_settings_blocks;
SET @saved_cs_client = @@character_set_client;
SET character_set_client = utf8;
CREATE TABLE `vtiger_settings_blocks` (
  `blockid` int(19) NOT NULL,
  `label` varchar(250) DEFAULT NULL,
  `sequence` int(19) DEFAULT NULL,
  PRIMARY KEY (`blockid`)
) ENGINE=InnoDB DEFAULT CHARSET=utf8;
SET character_set_client = @saved_cs_client;

--
-- Dumping data for table vtiger_settings_blocks
--

LOCK TABLES `vtiger_settings_blocks` WRITE;
/*!40000 ALTER TABLE `vtiger_settings_blocks` DISABLE KEYS */;
INSERT INTO vtiger_settings_blocks ( BLOCKID, LABEL, SEQUENCE ) VALUES ( 1, 'LBL_MODULE_MANAGER', 1 ), ( 2, 'LBL_USER_MANAGEMENT', 2 ), ( 3, 'LBL_STUDIO', 3 ), ( 4, 'LBL_COMMUNICATION_TEMPLATES', 4 ), ( 5, 'LBL_OTHER_SETTINGS', 5 );
/*!40000 ALTER TABLE `vtiger_settings_blocks` ENABLE KEYS */;
UNLOCK TABLES;

--
-- Table structure for table vtiger_settings_blocks_seq
--

DROP TABLE IF EXISTS vtiger_settings_blocks_seq;
SET @saved_cs_client = @@character_set_client;
SET character_set_client = utf8;
CREATE TABLE `vtiger_settings_blocks_seq` (
  `id` int(11) NOT NULL
) ENGINE=MyISAM DEFAULT CHARSET=utf8;
SET character_set_client = @saved_cs_client;

--
-- Dumping data for table vtiger_settings_blocks_seq
--

LOCK TABLES `vtiger_settings_blocks_seq` WRITE;
/*!40000 ALTER TABLE `vtiger_settings_blocks_seq` DISABLE KEYS */;
INSERT INTO vtiger_settings_blocks_seq ( ID ) VALUES ( 5 );
/*!40000 ALTER TABLE `vtiger_settings_blocks_seq` ENABLE KEYS */;
UNLOCK TABLES;

--
-- Table structure for table vtiger_settings_field
--

DROP TABLE IF EXISTS vtiger_settings_field;
SET @saved_cs_client = @@character_set_client;
SET character_set_client = utf8;
CREATE TABLE `vtiger_settings_field` (
  `fieldid` int(19) NOT NULL,
  `blockid` int(19) DEFAULT NULL,
  `name` varchar(250) DEFAULT NULL,
  `iconpath` varchar(300) DEFAULT NULL,
  `description` text,
  `linkto` text,
  `sequence` int(19) DEFAULT NULL,
  `active` int(19) DEFAULT '0',
  PRIMARY KEY (`fieldid`),
  KEY `fk_1_vtiger_settings_field` (`blockid`),
  CONSTRAINT `fk_1_vtiger_settings_field` FOREIGN KEY (`blockid`) REFERENCES `vtiger_settings_blocks` (`blockid`) ON DELETE CASCADE
) ENGINE=InnoDB DEFAULT CHARSET=utf8;
SET character_set_client = @saved_cs_client;

--
-- Dumping data for table vtiger_settings_field
--

LOCK TABLES `vtiger_settings_field` WRITE;
/*!40000 ALTER TABLE `vtiger_settings_field` DISABLE KEYS */;
INSERT INTO vtiger_settings_field ( FIELDID, BLOCKID, NAME, ICONPATH, DESCRIPTION, LINKTO, SEQUENCE, ACTIVE ) VALUES ( 1, 2, 'LBL_USERS', 'ico-users.gif', 'LBL_USER_DESCRIPTION', 'index.php?module=Administration&action=index&parenttab=Settings', 1, 0 ), ( 2, 2, 'LBL_ROLES', 'ico-roles.gif', 'LBL_ROLE_DESCRIPTION', 'index.php?module=Settings&action=listroles&parenttab=Settings', 2, 0 ), ( 3, 2, 'LBL_PROFILES', 'ico-profile.gif', 'LBL_PROFILE_DESCRIPTION', 'index.php?module=Settings&action=ListProfiles&parenttab=Settings', 3, 0 ), ( 4, 2, 'USERGROUPLIST', 'ico-groups.gif', 'LBL_GROUP_DESCRIPTION', 'index.php?module=Settings&action=listgroups&parenttab=Settings', 4, 0 ), ( 5, 2, 'LBL_SHARING_ACCESS', 'shareaccess.gif', 'LBL_SHARING_ACCESS_DESCRIPTION', 'index.php?module=Settings&action=OrgSharingDetailView&parenttab=Settings', 5, 0 ), ( 6, 2, 'LBL_FIELDS_ACCESS', 'orgshar.gif', 'LBL_SHARING_FIELDS_DESCRIPTION', 'index.php?module=Settings&action=DefaultFieldPermissions&parenttab=Settings', 6, 0 ), ( 7, 2, 'LBL_AUDIT_TRAIL', 'audit.gif', 'LBL_AUDIT_DESCRIPTION', 'index.php?module=Settings&action=AuditTrailList&parenttab=Settings', 7, 0 ), ( 8, 2, 'LBL_LOGIN_HISTORY_DETAILS', 'set-IcoLoginHistory.gif', 'LBL_LOGIN_HISTORY_DESCRIPTION', 'index.php?module=Settings&action=ListLoginHistory&parenttab=Settings', 8, 0 ), ( 9, 3, 'VTLIB_LBL_MODULE_MANAGER', 'vtlib_modmng.gif', 'VTLIB_LBL_MODULE_MANAGER_DESCRIPTION', 'index.php?module=Settings&action=ModuleManager&parenttab=Settings', 1, 0 ), ( 10, 3, 'LBL_PICKLIST_EDITOR', 'picklist.gif', 'LBL_PICKLIST_DESCRIPTION', 'index.php?module=PickList&action=PickList&parenttab=Settings', 2, 0 ), ( 11, 3, 'LBL_PICKLIST_DEPENDENCY_SETUP', 'picklistdependency.gif', 'LBL_PICKLIST_DEPENDENCY_DESCRIPTION', 'index.php?module=PickList&action=PickListDependencySetup&parenttab=Settings', 3, 0 ), ( 12, 4, 'EMAILTEMPLATES', 'ViewTemplate.gif', 'LBL_EMAIL_TEMPLATE_DESCRIPTION', 'index.php?module=Settings&action=listemailtemplates&parenttab=Settings', 4, 0 ), ( 13, 4, 'LBL_MAIL_MERGE', 'mailmarge.gif', 'LBL_MAIL_MERGE_DESCRIPTION', 'index.php?module=Settings&action=listwordtemplates&parenttab=Settings', 1, 0 ), ( 14, 4, 'NOTIFICATIONSCHEDULERS', 'notification.gif', 'LBL_NOTIF_SCHED_DESCRIPTION', 'index.php?module=Settings&action=listnotificationschedulers&parenttab=Settings', 2, 0 ), ( 15, 4, 'INVENTORYNOTIFICATION', 'inventory.gif', 'LBL_INV_NOTIF_DESCRIPTION', 'index.php?module=Settings&action=listinventorynotifications&parenttab=Settings', 3, 0 ), ( 16, 4, 'LBL_COMPANY_DETAILS', 'company.gif', 'LBL_COMPANY_DESCRIPTION', 'index.php?module=Settings&action=OrganizationConfig&parenttab=Settings', 4, 0 ), ( 17, 5, 'LBL_MAIL_SERVER_SETTINGS', 'ogmailserver.gif', 'LBL_MAIL_SERVER_DESCRIPTION', 'index.php?module=Settings&action=EmailConfig&parenttab=Settings', 5, 0 ), ( 18, 5, 'LBL_BACKUP_SERVER_SETTINGS', 'backupserver.gif', 'LBL_BACKUP_SERVER_DESCRIPTION', 'index.php?module=Settings&action=BackupServerConfig&parenttab=Settings', 6, 0 ), ( 19, 5, 'LBL_CURRENCY_SETTINGS', 'currency.gif', 'LBL_CURRENCY_DESCRIPTION', 'index.php?module=Settings&action=CurrencyListView&parenttab=Settings', 1, 0 ), ( 20, 5, 'LBL_TAX_SETTINGS', 'taxConfiguration.gif', 'LBL_TAX_DESCRIPTION', 'index.php?module=Settings&action=TaxConfig&parenttab=Settings', 2, 0 ), ( 21, 5, 'LBL_SYSTEM_INFO', 'system.gif', 'LBL_SYSTEM_DESCRIPTION', 'index.php?module=System&action=listsysconfig&parenttab=Settings', 3, 1 ), ( 22, 5, 'LBL_PROXY_SETTINGS', 'proxy.gif', 'LBL_PROXY_DESCRIPTION', 'index.php?module=Settings&action=ProxyServerConfig&parenttab=Settings', 4, 0 ), ( 23, 5, 'LBL_ANNOUNCEMENT', 'announ.gif', 'LBL_ANNOUNCEMENT_DESCRIPTION', 'index.php?module=Settings&action=Announcements&parenttab=Settings', 5, 0 ), ( 24, 5, 'LBL_DEFAULT_MODULE_VIEW', 'set-IcoTwoTabConfig.gif', 'LBL_DEFAULT_MODULE_VIEW_DESC', 'index.php?module=Settings&action=DefModuleView&parenttab=Settings', 6, 0 ), ( 25, 5, 'INVENTORYTERMSANDCONDITIONS', 'terms.gif', 'LBL_INV_TANDC_DESCRIPTION', 'index.php?module=Settings&action=OrganizationTermsandConditions&parenttab=Settings', 7, 0 ), ( 26, 5, 'LBL_CUSTOMIZE_MODENT_NUMBER', 'settingsInvNumber.gif', 'LBL_CUSTOMIZE_MODENT_NUMBER_DESCRIPTION', 'index.php?module=Settings&action=CustomModEntityNo&parenttab=Settings', 8, 0 ), ( 27, 5, 'LBL_MAIL_SCANNER', 'mailScanner.gif', 'LBL_MAIL_SCANNER_DESCRIPTION', 'index.php?module=Settings&action=MailScanner&parenttab=Settings', 9, 0 ), ( 28, 5, 'LBL_LIST_WORKFLOWS', 'settingsWorkflow.png', 'LBL_LIST_WORKFLOWS_DESCRIPTION', 'index.php?module=com_vtiger_workflow&action=workflowlist&parenttab=Settings', 10, 0 ), ( 29, 3, 'LBL_MENU_EDITOR', 'menueditor.png', 'LBL_MENU_DESC', 'index.php?module=Settings&action=MenuEditor&parenttab=Settings', 11, 0 ), ( 30, 1, 'LBL_WORKFLOW_LIST', 'settingsWorkflow.png', 'LBL_AVAILABLE_WORKLIST_LIST', 'index.php?module=com_vtiger_workflow&action=workflowlist', 1, 0 ), ( 31, 5, 'ModTracker', 'set-IcoLoginHistory.gif', 'LBL_MODTRACKER_DESCRIPTION', 'index.php?module=ModTracker&action=BasicSettings&parenttab=Settings&formodule=ModTracker', 11, 0 ), ( 32, 5, 'Configuration Editor', 'migrate.gif', 'Update configuration file of the application', 'index.php?module=ConfigEditor&action=index', 12, 0 ), ( 33, 5, 'Scheduler', 'Cron.png', 'Allows you to Configure Cron Task', 'index.php?module=CronTasks&action=ListCronJobs&parenttab=Settings', 13, 0 ), ( 34, 1, 'LBL_TOOLTIP_MANAGEMENT', 'quickview.png', 'LBL_TOOLTIP_MANAGEMENT_DESCRIPTION', 'index.php?module=Tooltip&action=QuickView&parenttab=Settings', 0, 0 ), ( 35, 5, 'Webforms', 'modules/Webforms/img/Webform.png', 'Allows you to manage Webforms', 'index.php?module=Webforms&action=index&parenttab=Settings', 14, 0 ), ( 36, 5, 'LBL_CUSTOMER_PORTAL', 'portal_icon.png', 'PORTAL_EXTENSION_DESCRIPTION', 'index.php?module=CustomerPortal&action=index&parenttab=Settings', 15, 0 ), ( 37, 1, 'LBL_FIELDFORMULAS', 'modules/FieldFormulas/resources/FieldFormulas.png', 'LBL_FIELDFORMULAS_DESCRIPTION', 'index.php?module=FieldFormulas&action=index&parenttab=Settings', 16, 0 );
/*!40000 ALTER TABLE `vtiger_settings_field` ENABLE KEYS */;
UNLOCK TABLES;

--
-- Table structure for table vtiger_settings_field_seq
--

DROP TABLE IF EXISTS vtiger_settings_field_seq;
SET @saved_cs_client = @@character_set_client;
SET character_set_client = utf8;
CREATE TABLE `vtiger_settings_field_seq` (
  `id` int(11) NOT NULL
) ENGINE=MyISAM DEFAULT CHARSET=utf8;
SET character_set_client = @saved_cs_client;

--
-- Dumping data for table vtiger_settings_field_seq
--

LOCK TABLES `vtiger_settings_field_seq` WRITE;
/*!40000 ALTER TABLE `vtiger_settings_field_seq` DISABLE KEYS */;
INSERT INTO vtiger_settings_field_seq ( ID ) VALUES ( 37 );
/*!40000 ALTER TABLE `vtiger_settings_field_seq` ENABLE KEYS */;
UNLOCK TABLES;

--
-- Table structure for table vtiger_sharedcalendar
--

DROP TABLE IF EXISTS vtiger_sharedcalendar;
SET @saved_cs_client = @@character_set_client;
SET character_set_client = utf8;
CREATE TABLE `vtiger_sharedcalendar` (
  `userid` int(19) NOT NULL,
  `sharedid` int(19) NOT NULL,
  PRIMARY KEY (`userid`,`sharedid`)
) ENGINE=InnoDB DEFAULT CHARSET=utf8;
SET character_set_client = @saved_cs_client;

--
-- Dumping data for table vtiger_sharedcalendar
--

LOCK TABLES `vtiger_sharedcalendar` WRITE;
/*!40000 ALTER TABLE `vtiger_sharedcalendar` DISABLE KEYS */;

/*!40000 ALTER TABLE `vtiger_sharedcalendar` ENABLE KEYS */;
UNLOCK TABLES;

--
-- Table structure for table vtiger_shippingtaxinfo
--

DROP TABLE IF EXISTS vtiger_shippingtaxinfo;
SET @saved_cs_client = @@character_set_client;
SET character_set_client = utf8;
CREATE TABLE `vtiger_shippingtaxinfo` (
  `taxid` int(3) NOT NULL,
  `taxname` varchar(50) DEFAULT NULL,
  `taxlabel` varchar(50) DEFAULT NULL,
  `percentage` decimal(7,3) DEFAULT NULL,
  `deleted` int(1) DEFAULT NULL,
  PRIMARY KEY (`taxid`),
  KEY `shippingtaxinfo_taxname_idx` (`taxname`)
) ENGINE=InnoDB DEFAULT CHARSET=utf8;
SET character_set_client = @saved_cs_client;

--
-- Dumping data for table vtiger_shippingtaxinfo
--

LOCK TABLES `vtiger_shippingtaxinfo` WRITE;
/*!40000 ALTER TABLE `vtiger_shippingtaxinfo` DISABLE KEYS */;
INSERT INTO vtiger_shippingtaxinfo ( TAXID, TAXNAME, TAXLABEL, PERCENTAGE, DELETED ) VALUES ( 1, 'shtax1', 'VAT', 4.500, 0 ), ( 2, 'shtax2', 'Sales', 10.000, 0 ), ( 3, 'shtax3', 'Service', 12.500, 0 );
/*!40000 ALTER TABLE `vtiger_shippingtaxinfo` ENABLE KEYS */;
UNLOCK TABLES;

--
-- Table structure for table vtiger_shippingtaxinfo_seq
--

DROP TABLE IF EXISTS vtiger_shippingtaxinfo_seq;
SET @saved_cs_client = @@character_set_client;
SET character_set_client = utf8;
CREATE TABLE `vtiger_shippingtaxinfo_seq` (
  `id` int(11) NOT NULL
) ENGINE=MyISAM DEFAULT CHARSET=utf8;
SET character_set_client = @saved_cs_client;

--
-- Dumping data for table vtiger_shippingtaxinfo_seq
--

LOCK TABLES `vtiger_shippingtaxinfo_seq` WRITE;
/*!40000 ALTER TABLE `vtiger_shippingtaxinfo_seq` DISABLE KEYS */;
INSERT INTO vtiger_shippingtaxinfo_seq ( ID ) VALUES ( 3 );
/*!40000 ALTER TABLE `vtiger_shippingtaxinfo_seq` ENABLE KEYS */;
UNLOCK TABLES;

--
-- Table structure for table vtiger_smsnotifier
--

DROP TABLE IF EXISTS vtiger_smsnotifier;
SET @saved_cs_client = @@character_set_client;
SET character_set_client = utf8;
CREATE TABLE `vtiger_smsnotifier` (
  `smsnotifierid` int(11) DEFAULT NULL,
  `message` text,
  `status` varchar(100) DEFAULT NULL
) ENGINE=InnoDB DEFAULT CHARSET=utf8;
SET character_set_client = @saved_cs_client;

--
-- Dumping data for table vtiger_smsnotifier
--

LOCK TABLES `vtiger_smsnotifier` WRITE;
/*!40000 ALTER TABLE `vtiger_smsnotifier` DISABLE KEYS */;

/*!40000 ALTER TABLE `vtiger_smsnotifier` ENABLE KEYS */;
UNLOCK TABLES;

--
-- Table structure for table vtiger_smsnotifier_servers
--

DROP TABLE IF EXISTS vtiger_smsnotifier_servers;
SET @saved_cs_client = @@character_set_client;
SET character_set_client = utf8;
CREATE TABLE `vtiger_smsnotifier_servers` (
  `id` int(11) NOT NULL AUTO_INCREMENT,
  `password` varchar(255) DEFAULT NULL,
  `isactive` int(1) DEFAULT NULL,
  `providertype` varchar(50) DEFAULT NULL,
  `username` varchar(255) DEFAULT NULL,
  `parameters` text,
  PRIMARY KEY (`id`)
) ENGINE=InnoDB DEFAULT CHARSET=utf8;
SET character_set_client = @saved_cs_client;

--
-- Dumping data for table vtiger_smsnotifier_servers
--

LOCK TABLES `vtiger_smsnotifier_servers` WRITE;
/*!40000 ALTER TABLE `vtiger_smsnotifier_servers` DISABLE KEYS */;

/*!40000 ALTER TABLE `vtiger_smsnotifier_servers` ENABLE KEYS */;
UNLOCK TABLES;

--
-- Table structure for table vtiger_smsnotifier_status
--

DROP TABLE IF EXISTS vtiger_smsnotifier_status;
SET @saved_cs_client = @@character_set_client;
SET character_set_client = utf8;
CREATE TABLE `vtiger_smsnotifier_status` (
  `smsnotifierid` int(11) DEFAULT NULL,
  `tonumber` varchar(20) DEFAULT NULL,
  `status` varchar(10) DEFAULT NULL,
  `smsmessageid` varchar(50) DEFAULT NULL,
  `needlookup` int(1) DEFAULT '1',
  `statusid` int(11) NOT NULL AUTO_INCREMENT,
  `statusmessage` varchar(100) DEFAULT NULL,
  PRIMARY KEY (`statusid`)
) ENGINE=InnoDB DEFAULT CHARSET=utf8;
SET character_set_client = @saved_cs_client;

--
-- Dumping data for table vtiger_smsnotifier_status
--

LOCK TABLES `vtiger_smsnotifier_status` WRITE;
/*!40000 ALTER TABLE `vtiger_smsnotifier_status` DISABLE KEYS */;

/*!40000 ALTER TABLE `vtiger_smsnotifier_status` ENABLE KEYS */;
UNLOCK TABLES;

--
-- Table structure for table vtiger_smsnotifiercf
--

DROP TABLE IF EXISTS vtiger_smsnotifiercf;
SET @saved_cs_client = @@character_set_client;
SET character_set_client = utf8;
CREATE TABLE `vtiger_smsnotifiercf` (
  `smsnotifierid` int(11) NOT NULL,
  PRIMARY KEY (`smsnotifierid`)
) ENGINE=InnoDB DEFAULT CHARSET=utf8;
SET character_set_client = @saved_cs_client;

--
-- Dumping data for table vtiger_smsnotifiercf
--

LOCK TABLES `vtiger_smsnotifiercf` WRITE;
/*!40000 ALTER TABLE `vtiger_smsnotifiercf` DISABLE KEYS */;

/*!40000 ALTER TABLE `vtiger_smsnotifiercf` ENABLE KEYS */;
UNLOCK TABLES;

--
-- Table structure for table vtiger_soapservice
--

DROP TABLE IF EXISTS vtiger_soapservice;
SET @saved_cs_client = @@character_set_client;
SET character_set_client = utf8;
CREATE TABLE `vtiger_soapservice` (
  `id` int(19) DEFAULT NULL,
  `type` varchar(25) DEFAULT NULL,
  `sessionid` varchar(100) DEFAULT NULL
) ENGINE=InnoDB DEFAULT CHARSET=utf8;
SET character_set_client = @saved_cs_client;

--
-- Dumping data for table vtiger_soapservice
--

LOCK TABLES `vtiger_soapservice` WRITE;
/*!40000 ALTER TABLE `vtiger_soapservice` DISABLE KEYS */;

/*!40000 ALTER TABLE `vtiger_soapservice` ENABLE KEYS */;
UNLOCK TABLES;

--
-- Table structure for table vtiger_sobillads
--

DROP TABLE IF EXISTS vtiger_sobillads;
SET @saved_cs_client = @@character_set_client;
SET character_set_client = utf8;
CREATE TABLE `vtiger_sobillads` (
  `sobilladdressid` int(19) NOT NULL DEFAULT '0',
  `bill_city` varchar(30) DEFAULT NULL,
  `bill_code` varchar(30) DEFAULT NULL,
  `bill_country` varchar(30) DEFAULT NULL,
  `bill_state` varchar(30) DEFAULT NULL,
  `bill_street` varchar(250) DEFAULT NULL,
  `bill_pobox` varchar(30) DEFAULT NULL,
  PRIMARY KEY (`sobilladdressid`),
  CONSTRAINT `fk_1_vtiger_sobillads` FOREIGN KEY (`sobilladdressid`) REFERENCES `vtiger_salesorder` (`salesorderid`) ON DELETE CASCADE
) ENGINE=InnoDB DEFAULT CHARSET=utf8;
SET character_set_client = @saved_cs_client;

--
-- Dumping data for table vtiger_sobillads
--

LOCK TABLES `vtiger_sobillads` WRITE;
/*!40000 ALTER TABLE `vtiger_sobillads` DISABLE KEYS */;

/*!40000 ALTER TABLE `vtiger_sobillads` ENABLE KEYS */;
UNLOCK TABLES;

--
-- Table structure for table vtiger_soshipads
--

DROP TABLE IF EXISTS vtiger_soshipads;
SET @saved_cs_client = @@character_set_client;
SET character_set_client = utf8;
CREATE TABLE `vtiger_soshipads` (
  `soshipaddressid` int(19) NOT NULL DEFAULT '0',
  `ship_city` varchar(30) DEFAULT NULL,
  `ship_code` varchar(30) DEFAULT NULL,
  `ship_country` varchar(30) DEFAULT NULL,
  `ship_state` varchar(30) DEFAULT NULL,
  `ship_street` varchar(250) DEFAULT NULL,
  `ship_pobox` varchar(30) DEFAULT NULL,
  PRIMARY KEY (`soshipaddressid`),
  CONSTRAINT `fk_1_vtiger_soshipads` FOREIGN KEY (`soshipaddressid`) REFERENCES `vtiger_salesorder` (`salesorderid`) ON DELETE CASCADE
) ENGINE=InnoDB DEFAULT CHARSET=utf8;
SET character_set_client = @saved_cs_client;

--
-- Dumping data for table vtiger_soshipads
--

LOCK TABLES `vtiger_soshipads` WRITE;
/*!40000 ALTER TABLE `vtiger_soshipads` DISABLE KEYS */;

/*!40000 ALTER TABLE `vtiger_soshipads` ENABLE KEYS */;
UNLOCK TABLES;

--
-- Table structure for table vtiger_sostatus
--

DROP TABLE IF EXISTS vtiger_sostatus;
SET @saved_cs_client = @@character_set_client;
SET character_set_client = utf8;
CREATE TABLE `vtiger_sostatus` (
  `sostatusid` int(19) NOT NULL AUTO_INCREMENT,
  `sostatus` varchar(200) NOT NULL,
  `presence` int(1) NOT NULL DEFAULT '1',
  `picklist_valueid` int(19) NOT NULL DEFAULT '0',
  PRIMARY KEY (`sostatusid`),
  UNIQUE KEY `sostatus_sostatus_idx` (`sostatus`)
) ENGINE=InnoDB AUTO_INCREMENT=5 DEFAULT CHARSET=utf8;
SET character_set_client = @saved_cs_client;

--
-- Dumping data for table vtiger_sostatus
--

LOCK TABLES `vtiger_sostatus` WRITE;
/*!40000 ALTER TABLE `vtiger_sostatus` DISABLE KEYS */;
INSERT INTO vtiger_sostatus ( SOSTATUSID, SOSTATUS, PRESENCE, PICKLIST_VALUEID ) VALUES ( 1, 'Created', 0, 166 ), ( 2, 'Approved', 0, 167 ), ( 3, 'Delivered', 0, 168 ), ( 4, 'Cancelled', 0, 169 );
/*!40000 ALTER TABLE `vtiger_sostatus` ENABLE KEYS */;
UNLOCK TABLES;

--
-- Table structure for table vtiger_sostatus_seq
--

DROP TABLE IF EXISTS vtiger_sostatus_seq;
SET @saved_cs_client = @@character_set_client;
SET character_set_client = utf8;
CREATE TABLE `vtiger_sostatus_seq` (
  `id` int(11) NOT NULL
) ENGINE=MyISAM DEFAULT CHARSET=utf8;
SET character_set_client = @saved_cs_client;

--
-- Dumping data for table vtiger_sostatus_seq
--

LOCK TABLES `vtiger_sostatus_seq` WRITE;
/*!40000 ALTER TABLE `vtiger_sostatus_seq` DISABLE KEYS */;
INSERT INTO vtiger_sostatus_seq ( ID ) VALUES ( 4 );
/*!40000 ALTER TABLE `vtiger_sostatus_seq` ENABLE KEYS */;
UNLOCK TABLES;

--
-- Table structure for table vtiger_sostatushistory
--

DROP TABLE IF EXISTS vtiger_sostatushistory;
SET @saved_cs_client = @@character_set_client;
SET character_set_client = utf8;
CREATE TABLE `vtiger_sostatushistory` (
  `historyid` int(19) NOT NULL AUTO_INCREMENT,
  `salesorderid` int(19) NOT NULL,
  `accountname` varchar(100) DEFAULT NULL,
  `total` decimal(10,0) DEFAULT NULL,
  `sostatus` varchar(200) DEFAULT NULL,
  `lastmodified` datetime DEFAULT NULL,
  PRIMARY KEY (`historyid`),
  KEY `sostatushistory_salesorderid_idx` (`salesorderid`),
  CONSTRAINT `fk_1_vtiger_sostatushistory` FOREIGN KEY (`salesorderid`) REFERENCES `vtiger_salesorder` (`salesorderid`) ON DELETE CASCADE
) ENGINE=InnoDB DEFAULT CHARSET=utf8;
SET character_set_client = @saved_cs_client;

--
-- Dumping data for table vtiger_sostatushistory
--

LOCK TABLES `vtiger_sostatushistory` WRITE;
/*!40000 ALTER TABLE `vtiger_sostatushistory` DISABLE KEYS */;

/*!40000 ALTER TABLE `vtiger_sostatushistory` ENABLE KEYS */;
UNLOCK TABLES;

--
-- Table structure for table vtiger_status
--

DROP TABLE IF EXISTS vtiger_status;
SET @saved_cs_client = @@character_set_client;
SET character_set_client = utf8;
CREATE TABLE `vtiger_status` (
  `statusid` int(19) NOT NULL AUTO_INCREMENT,
  `status` varchar(200) NOT NULL,
  `presence` int(1) NOT NULL DEFAULT '1',
  `picklist_valueid` int(19) NOT NULL DEFAULT '0',
  PRIMARY KEY (`statusid`)
) ENGINE=InnoDB AUTO_INCREMENT=3 DEFAULT CHARSET=utf8;
SET character_set_client = @saved_cs_client;

--
-- Dumping data for table vtiger_status
--

LOCK TABLES `vtiger_status` WRITE;
/*!40000 ALTER TABLE `vtiger_status` DISABLE KEYS */;
INSERT INTO vtiger_status ( STATUSID, STATUS, PRESENCE, PICKLIST_VALUEID ) VALUES ( 1, 'Active', 0, 1 ), ( 2, 'Inactive', 1, 1 );
/*!40000 ALTER TABLE `vtiger_status` ENABLE KEYS */;
UNLOCK TABLES;

--
-- Table structure for table vtiger_status_seq
--

DROP TABLE IF EXISTS vtiger_status_seq;
SET @saved_cs_client = @@character_set_client;
SET character_set_client = utf8;
CREATE TABLE `vtiger_status_seq` (
  `id` int(11) NOT NULL
) ENGINE=MyISAM DEFAULT CHARSET=utf8;
SET character_set_client = @saved_cs_client;

--
-- Dumping data for table vtiger_status_seq
--

LOCK TABLES `vtiger_status_seq` WRITE;
/*!40000 ALTER TABLE `vtiger_status_seq` DISABLE KEYS */;
INSERT INTO vtiger_status_seq ( ID ) VALUES ( 2 );
/*!40000 ALTER TABLE `vtiger_status_seq` ENABLE KEYS */;
UNLOCK TABLES;

--
-- Table structure for table vtiger_systems
--

DROP TABLE IF EXISTS vtiger_systems;
SET @saved_cs_client = @@character_set_client;
SET character_set_client = utf8;
CREATE TABLE `vtiger_systems` (
  `id` int(19) NOT NULL,
  `server` varchar(100) DEFAULT NULL,
  `server_port` int(19) DEFAULT NULL,
  `server_username` varchar(100) DEFAULT NULL,
  `server_password` varchar(100) DEFAULT NULL,
  `server_type` varchar(20) DEFAULT NULL,
  `smtp_auth` varchar(5) DEFAULT NULL,
  `server_path` varchar(256) DEFAULT NULL,
  `from_email_field` varchar(50) DEFAULT NULL,
  PRIMARY KEY (`id`)
) ENGINE=InnoDB DEFAULT CHARSET=utf8;
SET character_set_client = @saved_cs_client;

--
-- Dumping data for table vtiger_systems
--

LOCK TABLES `vtiger_systems` WRITE;
/*!40000 ALTER TABLE `vtiger_systems` DISABLE KEYS */;
INSERT INTO vtiger_systems ( ID, SERVER, SERVER_PORT, SERVER_USERNAME, SERVER_PASSWORD, SERVER_TYPE, SMTP_AUTH, SERVER_PATH, FROM_EMAIL_FIELD ) VALUES ( 1, 'mail.sintesys.us', 0, 'ivan.galvez@sintesys.us', 'ivan1603galvez', 'email', 'true', '', 'ivan.galvez@sintesys.us' );
/*!40000 ALTER TABLE `vtiger_systems` ENABLE KEYS */;
UNLOCK TABLES;

--
-- Table structure for table vtiger_systems_seq
--

DROP TABLE IF EXISTS vtiger_systems_seq;
SET @saved_cs_client = @@character_set_client;
SET character_set_client = utf8;
CREATE TABLE `vtiger_systems_seq` (
  `id` int(11) NOT NULL
) ENGINE=MyISAM DEFAULT CHARSET=utf8;
SET character_set_client = @saved_cs_client;

--
-- Dumping data for table vtiger_systems_seq
--

LOCK TABLES `vtiger_systems_seq` WRITE;
/*!40000 ALTER TABLE `vtiger_systems_seq` DISABLE KEYS */;
INSERT INTO vtiger_systems_seq ( ID ) VALUES ( 1 );
/*!40000 ALTER TABLE `vtiger_systems_seq` ENABLE KEYS */;
UNLOCK TABLES;

--
-- Table structure for table vtiger_tab
--

DROP TABLE IF EXISTS vtiger_tab;
SET @saved_cs_client = @@character_set_client;
SET character_set_client = utf8;
CREATE TABLE `vtiger_tab` (
  `tabid` int(19) NOT NULL DEFAULT '0',
  `name` varchar(25) NOT NULL,
  `presence` int(19) NOT NULL DEFAULT '1',
  `tabsequence` int(10) DEFAULT NULL,
  `tablabel` varchar(25) NOT NULL,
  `modifiedby` int(19) DEFAULT NULL,
  `modifiedtime` int(19) DEFAULT NULL,
  `customized` int(19) DEFAULT NULL,
  `ownedby` int(19) DEFAULT NULL,
  `isentitytype` int(11) NOT NULL DEFAULT '1',
  `version` varchar(10) DEFAULT NULL,
  `parent` varchar(30) DEFAULT NULL,
  PRIMARY KEY (`tabid`),
  UNIQUE KEY `tab_name_idx` (`name`),
  KEY `tab_modifiedby_idx` (`modifiedby`),
  KEY `tab_tabid_idx` (`tabid`)
) ENGINE=InnoDB DEFAULT CHARSET=utf8;
SET character_set_client = @saved_cs_client;

--
-- Dumping data for table vtiger_tab
--

LOCK TABLES `vtiger_tab` WRITE;
/*!40000 ALTER TABLE `vtiger_tab` DISABLE KEYS */;
INSERT INTO vtiger_tab ( TABID, NAME, PRESENCE, TABSEQUENCE, TABLABEL, MODIFIEDBY, MODIFIEDTIME, CUSTOMIZED, OWNEDBY, ISENTITYTYPE, VERSION, PARENT ) VALUES ( 1, 'Dashboard', 0, 6, 'Dashboards', 0, 0, 0, 1, 0, '', 'Analytics' ), ( 2, 'Potentials', 0, 3, 'Potentials', 0, 0, 0, 0, 1, '', 'Sales' ), ( 3, 'Home', 0, -1, 'Home', 0, 0, 0, 1, 0, '', '' ), ( 4, 'Contacts', 0, 2, 'Contacts', 0, 0, 0, 0, 1, '', 'Sales' ), ( 6, 'Accounts', 0, 4, 'Accounts', 0, 0, 0, 0, 1, '', 'Sales' ), ( 7, 'Leads', 0, -1, 'Leads', 0, 0, 0, 0, 1, '', 'Sales' ), ( 8, 'Documents', 0, -1, 'Documents', 0, 0, 0, 0, 1, '', 'Tools' ), ( 9, 'Calendar', 0, 1, 'Calendar', 0, 0, 0, 0, 1, '', 'Tools' ), ( 10, 'Emails', 0, 5, 'Emails', 0, 0, 0, 1, 1, '', 'Tools' ), ( 13, 'HelpDesk', 0, -1, 'HelpDesk', 0, 0, 0, 0, 1, '', 'Support' ), ( 14, 'Products', 0, -1, 'Products', 0, 0, 0, 0, 1, '', 'Inventory' ), ( 15, 'Faq', 0, -1, 'Faq', 0, 0, 0, 1, 1, '', 'Support' ), ( 16, 'Events', 2, -1, 'Events', 0, 0, 0, 0, 1, '', '' ), ( 18, 'Vendors', 0, -1, 'Vendors', 0, 0, 0, 1, 1, '', 'Inventory' ), ( 19, 'PriceBooks', 0, -1, 'PriceBooks', 0, 0, 0, 1, 1, '', 'Inventory' ), ( 20, 'Quotes', 0, -1, 'Quotes', 0, 0, 0, 0, 1, '', 'Sales' ), ( 21, 'PurchaseOrder', 0, -1, 'PurchaseOrder', 0, 0, 0, 0, 1, '', 'Inventory' ), ( 22, 'SalesOrder', 0, -1, 'SalesOrder', 0, 0, 0, 0, 1, '', 'Sales' ), ( 23, 'Invoice', 0, -1, 'Invoice', 0, 0, 0, 0, 1, '', 'Sales' ), ( 24, 'Rss', 0, -1, 'Rss', 0, 0, 0, 1, 0, '', 'Tools' ), ( 25, 'Reports', 0, -1, 'Reports', 0, 0, 0, 1, 0, '', 'Analytics' ), ( 26, 'Campaigns', 0, -1, 'Campaigns', 0, 0, 0, 0, 1, '', 'Marketing' ), ( 27, 'Portal', 0, -1, 'Portal', 0, 0, 0, 1, 0, '', 'Tools' ), ( 28, 'Webmails', 0, -1, 'Webmails', 0, 0, 0, 1, 1, '', '' ), ( 29, 'Users', 0, -1, 'Users', 0, 0, 0, 1, 0, '', '' ), ( 30, 'ServiceContracts', 0, -1, 'Service Contracts', 0, 0, 0, 0, 1, '2.1', 'Support' ), ( 31, 'ModTracker', 0, -1, 'ModTracker', 0, 0, 0, 0, 0, '1.0', '' ), ( 32, 'MailManager', 0, -1, 'MailManager', 0, 0, 1, 0, 0, '1.4', 'Tools' ), ( 33, 'Import', 0, -1, 'Import', 0, 0, 1, 0, 0, '1.2', '' ), ( 34, 'Mobile', 0, -1, 'Mobile', 0, 0, 1, 0, 0, '1.6', '' ), ( 35, 'ConfigEditor', 0, -1, 'ConfigEditor', 0, 0, 1, 0, 0, '1.9', '' ), ( 36, 'Integration', 0, -1, 'Integration', 0, 0, 1, 0, 0, '1.0', 'Tools' ), ( 37, 'VtigerBackup', 0, -1, 'Vtiger Backup', 0, 0, 0, 0, 0, '1.2', '' ), ( 38, 'WSAPP', 0, -1, 'WSAPP', 0, 0, 1, 0, 0, '3.4.4', '' ), ( 39, 'PBXManager', 0, -1, 'PBXManager', 0, 0, 0, 0, 1, '1.7', 'Tools' ), ( 40, 'Services', 0, -1, 'Services', 0, 0, 0, 0, 1, '2.2', 'Inventory' ), ( 41, 'SMSNotifier', 0, -1, 'SMSNotifier', 0, 0, 0, 0, 1, '1.8', 'Tools' ), ( 42, 'CronTasks', 0, -1, 'CronTasks', 0, 0, 1, 0, 0, '1.1', '' ), ( 43, 'Assets', 0, -1, 'Assets', 0, 0, 0, 0, 1, '1.6', 'Inventory' ), ( 44, 'Tooltip', 0, -1, 'Tool Tip', 0, 0, 0, 0, 0, '1.2', '' ), ( 45, 'ProjectMilestone', 0, -1, 'ProjectMilestone', 0, 0, 0, 0, 1, '2.7', 'Support' ), ( 46, 'ProjectTask', 0, 7, 'ProjectTask', 0, 0, 0, 0, 1, '2.7', 'Support' ), ( 47, 'Project', 0, -1, 'Project', 0, 0, 0, 0, 1, '2.7', 'Support' ), ( 48, 'Webforms', 0, -1, 'Webforms', 0, 0, 0, 0, 0, '1.2', '' ), ( 49, 'CustomerPortal', 0, -1, 'CustomerPortal', 0, 0, 0, 0, 0, '1.4', '' ), ( 50, 'RecycleBin', 0, -1, 'Recycle Bin', 0, 0, 0, 0, 0, '1.5', 'Tools' ), ( 51, 'ModComments', 0, -1, 'Comments', 0, 0, 0, 0, 1, '1.9', 'Tools' ), ( 52, 'FieldFormulas', 0, -1, 'Field Formulas', 0, 0, 0, 0, 0, '1.2', '' );
/*!40000 ALTER TABLE `vtiger_tab` ENABLE KEYS */;
UNLOCK TABLES;

--
-- Table structure for table vtiger_tab_info
--

DROP TABLE IF EXISTS vtiger_tab_info;
SET @saved_cs_client = @@character_set_client;
SET character_set_client = utf8;
CREATE TABLE `vtiger_tab_info` (
  `tabid` int(19) DEFAULT NULL,
  `prefname` varchar(256) DEFAULT NULL,
  `prefvalue` varchar(256) DEFAULT NULL,
  KEY `fk_1_vtiger_tab_info` (`tabid`),
  CONSTRAINT `fk_1_vtiger_tab_info` FOREIGN KEY (`tabid`) REFERENCES `vtiger_tab` (`tabid`) ON DELETE CASCADE ON UPDATE CASCADE
) ENGINE=InnoDB DEFAULT CHARSET=utf8;
SET character_set_client = @saved_cs_client;

--
-- Dumping data for table vtiger_tab_info
--

LOCK TABLES `vtiger_tab_info` WRITE;
/*!40000 ALTER TABLE `vtiger_tab_info` DISABLE KEYS */;
INSERT INTO vtiger_tab_info ( TABID, PREFNAME, PREFVALUE ) VALUES ( 30, 'vtiger_min_version', '5.1.0' ), ( 30, 'vtiger_max_version', '5.*' ), ( 31, 'vtiger_min_version', '5.1.0' ), ( 32, 'vtiger_min_version', '5.2.0' ), ( 33, 'vtiger_min_version', '5.3.0' ), ( 33, 'vtiger_max_version', '5.*' ), ( 34, 'vtiger_min_version', '5.3.4' ), ( 35, 'vtiger_min_version', '5.1.0' ), ( 35, 'vtiger_max_version', '5.*' ), ( 36, 'vtiger_min_version', '5.1.0' ), ( 37, 'vtiger_min_version', '5.1.0' ), ( 38, 'vtiger_min_version', '5.1.0' ), ( 39, 'vtiger_min_version', '5.1.0' ), ( 39, 'vtiger_max_version', '5.*' ), ( 40, 'vtiger_min_version', '5.1.0' ), ( 40, 'vtiger_max_version', '5.*' ), ( 41, 'vtiger_min_version', '5.1.0' ), ( 41, 'vtiger_max_version', '5.*' ), ( 42, 'vtiger_min_version', '5.3.1' ), ( 42, 'vtiger_max_version', '5.*' ), ( 43, 'vtiger_min_version', '5.1.0' ), ( 43, 'vtiger_max_version', '5.*' ), ( 44, 'vtiger_min_version', '5.1.0' ), ( 44, 'vtiger_max_version', '5.*' ), ( 45, 'vtiger_min_version', '5.2.0' ), ( 46, 'vtiger_min_version', '5.2.0' ), ( 47, 'vtiger_min_version', '5.2.0' ), ( 48, 'vtiger_min_version', '5.3.0' ), ( 48, 'vtiger_max_version', '5.*' ), ( 49, 'vtiger_min_version', '5.1.0' ), ( 49, 'vtiger_max_version', '5.*' ), ( 50, 'vtiger_min_version', '5.1.0' ), ( 50, 'vtiger_max_version', '5.*' ), ( 51, 'vtiger_min_version', '5.1.0' ), ( 51, 'vtiger_max_version', '5.*' ), ( 52, 'vtiger_min_version', '5.1.0' ), ( 52, 'vtiger_max_version', '5.*' );
/*!40000 ALTER TABLE `vtiger_tab_info` ENABLE KEYS */;
UNLOCK TABLES;

--
-- Table structure for table vtiger_taskpriority
--

DROP TABLE IF EXISTS vtiger_taskpriority;
SET @saved_cs_client = @@character_set_client;
SET character_set_client = utf8;
CREATE TABLE `vtiger_taskpriority` (
  `taskpriorityid` int(19) NOT NULL AUTO_INCREMENT,
  `taskpriority` varchar(200) DEFAULT NULL,
  `presence` int(1) NOT NULL DEFAULT '1',
  `picklist_valueid` int(19) NOT NULL DEFAULT '0',
  PRIMARY KEY (`taskpriorityid`)
) ENGINE=InnoDB AUTO_INCREMENT=4 DEFAULT CHARSET=utf8;
SET character_set_client = @saved_cs_client;

--
-- Dumping data for table vtiger_taskpriority
--

LOCK TABLES `vtiger_taskpriority` WRITE;
/*!40000 ALTER TABLE `vtiger_taskpriority` DISABLE KEYS */;
INSERT INTO vtiger_taskpriority ( TASKPRIORITYID, TASKPRIORITY, PRESENCE, PICKLIST_VALUEID ) VALUES ( 1, 'High', 1, 170 ), ( 2, 'Medium', 1, 171 ), ( 3, 'Low', 1, 172 );
/*!40000 ALTER TABLE `vtiger_taskpriority` ENABLE KEYS */;
UNLOCK TABLES;

--
-- Table structure for table vtiger_taskpriority_seq
--

DROP TABLE IF EXISTS vtiger_taskpriority_seq;
SET @saved_cs_client = @@character_set_client;
SET character_set_client = utf8;
CREATE TABLE `vtiger_taskpriority_seq` (
  `id` int(11) NOT NULL
) ENGINE=MyISAM DEFAULT CHARSET=utf8;
SET character_set_client = @saved_cs_client;

--
-- Dumping data for table vtiger_taskpriority_seq
--

LOCK TABLES `vtiger_taskpriority_seq` WRITE;
/*!40000 ALTER TABLE `vtiger_taskpriority_seq` DISABLE KEYS */;
INSERT INTO vtiger_taskpriority_seq ( ID ) VALUES ( 3 );
/*!40000 ALTER TABLE `vtiger_taskpriority_seq` ENABLE KEYS */;
UNLOCK TABLES;

--
-- Table structure for table vtiger_taskstatus
--

DROP TABLE IF EXISTS vtiger_taskstatus;
SET @saved_cs_client = @@character_set_client;
SET character_set_client = utf8;
CREATE TABLE `vtiger_taskstatus` (
  `taskstatusid` int(19) NOT NULL AUTO_INCREMENT,
  `taskstatus` varchar(200) DEFAULT NULL,
  `presence` int(1) NOT NULL DEFAULT '1',
  `picklist_valueid` int(19) NOT NULL DEFAULT '0',
  PRIMARY KEY (`taskstatusid`)
) ENGINE=InnoDB AUTO_INCREMENT=7 DEFAULT CHARSET=utf8;
SET character_set_client = @saved_cs_client;

--
-- Dumping data for table vtiger_taskstatus
--

LOCK TABLES `vtiger_taskstatus` WRITE;
/*!40000 ALTER TABLE `vtiger_taskstatus` DISABLE KEYS */;
INSERT INTO vtiger_taskstatus ( TASKSTATUSID, TASKSTATUS, PRESENCE, PICKLIST_VALUEID ) VALUES ( 1, 'Not Started', 0, 173 ), ( 2, 'In Progress', 0, 174 ), ( 3, 'Completed', 0, 175 ), ( 4, 'Pending Input', 0, 176 ), ( 5, 'Deferred', 0, 177 ), ( 6, 'Planned', 0, 178 );
/*!40000 ALTER TABLE `vtiger_taskstatus` ENABLE KEYS */;
UNLOCK TABLES;

--
-- Table structure for table vtiger_taskstatus_seq
--

DROP TABLE IF EXISTS vtiger_taskstatus_seq;
SET @saved_cs_client = @@character_set_client;
SET character_set_client = utf8;
CREATE TABLE `vtiger_taskstatus_seq` (
  `id` int(11) NOT NULL
) ENGINE=MyISAM DEFAULT CHARSET=utf8;
SET character_set_client = @saved_cs_client;

--
-- Dumping data for table vtiger_taskstatus_seq
--

LOCK TABLES `vtiger_taskstatus_seq` WRITE;
/*!40000 ALTER TABLE `vtiger_taskstatus_seq` DISABLE KEYS */;
INSERT INTO vtiger_taskstatus_seq ( ID ) VALUES ( 6 );
/*!40000 ALTER TABLE `vtiger_taskstatus_seq` ENABLE KEYS */;
UNLOCK TABLES;

--
-- Table structure for table vtiger_taxclass
--

DROP TABLE IF EXISTS vtiger_taxclass;
SET @saved_cs_client = @@character_set_client;
SET character_set_client = utf8;
CREATE TABLE `vtiger_taxclass` (
  `taxclassid` int(19) NOT NULL AUTO_INCREMENT,
  `taxclass` varchar(200) NOT NULL,
  `sortorderid` int(19) NOT NULL DEFAULT '0',
  `presence` int(1) NOT NULL DEFAULT '1',
  PRIMARY KEY (`taxclassid`),
  UNIQUE KEY `taxclass_carrier_idx` (`taxclass`)
) ENGINE=InnoDB AUTO_INCREMENT=3 DEFAULT CHARSET=utf8;
SET character_set_client = @saved_cs_client;

--
-- Dumping data for table vtiger_taxclass
--

LOCK TABLES `vtiger_taxclass` WRITE;
/*!40000 ALTER TABLE `vtiger_taxclass` DISABLE KEYS */;
INSERT INTO vtiger_taxclass ( TAXCLASSID, TAXCLASS, SORTORDERID, PRESENCE ) VALUES ( 1, 'SalesTax', 0, 1 ), ( 2, 'Vat', 1, 1 );
/*!40000 ALTER TABLE `vtiger_taxclass` ENABLE KEYS */;
UNLOCK TABLES;

--
-- Table structure for table vtiger_taxclass_seq
--

DROP TABLE IF EXISTS vtiger_taxclass_seq;
SET @saved_cs_client = @@character_set_client;
SET character_set_client = utf8;
CREATE TABLE `vtiger_taxclass_seq` (
  `id` int(11) NOT NULL
) ENGINE=MyISAM DEFAULT CHARSET=utf8;
SET character_set_client = @saved_cs_client;

--
-- Dumping data for table vtiger_taxclass_seq
--

LOCK TABLES `vtiger_taxclass_seq` WRITE;
/*!40000 ALTER TABLE `vtiger_taxclass_seq` DISABLE KEYS */;
INSERT INTO vtiger_taxclass_seq ( ID ) VALUES ( 2 );
/*!40000 ALTER TABLE `vtiger_taxclass_seq` ENABLE KEYS */;
UNLOCK TABLES;

--
-- Table structure for table vtiger_ticketcategories
--

DROP TABLE IF EXISTS vtiger_ticketcategories;
SET @saved_cs_client = @@character_set_client;
SET character_set_client = utf8;
CREATE TABLE `vtiger_ticketcategories` (
  `ticketcategories_id` int(19) NOT NULL AUTO_INCREMENT,
  `ticketcategories` varchar(200) DEFAULT NULL,
  `presence` int(1) NOT NULL DEFAULT '0',
  `picklist_valueid` int(19) NOT NULL DEFAULT '0',
  PRIMARY KEY (`ticketcategories_id`)
) ENGINE=InnoDB AUTO_INCREMENT=4 DEFAULT CHARSET=utf8;
SET character_set_client = @saved_cs_client;

--
-- Dumping data for table vtiger_ticketcategories
--

LOCK TABLES `vtiger_ticketcategories` WRITE;
/*!40000 ALTER TABLE `vtiger_ticketcategories` DISABLE KEYS */;
INSERT INTO vtiger_ticketcategories ( TICKETCATEGORIES_ID, TICKETCATEGORIES, PRESENCE, PICKLIST_VALUEID ) VALUES ( 1, 'Big Problem', 1, 179 ), ( 2, 'Small Problem', 1, 180 ), ( 3, 'Other Problem', 1, 181 );
/*!40000 ALTER TABLE `vtiger_ticketcategories` ENABLE KEYS */;
UNLOCK TABLES;

--
-- Table structure for table vtiger_ticketcategories_seq
--

DROP TABLE IF EXISTS vtiger_ticketcategories_seq;
SET @saved_cs_client = @@character_set_client;
SET character_set_client = utf8;
CREATE TABLE `vtiger_ticketcategories_seq` (
  `id` int(11) NOT NULL
) ENGINE=MyISAM DEFAULT CHARSET=utf8;
SET character_set_client = @saved_cs_client;

--
-- Dumping data for table vtiger_ticketcategories_seq
--

LOCK TABLES `vtiger_ticketcategories_seq` WRITE;
/*!40000 ALTER TABLE `vtiger_ticketcategories_seq` DISABLE KEYS */;
INSERT INTO vtiger_ticketcategories_seq ( ID ) VALUES ( 3 );
/*!40000 ALTER TABLE `vtiger_ticketcategories_seq` ENABLE KEYS */;
UNLOCK TABLES;

--
-- Table structure for table vtiger_ticketcf
--

DROP TABLE IF EXISTS vtiger_ticketcf;
SET @saved_cs_client = @@character_set_client;
SET character_set_client = utf8;
CREATE TABLE `vtiger_ticketcf` (
  `ticketid` int(19) NOT NULL DEFAULT '0',
  PRIMARY KEY (`ticketid`),
  CONSTRAINT `fk_1_vtiger_ticketcf` FOREIGN KEY (`ticketid`) REFERENCES `vtiger_troubletickets` (`ticketid`) ON DELETE CASCADE
) ENGINE=InnoDB DEFAULT CHARSET=utf8;
SET character_set_client = @saved_cs_client;

--
-- Dumping data for table vtiger_ticketcf
--

LOCK TABLES `vtiger_ticketcf` WRITE;
/*!40000 ALTER TABLE `vtiger_ticketcf` DISABLE KEYS */;

/*!40000 ALTER TABLE `vtiger_ticketcf` ENABLE KEYS */;
UNLOCK TABLES;

--
-- Table structure for table vtiger_ticketcomments
--

DROP TABLE IF EXISTS vtiger_ticketcomments;
SET @saved_cs_client = @@character_set_client;
SET character_set_client = utf8;
CREATE TABLE `vtiger_ticketcomments` (
  `commentid` int(19) NOT NULL AUTO_INCREMENT,
  `ticketid` int(19) DEFAULT NULL,
  `comments` text,
  `ownerid` int(19) NOT NULL DEFAULT '0',
  `ownertype` varchar(10) DEFAULT NULL,
  `createdtime` datetime NOT NULL,
  PRIMARY KEY (`commentid`),
  KEY `ticketcomments_ticketid_idx` (`ticketid`),
  CONSTRAINT `fk_1_vtiger_ticketcomments` FOREIGN KEY (`ticketid`) REFERENCES `vtiger_troubletickets` (`ticketid`) ON DELETE CASCADE
) ENGINE=InnoDB DEFAULT CHARSET=utf8;
SET character_set_client = @saved_cs_client;

--
-- Dumping data for table vtiger_ticketcomments
--

LOCK TABLES `vtiger_ticketcomments` WRITE;
/*!40000 ALTER TABLE `vtiger_ticketcomments` DISABLE KEYS */;

/*!40000 ALTER TABLE `vtiger_ticketcomments` ENABLE KEYS */;
UNLOCK TABLES;

--
-- Table structure for table vtiger_ticketpriorities
--

DROP TABLE IF EXISTS vtiger_ticketpriorities;
SET @saved_cs_client = @@character_set_client;
SET character_set_client = utf8;
CREATE TABLE `vtiger_ticketpriorities` (
  `ticketpriorities_id` int(19) NOT NULL AUTO_INCREMENT,
  `ticketpriorities` varchar(200) DEFAULT NULL,
  `presence` int(1) NOT NULL DEFAULT '0',
  `picklist_valueid` int(19) NOT NULL DEFAULT '0',
  PRIMARY KEY (`ticketpriorities_id`)
) ENGINE=InnoDB AUTO_INCREMENT=5 DEFAULT CHARSET=utf8;
SET character_set_client = @saved_cs_client;

--
-- Dumping data for table vtiger_ticketpriorities
--

LOCK TABLES `vtiger_ticketpriorities` WRITE;
/*!40000 ALTER TABLE `vtiger_ticketpriorities` DISABLE KEYS */;
INSERT INTO vtiger_ticketpriorities ( TICKETPRIORITIES_ID, TICKETPRIORITIES, PRESENCE, PICKLIST_VALUEID ) VALUES ( 1, 'Low', 1, 182 ), ( 2, 'Normal', 1, 183 ), ( 3, 'High', 1, 184 ), ( 4, 'Urgent', 1, 185 );
/*!40000 ALTER TABLE `vtiger_ticketpriorities` ENABLE KEYS */;
UNLOCK TABLES;

--
-- Table structure for table vtiger_ticketpriorities_seq
--

DROP TABLE IF EXISTS vtiger_ticketpriorities_seq;
SET @saved_cs_client = @@character_set_client;
SET character_set_client = utf8;
CREATE TABLE `vtiger_ticketpriorities_seq` (
  `id` int(11) NOT NULL
) ENGINE=MyISAM DEFAULT CHARSET=utf8;
SET character_set_client = @saved_cs_client;

--
-- Dumping data for table vtiger_ticketpriorities_seq
--

LOCK TABLES `vtiger_ticketpriorities_seq` WRITE;
/*!40000 ALTER TABLE `vtiger_ticketpriorities_seq` DISABLE KEYS */;
INSERT INTO vtiger_ticketpriorities_seq ( ID ) VALUES ( 4 );
/*!40000 ALTER TABLE `vtiger_ticketpriorities_seq` ENABLE KEYS */;
UNLOCK TABLES;

--
-- Table structure for table vtiger_ticketseverities
--

DROP TABLE IF EXISTS vtiger_ticketseverities;
SET @saved_cs_client = @@character_set_client;
SET character_set_client = utf8;
CREATE TABLE `vtiger_ticketseverities` (
  `ticketseverities_id` int(19) NOT NULL AUTO_INCREMENT,
  `ticketseverities` varchar(200) DEFAULT NULL,
  `presence` int(1) NOT NULL DEFAULT '0',
  `picklist_valueid` int(19) NOT NULL DEFAULT '0',
  PRIMARY KEY (`ticketseverities_id`)
) ENGINE=InnoDB AUTO_INCREMENT=5 DEFAULT CHARSET=utf8;
SET character_set_client = @saved_cs_client;

--
-- Dumping data for table vtiger_ticketseverities
--

LOCK TABLES `vtiger_ticketseverities` WRITE;
/*!40000 ALTER TABLE `vtiger_ticketseverities` DISABLE KEYS */;
INSERT INTO vtiger_ticketseverities ( TICKETSEVERITIES_ID, TICKETSEVERITIES, PRESENCE, PICKLIST_VALUEID ) VALUES ( 1, 'Minor', 1, 186 ), ( 2, 'Major', 1, 187 ), ( 3, 'Feature', 1, 188 ), ( 4, 'Critical', 1, 189 );
/*!40000 ALTER TABLE `vtiger_ticketseverities` ENABLE KEYS */;
UNLOCK TABLES;

--
-- Table structure for table vtiger_ticketseverities_seq
--

DROP TABLE IF EXISTS vtiger_ticketseverities_seq;
SET @saved_cs_client = @@character_set_client;
SET character_set_client = utf8;
CREATE TABLE `vtiger_ticketseverities_seq` (
  `id` int(11) NOT NULL
) ENGINE=MyISAM DEFAULT CHARSET=utf8;
SET character_set_client = @saved_cs_client;

--
-- Dumping data for table vtiger_ticketseverities_seq
--

LOCK TABLES `vtiger_ticketseverities_seq` WRITE;
/*!40000 ALTER TABLE `vtiger_ticketseverities_seq` DISABLE KEYS */;
INSERT INTO vtiger_ticketseverities_seq ( ID ) VALUES ( 4 );
/*!40000 ALTER TABLE `vtiger_ticketseverities_seq` ENABLE KEYS */;
UNLOCK TABLES;

--
-- Table structure for table vtiger_ticketstatus
--

DROP TABLE IF EXISTS vtiger_ticketstatus;
SET @saved_cs_client = @@character_set_client;
SET character_set_client = utf8;
CREATE TABLE `vtiger_ticketstatus` (
  `ticketstatus_id` int(19) NOT NULL AUTO_INCREMENT,
  `ticketstatus` varchar(200) DEFAULT NULL,
  `presence` int(1) NOT NULL DEFAULT '0',
  `picklist_valueid` int(19) NOT NULL DEFAULT '0',
  PRIMARY KEY (`ticketstatus_id`)
) ENGINE=InnoDB AUTO_INCREMENT=5 DEFAULT CHARSET=utf8;
SET character_set_client = @saved_cs_client;

--
-- Dumping data for table vtiger_ticketstatus
--

LOCK TABLES `vtiger_ticketstatus` WRITE;
/*!40000 ALTER TABLE `vtiger_ticketstatus` DISABLE KEYS */;
INSERT INTO vtiger_ticketstatus ( TICKETSTATUS_ID, TICKETSTATUS, PRESENCE, PICKLIST_VALUEID ) VALUES ( 1, 'Open', 0, 190 ), ( 2, 'In Progress', 0, 191 ), ( 3, 'Wait For Response', 0, 192 ), ( 4, 'Closed', 0, 193 );
/*!40000 ALTER TABLE `vtiger_ticketstatus` ENABLE KEYS */;
UNLOCK TABLES;

--
-- Table structure for table vtiger_ticketstatus_seq
--

DROP TABLE IF EXISTS vtiger_ticketstatus_seq;
SET @saved_cs_client = @@character_set_client;
SET character_set_client = utf8;
CREATE TABLE `vtiger_ticketstatus_seq` (
  `id` int(11) NOT NULL
) ENGINE=MyISAM DEFAULT CHARSET=utf8;
SET character_set_client = @saved_cs_client;

--
-- Dumping data for table vtiger_ticketstatus_seq
--

LOCK TABLES `vtiger_ticketstatus_seq` WRITE;
/*!40000 ALTER TABLE `vtiger_ticketstatus_seq` DISABLE KEYS */;
INSERT INTO vtiger_ticketstatus_seq ( ID ) VALUES ( 4 );
/*!40000 ALTER TABLE `vtiger_ticketstatus_seq` ENABLE KEYS */;
UNLOCK TABLES;

--
-- Table structure for table vtiger_ticketstracktime
--

DROP TABLE IF EXISTS vtiger_ticketstracktime;
SET @saved_cs_client = @@character_set_client;
SET character_set_client = utf8;
CREATE TABLE `vtiger_ticketstracktime` (
  `ticket_id` int(11) NOT NULL DEFAULT '0',
  `supporter_id` int(11) NOT NULL DEFAULT '0',
  `minutes` int(11) DEFAULT '0',
  `date_logged` int(11) NOT NULL DEFAULT '0',
  PRIMARY KEY (`ticket_id`),
  KEY `ticketstracktime_ticket_id_idx` (`ticket_id`)
) ENGINE=InnoDB DEFAULT CHARSET=utf8;
SET character_set_client = @saved_cs_client;

--
-- Dumping data for table vtiger_ticketstracktime
--

LOCK TABLES `vtiger_ticketstracktime` WRITE;
/*!40000 ALTER TABLE `vtiger_ticketstracktime` DISABLE KEYS */;

/*!40000 ALTER TABLE `vtiger_ticketstracktime` ENABLE KEYS */;
UNLOCK TABLES;

--
-- Table structure for table vtiger_time_zone
--

DROP TABLE IF EXISTS vtiger_time_zone;
SET @saved_cs_client = @@character_set_client;
SET character_set_client = utf8;
CREATE TABLE `vtiger_time_zone` (
  `time_zoneid` int(19) NOT NULL AUTO_INCREMENT,
  `time_zone` varchar(200) NOT NULL,
  `sortorderid` int(19) NOT NULL DEFAULT '0',
  `presence` int(1) NOT NULL DEFAULT '1',
  PRIMARY KEY (`time_zoneid`)
) ENGINE=InnoDB AUTO_INCREMENT=97 DEFAULT CHARSET=utf8;
SET character_set_client = @saved_cs_client;

--
-- Dumping data for table vtiger_time_zone
--

LOCK TABLES `vtiger_time_zone` WRITE;
/*!40000 ALTER TABLE `vtiger_time_zone` DISABLE KEYS */;
INSERT INTO vtiger_time_zone ( TIME_ZONEID, TIME_ZONE, SORTORDERID, PRESENCE ) VALUES ( 1, 'Pacific/Midway', 0, 1 ), ( 2, 'Pacific/Samoa', 1, 1 ), ( 3, 'Pacific/Honolulu', 2, 1 ), ( 4, 'America/Anchorage', 3, 1 ), ( 5, 'America/Los_Angeles', 4, 1 ), ( 6, 'America/Tijuana', 5, 1 ), ( 7, 'America/Denver', 6, 1 ), ( 8, 'America/Chihuahua', 7, 1 ), ( 9, 'America/Mazatlan', 8, 1 ), ( 10, 'America/Phoenix', 9, 1 ), ( 11, 'America/Regina', 10, 1 ), ( 12, 'America/Tegucigalpa', 11, 1 ), ( 13, 'America/Chicago', 12, 1 ), ( 14, 'America/Mexico_City', 13, 1 ), ( 15, 'America/Monterrey', 14, 1 ), ( 16, 'America/New_York', 15, 1 ), ( 17, 'America/Bogota', 16, 1 ), ( 18, 'America/Lima', 17, 1 ), ( 19, 'America/Rio_Branco', 18, 1 ), ( 20, 'America/Indiana/Indianapolis', 19, 1 ), ( 21, 'America/Caracas', 20, 1 ), ( 22, 'America/Halifax', 21, 1 ), ( 23, 'America/Manaus', 22, 1 ), ( 24, 'America/Santiago', 23, 1 ), ( 25, 'America/La_Paz', 24, 1 ), ( 26, 'America/Cuiaba', 25, 1 ), ( 27, 'America/Asuncion', 26, 1 ), ( 28, 'America/St_Johns', 27, 1 ), ( 29, 'America/Argentina/Buenos_Aires', 28, 1 ), ( 30, 'America/Sao_Paulo', 29, 1 ), ( 31, 'America/Godthab', 30, 1 ), ( 32, 'America/Montevideo', 31, 1 ), ( 33, 'Atlantic/South_Georgia', 32, 1 ), ( 34, 'Atlantic/Azores', 33, 1 ), ( 35, 'Atlantic/Cape_Verde', 34, 1 ), ( 36, 'Europe/London', 35, 1 ), ( 37, 'UTC', 36, 1 ), ( 38, 'Africa/Monrovia', 37, 1 ), ( 39, 'Africa/Casablanca', 38, 1 ), ( 40, 'Europe/Belgrade', 39, 1 ), ( 41, 'Europe/Sarajevo', 40, 1 ), ( 42, 'Europe/Brussels', 41, 1 ), ( 43, 'Africa/Algiers', 42, 1 ), ( 44, 'Europe/Amsterdam', 43, 1 ), ( 45, 'Europe/Minsk', 44, 1 ), ( 46, 'Africa/Cairo', 45, 1 ), ( 47, 'Europe/Helsinki', 46, 1 ), ( 48, 'Europe/Athens', 47, 1 ), ( 49, 'Europe/Istanbul', 48, 1 ), ( 50, 'Asia/Jerusalem', 49, 1 ), ( 51, 'Asia/Amman', 50, 1 ), ( 52, 'Asia/Beirut', 51, 1 ), ( 53, 'Africa/Windhoek', 52, 1 ), ( 54, 'Africa/Harare', 53, 1 ), ( 55, 'Asia/Kuwait', 54, 1 ), ( 56, 'Asia/Baghdad', 55, 1 ), ( 57, 'Africa/Nairobi', 56, 1 ), ( 58, 'Asia/Tehran', 57, 1 ), ( 59, 'Asia/Tbilisi', 58, 1 ), ( 60, 'Europe/Moscow', 59, 1 ), ( 61, 'Asia/Muscat', 60, 1 ), ( 62, 'Asia/Baku', 61, 1 ), ( 63, 'Asia/Yerevan', 62, 1 ), ( 64, 'Asia/Karachi', 63, 1 ), ( 65, 'Asia/Tashkent', 64, 1 ), ( 66, 'Asia/Kolkata', 65, 1 ), ( 67, 'Asia/Colombo', 66, 1 ), ( 68, 'Asia/Katmandu', 67, 1 ), ( 69, 'Asia/Dhaka', 68, 1 ), ( 70, 'Asia/Almaty', 69, 1 ), ( 71, 'Asia/Yekaterinburg', 70, 1 ), ( 72, 'Asia/Rangoon', 71, 1 ), ( 73, 'Asia/Novosibirsk', 72, 1 ), ( 74, 'Asia/Bangkok', 73, 1 ), ( 75, 'Asia/Brunei', 74, 1 ), ( 76, 'Asia/Krasnoyarsk', 75, 1 ), ( 77, 'Asia/Ulaanbaatar', 76, 1 ), ( 78, 'Asia/Kuala_Lumpur', 77, 1 ), ( 79, 'Asia/Taipei', 78, 1 ), ( 80, 'Australia/Perth', 79, 1 ), ( 81, 'Asia/Irkutsk', 80, 1 ), ( 82, 'Asia/Seoul', 81, 1 ), ( 83, 'Asia/Tokyo', 82, 1 ), ( 84, 'Australia/Darwin', 83, 1 ), ( 85, 'Australia/Adelaide', 84, 1 ), ( 86, 'Australia/Canberra', 85, 1 ), ( 87, 'Australia/Brisbane', 86, 1 ), ( 88, 'Australia/Hobart', 87, 1 ), ( 89, 'Asia/Vladivostok', 88, 1 ), ( 90, 'Pacific/Guam', 89, 1 ), ( 91, 'Asia/Yakutsk', 90, 1 ), ( 92, 'Pacific/Fiji', 91, 1 ), ( 93, 'Asia/Kamchatka', 92, 1 ), ( 94, 'Pacific/Auckland', 93, 1 ), ( 95, 'Asia/Magadan', 94, 1 ), ( 96, 'Pacific/Tongatapu', 95, 1 );
/*!40000 ALTER TABLE `vtiger_time_zone` ENABLE KEYS */;
UNLOCK TABLES;

--
-- Table structure for table vtiger_time_zone_seq
--

DROP TABLE IF EXISTS vtiger_time_zone_seq;
SET @saved_cs_client = @@character_set_client;
SET character_set_client = utf8;
CREATE TABLE `vtiger_time_zone_seq` (
  `id` int(11) NOT NULL
) ENGINE=MyISAM DEFAULT CHARSET=utf8;
SET character_set_client = @saved_cs_client;

--
-- Dumping data for table vtiger_time_zone_seq
--

LOCK TABLES `vtiger_time_zone_seq` WRITE;
/*!40000 ALTER TABLE `vtiger_time_zone_seq` DISABLE KEYS */;
INSERT INTO vtiger_time_zone_seq ( ID ) VALUES ( 96 );
/*!40000 ALTER TABLE `vtiger_time_zone_seq` ENABLE KEYS */;
UNLOCK TABLES;

--
-- Table structure for table vtiger_tmp_read_group_rel_sharing_per
--

DROP TABLE IF EXISTS vtiger_tmp_read_group_rel_sharing_per;
SET @saved_cs_client = @@character_set_client;
SET character_set_client = utf8;
CREATE TABLE `vtiger_tmp_read_group_rel_sharing_per` (
  `userid` int(11) NOT NULL,
  `tabid` int(11) NOT NULL,
  `relatedtabid` int(11) NOT NULL,
  `sharedgroupid` int(11) NOT NULL,
  PRIMARY KEY (`userid`,`tabid`,`relatedtabid`,`sharedgroupid`),
  KEY `tmp_read_group_rel_sharing_per_userid_sharedgroupid_tabid` (`userid`,`sharedgroupid`,`tabid`),
  CONSTRAINT `fk_4_vtiger_tmp_read_group_rel_sharing_per` FOREIGN KEY (`userid`) REFERENCES `vtiger_users` (`id`) ON DELETE CASCADE
) ENGINE=InnoDB DEFAULT CHARSET=utf8;
SET character_set_client = @saved_cs_client;

--
-- Dumping data for table vtiger_tmp_read_group_rel_sharing_per
--

LOCK TABLES `vtiger_tmp_read_group_rel_sharing_per` WRITE;
/*!40000 ALTER TABLE `vtiger_tmp_read_group_rel_sharing_per` DISABLE KEYS */;

/*!40000 ALTER TABLE `vtiger_tmp_read_group_rel_sharing_per` ENABLE KEYS */;
UNLOCK TABLES;

--
-- Table structure for table vtiger_tmp_read_group_sharing_per
--

DROP TABLE IF EXISTS vtiger_tmp_read_group_sharing_per;
SET @saved_cs_client = @@character_set_client;
SET character_set_client = utf8;
CREATE TABLE `vtiger_tmp_read_group_sharing_per` (
  `userid` int(11) NOT NULL,
  `tabid` int(11) NOT NULL,
  `sharedgroupid` int(11) NOT NULL,
  PRIMARY KEY (`userid`,`tabid`,`sharedgroupid`),
  KEY `tmp_read_group_sharing_per_userid_sharedgroupid_idx` (`userid`,`sharedgroupid`),
  CONSTRAINT `fk_3_vtiger_tmp_read_group_sharing_per` FOREIGN KEY (`userid`) REFERENCES `vtiger_users` (`id`) ON DELETE CASCADE
) ENGINE=InnoDB DEFAULT CHARSET=utf8;
SET character_set_client = @saved_cs_client;

--
-- Dumping data for table vtiger_tmp_read_group_sharing_per
--

LOCK TABLES `vtiger_tmp_read_group_sharing_per` WRITE;
/*!40000 ALTER TABLE `vtiger_tmp_read_group_sharing_per` DISABLE KEYS */;

/*!40000 ALTER TABLE `vtiger_tmp_read_group_sharing_per` ENABLE KEYS */;
UNLOCK TABLES;

--
-- Table structure for table vtiger_tmp_read_user_rel_sharing_per
--

DROP TABLE IF EXISTS vtiger_tmp_read_user_rel_sharing_per;
SET @saved_cs_client = @@character_set_client;
SET character_set_client = utf8;
CREATE TABLE `vtiger_tmp_read_user_rel_sharing_per` (
  `userid` int(11) NOT NULL,
  `tabid` int(11) NOT NULL,
  `relatedtabid` int(11) NOT NULL,
  `shareduserid` int(11) NOT NULL,
  PRIMARY KEY (`userid`,`tabid`,`relatedtabid`,`shareduserid`),
  KEY `tmp_read_user_rel_sharing_per_userid_shared_reltabid_idx` (`userid`,`shareduserid`,`relatedtabid`),
  CONSTRAINT `fk_4_vtiger_tmp_read_user_rel_sharing_per` FOREIGN KEY (`userid`) REFERENCES `vtiger_users` (`id`) ON DELETE CASCADE
) ENGINE=InnoDB DEFAULT CHARSET=utf8;
SET character_set_client = @saved_cs_client;

--
-- Dumping data for table vtiger_tmp_read_user_rel_sharing_per
--

LOCK TABLES `vtiger_tmp_read_user_rel_sharing_per` WRITE;
/*!40000 ALTER TABLE `vtiger_tmp_read_user_rel_sharing_per` DISABLE KEYS */;

/*!40000 ALTER TABLE `vtiger_tmp_read_user_rel_sharing_per` ENABLE KEYS */;
UNLOCK TABLES;

--
-- Table structure for table vtiger_tmp_read_user_sharing_per
--

DROP TABLE IF EXISTS vtiger_tmp_read_user_sharing_per;
SET @saved_cs_client = @@character_set_client;
SET character_set_client = utf8;
CREATE TABLE `vtiger_tmp_read_user_sharing_per` (
  `userid` int(11) NOT NULL,
  `tabid` int(11) NOT NULL,
  `shareduserid` int(11) NOT NULL,
  PRIMARY KEY (`userid`,`tabid`,`shareduserid`),
  KEY `tmp_read_user_sharing_per_userid_shareduserid_idx` (`userid`,`shareduserid`),
  CONSTRAINT `fk_3_vtiger_tmp_read_user_sharing_per` FOREIGN KEY (`userid`) REFERENCES `vtiger_users` (`id`) ON DELETE CASCADE
) ENGINE=InnoDB DEFAULT CHARSET=utf8;
SET character_set_client = @saved_cs_client;

--
-- Dumping data for table vtiger_tmp_read_user_sharing_per
--

LOCK TABLES `vtiger_tmp_read_user_sharing_per` WRITE;
/*!40000 ALTER TABLE `vtiger_tmp_read_user_sharing_per` DISABLE KEYS */;

/*!40000 ALTER TABLE `vtiger_tmp_read_user_sharing_per` ENABLE KEYS */;
UNLOCK TABLES;

--
-- Table structure for table vtiger_tmp_write_group_rel_sharing_per
--

DROP TABLE IF EXISTS vtiger_tmp_write_group_rel_sharing_per;
SET @saved_cs_client = @@character_set_client;
SET character_set_client = utf8;
CREATE TABLE `vtiger_tmp_write_group_rel_sharing_per` (
  `userid` int(11) NOT NULL,
  `tabid` int(11) NOT NULL,
  `relatedtabid` int(11) NOT NULL,
  `sharedgroupid` int(11) NOT NULL,
  PRIMARY KEY (`userid`,`tabid`,`relatedtabid`,`sharedgroupid`),
  KEY `tmp_write_group_rel_sharing_per_userid_sharedgroupid_tabid_idx` (`userid`,`sharedgroupid`,`tabid`),
  CONSTRAINT `fk_4_vtiger_tmp_write_group_rel_sharing_per` FOREIGN KEY (`userid`) REFERENCES `vtiger_users` (`id`) ON DELETE CASCADE
) ENGINE=InnoDB DEFAULT CHARSET=utf8;
SET character_set_client = @saved_cs_client;

--
-- Dumping data for table vtiger_tmp_write_group_rel_sharing_per
--

LOCK TABLES `vtiger_tmp_write_group_rel_sharing_per` WRITE;
/*!40000 ALTER TABLE `vtiger_tmp_write_group_rel_sharing_per` DISABLE KEYS */;

/*!40000 ALTER TABLE `vtiger_tmp_write_group_rel_sharing_per` ENABLE KEYS */;
UNLOCK TABLES;

--
-- Table structure for table vtiger_tmp_write_group_sharing_per
--

DROP TABLE IF EXISTS vtiger_tmp_write_group_sharing_per;
SET @saved_cs_client = @@character_set_client;
SET character_set_client = utf8;
CREATE TABLE `vtiger_tmp_write_group_sharing_per` (
  `userid` int(11) NOT NULL,
  `tabid` int(11) NOT NULL,
  `sharedgroupid` int(11) NOT NULL,
  PRIMARY KEY (`userid`,`tabid`,`sharedgroupid`),
  KEY `tmp_write_group_sharing_per_UK1` (`userid`,`sharedgroupid`),
  CONSTRAINT `fk_3_vtiger_tmp_write_group_sharing_per` FOREIGN KEY (`userid`) REFERENCES `vtiger_users` (`id`) ON DELETE CASCADE
) ENGINE=InnoDB DEFAULT CHARSET=utf8;
SET character_set_client = @saved_cs_client;

--
-- Dumping data for table vtiger_tmp_write_group_sharing_per
--

LOCK TABLES `vtiger_tmp_write_group_sharing_per` WRITE;
/*!40000 ALTER TABLE `vtiger_tmp_write_group_sharing_per` DISABLE KEYS */;

/*!40000 ALTER TABLE `vtiger_tmp_write_group_sharing_per` ENABLE KEYS */;
UNLOCK TABLES;

--
-- Table structure for table vtiger_tmp_write_user_rel_sharing_per
--

DROP TABLE IF EXISTS vtiger_tmp_write_user_rel_sharing_per;
SET @saved_cs_client = @@character_set_client;
SET character_set_client = utf8;
CREATE TABLE `vtiger_tmp_write_user_rel_sharing_per` (
  `userid` int(11) NOT NULL,
  `tabid` int(11) NOT NULL,
  `relatedtabid` int(11) NOT NULL,
  `shareduserid` int(11) NOT NULL,
  PRIMARY KEY (`userid`,`tabid`,`relatedtabid`,`shareduserid`),
  KEY `tmp_write_user_rel_sharing_per_userid_sharduserid_tabid_idx` (`userid`,`shareduserid`,`tabid`),
  CONSTRAINT `fk_4_vtiger_tmp_write_user_rel_sharing_per` FOREIGN KEY (`userid`) REFERENCES `vtiger_users` (`id`) ON DELETE CASCADE
) ENGINE=InnoDB DEFAULT CHARSET=utf8;
SET character_set_client = @saved_cs_client;

--
-- Dumping data for table vtiger_tmp_write_user_rel_sharing_per
--

LOCK TABLES `vtiger_tmp_write_user_rel_sharing_per` WRITE;
/*!40000 ALTER TABLE `vtiger_tmp_write_user_rel_sharing_per` DISABLE KEYS */;

/*!40000 ALTER TABLE `vtiger_tmp_write_user_rel_sharing_per` ENABLE KEYS */;
UNLOCK TABLES;

--
-- Table structure for table vtiger_tmp_write_user_sharing_per
--

DROP TABLE IF EXISTS vtiger_tmp_write_user_sharing_per;
SET @saved_cs_client = @@character_set_client;
SET character_set_client = utf8;
CREATE TABLE `vtiger_tmp_write_user_sharing_per` (
  `userid` int(11) NOT NULL,
  `tabid` int(11) NOT NULL,
  `shareduserid` int(11) NOT NULL,
  PRIMARY KEY (`userid`,`tabid`,`shareduserid`),
  KEY `tmp_write_user_sharing_per_userid_shareduserid_idx` (`userid`,`shareduserid`),
  CONSTRAINT `fk_3_vtiger_tmp_write_user_sharing_per` FOREIGN KEY (`userid`) REFERENCES `vtiger_users` (`id`) ON DELETE CASCADE
) ENGINE=InnoDB DEFAULT CHARSET=utf8;
SET character_set_client = @saved_cs_client;

--
-- Dumping data for table vtiger_tmp_write_user_sharing_per
--

LOCK TABLES `vtiger_tmp_write_user_sharing_per` WRITE;
/*!40000 ALTER TABLE `vtiger_tmp_write_user_sharing_per` DISABLE KEYS */;

/*!40000 ALTER TABLE `vtiger_tmp_write_user_sharing_per` ENABLE KEYS */;
UNLOCK TABLES;

--
-- Table structure for table vtiger_tracker
--

DROP TABLE IF EXISTS vtiger_tracker;
SET @saved_cs_client = @@character_set_client;
SET character_set_client = utf8;
CREATE TABLE `vtiger_tracker` (
  `id` int(11) NOT NULL AUTO_INCREMENT,
  `user_id` varchar(36) DEFAULT NULL,
  `module_name` varchar(25) DEFAULT NULL,
  `item_id` varchar(36) DEFAULT NULL,
  `item_summary` varchar(255) DEFAULT NULL,
  PRIMARY KEY (`id`)
) ENGINE=InnoDB AUTO_INCREMENT=1832 DEFAULT CHARSET=utf8;
SET character_set_client = @saved_cs_client;

--
-- Dumping data for table vtiger_tracker
--

LOCK TABLES `vtiger_tracker` WRITE;
/*!40000 ALTER TABLE `vtiger_tracker` DISABLE KEYS */;
INSERT INTO vtiger_tracker ( ID, USER_ID, MODULE_NAME, ITEM_ID, ITEM_SUMMARY ) VALUES ( 2, '1', 'Users', '5', 'Ivan Galvez' ), ( 176, '10', 'Potentials', '107', 'QA COE' ), ( 183, '10', 'Accounts', '110', 'Netex Knoledge Factory' ), ( 184, '10', 'Potentials', '111', 'Java Developer (J2EE + Hiberna...' ), ( 196, '10', 'Potentials', '128', 'BI + Informatica' ), ( 573, '14', 'Potentials', '465', 'Hyperion HFM Implementation or...' ), ( 577, '14', 'Potentials', '462', 'SAP PM' ), ( 580, '14', 'Potentials', '466', 'SAS FM (Financial Module)' ), ( 581, '14', 'Potentials', '468', 'Windows Driver Developer' ), ( 586, '14', 'Potentials', '446', 'VOIP .Net Developer' ), ( 1098, '9', 'Potentials', '468', 'Windows Driver Developer' ), ( 1116, '9', 'Potentials', '489', 'Siebel - Technical Lead &amp; ...' ), ( 1177, '9', 'Potentials', '450', 'Oracle Identity Management' ), ( 1181, '9', 'Potentials', '466', 'SAS FM (Financial Module)' ), ( 1182, '9', 'Potentials', '600', 'SAS Project Manager' ), ( 1521, '16', 'Potentials', '602', 'Servicenow Architect(2)' ), ( 1604, '16', 'Potentials', '701', 'MSBI Architect/Tech Lead - 2 P...' ), ( 1610, '16', 'Potentials', '721', 'Informatica Tech Lead (7+ year...' ), ( 1611, '16', 'Potentials', '705', 'Infa Tech lead MDM - Siperian' ), ( 1612, '16', 'Potentials', '719', 'Data Warehouse Lead/Architect:' ), ( 1687, '17', 'Potentials', '741', 'Oracle 11g Developer' ), ( 1716, '18', 'Contacts', '13', 'Tom Mercaldo' ), ( 1717, '18', 'Users', '18', 'Alma Galvez' ), ( 1792, '5', 'Potentials', '796', 'ITIL Project Manager' ), ( 1806, '5', 'Accounts', '799', 'TCS Mexico' ), ( 1807, '5', 'Potentials', '800', 'Service Now Lead' ), ( 1811, '18', 'Contacts', '404', 'Jos&eacute; Alejandro Arellano...' ), ( 1825, '7', 'Contacts', '751', 'Jose Arturo De Los Angeles' ), ( 1826, '5', 'Contacts', '476', 'Jos&eacute; Corona' ), ( 1827, '5', 'Contacts', '75', 'Francisco Roman' ), ( 1828, '7', 'Contacts', '395', 'Oscar Lopez Vargas' ), ( 1829, '7', 'ModComments', '152', 'Iker and Francisco were reject...' ), ( 1830, '7', 'Contacts', '493', 'Francisco Becerril' ), ( 1831, '7', 'Contacts', '453', 'Madhu Yukta' );
/*!40000 ALTER TABLE `vtiger_tracker` ENABLE KEYS */;
UNLOCK TABLES;

--
-- Table structure for table vtiger_tracking_unit
--

DROP TABLE IF EXISTS vtiger_tracking_unit;
SET @saved_cs_client = @@character_set_client;
SET character_set_client = utf8;
CREATE TABLE `vtiger_tracking_unit` (
  `tracking_unitid` int(11) NOT NULL AUTO_INCREMENT,
  `tracking_unit` varchar(200) NOT NULL,
  `presence` int(1) NOT NULL DEFAULT '1',
  `picklist_valueid` int(11) NOT NULL DEFAULT '0',
  PRIMARY KEY (`tracking_unitid`)
) ENGINE=InnoDB AUTO_INCREMENT=5 DEFAULT CHARSET=utf8;
SET character_set_client = @saved_cs_client;

--
-- Dumping data for table vtiger_tracking_unit
--

LOCK TABLES `vtiger_tracking_unit` WRITE;
/*!40000 ALTER TABLE `vtiger_tracking_unit` DISABLE KEYS */;
INSERT INTO vtiger_tracking_unit ( TRACKING_UNITID, TRACKING_UNIT, PRESENCE, PICKLIST_VALUEID ) VALUES ( 1, 'None', 1, 210 ), ( 2, 'Hours', 1, 211 ), ( 3, 'Days', 1, 212 ), ( 4, 'Incidents', 1, 213 );
/*!40000 ALTER TABLE `vtiger_tracking_unit` ENABLE KEYS */;
UNLOCK TABLES;

--
-- Table structure for table vtiger_tracking_unit_seq
--

DROP TABLE IF EXISTS vtiger_tracking_unit_seq;
SET @saved_cs_client = @@character_set_client;
SET character_set_client = utf8;
CREATE TABLE `vtiger_tracking_unit_seq` (
  `id` int(11) NOT NULL
) ENGINE=MyISAM DEFAULT CHARSET=utf8;
SET character_set_client = @saved_cs_client;

--
-- Dumping data for table vtiger_tracking_unit_seq
--

LOCK TABLES `vtiger_tracking_unit_seq` WRITE;
/*!40000 ALTER TABLE `vtiger_tracking_unit_seq` DISABLE KEYS */;
INSERT INTO vtiger_tracking_unit_seq ( ID ) VALUES ( 4 );
/*!40000 ALTER TABLE `vtiger_tracking_unit_seq` ENABLE KEYS */;
UNLOCK TABLES;

--
-- Table structure for table vtiger_troubletickets
--

DROP TABLE IF EXISTS vtiger_troubletickets;
SET @saved_cs_client = @@character_set_client;
SET character_set_client = utf8;
CREATE TABLE `vtiger_troubletickets` (
  `ticketid` int(19) NOT NULL,
  `ticket_no` varchar(100) NOT NULL,
  `groupname` varchar(100) DEFAULT NULL,
  `parent_id` varchar(100) DEFAULT NULL,
  `product_id` varchar(100) DEFAULT NULL,
  `priority` varchar(200) DEFAULT NULL,
  `severity` varchar(200) DEFAULT NULL,
  `status` varchar(200) DEFAULT NULL,
  `category` varchar(200) DEFAULT NULL,
  `title` varchar(255) NOT NULL,
  `solution` text,
  `update_log` text,
  `version_id` int(11) DEFAULT NULL,
  `hours` varchar(200) DEFAULT NULL,
  `days` varchar(200) DEFAULT NULL,
  `from_portal` varchar(3) DEFAULT NULL,
  PRIMARY KEY (`ticketid`),
  KEY `troubletickets_ticketid_idx` (`ticketid`),
  KEY `troubletickets_status_idx` (`status`),
  CONSTRAINT `fk_1_vtiger_troubletickets` FOREIGN KEY (`ticketid`) REFERENCES `vtiger_crmentity` (`crmid`) ON DELETE CASCADE
) ENGINE=InnoDB DEFAULT CHARSET=utf8;
SET character_set_client = @saved_cs_client;

--
-- Dumping data for table vtiger_troubletickets
--

LOCK TABLES `vtiger_troubletickets` WRITE;
/*!40000 ALTER TABLE `vtiger_troubletickets` DISABLE KEYS */;

/*!40000 ALTER TABLE `vtiger_troubletickets` ENABLE KEYS */;
UNLOCK TABLES;

--
-- Table structure for table vtiger_usageunit
--

DROP TABLE IF EXISTS vtiger_usageunit;
SET @saved_cs_client = @@character_set_client;
SET character_set_client = utf8;
CREATE TABLE `vtiger_usageunit` (
  `usageunitid` int(19) NOT NULL AUTO_INCREMENT,
  `usageunit` varchar(200) NOT NULL,
  `presence` int(1) NOT NULL DEFAULT '1',
  `picklist_valueid` int(19) NOT NULL DEFAULT '0',
  PRIMARY KEY (`usageunitid`),
  UNIQUE KEY `usageunit_usageunit_idx` (`usageunit`)
) ENGINE=InnoDB AUTO_INCREMENT=17 DEFAULT CHARSET=utf8;
SET character_set_client = @saved_cs_client;

--
-- Dumping data for table vtiger_usageunit
--

LOCK TABLES `vtiger_usageunit` WRITE;
/*!40000 ALTER TABLE `vtiger_usageunit` DISABLE KEYS */;
INSERT INTO vtiger_usageunit ( USAGEUNITID, USAGEUNIT, PRESENCE, PICKLIST_VALUEID ) VALUES ( 1, 'Box', 1, 194 ), ( 2, 'Carton', 1, 195 ), ( 3, 'Dozen', 1, 196 ), ( 4, 'Each', 1, 197 ), ( 5, 'Hours', 1, 198 ), ( 6, 'Impressions', 1, 199 ), ( 7, 'Lb', 1, 200 ), ( 8, 'M', 1, 201 ), ( 9, 'Pack', 1, 202 ), ( 10, 'Pages', 1, 203 ), ( 11, 'Pieces', 1, 204 ), ( 12, 'Quantity', 1, 205 ), ( 13, 'Reams', 1, 206 ), ( 14, 'Sheet', 1, 207 ), ( 15, 'Spiral Binder', 1, 208 ), ( 16, 'Sq Ft', 1, 209 );
/*!40000 ALTER TABLE `vtiger_usageunit` ENABLE KEYS */;
UNLOCK TABLES;

--
-- Table structure for table vtiger_usageunit_seq
--

DROP TABLE IF EXISTS vtiger_usageunit_seq;
SET @saved_cs_client = @@character_set_client;
SET character_set_client = utf8;
CREATE TABLE `vtiger_usageunit_seq` (
  `id` int(11) NOT NULL
) ENGINE=MyISAM DEFAULT CHARSET=utf8;
SET character_set_client = @saved_cs_client;

--
-- Dumping data for table vtiger_usageunit_seq
--

LOCK TABLES `vtiger_usageunit_seq` WRITE;
/*!40000 ALTER TABLE `vtiger_usageunit_seq` DISABLE KEYS */;
INSERT INTO vtiger_usageunit_seq ( ID ) VALUES ( 16 );
/*!40000 ALTER TABLE `vtiger_usageunit_seq` ENABLE KEYS */;
UNLOCK TABLES;

--
-- Table structure for table vtiger_user2mergefields
--

DROP TABLE IF EXISTS vtiger_user2mergefields;
SET @saved_cs_client = @@character_set_client;
SET character_set_client = utf8;
CREATE TABLE `vtiger_user2mergefields` (
  `userid` int(11) DEFAULT NULL,
  `tabid` int(19) DEFAULT NULL,
  `fieldid` int(19) DEFAULT NULL,
  `visible` int(2) DEFAULT NULL,
  KEY `userid_tabid_idx` (`userid`,`tabid`)
) ENGINE=InnoDB DEFAULT CHARSET=utf8;
SET character_set_client = @saved_cs_client;

--
-- Dumping data for table vtiger_user2mergefields
--

LOCK TABLES `vtiger_user2mergefields` WRITE;
/*!40000 ALTER TABLE `vtiger_user2mergefields` DISABLE KEYS */;

/*!40000 ALTER TABLE `vtiger_user2mergefields` ENABLE KEYS */;
UNLOCK TABLES;

--
-- Table structure for table vtiger_user2role
--

DROP TABLE IF EXISTS vtiger_user2role;
SET @saved_cs_client = @@character_set_client;
SET character_set_client = utf8;
CREATE TABLE `vtiger_user2role` (
  `userid` int(11) NOT NULL,
  `roleid` varchar(255) NOT NULL,
  PRIMARY KEY (`userid`),
  KEY `user2role_roleid_idx` (`roleid`),
  CONSTRAINT `fk_2_vtiger_user2role` FOREIGN KEY (`userid`) REFERENCES `vtiger_users` (`id`) ON DELETE CASCADE
) ENGINE=InnoDB DEFAULT CHARSET=utf8;
SET character_set_client = @saved_cs_client;

--
-- Dumping data for table vtiger_user2role
--

LOCK TABLES `vtiger_user2role` WRITE;
/*!40000 ALTER TABLE `vtiger_user2role` DISABLE KEYS */;
INSERT INTO vtiger_user2role ( USERID, ROLEID ) VALUES ( 1, 'H2' ), ( 5, 'H2' ), ( 7, 'H2' ), ( 10, 'H2' ), ( 16, 'H2' ), ( 18, 'H2' ), ( 19, 'H3' ), ( 17, 'H4' ), ( 9, 'H7' ), ( 11, 'H7' ), ( 14, 'H7' ), ( 15, 'H7' );
/*!40000 ALTER TABLE `vtiger_user2role` ENABLE KEYS */;
UNLOCK TABLES;

--
-- Table structure for table vtiger_user_module_preferences
--

DROP TABLE IF EXISTS vtiger_user_module_preferences;
SET @saved_cs_client = @@character_set_client;
SET character_set_client = utf8;
CREATE TABLE `vtiger_user_module_preferences` (
  `userid` int(19) NOT NULL,
  `tabid` int(19) NOT NULL,
  `default_cvid` int(19) NOT NULL,
  PRIMARY KEY (`userid`,`tabid`),
  KEY `fk_2_vtiger_user_module_preferences` (`tabid`),
  CONSTRAINT `fk_2_vtiger_user_module_preferences` FOREIGN KEY (`tabid`) REFERENCES `vtiger_tab` (`tabid`) ON DELETE CASCADE ON UPDATE CASCADE
) ENGINE=InnoDB DEFAULT CHARSET=utf8;
SET character_set_client = @saved_cs_client;

--
-- Dumping data for table vtiger_user_module_preferences
--

LOCK TABLES `vtiger_user_module_preferences` WRITE;
/*!40000 ALTER TABLE `vtiger_user_module_preferences` DISABLE KEYS */;
INSERT INTO vtiger_user_module_preferences ( USERID, TABID, DEFAULT_CVID ) VALUES ( 5, 2, 50 ), ( 5, 4, 51 );
/*!40000 ALTER TABLE `vtiger_user_module_preferences` ENABLE KEYS */;
UNLOCK TABLES;

--
-- Table structure for table vtiger_users
--

DROP TABLE IF EXISTS vtiger_users;
SET @saved_cs_client = @@character_set_client;
SET character_set_client = utf8;
CREATE TABLE `vtiger_users` (
  `id` int(11) NOT NULL AUTO_INCREMENT,
  `user_name` varchar(255) DEFAULT NULL,
  `user_password` varchar(200) DEFAULT NULL,
  `user_hash` varchar(32) DEFAULT NULL,
  `cal_color` varchar(25) DEFAULT '#E6FAD8',
  `first_name` varchar(30) DEFAULT NULL,
  `last_name` varchar(30) DEFAULT NULL,
  `reports_to_id` varchar(36) DEFAULT NULL,
  `is_admin` varchar(3) DEFAULT '0',
  `currency_id` int(19) NOT NULL DEFAULT '1',
  `description` text,
  `date_entered` timestamp NOT NULL DEFAULT CURRENT_TIMESTAMP ON UPDATE CURRENT_TIMESTAMP,
  `date_modified` timestamp NOT NULL DEFAULT '0000-00-00 00:00:00',
  `modified_user_id` varchar(36) DEFAULT NULL,
  `title` varchar(50) DEFAULT NULL,
  `department` varchar(50) DEFAULT NULL,
  `phone_home` varchar(50) DEFAULT NULL,
  `phone_mobile` varchar(50) DEFAULT NULL,
  `phone_work` varchar(50) DEFAULT NULL,
  `phone_other` varchar(50) DEFAULT NULL,
  `phone_fax` varchar(50) DEFAULT NULL,
  `email1` varchar(100) DEFAULT NULL,
  `email2` varchar(100) DEFAULT NULL,
  `secondaryemail` varchar(100) DEFAULT NULL,
  `status` varchar(25) DEFAULT NULL,
  `signature` varchar(1000) DEFAULT NULL,
  `address_street` varchar(150) DEFAULT NULL,
  `address_city` varchar(100) DEFAULT NULL,
  `address_state` varchar(100) DEFAULT NULL,
  `address_country` varchar(25) DEFAULT NULL,
  `address_postalcode` varchar(9) DEFAULT NULL,
  `user_preferences` text,
  `tz` varchar(30) DEFAULT NULL,
  `holidays` varchar(60) DEFAULT NULL,
  `namedays` varchar(60) DEFAULT NULL,
  `workdays` varchar(30) DEFAULT NULL,
  `weekstart` int(11) DEFAULT NULL,
  `date_format` varchar(200) DEFAULT NULL,
  `hour_format` varchar(30) DEFAULT 'am/pm',
  `start_hour` varchar(30) DEFAULT '10:00',
  `end_hour` varchar(30) DEFAULT '23:00',
  `activity_view` varchar(200) DEFAULT 'Today',
  `lead_view` varchar(200) DEFAULT 'Today',
  `imagename` varchar(250) DEFAULT NULL,
  `deleted` int(1) NOT NULL DEFAULT '0',
  `confirm_password` varchar(300) DEFAULT NULL,
  `internal_mailer` varchar(3) NOT NULL DEFAULT '1',
  `reminder_interval` varchar(100) DEFAULT NULL,
  `reminder_next_time` varchar(100) DEFAULT NULL,
  `crypt_type` varchar(20) NOT NULL DEFAULT 'MD5',
  `accesskey` varchar(36) DEFAULT NULL,
  `theme` varchar(100) DEFAULT NULL,
  `language` varchar(36) DEFAULT NULL,
  `time_zone` varchar(200) DEFAULT NULL,
  `currency_grouping_pattern` varchar(100) DEFAULT NULL,
  `currency_decimal_separator` varchar(2) DEFAULT NULL,
  `currency_grouping_separator` varchar(2) DEFAULT NULL,
  `currency_symbol_placement` varchar(20) DEFAULT NULL,
  PRIMARY KEY (`id`),
  KEY `user_user_name_idx` (`user_name`),
  KEY `user_user_password_idx` (`user_password`)
) ENGINE=InnoDB AUTO_INCREMENT=20 DEFAULT CHARSET=utf8;
SET character_set_client = @saved_cs_client;

--
-- Dumping data for table vtiger_users
--

LOCK TABLES `vtiger_users` WRITE;
/*!40000 ALTER TABLE `vtiger_users` DISABLE KEYS */;
INSERT INTO vtiger_users ( ID, USER_NAME, USER_PASSWORD, USER_HASH, CAL_COLOR, FIRST_NAME, LAST_NAME, REPORTS_TO_ID, IS_ADMIN, CURRENCY_ID, DESCRIPTION, DATE_ENTERED, DATE_MODIFIED, MODIFIED_USER_ID, TITLE, DEPARTMENT, PHONE_HOME, PHONE_MOBILE, PHONE_WORK, PHONE_OTHER, PHONE_FAX, EMAIL1, EMAIL2, SECONDARYEMAIL, STATUS, SIGNATURE, ADDRESS_STREET, ADDRESS_CITY, ADDRESS_STATE, ADDRESS_COUNTRY, ADDRESS_POSTALCODE, USER_PREFERENCES, TZ, HOLIDAYS, NAMEDAYS, WORKDAYS, WEEKSTART, DATE_FORMAT, HOUR_FORMAT, START_HOUR, END_HOUR, ACTIVITY_VIEW, LEAD_VIEW, IMAGENAME, DELETED, CONFIRM_PASSWORD, INTERNAL_MAILER, REMINDER_INTERVAL, REMINDER_NEXT_TIME, CRYPT_TYPE, ACCESSKEY, THEME, LANGUAGE, TIME_ZONE, CURRENCY_GROUPING_PATTERN, CURRENCY_DECIMAL_SEPARATOR, CURRENCY_GROUPING_SEPARATOR, CURRENCY_SYMBOL_PLACEMENT ) VALUES ( 1, 'admin', '$1$ad$80.UD4VqBrEi.9KgFMuM6/', '7faa456dd762fdfc30b034ca8bd08540', '#E6FAD8', '', 'Administrator', '', 'on', 1, '', '2012-08-30 16:42:53', '0000-00-00 00:00:00', '', '', '', '', '', '', '', '', 'admin@sintesys.us', '', '', 'Active', '', '', '', '', '', '', '', '', '', '', '', 0, 'yyyy-mm-dd', 'am/pm', '08:00', '23:00', 'This Week', 'Today', '', 0, '$1$ad$peilFE10wX.4b0aIm7/.t/', '1', '1 Minute', '', 'MD5', '8pvamefgodnutlm', 'softed', 'en_us', 'UTC', '', '', '', '' ), ( 5, 'ilgalvezh', '$1$il$bhof3rGudxp85OZNDvUE5.', '8b7eb8114b022dde2b6b6a3e24093cb7', '#E6FAD8', 'Ivan', 'Galvez', '', 'on', 1, '', '2013-07-29 15:48:35', '0000-00-00 00:00:00', '', 'CEO', 'Corporate', '', '203-400-9916', '203-654-7082 x 301', '', '', 'ivan.galvez@sintesys.us', '', '', 'Active', 'Ivan Galvez\r\nivan.galvez@sintesys.us\r\nwww.sintesys.us\r\nM 203.400.9916', '', '', '', '', '', '', '', '', '', '', 0, 'dd-mm-yyyy', '', '', '', 'This Week', 'Today', '', 0, '$1$il$bhof3rGudxp85OZNDvUE5.', '1', 'None', '', 'MD5', 'UYHmUvzdRGfohWET', 'softed', 'en_us', 'America/New_York', '123,456,789', '.', ',', '$1.0' ), ( 7, 'anarayanasamy', '$1$an$xHztXNWPv3hD/mLnqwX7W1', '4ce4f95ebd9ba6788a508730889dfe86', '#E6FAD8', 'Athimoolam', 'Narayanasamy', '', 'off', 1, '', '2012-11-06 13:43:22', '0000-00-00 00:00:00', '', '', '', '', '', '', '', '', 'athi.narayanasamy@sintesys.us', '', '', 'Active', '', '', '', '', '', '', '', '', '', '', '', 0, 'dd-mm-yyyy', '', '', '', 'Today', 'Today', '', 0, '$1$an$xHztXNWPv3hD/mLnqwX7W1', '1', 'None', '', 'MD5', 'mGqL8O1FKgugqewz', 'softed', 'en_us', 'UTC', '123,456,789', '', '', '$1.0' ), ( 9, 'IQuality', '$1$IQ$aJGEc76lb1zRQdxC7t/Ox/', '6bca6b7aabf924663d32859504baede5', '#E6FAD8', 'Invest', 'Quality', '', 'off', 1, '', '2013-04-25 17:16:17', '0000-00-00 00:00:00', '', '', '', '', '', '', '', '', 'iquality@sintesys.us', '', '', 'Active', '', '', '', '', '', '', '', '', '', '', '', 0, 'dd-mm-yyyy', '', '', '', 'Today', 'Today', '', 0, '$1$IQ$aJGEc76lb1zRQdxC7t/Ox/', '1', 'None', '', 'MD5', '8OohVBT2uCprthEk', 'softed', 'en_us', 'UTC', '123,456,789', '', '', '$1.0' ), ( 10, 'vbadillo', '$1$vb$2cweQNyF0OEQRxfsnKP6x1', '7301c4ad10b4b21fa8b005a52dafc0e7', '#E6FAD8', 'Victor', 'Badillo', '', 'on', 1, '', '2012-12-19 16:30:08', '0000-00-00 00:00:00', '', '', '', '', '', '', '', '', 'victor.badillo@sintesys-os.es', '', '', 'Active', '', '', '', '', '', '', '', '', '', '', '', 0, 'dd-mm-yyyy', '', '', '', 'Today', 'Today', '', 0, '$1$vb$2cweQNyF0OEQRxfsnKP6x1', '1', 'None', '', 'MD5', 'Neqi4tgWJHisgeb', 'softed', 'en_us', 'UTC', '123,456,789', '', '', '$1.0' ), ( 11, 'iquality2', '$1$iq$Vib3j1ukOYlYBSGxGm8IU1', '618a6ec32500e983dc13c17c588bca40', '#E6FAD8', 'Iquality', 'Dos', '', 'off', 1, '', '2013-02-19 17:05:01', '0000-00-00 00:00:00', '', '', '', '', '', '', '', '', 'iquality2@sintesys.us', '', '', 'Active', '', '', '', '', '', '', '', '', '', '', '', 0, 'dd-mm-yyyy', '', '', '', 'Today', 'Today', '', 0, '$1$iq$Vib3j1ukOYlYBSGxGm8IU1', '1', 'None', '', 'MD5', 'gkVKQS6oXfRB6gJ6', 'softed', 'en_us', 'UTC', '123,456,789', '', '', '$1.0' ), ( 14, 'zaik', '$1$za$MgclgNmKnTyPJMoq6GtpE0', '0a8672aca4b5e322f86d0bc1e965f579', '#E6FAD8', 'Zaik', 'Sintesys', '', 'off', 1, '', '2013-04-26 15:36:59', '0000-00-00 00:00:00', '', '', '', '', '', '', '', '', 'zaik@sintesys.us', '', '', 'Active', '', '', '', '', '', '', '', '', '', '', '', 0, 'dd-mm-yyyy', '', '', '', 'Today', 'Today', '', 0, '$1$za$MgclgNmKnTyPJMoq6GtpE0', '1', 'None', '', 'MD5', 'GMr4vBlmXnAZJnAf', 'softed', 'en_us', 'UTC', '123,456,789', '', '', '$1.0' ), ( 15, 'zaiksintesys', '$1$za$rVzrUDFjkS2plDU3E3H5y1', '8c7b9d35dbf80fb173742e84a64e7b71', '#E6FAD8', 'Zaik', 'zaiksintesys', '', 'off', 1, '', '2013-04-26 16:50:16', '0000-00-00 00:00:00', '', '', '', '', '', '', '', '', 'zaiksintesys@sintesys.us', '', '', 'Active', '', '', '', '', '', '', '', '', '', '', '', 0, 'dd-mm-yyyy', '', '', '', 'Today', 'Today', '', 0, '$1$za$rVzrUDFjkS2plDU3E3H5y1', '1', 'None', '', 'MD5', '7FRFzjCLqNvDi4Zs', 'softed', 'en_us', 'UTC', '123,456,789', '', '', '$1.0' ), ( 16, 'mrodriguez', '$1$mr$/MgiAZHsR9MBcZQlhUW/r.', '017793f1fe5d9c755b777d6d54195c48', '#E6FAD8', 'Minerva', 'Rodriguez', '', 'off', 1, '', '2013-04-30 11:04:04', '0000-00-00 00:00:00', '', '', '', '', '', '', '', '', 'minerva.rodriguez@sintesys.us', '', '', 'Active', '', '', '', '', '', '', '', '', '', '', '', 0, 'dd-mm-yyyy', '', '', '', 'Today', 'Today', '', 0, '$1$mr$/MgiAZHsR9MBcZQlhUW/r.', '1', 'None', '', 'MD5', 'TBUJ3fEj8fE6DcVo', 'softed', 'en_us', 'UTC', '123,456,789', '', '', '$1.0' ), ( 17, 'jlquiroz', '$1$jl000000$wpeWvg1a03/fonEc1Lrv7/', '595d48a49226aecf5681f65a0ed1958f', '#E6FAD8', 'Jose Luis', 'Quiroz', '', 'off', 1, '', '2013-10-14 09:26:08', '0000-00-00 00:00:00', '', '', '', '', '', '', '', '', 'jlquiroz@sintesys.us', '', '', 'Active', '', '', '', '', '', '', '', '', '', '', '', 0, 'dd-mm-yyyy', '', '', '', 'Today', 'Today', '', 0, '$1$jl000000$wpeWvg1a03/fonEc1Lrv7/', '1', 'None', '', 'PHP5.3MD5', 'zhUCPAKDMlErHsRE', 'softed', 'en_us', 'UTC', '123,456,789', '', '', '$1.0' ), ( 18, 'asgalvezh', '$1$as000000$wZ60C1ZiAmJt7XszvQ2tV1', '017793f1fe5d9c755b777d6d54195c48', '#E6FAD8', 'Alma', 'Galvez', '', 'on', 1, '', '2013-11-25 13:42:05', '0000-00-00 00:00:00', '', '', '', '', '', '', '', '', 'alma.galvez@sintesys.us', '', '', 'Active', '', '', '', '', '', '', '', '', '', '', '', 0, 'dd-mm-yyyy', '', '', '', 'Today', 'Today', '', 0, '$1$as000000$wZ60C1ZiAmJt7XszvQ2tV1', '1', 'None', '', 'PHP5.3MD5', 'Nd0PDn2zpw7WlCfz', 'softed', 'en_us', 'UTC', '123,456,789', '', '', '$1.0' ), ( 19, 'mgilbert', '$1$mg000000$X2TI2L2hRaKk/a.0ae8sd1', '', '#E6FAD8', 'Marc', 'Gilbert', '', 'off', 1, '', '2014-04-08 09:32:14', '0000-00-00 00:00:00', '', 'VP Customer Engagement', '', '', '203-701-7383', '', '', '', 'marc.gilbert@sintesys.us', '', '', 'Active', '', '', '', '', '', '', '', '', '', '', '', 0, 'dd-mm-yyyy', '', '', '', 'Today', 'Today', '', 0, '$1$mg000000$X2TI2L2hRaKk/a.0ae8sd1', '1', 'None', '', 'PHP5.3MD5', 'JGwo2VLYtNOjctDC', 'softed', 'en_us', 'UTC', '123,456,789', '', '', '$1.0' );
/*!40000 ALTER TABLE `vtiger_users` ENABLE KEYS */;
UNLOCK TABLES;

--
-- Table structure for table vtiger_users2group
--

DROP TABLE IF EXISTS vtiger_users2group;
SET @saved_cs_client = @@character_set_client;
SET character_set_client = utf8;
CREATE TABLE `vtiger_users2group` (
  `groupid` int(19) NOT NULL,
  `userid` int(19) NOT NULL,
  PRIMARY KEY (`groupid`,`userid`),
  KEY `users2group_groupname_uerid_idx` (`groupid`,`userid`),
  KEY `fk_2_vtiger_users2group` (`userid`),
  CONSTRAINT `fk_2_vtiger_users2group` FOREIGN KEY (`userid`) REFERENCES `vtiger_users` (`id`) ON DELETE CASCADE
) ENGINE=InnoDB DEFAULT CHARSET=utf8;
SET character_set_client = @saved_cs_client;

--
-- Dumping data for table vtiger_users2group
--

LOCK TABLES `vtiger_users2group` WRITE;
/*!40000 ALTER TABLE `vtiger_users2group` DISABLE KEYS */;
INSERT INTO vtiger_users2group ( GROUPID, USERID ) VALUES ( 3, 1 ), ( 4, 1 ), ( 8, 9 ), ( 8, 11 ), ( 8, 14 );
/*!40000 ALTER TABLE `vtiger_users2group` ENABLE KEYS */;
UNLOCK TABLES;

--
-- Table structure for table vtiger_users_last_import
--

DROP TABLE IF EXISTS vtiger_users_last_import;
SET @saved_cs_client = @@character_set_client;
SET character_set_client = utf8;
CREATE TABLE `vtiger_users_last_import` (
  `id` int(36) NOT NULL AUTO_INCREMENT,
  `assigned_user_id` varchar(36) DEFAULT NULL,
  `bean_type` varchar(36) DEFAULT NULL,
  `bean_id` varchar(36) DEFAULT NULL,
  `deleted` int(1) NOT NULL DEFAULT '0',
  PRIMARY KEY (`id`),
  KEY `idx_user_id` (`assigned_user_id`)
) ENGINE=InnoDB DEFAULT CHARSET=utf8;
SET character_set_client = @saved_cs_client;

--
-- Dumping data for table vtiger_users_last_import
--

LOCK TABLES `vtiger_users_last_import` WRITE;
/*!40000 ALTER TABLE `vtiger_users_last_import` DISABLE KEYS */;

/*!40000 ALTER TABLE `vtiger_users_last_import` ENABLE KEYS */;
UNLOCK TABLES;

--
-- Table structure for table vtiger_users_seq
--

DROP TABLE IF EXISTS vtiger_users_seq;
SET @saved_cs_client = @@character_set_client;
SET character_set_client = utf8;
CREATE TABLE `vtiger_users_seq` (
  `id` int(11) NOT NULL
) ENGINE=MyISAM DEFAULT CHARSET=utf8;
SET character_set_client = @saved_cs_client;

--
-- Dumping data for table vtiger_users_seq
--

LOCK TABLES `vtiger_users_seq` WRITE;
/*!40000 ALTER TABLE `vtiger_users_seq` DISABLE KEYS */;
INSERT INTO vtiger_users_seq ( ID ) VALUES ( 19 );
/*!40000 ALTER TABLE `vtiger_users_seq` ENABLE KEYS */;
UNLOCK TABLES;

--
-- Table structure for table vtiger_usertype
--

DROP TABLE IF EXISTS vtiger_usertype;
SET @saved_cs_client = @@character_set_client;
SET character_set_client = utf8;
CREATE TABLE `vtiger_usertype` (
  `usertypeid` int(19) NOT NULL AUTO_INCREMENT,
  `usertype` varchar(200) NOT NULL,
  `sortorderid` int(19) NOT NULL DEFAULT '0',
  `presence` int(1) NOT NULL DEFAULT '1',
  PRIMARY KEY (`usertypeid`),
  UNIQUE KEY `usertype_usertype_idx` (`usertype`)
) ENGINE=InnoDB DEFAULT CHARSET=utf8;
SET character_set_client = @saved_cs_client;

--
-- Dumping data for table vtiger_usertype
--

LOCK TABLES `vtiger_usertype` WRITE;
/*!40000 ALTER TABLE `vtiger_usertype` DISABLE KEYS */;

/*!40000 ALTER TABLE `vtiger_usertype` ENABLE KEYS */;
UNLOCK TABLES;

--
-- Table structure for table vtiger_vendor
--

DROP TABLE IF EXISTS vtiger_vendor;
SET @saved_cs_client = @@character_set_client;
SET character_set_client = utf8;
CREATE TABLE `vtiger_vendor` (
  `vendorid` int(19) NOT NULL DEFAULT '0',
  `vendor_no` varchar(100) NOT NULL,
  `vendorname` varchar(100) DEFAULT NULL,
  `phone` varchar(100) DEFAULT NULL,
  `email` varchar(100) DEFAULT NULL,
  `website` varchar(100) DEFAULT NULL,
  `glacct` varchar(200) DEFAULT NULL,
  `category` varchar(50) DEFAULT NULL,
  `street` text,
  `city` varchar(30) DEFAULT NULL,
  `state` varchar(30) DEFAULT NULL,
  `pobox` varchar(30) DEFAULT NULL,
  `postalcode` varchar(100) DEFAULT NULL,
  `country` varchar(100) DEFAULT NULL,
  `description` text,
  PRIMARY KEY (`vendorid`),
  CONSTRAINT `fk_1_vtiger_vendor` FOREIGN KEY (`vendorid`) REFERENCES `vtiger_crmentity` (`crmid`) ON DELETE CASCADE
) ENGINE=InnoDB DEFAULT CHARSET=utf8;
SET character_set_client = @saved_cs_client;

--
-- Dumping data for table vtiger_vendor
--

LOCK TABLES `vtiger_vendor` WRITE;
/*!40000 ALTER TABLE `vtiger_vendor` DISABLE KEYS */;

/*!40000 ALTER TABLE `vtiger_vendor` ENABLE KEYS */;
UNLOCK TABLES;

--
-- Table structure for table vtiger_vendorcf
--

DROP TABLE IF EXISTS vtiger_vendorcf;
SET @saved_cs_client = @@character_set_client;
SET character_set_client = utf8;
CREATE TABLE `vtiger_vendorcf` (
  `vendorid` int(19) NOT NULL DEFAULT '0',
  PRIMARY KEY (`vendorid`),
  CONSTRAINT `fk_1_vtiger_vendorcf` FOREIGN KEY (`vendorid`) REFERENCES `vtiger_vendor` (`vendorid`) ON DELETE CASCADE
) ENGINE=InnoDB DEFAULT CHARSET=utf8;
SET character_set_client = @saved_cs_client;

--
-- Dumping data for table vtiger_vendorcf
--

LOCK TABLES `vtiger_vendorcf` WRITE;
/*!40000 ALTER TABLE `vtiger_vendorcf` DISABLE KEYS */;

/*!40000 ALTER TABLE `vtiger_vendorcf` ENABLE KEYS */;
UNLOCK TABLES;

--
-- Table structure for table vtiger_vendorcontactrel
--

DROP TABLE IF EXISTS vtiger_vendorcontactrel;
SET @saved_cs_client = @@character_set_client;
SET character_set_client = utf8;
CREATE TABLE `vtiger_vendorcontactrel` (
  `vendorid` int(19) NOT NULL DEFAULT '0',
  `contactid` int(19) NOT NULL DEFAULT '0',
  PRIMARY KEY (`vendorid`,`contactid`),
  KEY `vendorcontactrel_vendorid_idx` (`vendorid`),
  KEY `vendorcontactrel_contact_idx` (`contactid`),
  CONSTRAINT `fk_2_vtiger_vendorcontactrel` FOREIGN KEY (`vendorid`) REFERENCES `vtiger_vendor` (`vendorid`) ON DELETE CASCADE
) ENGINE=InnoDB DEFAULT CHARSET=utf8;
SET character_set_client = @saved_cs_client;

--
-- Dumping data for table vtiger_vendorcontactrel
--

LOCK TABLES `vtiger_vendorcontactrel` WRITE;
/*!40000 ALTER TABLE `vtiger_vendorcontactrel` DISABLE KEYS */;

/*!40000 ALTER TABLE `vtiger_vendorcontactrel` ENABLE KEYS */;
UNLOCK TABLES;

--
-- Table structure for table vtiger_version
--

DROP TABLE IF EXISTS vtiger_version;
SET @saved_cs_client = @@character_set_client;
SET character_set_client = utf8;
CREATE TABLE `vtiger_version` (
  `id` int(11) NOT NULL AUTO_INCREMENT,
  `old_version` varchar(30) DEFAULT NULL,
  `current_version` varchar(30) DEFAULT NULL,
  PRIMARY KEY (`id`)
) ENGINE=InnoDB AUTO_INCREMENT=2 DEFAULT CHARSET=utf8;
SET character_set_client = @saved_cs_client;

--
-- Dumping data for table vtiger_version
--

LOCK TABLES `vtiger_version` WRITE;
/*!40000 ALTER TABLE `vtiger_version` DISABLE KEYS */;
INSERT INTO vtiger_version ( ID, OLD_VERSION, CURRENT_VERSION ) VALUES ( 1, '5.4.0', '5.4.0' );
/*!40000 ALTER TABLE `vtiger_version` ENABLE KEYS */;
UNLOCK TABLES;

--
-- Table structure for table vtiger_version_seq
--

DROP TABLE IF EXISTS vtiger_version_seq;
SET @saved_cs_client = @@character_set_client;
SET character_set_client = utf8;
CREATE TABLE `vtiger_version_seq` (
  `id` int(11) NOT NULL
) ENGINE=MyISAM DEFAULT CHARSET=utf8;
SET character_set_client = @saved_cs_client;

--
-- Dumping data for table vtiger_version_seq
--

LOCK TABLES `vtiger_version_seq` WRITE;
/*!40000 ALTER TABLE `vtiger_version_seq` DISABLE KEYS */;
INSERT INTO vtiger_version_seq ( ID ) VALUES ( 1 );
/*!40000 ALTER TABLE `vtiger_version_seq` ENABLE KEYS */;
UNLOCK TABLES;

--
-- Table structure for table vtiger_visibility
--

DROP TABLE IF EXISTS vtiger_visibility;
SET @saved_cs_client = @@character_set_client;
SET character_set_client = utf8;
CREATE TABLE `vtiger_visibility` (
  `visibilityid` int(19) NOT NULL AUTO_INCREMENT,
  `visibility` varchar(200) NOT NULL,
  `sortorderid` int(19) NOT NULL DEFAULT '0',
  `presence` int(1) NOT NULL DEFAULT '1',
  PRIMARY KEY (`visibilityid`),
  UNIQUE KEY `visibility_visibility_idx` (`visibility`)
) ENGINE=InnoDB AUTO_INCREMENT=3 DEFAULT CHARSET=utf8;
SET character_set_client = @saved_cs_client;

--
-- Dumping data for table vtiger_visibility
--

LOCK TABLES `vtiger_visibility` WRITE;
/*!40000 ALTER TABLE `vtiger_visibility` DISABLE KEYS */;
INSERT INTO vtiger_visibility ( VISIBILITYID, VISIBILITY, SORTORDERID, PRESENCE ) VALUES ( 1, 'Private', 0, 1 ), ( 2, 'Public', 1, 1 );
/*!40000 ALTER TABLE `vtiger_visibility` ENABLE KEYS */;
UNLOCK TABLES;

--
-- Table structure for table vtiger_visibility_seq
--

DROP TABLE IF EXISTS vtiger_visibility_seq;
SET @saved_cs_client = @@character_set_client;
SET character_set_client = utf8;
CREATE TABLE `vtiger_visibility_seq` (
  `id` int(11) NOT NULL
) ENGINE=MyISAM DEFAULT CHARSET=utf8;
SET character_set_client = @saved_cs_client;

--
-- Dumping data for table vtiger_visibility_seq
--

LOCK TABLES `vtiger_visibility_seq` WRITE;
/*!40000 ALTER TABLE `vtiger_visibility_seq` DISABLE KEYS */;
INSERT INTO vtiger_visibility_seq ( ID ) VALUES ( 2 );
/*!40000 ALTER TABLE `vtiger_visibility_seq` ENABLE KEYS */;
UNLOCK TABLES;

--
-- Table structure for table vtiger_webforms
--

DROP TABLE IF EXISTS vtiger_webforms;
SET @saved_cs_client = @@character_set_client;
SET character_set_client = utf8;
CREATE TABLE `vtiger_webforms` (
  `id` int(19) NOT NULL AUTO_INCREMENT,
  `name` varchar(100) NOT NULL,
  `publicid` varchar(100) NOT NULL,
  `enabled` int(1) NOT NULL DEFAULT '1',
  `targetmodule` varchar(50) NOT NULL,
  `description` varchar(250) DEFAULT NULL,
  `ownerid` int(19) NOT NULL,
  `returnurl` varchar(250) DEFAULT NULL,
  PRIMARY KEY (`id`),
  UNIQUE KEY `webformname` (`name`),
  UNIQUE KEY `publicid` (`id`),
  KEY `webforms_webforms_id_idx` (`id`)
) ENGINE=InnoDB DEFAULT CHARSET=utf8;
SET character_set_client = @saved_cs_client;

--
-- Dumping data for table vtiger_webforms
--

LOCK TABLES `vtiger_webforms` WRITE;
/*!40000 ALTER TABLE `vtiger_webforms` DISABLE KEYS */;

/*!40000 ALTER TABLE `vtiger_webforms` ENABLE KEYS */;
UNLOCK TABLES;

--
-- Table structure for table vtiger_webforms_field
--

DROP TABLE IF EXISTS vtiger_webforms_field;
SET @saved_cs_client = @@character_set_client;
SET character_set_client = utf8;
CREATE TABLE `vtiger_webforms_field` (
  `id` int(19) NOT NULL AUTO_INCREMENT,
  `webformid` int(19) NOT NULL,
  `fieldname` varchar(50) NOT NULL,
  `neutralizedfield` varchar(50) NOT NULL,
  `defaultvalue` varchar(200) DEFAULT NULL,
  `required` int(10) NOT NULL DEFAULT '0',
  PRIMARY KEY (`id`),
  KEY `webforms_webforms_field_idx` (`id`),
  KEY `fk_1_vtiger_webforms_field` (`webformid`),
  KEY `fk_2_vtiger_webforms_field` (`fieldname`),
  CONSTRAINT `fk_1_vtiger_webforms_field` FOREIGN KEY (`webformid`) REFERENCES `vtiger_webforms` (`id`) ON DELETE CASCADE,
  CONSTRAINT `fk_3_vtiger_webforms_field` FOREIGN KEY (`fieldname`) REFERENCES `vtiger_field` (`fieldname`) ON DELETE CASCADE
) ENGINE=InnoDB DEFAULT CHARSET=utf8;
SET character_set_client = @saved_cs_client;

--
-- Dumping data for table vtiger_webforms_field
--

LOCK TABLES `vtiger_webforms_field` WRITE;
/*!40000 ALTER TABLE `vtiger_webforms_field` DISABLE KEYS */;

/*!40000 ALTER TABLE `vtiger_webforms_field` ENABLE KEYS */;
UNLOCK TABLES;

--
-- Table structure for table vtiger_wordtemplates
--

DROP TABLE IF EXISTS vtiger_wordtemplates;
SET @saved_cs_client = @@character_set_client;
SET character_set_client = utf8;
CREATE TABLE `vtiger_wordtemplates` (
  `templateid` int(19) NOT NULL,
  `filename` varchar(100) NOT NULL,
  `module` varchar(30) NOT NULL,
  `date_entered` timestamp NOT NULL DEFAULT CURRENT_TIMESTAMP ON UPDATE CURRENT_TIMESTAMP,
  `parent_type` varchar(50) NOT NULL,
  `data` longblob,
  `description` text,
  `filesize` varchar(50) NOT NULL,
  `filetype` varchar(20) NOT NULL,
  `deleted` int(1) NOT NULL DEFAULT '0',
  PRIMARY KEY (`templateid`)
) ENGINE=InnoDB DEFAULT CHARSET=utf8;
SET character_set_client = @saved_cs_client;

--
-- Dumping data for table vtiger_wordtemplates
--

LOCK TABLES `vtiger_wordtemplates` WRITE;
/*!40000 ALTER TABLE `vtiger_wordtemplates` DISABLE KEYS */;

/*!40000 ALTER TABLE `vtiger_wordtemplates` ENABLE KEYS */;
UNLOCK TABLES;

--
-- Table structure for table vtiger_ws_entity
--

DROP TABLE IF EXISTS vtiger_ws_entity;
SET @saved_cs_client = @@character_set_client;
SET character_set_client = utf8;
CREATE TABLE `vtiger_ws_entity` (
  `id` int(11) NOT NULL AUTO_INCREMENT,
  `name` varchar(25) NOT NULL,
  `handler_path` varchar(255) NOT NULL,
  `handler_class` varchar(64) NOT NULL,
  `ismodule` int(3) NOT NULL,
  PRIMARY KEY (`id`)
) ENGINE=InnoDB AUTO_INCREMENT=33 DEFAULT CHARSET=utf8;
SET character_set_client = @saved_cs_client;

--
-- Dumping data for table vtiger_ws_entity
--

LOCK TABLES `vtiger_ws_entity` WRITE;
/*!40000 ALTER TABLE `vtiger_ws_entity` DISABLE KEYS */;
INSERT INTO vtiger_ws_entity ( ID, NAME, HANDLER_PATH, HANDLER_CLASS, ISMODULE ) VALUES ( 1, 'Campaigns', 'include/Webservices/VtigerModuleOperation.php', 'VtigerModuleOperation', 1 ), ( 2, 'Vendors', 'include/Webservices/VtigerModuleOperation.php', 'VtigerModuleOperation', 1 ), ( 3, 'Faq', 'include/Webservices/VtigerModuleOperation.php', 'VtigerModuleOperation', 1 ), ( 4, 'Quotes', 'include/Webservices/VtigerModuleOperation.php', 'VtigerModuleOperation', 1 ), ( 5, 'PurchaseOrder', 'include/Webservices/VtigerModuleOperation.php', 'VtigerModuleOperation', 1 ), ( 6, 'SalesOrder', 'include/Webservices/VtigerModuleOperation.php', 'VtigerModuleOperation', 1 ), ( 7, 'Invoice', 'include/Webservices/VtigerModuleOperation.php', 'VtigerModuleOperation', 1 ), ( 8, 'PriceBooks', 'include/Webservices/VtigerModuleOperation.php', 'VtigerModuleOperation', 1 ), ( 9, 'Calendar', 'include/Webservices/VtigerModuleOperation.php', 'VtigerModuleOperation', 1 ), ( 10, 'Leads', 'include/Webservices/VtigerModuleOperation.php', 'VtigerModuleOperation', 1 ), ( 11, 'Accounts', 'include/Webservices/VtigerModuleOperation.php', 'VtigerModuleOperation', 1 ), ( 12, 'Contacts', 'include/Webservices/VtigerModuleOperation.php', 'VtigerModuleOperation', 1 ), ( 13, 'Potentials', 'include/Webservices/VtigerModuleOperation.php', 'VtigerModuleOperation', 1 ), ( 14, 'Products', 'include/Webservices/VtigerModuleOperation.php', 'VtigerModuleOperation', 1 ), ( 15, 'Documents', 'include/Webservices/VtigerModuleOperation.php', 'VtigerModuleOperation', 1 ), ( 16, 'Emails', 'include/Webservices/VtigerModuleOperation.php', 'VtigerModuleOperation', 1 ), ( 17, 'HelpDesk', 'include/Webservices/VtigerModuleOperation.php', 'VtigerModuleOperation', 1 ), ( 18, 'Events', 'include/Webservices/VtigerModuleOperation.php', 'VtigerModuleOperation', 1 ), ( 19, 'Users', 'include/Webservices/VtigerModuleOperation.php', 'VtigerModuleOperation', 1 ), ( 20, 'Groups', 'include/Webservices/VtigerActorOperation.php', 'VtigerActorOperation', 0 ), ( 21, 'Currency', 'include/Webservices/VtigerActorOperation.php', 'VtigerActorOperation', 0 ), ( 22, 'DocumentFolders', 'include/Webservices/VtigerActorOperation.php', 'VtigerActorOperation', 0 ), ( 23, 'CompanyDetails', 'include/Webservices/VtigerCompanyDetails.php', 'VtigerCompanyDetails', 0 ), ( 24, 'ServiceContracts', 'include/Webservices/VtigerModuleOperation.php', 'VtigerModuleOperation', 1 ), ( 25, 'PBXManager', 'include/Webservices/VtigerModuleOperation.php', 'VtigerModuleOperation', 1 ), ( 26, 'Services', 'include/Webservices/VtigerModuleOperation.php', 'VtigerModuleOperation', 1 ), ( 27, 'SMSNotifier', 'include/Webservices/VtigerModuleOperation.php', 'VtigerModuleOperation', 1 ), ( 28, 'Assets', 'include/Webservices/VtigerModuleOperation.php', 'VtigerModuleOperation', 1 ), ( 29, 'ProjectMilestone', 'include/Webservices/VtigerModuleOperation.php', 'VtigerModuleOperation', 1 ), ( 30, 'ProjectTask', 'include/Webservices/VtigerModuleOperation.php', 'VtigerModuleOperation', 1 ), ( 31, 'Project', 'include/Webservices/VtigerModuleOperation.php', 'VtigerModuleOperation', 1 ), ( 32, 'ModComments', 'include/Webservices/VtigerModuleOperation.php', 'VtigerModuleOperation', 1 );
/*!40000 ALTER TABLE `vtiger_ws_entity` ENABLE KEYS */;
UNLOCK TABLES;

--
-- Table structure for table vtiger_ws_entity_fieldtype
--

DROP TABLE IF EXISTS vtiger_ws_entity_fieldtype;
SET @saved_cs_client = @@character_set_client;
SET character_set_client = utf8;
CREATE TABLE `vtiger_ws_entity_fieldtype` (
  `fieldtypeid` int(19) NOT NULL AUTO_INCREMENT,
  `table_name` varchar(50) NOT NULL,
  `field_name` varchar(50) NOT NULL,
  `fieldtype` varchar(200) NOT NULL,
  PRIMARY KEY (`fieldtypeid`),
  UNIQUE KEY `vtiger_idx_1_tablename_fieldname` (`table_name`,`field_name`)
) ENGINE=InnoDB AUTO_INCREMENT=6 DEFAULT CHARSET=utf8;
SET character_set_client = @saved_cs_client;

--
-- Dumping data for table vtiger_ws_entity_fieldtype
--

LOCK TABLES `vtiger_ws_entity_fieldtype` WRITE;
/*!40000 ALTER TABLE `vtiger_ws_entity_fieldtype` DISABLE KEYS */;
INSERT INTO vtiger_ws_entity_fieldtype ( FIELDTYPEID, TABLE_NAME, FIELD_NAME, FIELDTYPE ) VALUES ( 1, 'vtiger_attachmentsfolder', 'createdby', 'reference' ), ( 2, 'vtiger_organizationdetails', 'logoname', 'file' ), ( 3, 'vtiger_organizationdetails', 'phone', 'phone' ), ( 4, 'vtiger_organizationdetails', 'fax', 'phone' ), ( 5, 'vtiger_organizationdetails', 'website', 'url' );
/*!40000 ALTER TABLE `vtiger_ws_entity_fieldtype` ENABLE KEYS */;
UNLOCK TABLES;

--
-- Table structure for table vtiger_ws_entity_fieldtype_seq
--

DROP TABLE IF EXISTS vtiger_ws_entity_fieldtype_seq;
SET @saved_cs_client = @@character_set_client;
SET character_set_client = utf8;
CREATE TABLE `vtiger_ws_entity_fieldtype_seq` (
  `id` int(11) NOT NULL
) ENGINE=MyISAM DEFAULT CHARSET=utf8;
SET character_set_client = @saved_cs_client;

--
-- Dumping data for table vtiger_ws_entity_fieldtype_seq
--

LOCK TABLES `vtiger_ws_entity_fieldtype_seq` WRITE;
/*!40000 ALTER TABLE `vtiger_ws_entity_fieldtype_seq` DISABLE KEYS */;
INSERT INTO vtiger_ws_entity_fieldtype_seq ( ID ) VALUES ( 5 );
/*!40000 ALTER TABLE `vtiger_ws_entity_fieldtype_seq` ENABLE KEYS */;
UNLOCK TABLES;

--
-- Table structure for table vtiger_ws_entity_name
--

DROP TABLE IF EXISTS vtiger_ws_entity_name;
SET @saved_cs_client = @@character_set_client;
SET character_set_client = utf8;
CREATE TABLE `vtiger_ws_entity_name` (
  `entity_id` int(11) NOT NULL,
  `name_fields` varchar(50) NOT NULL,
  `index_field` varchar(50) NOT NULL,
  `table_name` varchar(50) NOT NULL,
  PRIMARY KEY (`entity_id`)
) ENGINE=InnoDB DEFAULT CHARSET=utf8;
SET character_set_client = @saved_cs_client;

--
-- Dumping data for table vtiger_ws_entity_name
--

LOCK TABLES `vtiger_ws_entity_name` WRITE;
/*!40000 ALTER TABLE `vtiger_ws_entity_name` DISABLE KEYS */;
INSERT INTO vtiger_ws_entity_name ( ENTITY_ID, NAME_FIELDS, INDEX_FIELD, TABLE_NAME ) VALUES ( 20, 'groupname', 'groupid', 'vtiger_groups' ), ( 21, 'currency_name', 'id', 'vtiger_currency_info' ), ( 22, 'foldername', 'folderid', 'vtiger_attachmentsfolder' ), ( 23, 'organizationname', 'groupid', 'vtiger_organizationdetails' );
/*!40000 ALTER TABLE `vtiger_ws_entity_name` ENABLE KEYS */;
UNLOCK TABLES;

--
-- Table structure for table vtiger_ws_entity_referencetype
--

DROP TABLE IF EXISTS vtiger_ws_entity_referencetype;
SET @saved_cs_client = @@character_set_client;
SET character_set_client = utf8;
CREATE TABLE `vtiger_ws_entity_referencetype` (
  `fieldtypeid` int(19) NOT NULL,
  `type` varchar(25) NOT NULL,
  PRIMARY KEY (`fieldtypeid`,`type`),
  CONSTRAINT `vtiger_fk_1_actors_referencetype` FOREIGN KEY (`fieldtypeid`) REFERENCES `vtiger_ws_entity_fieldtype` (`fieldtypeid`) ON DELETE CASCADE
) ENGINE=InnoDB DEFAULT CHARSET=utf8;
SET character_set_client = @saved_cs_client;

--
-- Dumping data for table vtiger_ws_entity_referencetype
--

LOCK TABLES `vtiger_ws_entity_referencetype` WRITE;
/*!40000 ALTER TABLE `vtiger_ws_entity_referencetype` DISABLE KEYS */;
INSERT INTO vtiger_ws_entity_referencetype ( FIELDTYPEID, TYPE ) VALUES ( 5, 'Users' );
/*!40000 ALTER TABLE `vtiger_ws_entity_referencetype` ENABLE KEYS */;
UNLOCK TABLES;

--
-- Table structure for table vtiger_ws_entity_seq
--

DROP TABLE IF EXISTS vtiger_ws_entity_seq;
SET @saved_cs_client = @@character_set_client;
SET character_set_client = utf8;
CREATE TABLE `vtiger_ws_entity_seq` (
  `id` int(11) NOT NULL
) ENGINE=MyISAM DEFAULT CHARSET=utf8;
SET character_set_client = @saved_cs_client;

--
-- Dumping data for table vtiger_ws_entity_seq
--

LOCK TABLES `vtiger_ws_entity_seq` WRITE;
/*!40000 ALTER TABLE `vtiger_ws_entity_seq` DISABLE KEYS */;
INSERT INTO vtiger_ws_entity_seq ( ID ) VALUES ( 32 );
/*!40000 ALTER TABLE `vtiger_ws_entity_seq` ENABLE KEYS */;
UNLOCK TABLES;

--
-- Table structure for table vtiger_ws_entity_tables
--

DROP TABLE IF EXISTS vtiger_ws_entity_tables;
SET @saved_cs_client = @@character_set_client;
SET character_set_client = utf8;
CREATE TABLE `vtiger_ws_entity_tables` (
  `webservice_entity_id` int(11) NOT NULL,
  `table_name` varchar(50) NOT NULL,
  PRIMARY KEY (`webservice_entity_id`,`table_name`),
  CONSTRAINT `fk_1_vtiger_ws_actor_tables` FOREIGN KEY (`webservice_entity_id`) REFERENCES `vtiger_ws_entity` (`id`) ON DELETE CASCADE
) ENGINE=InnoDB DEFAULT CHARSET=utf8;
SET character_set_client = @saved_cs_client;

--
-- Dumping data for table vtiger_ws_entity_tables
--

LOCK TABLES `vtiger_ws_entity_tables` WRITE;
/*!40000 ALTER TABLE `vtiger_ws_entity_tables` DISABLE KEYS */;
INSERT INTO vtiger_ws_entity_tables ( WEBSERVICE_ENTITY_ID, TABLE_NAME ) VALUES ( 20, 'vtiger_groups' ), ( 21, 'vtiger_currency_info' ), ( 22, 'vtiger_attachmentsfolder' ), ( 23, 'vtiger_organizationdetails' );
/*!40000 ALTER TABLE `vtiger_ws_entity_tables` ENABLE KEYS */;
UNLOCK TABLES;

--
-- Table structure for table vtiger_ws_fieldinfo
--

DROP TABLE IF EXISTS vtiger_ws_fieldinfo;
SET @saved_cs_client = @@character_set_client;
SET character_set_client = utf8;
CREATE TABLE `vtiger_ws_fieldinfo` (
  `id` varchar(64) NOT NULL,
  `property_name` varchar(32) DEFAULT NULL,
  `property_value` varchar(64) DEFAULT NULL,
  PRIMARY KEY (`id`)
) ENGINE=InnoDB DEFAULT CHARSET=utf8;
SET character_set_client = @saved_cs_client;

--
-- Dumping data for table vtiger_ws_fieldinfo
--

LOCK TABLES `vtiger_ws_fieldinfo` WRITE;
/*!40000 ALTER TABLE `vtiger_ws_fieldinfo` DISABLE KEYS */;
INSERT INTO vtiger_ws_fieldinfo ( ID, PROPERTY_NAME, PROPERTY_VALUE ) VALUES ( 'vtiger_organizationdetails.organization_id', 'upload.path', '1' );
/*!40000 ALTER TABLE `vtiger_ws_fieldinfo` ENABLE KEYS */;
UNLOCK TABLES;

--
-- Table structure for table vtiger_ws_fieldtype
--

DROP TABLE IF EXISTS vtiger_ws_fieldtype;
SET @saved_cs_client = @@character_set_client;
SET character_set_client = utf8;
CREATE TABLE `vtiger_ws_fieldtype` (
  `fieldtypeid` int(19) NOT NULL AUTO_INCREMENT,
  `uitype` varchar(30) NOT NULL,
  `fieldtype` varchar(200) NOT NULL,
  PRIMARY KEY (`fieldtypeid`),
  UNIQUE KEY `uitype_idx` (`uitype`)
) ENGINE=InnoDB AUTO_INCREMENT=40 DEFAULT CHARSET=utf8;
SET character_set_client = @saved_cs_client;

--
-- Dumping data for table vtiger_ws_fieldtype
--

LOCK TABLES `vtiger_ws_fieldtype` WRITE;
/*!40000 ALTER TABLE `vtiger_ws_fieldtype` DISABLE KEYS */;
INSERT INTO vtiger_ws_fieldtype ( FIELDTYPEID, UITYPE, FIELDTYPE ) VALUES ( 1, '15', 'picklist' ), ( 2, '16', 'picklist' ), ( 3, '19', 'text' ), ( 4, '20', 'text' ), ( 5, '21', 'text' ), ( 6, '24', 'text' ), ( 7, '3', 'autogenerated' ), ( 8, '11', 'phone' ), ( 9, '33', 'multipicklist' ), ( 10, '17', 'url' ), ( 11, '85', 'skype' ), ( 12, '56', 'boolean' ), ( 13, '156', 'boolean' ), ( 14, '53', 'owner' ), ( 15, '61', 'file' ), ( 16, '28', 'file' ), ( 17, '13', 'email' ), ( 18, '71', 'currency' ), ( 19, '72', 'currency' ), ( 20, '50', 'reference' ), ( 21, '51', 'reference' ), ( 22, '57', 'reference' ), ( 23, '58', 'reference' ), ( 24, '73', 'reference' ), ( 25, '75', 'reference' ), ( 26, '76', 'reference' ), ( 27, '78', 'reference' ), ( 28, '80', 'reference' ), ( 29, '81', 'reference' ), ( 30, '101', 'reference' ), ( 31, '52', 'reference' ), ( 32, '357', 'reference' ), ( 33, '59', 'reference' ), ( 34, '66', 'reference' ), ( 35, '77', 'reference' ), ( 36, '68', 'reference' ), ( 37, '117', 'reference' ), ( 38, '26', 'reference' ), ( 39, '10', 'reference' );
/*!40000 ALTER TABLE `vtiger_ws_fieldtype` ENABLE KEYS */;
UNLOCK TABLES;

--
-- Table structure for table vtiger_ws_operation
--

DROP TABLE IF EXISTS vtiger_ws_operation;
SET @saved_cs_client = @@character_set_client;
SET character_set_client = utf8;
CREATE TABLE `vtiger_ws_operation` (
  `operationid` int(11) NOT NULL AUTO_INCREMENT,
  `name` varchar(128) NOT NULL,
  `handler_path` varchar(255) NOT NULL,
  `handler_method` varchar(64) NOT NULL,
  `type` varchar(8) NOT NULL,
  `prelogin` int(3) NOT NULL,
  PRIMARY KEY (`operationid`)
) ENGINE=InnoDB AUTO_INCREMENT=33 DEFAULT CHARSET=utf8;
SET character_set_client = @saved_cs_client;

--
-- Dumping data for table vtiger_ws_operation
--

LOCK TABLES `vtiger_ws_operation` WRITE;
/*!40000 ALTER TABLE `vtiger_ws_operation` DISABLE KEYS */;
INSERT INTO vtiger_ws_operation ( OPERATIONID, NAME, HANDLER_PATH, HANDLER_METHOD, TYPE, PRELOGIN ) VALUES ( 1, 'login', 'include/Webservices/Login.php', 'vtws_login', 'POST', 1 ), ( 2, 'retrieve', 'include/Webservices/Retrieve.php', 'vtws_retrieve', 'GET', 0 ), ( 3, 'create', 'include/Webservices/Create.php', 'vtws_create', 'POST', 0 ), ( 4, 'update', 'include/Webservices/Update.php', 'vtws_update', 'POST', 0 ), ( 5, 'delete', 'include/Webservices/Delete.php', 'vtws_delete', 'POST', 0 ), ( 6, 'sync', 'include/Webservices/GetUpdates.php', 'vtws_sync', 'GET', 0 ), ( 7, 'query', 'include/Webservices/Query.php', 'vtws_query', 'GET', 0 ), ( 8, 'logout', 'include/Webservices/Logout.php', 'vtws_logout', 'POST', 0 ), ( 9, 'listtypes', 'include/Webservices/ModuleTypes.php', 'vtws_listtypes', 'GET', 0 ), ( 10, 'getchallenge', 'include/Webservices/AuthToken.php', 'vtws_getchallenge', 'GET', 1 ), ( 11, 'describe', 'include/Webservices/DescribeObject.php', 'vtws_describe', 'GET', 0 ), ( 12, 'extendsession', 'include/Webservices/ExtendSession.php', 'vtws_extendSession', 'POST', 1 ), ( 13, 'convertlead', 'include/Webservices/ConvertLead.php', 'vtws_convertlead', 'POST', 0 ), ( 14, 'revise', 'include/Webservices/Revise.php', 'vtws_revise', 'POST', 0 ), ( 15, 'changePassword', 'include/Webservices/ChangePassword.php', 'vtws_changePassword', 'POST', 0 ), ( 16, 'deleteUser', 'include/Webservices/DeleteUser.php', 'vtws_deleteUser', 'POST', 0 ), ( 17, 'mobile.fetchallalerts', 'modules/Mobile/api/wsapi.php', 'mobile_ws_fetchAllAlerts', 'POST', 0 ), ( 18, 'mobile.alertdetailswithmessage', 'modules/Mobile/api/wsapi.php', 'mobile_ws_alertDetailsWithMessage', 'POST', 0 ), ( 19, 'mobile.fetchmodulefilters', 'modules/Mobile/api/wsapi.php', 'mobile_ws_fetchModuleFilters', 'POST', 0 ), ( 20, 'mobile.fetchrecord', 'modules/Mobile/api/wsapi.php', 'mobile_ws_fetchRecord', 'POST', 0 ), ( 21, 'mobile.fetchrecordwithgrouping', 'modules/Mobile/api/wsapi.php', 'mobile_ws_fetchRecordWithGrouping', 'POST', 0 ), ( 22, 'mobile.filterdetailswithcount', 'modules/Mobile/api/wsapi.php', 'mobile_ws_filterDetailsWithCount', 'POST', 0 ), ( 23, 'mobile.listmodulerecords', 'modules/Mobile/api/wsapi.php', 'mobile_ws_listModuleRecords', 'POST', 0 ), ( 24, 'mobile.saverecord', 'modules/Mobile/api/wsapi.php', 'mobile_ws_saveRecord', 'POST', 0 ), ( 25, 'mobile.syncModuleRecords', 'modules/Mobile/api/wsapi.php', 'mobile_ws_syncModuleRecords', 'POST', 0 ), ( 26, 'mobile.query', 'modules/Mobile/api/wsapi.php', 'mobile_ws_query', 'POST', 0 ), ( 27, 'mobile.querywithgrouping', 'modules/Mobile/api/wsapi.php', 'mobile_ws_queryWithGrouping', 'POST', 0 ), ( 28, 'wsapp_register', 'modules/WSAPP/api/ws/Register.php', 'wsapp_register', 'POST', 0 ), ( 29, 'wsapp_deregister', 'modules/WSAPP/api/ws/DeRegister.php', 'wsapp_deregister', 'POST', 0 ), ( 30, 'wsapp_get', 'modules/WSAPP/api/ws/Get.php', 'wsapp_get', 'POST', 0 ), ( 31, 'wsapp_put', 'modules/WSAPP/api/ws/Put.php', 'wsapp_put', 'POST', 0 ), ( 32, 'wsapp_map', 'modules/WSAPP/api/ws/Map.php', 'wsapp_map', 'POST', 0 );
/*!40000 ALTER TABLE `vtiger_ws_operation` ENABLE KEYS */;
UNLOCK TABLES;

--
-- Table structure for table vtiger_ws_operation_parameters
--

DROP TABLE IF EXISTS vtiger_ws_operation_parameters;
SET @saved_cs_client = @@character_set_client;
SET character_set_client = utf8;
CREATE TABLE `vtiger_ws_operation_parameters` (
  `operationid` int(11) NOT NULL AUTO_INCREMENT,
  `name` varchar(128) NOT NULL,
  `type` varchar(64) NOT NULL,
  `sequence` int(11) NOT NULL,
  PRIMARY KEY (`operationid`,`name`)
) ENGINE=InnoDB AUTO_INCREMENT=33 DEFAULT CHARSET=utf8;
SET character_set_client = @saved_cs_client;

--
-- Dumping data for table vtiger_ws_operation_parameters
--

LOCK TABLES `vtiger_ws_operation_parameters` WRITE;
/*!40000 ALTER TABLE `vtiger_ws_operation_parameters` DISABLE KEYS */;
INSERT INTO vtiger_ws_operation_parameters ( OPERATIONID, NAME, TYPE, SEQUENCE ) VALUES ( 1, 'accessKey', 'String', 2 ), ( 1, 'username', 'String', 1 ), ( 2, 'id', 'String', 1 ), ( 3, 'element', 'encoded', 2 ), ( 3, 'elementType', 'String', 1 ), ( 4, 'element', 'encoded', 1 ), ( 5, 'id', 'String', 1 ), ( 6, 'elementType', 'String', 2 ), ( 6, 'modifiedTime', 'DateTime', 1 ), ( 7, 'query', 'String', 1 ), ( 8, 'sessionName', 'String', 1 ), ( 9, 'fieldTypeList', 'encoded', 1 ), ( 10, 'username', 'String', 1 ), ( 11, 'elementType', 'String', 1 ), ( 13, 'accountName', 'String', 3 ), ( 13, 'assignedTo', 'String', 2 ), ( 13, 'avoidPotential', 'Boolean', 4 ), ( 13, 'leadId', 'String', 1 ), ( 13, 'potential', 'Encoded', 5 ), ( 14, 'element', 'Encoded', 1 ), ( 15, 'confirmPassword', 'String', 4 ), ( 15, 'id', 'String', 1 ), ( 15, 'newPassword', 'String', 3 ), ( 15, 'oldPassword', 'String', 2 ), ( 16, 'id', 'String', 1 ), ( 16, 'newOwnerId', 'String', 2 ), ( 18, 'alertid', 'string', 1 ), ( 19, 'module', 'string', 1 ), ( 20, 'record', 'string', 1 ), ( 21, 'record', 'string', 1 ), ( 22, 'filterid', 'string', 1 ), ( 23, 'elements', 'encoded', 1 ), ( 24, 'module', 'string', 1 ), ( 24, 'record', 'string', 2 ), ( 24, 'values', 'encoded', 3 ), ( 25, 'module', 'string', 1 ), ( 25, 'page', 'string', 3 ), ( 25, 'syncToken', 'string', 2 ), ( 26, 'module', 'string', 1 ), ( 26, 'page', 'string', 3 ), ( 26, 'query', 'string', 2 ), ( 27, 'module', 'string', 1 ), ( 27, 'page', 'string', 3 ), ( 27, 'query', 'string', 2 ), ( 28, 'synctype', 'string', 2 ), ( 28, 'type', 'string', 1 ), ( 29, 'key', 'string', 2 ), ( 29, 'type', 'string', 1 ), ( 30, 'key', 'string', 1 ), ( 30, 'module', 'string', 2 ), ( 30, 'token', 'string', 3 ), ( 31, 'element', 'encoded', 2 ), ( 31, 'key', 'string', 1 ), ( 32, 'element', 'encoded', 2 ), ( 32, 'key', 'string', 1 );
/*!40000 ALTER TABLE `vtiger_ws_operation_parameters` ENABLE KEYS */;
UNLOCK TABLES;

--
-- Table structure for table vtiger_ws_operation_seq
--

DROP TABLE IF EXISTS vtiger_ws_operation_seq;
SET @saved_cs_client = @@character_set_client;
SET character_set_client = utf8;
CREATE TABLE `vtiger_ws_operation_seq` (
  `id` int(11) NOT NULL
) ENGINE=MyISAM DEFAULT CHARSET=utf8;
SET character_set_client = @saved_cs_client;

--
-- Dumping data for table vtiger_ws_operation_seq
--

LOCK TABLES `vtiger_ws_operation_seq` WRITE;
/*!40000 ALTER TABLE `vtiger_ws_operation_seq` DISABLE KEYS */;
INSERT INTO vtiger_ws_operation_seq ( ID ) VALUES ( 32 );
/*!40000 ALTER TABLE `vtiger_ws_operation_seq` ENABLE KEYS */;
UNLOCK TABLES;

--
-- Table structure for table vtiger_ws_referencetype
--

DROP TABLE IF EXISTS vtiger_ws_referencetype;
SET @saved_cs_client = @@character_set_client;
SET character_set_client = utf8;
CREATE TABLE `vtiger_ws_referencetype` (
  `fieldtypeid` int(19) NOT NULL,
  `type` varchar(25) NOT NULL,
  PRIMARY KEY (`fieldtypeid`,`type`),
  CONSTRAINT `fk_1_vtiger_referencetype` FOREIGN KEY (`fieldtypeid`) REFERENCES `vtiger_ws_fieldtype` (`fieldtypeid`) ON DELETE CASCADE
) ENGINE=InnoDB DEFAULT CHARSET=utf8;
SET character_set_client = @saved_cs_client;

--
-- Dumping data for table vtiger_ws_referencetype
--

LOCK TABLES `vtiger_ws_referencetype` WRITE;
/*!40000 ALTER TABLE `vtiger_ws_referencetype` DISABLE KEYS */;
INSERT INTO vtiger_ws_referencetype ( FIELDTYPEID, TYPE ) VALUES ( 20, 'Accounts' ), ( 21, 'Accounts' ), ( 22, 'Contacts' ), ( 23, 'Campaigns' ), ( 24, 'Accounts' ), ( 25, 'Vendors' ), ( 26, 'Potentials' ), ( 27, 'Quotes' ), ( 28, 'SalesOrder' ), ( 29, 'Vendors' ), ( 30, 'Users' ), ( 31, 'Users' ), ( 32, 'Accounts' ), ( 32, 'Contacts' ), ( 32, 'Leads' ), ( 32, 'Users' ), ( 32, 'Vendors' ), ( 33, 'Products' ), ( 34, 'Accounts' ), ( 34, 'HelpDesk' ), ( 34, 'Leads' ), ( 34, 'Potentials' ), ( 35, 'Users' ), ( 36, 'Accounts' ), ( 36, 'Contacts' ), ( 37, 'Currency' ), ( 38, 'DocumentFolders' );
/*!40000 ALTER TABLE `vtiger_ws_referencetype` ENABLE KEYS */;
UNLOCK TABLES;

--
-- Table structure for table vtiger_ws_userauthtoken
--

DROP TABLE IF EXISTS vtiger_ws_userauthtoken;
SET @saved_cs_client = @@character_set_client;
SET character_set_client = utf8;
CREATE TABLE `vtiger_ws_userauthtoken` (
  `userid` int(19) NOT NULL,
  `token` varchar(36) NOT NULL,
  `expiretime` int(19) NOT NULL,
  PRIMARY KEY (`userid`,`expiretime`),
  UNIQUE KEY `userid_idx` (`userid`)
) ENGINE=InnoDB DEFAULT CHARSET=utf8;
SET character_set_client = @saved_cs_client;

--
-- Dumping data for table vtiger_ws_userauthtoken
--

LOCK TABLES `vtiger_ws_userauthtoken` WRITE;
/*!40000 ALTER TABLE `vtiger_ws_userauthtoken` DISABLE KEYS */;
INSERT INTO vtiger_ws_userauthtoken ( USERID, TOKEN, EXPIRETIME ) VALUES ( 5, '517932ed8b1e4', 1366897689 );
/*!40000 ALTER TABLE `vtiger_ws_userauthtoken` ENABLE KEYS */;
UNLOCK TABLES;

--
-- Table structure for table vtiger_wsapp
--

DROP TABLE IF EXISTS vtiger_wsapp;
SET @saved_cs_client = @@character_set_client;
SET character_set_client = utf8;
CREATE TABLE `vtiger_wsapp` (
  `appid` int(11) NOT NULL AUTO_INCREMENT,
  `name` varchar(200) NOT NULL,
  `appkey` varchar(255) DEFAULT NULL,
  `type` varchar(100) DEFAULT NULL,
  PRIMARY KEY (`appid`)
) ENGINE=InnoDB AUTO_INCREMENT=3 DEFAULT CHARSET=utf8;
SET character_set_client = @saved_cs_client;

--
-- Dumping data for table vtiger_wsapp
--

LOCK TABLES `vtiger_wsapp` WRITE;
/*!40000 ALTER TABLE `vtiger_wsapp` DISABLE KEYS */;
INSERT INTO vtiger_wsapp ( APPID, NAME, APPKEY, TYPE ) VALUES ( 1, 'vtigerCRM', '4fa9013892999', 'user' ), ( 2, 'Outlook', '50995f52368bd', 'user' );
/*!40000 ALTER TABLE `vtiger_wsapp` ENABLE KEYS */;
UNLOCK TABLES;

--
-- Table structure for table vtiger_wsapp_handlerdetails
--

DROP TABLE IF EXISTS vtiger_wsapp_handlerdetails;
SET @saved_cs_client = @@character_set_client;
SET character_set_client = utf8;
CREATE TABLE `vtiger_wsapp_handlerdetails` (
  `type` varchar(200) NOT NULL,
  `handlerclass` varchar(100) DEFAULT NULL,
  `handlerpath` varchar(300) DEFAULT NULL
) ENGINE=InnoDB DEFAULT CHARSET=utf8;
SET character_set_client = @saved_cs_client;

--
-- Dumping data for table vtiger_wsapp_handlerdetails
--

LOCK TABLES `vtiger_wsapp_handlerdetails` WRITE;
/*!40000 ALTER TABLE `vtiger_wsapp_handlerdetails` DISABLE KEYS */;
INSERT INTO vtiger_wsapp_handlerdetails ( TYPE, HANDLERCLASS, HANDLERPATH ) VALUES ( 'Outlook', 'OutlookHandler', 'modules/WSAPP/Handlers/OutlookHandler.php' ), ( 'vtigerCRM', 'vtigerCRMHandler', 'modules/WSAPP/Handlers/vtigerCRMHandler.php' );
/*!40000 ALTER TABLE `vtiger_wsapp_handlerdetails` ENABLE KEYS */;
UNLOCK TABLES;

--
-- Table structure for table vtiger_wsapp_queuerecords
--

DROP TABLE IF EXISTS vtiger_wsapp_queuerecords;
SET @saved_cs_client = @@character_set_client;
SET character_set_client = utf8;
CREATE TABLE `vtiger_wsapp_queuerecords` (
  `syncserverid` int(19) DEFAULT NULL,
  `details` varchar(300) DEFAULT NULL,
  `flag` varchar(100) DEFAULT NULL,
  `appid` int(19) DEFAULT NULL
) ENGINE=InnoDB DEFAULT CHARSET=utf8;
SET character_set_client = @saved_cs_client;

--
-- Dumping data for table vtiger_wsapp_queuerecords
--

LOCK TABLES `vtiger_wsapp_queuerecords` WRITE;
/*!40000 ALTER TABLE `vtiger_wsapp_queuerecords` DISABLE KEYS */;

/*!40000 ALTER TABLE `vtiger_wsapp_queuerecords` ENABLE KEYS */;
UNLOCK TABLES;

--
-- Table structure for table vtiger_wsapp_recordmapping
--

DROP TABLE IF EXISTS vtiger_wsapp_recordmapping;
SET @saved_cs_client = @@character_set_client;
SET character_set_client = utf8;
CREATE TABLE `vtiger_wsapp_recordmapping` (
  `id` int(19) NOT NULL AUTO_INCREMENT,
  `serverid` varchar(10) DEFAULT NULL,
  `clientid` varchar(255) DEFAULT NULL,
  `clientmodifiedtime` datetime DEFAULT NULL,
  `appid` int(11) DEFAULT NULL,
  `servermodifiedtime` datetime DEFAULT NULL,
  `serverappid` int(11) DEFAULT NULL,
  PRIMARY KEY (`id`)
) ENGINE=InnoDB AUTO_INCREMENT=2 DEFAULT CHARSET=utf8;
SET character_set_client = @saved_cs_client;

--
-- Dumping data for table vtiger_wsapp_recordmapping
--

LOCK TABLES `vtiger_wsapp_recordmapping` WRITE;
/*!40000 ALTER TABLE `vtiger_wsapp_recordmapping` DISABLE KEYS */;
INSERT INTO vtiger_wsapp_recordmapping ( ID, SERVERID, CLIENTID, CLIENTMODIFIEDTIME, APPID, SERVERMODIFIEDTIME, SERVERAPPID ) VALUES ( 1, '12x13', '00000000FDE8FDC750728649BFFED3B61E51545724632800', '2012-11-06 19:05:07', 2, '2012-11-06 18:42:33', 1 );
/*!40000 ALTER TABLE `vtiger_wsapp_recordmapping` ENABLE KEYS */;
UNLOCK TABLES;

--
-- Table structure for table vtiger_wsapp_sync_state
--

DROP TABLE IF EXISTS vtiger_wsapp_sync_state;
SET @saved_cs_client = @@character_set_client;
SET character_set_client = utf8;
CREATE TABLE `vtiger_wsapp_sync_state` (
  `id` int(19) NOT NULL AUTO_INCREMENT,
  `name` varchar(200) DEFAULT NULL,
  `stateencodedvalues` varchar(300) NOT NULL,
  `userid` int(19) DEFAULT NULL,
  PRIMARY KEY (`id`)
) ENGINE=InnoDB DEFAULT CHARSET=utf8;
SET character_set_client = @saved_cs_client;

--
-- Dumping data for table vtiger_wsapp_sync_state
--

LOCK TABLES `vtiger_wsapp_sync_state` WRITE;
/*!40000 ALTER TABLE `vtiger_wsapp_sync_state` DISABLE KEYS */;

/*!40000 ALTER TABLE `vtiger_wsapp_sync_state` ENABLE KEYS */;
UNLOCK TABLES;
/*!40101 SET SQL_MODE=@OLD_SQL_MODE */;
/*!40014 SET FOREIGN_KEY_CHECKS=@OLD_FOREIGN_KEY_CHECKS */;
/*!40014 SET UNIQUE_CHECKS=@OLD_UNIQUE_CHECKS */;
/*!40101 SET CHARACTER_SET_CLIENT=@OLD_CHARACTER_SET_CLIENT */;
/*!40101 SET CHARACTER_SET_RESULTS=@OLD_CHARACTER_SET_RESULTS */;
/*!40101 SET COLLATION_CONNECTION=@OLD_COLLATION_CONNECTION */;
/*!40111 SET SQL_NOTES=@OLD_SQL_NOTES */;
-- DONE
